[2026-07-29T05:07:16.139Z] MemoryForge: attached 5 listener(s)
[2026-07-29T05:07:16.140Z] InitialReadForge: armed one-shot BeforeSend after NewSessionStart
[2026-07-29T05:07:16.140Z] LiveUpdateForge: session reset, allowLiveUpdate = false
[2026-07-29T05:07:17.891Z] MemoryForge: attached 5 listener(s)
[2026-07-29T05:07:17.891Z] InitialReadForge: armed one-shot BeforeSend after NewSessionStart
[2026-07-29T05:07:17.891Z] LiveUpdateForge: session reset, allowLiveUpdate = false
[2026-07-29T05:07:54.664Z] MemoryForge: attached 5 listener(s)
[2026-07-29T05:07:54.664Z] InitialReadForge: armed one-shot BeforeSend after NewSessionStart
[2026-07-29T05:07:54.665Z] LiveUpdateForge: session reset, allowLiveUpdate = false
[2026-07-29T05:07:54.782Z] LiveUpdateForge: session reset, allowLiveUpdate = false
[2026-07-29T05:07:54.789Z] ResumeDiffForge: running checkResumeConsistency
[2026-07-29T05:07:54.790Z] checkResumeConsistency: forgedTimestamps=[]
[2026-07-29T05:07:54.800Z] checkResumeConsistency: no changes detected
[2026-07-29T05:07:54.800Z] LiveUpdateForge: session reset, allowLiveUpdate = false
[2026-07-29T05:07:54.800Z] NudgeForge: ResumeComplete — restoring count from history
[2026-07-29T05:07:54.801Z] restoreNudgeCountFromHistory: no reset point found, count=14
[2026-07-29T05:08:26.570Z] MemoryForge: attached 5 listener(s)
[2026-07-29T05:08:26.571Z] InitialReadForge: armed one-shot BeforeSend after NewSessionStart
[2026-07-29T05:08:26.571Z] LiveUpdateForge: session reset, allowLiveUpdate = false
[2026-07-29T05:09:03.488Z] MemoryForge: attached 5 listener(s)
[2026-07-29T05:09:03.489Z] InitialReadForge: armed one-shot BeforeSend after NewSessionStart
[2026-07-29T05:09:03.489Z] LiveUpdateForge: session reset, allowLiveUpdate = false
[2026-07-29T05:09:03.490Z] MemoryForge: detached all listeners
[2026-07-29T05:09:03.490Z] ResumeDiffForge: no read_memory in history, backfilling forge
[2026-07-29T05:09:03.601Z] recordForgedToolExchange: toolName=read_memory callId=resume-forge-read-memory-backfill
[2026-07-29T05:09:03.704Z] recordForgedToolExchange: recordMessage + recordToolCalls persisted
[2026-07-29T05:09:03.704Z] injectForgedHistory: role=user preview=""
[2026-07-29T05:09:03.755Z] injectForgedHistory: recordMessage persisted
[2026-07-29T05:09:03.760Z] ResumeDiffForge: backfilled read_memory and baseline for 2 raw + 2 provider file(s)
[2026-07-29T05:09:03.761Z] LiveUpdateForge: session reset, allowLiveUpdate = false
[2026-07-29T05:09:03.761Z] NudgeForge: ResumeComplete — restoring count from history
[2026-07-29T05:09:03.761Z] restoreNudgeCountFromHistory: no reset point found, count=0
[2026-07-29T05:09:03.775Z] LiveUpdateForge: allowLiveUpdate = true (first real BeforeSend)
[2026-07-29T05:09:03.776Z] InitialReadForge.onBeforeSend: SKIP (fr=false syn=false hasRead=true)
[2026-07-29T05:09:08.561Z] LiveUpdateForge: EndTurn fallback flush
[2026-07-29T05:09:08.561Z] onEndTurn: naturalStop=false toolCalls=0 nudgeMsg=no
[2026-07-29T05:09:19.635Z] LiveUpdateForge: AfterToolExec flush
[2026-07-29T05:09:36.098Z] LiveUpdateForge: AfterToolExec flush
[2026-07-29T05:09:36.137Z] InitialReadForge.onBeforeSend: SKIP (fr=true syn=false hasRead=true)
[2026-07-29T05:09:42.971Z] LiveUpdateForge: EndTurn fallback flush
[2026-07-29T05:09:42.971Z] onEndTurn: naturalStop=false toolCalls=2 nudgeMsg=no
[2026-07-29T05:09:42.984Z] LiveUpdateForge: AfterToolExec flush
[2026-07-29T05:09:43.021Z] InitialReadForge.onBeforeSend: SKIP (fr=true syn=false hasRead=true)
[2026-07-29T05:09:46.515Z] LiveUpdateForge: EndTurn fallback flush
[2026-07-29T05:09:46.515Z] onEndTurn: naturalStop=false toolCalls=3 nudgeMsg=no
[2026-07-29T05:09:46.521Z] LiveUpdateForge: AfterToolExec flush
[2026-07-29T05:09:46.522Z] LiveUpdateForge: AfterToolExec flush
[2026-07-29T05:09:46.555Z] InitialReadForge.onBeforeSend: SKIP (fr=true syn=false hasRead=true)
[2026-07-29T05:09:51.861Z] LiveUpdateForge: EndTurn fallback flush
[2026-07-29T05:09:51.861Z] onEndTurn: naturalStop=false toolCalls=5 nudgeMsg=no
[2026-07-29T05:09:51.868Z] LiveUpdateForge: AfterToolExec flush
[2026-07-29T05:09:51.908Z] InitialReadForge.onBeforeSend: SKIP (fr=true syn=false hasRead=true)
[2026-07-29T05:09:55.393Z] LiveUpdateForge: EndTurn fallback flush
[2026-07-29T05:09:55.394Z] onEndTurn: naturalStop=false toolCalls=6 nudgeMsg=no
[2026-07-29T05:09:55.402Z] LiveUpdateForge: AfterToolExec flush
[2026-07-29T05:09:55.441Z] InitialReadForge.onBeforeSend: SKIP (fr=true syn=false hasRead=true)
[2026-07-29T05:10:03.062Z] LiveUpdateForge: EndTurn fallback flush
[2026-07-29T05:10:03.062Z] onEndTurn: naturalStop=false toolCalls=7 nudgeMsg=no
[2026-07-29T05:10:10.208Z] LiveUpdateForge: AfterToolExec flush
[2026-07-29T05:10:10.209Z] LiveUpdateForge: AfterToolExec flush
[2026-07-29T05:10:10.241Z] InitialReadForge.onBeforeSend: SKIP (fr=true syn=false hasRead=true)
[2026-07-29T05:10:17.377Z] LiveUpdateForge: EndTurn fallback flush
[2026-07-29T05:10:17.377Z] onEndTurn: naturalStop=false toolCalls=9 nudgeMsg=no
[2026-07-29T05:10:17.382Z] LiveUpdateForge: AfterToolExec flush
[2026-07-29T05:10:17.383Z] LiveUpdateForge: AfterToolExec flush
[2026-07-29T05:10:17.423Z] InitialReadForge.onBeforeSend: SKIP (fr=true syn=false hasRead=true)
[2026-07-29T05:10:31.818Z] LiveUpdateForge: EndTurn fallback flush
[2026-07-29T05:10:31.818Z] onEndTurn: naturalStop=false toolCalls=11 nudgeMsg=no
[2026-07-29T05:10:31.825Z] LiveUpdateForge: AfterToolExec flush
[2026-07-29T05:10:31.826Z] LiveUpdateForge: AfterToolExec flush
[2026-07-29T05:10:31.868Z] InitialReadForge.onBeforeSend: SKIP (fr=true syn=false hasRead=true)
[2026-07-29T05:10:39.604Z] LiveUpdateForge: EndTurn fallback flush
[2026-07-29T05:10:39.604Z] onEndTurn: naturalStop=false toolCalls=13 nudgeMsg=no
[2026-07-29T05:10:39.881Z] LiveUpdateForge: AfterToolExec flush
[2026-07-29T05:10:39.919Z] InitialReadForge.onBeforeSend: SKIP (fr=true syn=false hasRead=true)
[2026-07-29T05:10:49.759Z] LiveUpdateForge: EndTurn fallback flush
[2026-07-29T05:10:49.759Z] onEndTurn: naturalStop=false toolCalls=14 nudgeMsg=no
[2026-07-29T05:10:49.774Z] LiveUpdateForge: AfterToolExec flush
[2026-07-29T05:10:50.012Z] LiveUpdateForge: AfterToolExec flush
[2026-07-29T05:10:50.032Z] InitialReadForge.onBeforeSend: SKIP (fr=true syn=false hasRead=true)
[2026-07-29T05:10:51.979Z] LiveUpdateForge: EndTurn fallback flush
[2026-07-29T05:10:51.980Z] onEndTurn: naturalStop=false toolCalls=16 nudgeMsg=no
[2026-07-29T05:10:51.986Z] LiveUpdateForge: AfterToolExec flush
[2026-07-29T05:10:52.006Z] InitialReadForge.onBeforeSend: SKIP (fr=true syn=false hasRead=true)
[2026-07-29T05:11:02.765Z] MemoryForge: attached 5 listener(s)
[2026-07-29T05:11:02.766Z] InitialReadForge: armed one-shot BeforeSend after NewSessionStart
[2026-07-29T05:11:02.766Z] LiveUpdateForge: session reset, allowLiveUpdate = false
[2026-07-29T05:11:02.832Z] LiveUpdateForge: session reset, allowLiveUpdate = false
[2026-07-29T05:11:02.841Z] ResumeDiffForge: running checkResumeConsistency
[2026-07-29T05:11:02.842Z] checkResumeConsistency: forgedTimestamps=[]
[2026-07-29T05:11:02.848Z] checkResumeConsistency: no changes detected
[2026-07-29T05:11:02.849Z] LiveUpdateForge: session reset, allowLiveUpdate = false
[2026-07-29T05:11:02.849Z] NudgeForge: ResumeComplete — restoring count from history
[2026-07-29T05:11:02.849Z] restoreNudgeCountFromHistory: no reset point found, count=14
[2026-07-29T05:11:03.235Z] ResumeDiffForge: running checkResumeConsistency
[2026-07-29T05:11:03.236Z] checkResumeConsistency: forgedTimestamps=[]
[2026-07-29T05:11:03.242Z] checkResumeConsistency: no changes detected
[2026-07-29T05:11:03.243Z] LiveUpdateForge: session reset, allowLiveUpdate = false
[2026-07-29T05:11:03.243Z] NudgeForge: ResumeComplete — restoring count from history
[2026-07-29T05:11:03.243Z] restoreNudgeCountFromHistory: no reset point found, count=14
[2026-07-29T05:11:03.382Z] ResumeDiffForge: running checkResumeConsistency
[2026-07-29T05:11:03.382Z] checkResumeConsistency: forgedTimestamps=[]
[2026-07-29T05:11:03.396Z] checkResumeConsistency: no changes detected
[2026-07-29T05:11:03.397Z] LiveUpdateForge: session reset, allowLiveUpdate = false
[2026-07-29T05:11:03.397Z] NudgeForge: ResumeComplete — restoring count from history
[2026-07-29T05:11:03.397Z] restoreNudgeCountFromHistory: no reset point found, count=14
[2026-07-29T05:11:03.700Z] MemoryForge: attached 5 listener(s)
[2026-07-29T05:11:03.700Z] InitialReadForge: armed one-shot BeforeSend after NewSessionStart
[2026-07-29T05:11:03.700Z] LiveUpdateForge: session reset, allowLiveUpdate = false
[2026-07-29T05:11:03.702Z] MemoryForge: detached all listeners
[2026-07-29T05:11:03.703Z] ResumeDiffForge: running checkResumeConsistency
[2026-07-29T05:11:03.703Z] checkResumeConsistency: forgedTimestamps=[]
[2026-07-29T05:11:03.800Z] checkResumeConsistency: no changes detected
[2026-07-29T05:11:03.801Z] LiveUpdateForge: session reset, allowLiveUpdate = false
[2026-07-29T05:11:03.801Z] NudgeForge: ResumeComplete — restoring count from history
[2026-07-29T05:11:03.802Z] restoreNudgeCountFromHistory: no reset point found, count=14
[2026-07-29T05:11:03.822Z] LiveUpdateForge: allowLiveUpdate = true (first real BeforeSend)
[2026-07-29T05:11:03.823Z] InitialReadForge.onBeforeSend: SKIP (fr=false syn=false hasRead=true)
[2026-07-29T05:11:06.117Z] LiveUpdateForge: EndTurn fallback flush
[2026-07-29T05:11:06.117Z] onEndTurn: naturalStop=false toolCalls=17 nudgeMsg=no
[2026-07-29T05:11:06.125Z] LiveUpdateForge: AfterToolExec flush
[2026-07-29T05:11:06.155Z] InitialReadForge.onBeforeSend: SKIP (fr=true syn=false hasRead=true)
[2026-07-29T05:11:26.869Z] LiveUpdateForge: EndTurn fallback flush
[2026-07-29T05:11:26.869Z] onEndTurn: naturalStop=false toolCalls=18 nudgeMsg=no
[2026-07-29T05:11:26.877Z] LiveUpdateForge: AfterToolExec flush
[2026-07-29T05:11:26.907Z] InitialReadForge.onBeforeSend: SKIP (fr=true syn=false hasRead=true)
[2026-07-29T05:11:33.821Z] LiveUpdateForge: EndTurn fallback flush
[2026-07-29T05:11:33.821Z] onEndTurn: naturalStop=false toolCalls=14 nudgeMsg=no
[2026-07-29T05:11:34.765Z] LiveUpdateForge: EndTurn fallback flush
[2026-07-29T05:11:34.766Z] onEndTurn: naturalStop=false toolCalls=19 nudgeMsg=no
[2026-07-29T05:11:34.824Z] LiveUpdateForge: AfterToolExec flush
[2026-07-29T05:11:34.826Z] LiveUpdateForge: AfterToolExec flush
[2026-07-29T05:11:34.866Z] LiveUpdateForge: AfterToolExec flush
[2026-07-29T05:11:34.898Z] InitialReadForge.onBeforeSend: SKIP (fr=true syn=false hasRead=true)
[2026-07-29T05:11:55.325Z] LiveUpdateForge: EndTurn fallback flush
[2026-07-29T05:11:55.325Z] onEndTurn: naturalStop=false toolCalls=20 nudgeMsg=no
[2026-07-29T05:11:55.329Z] LiveUpdateForge: AfterToolExec flush
[2026-07-29T05:11:55.360Z] InitialReadForge.onBeforeSend: SKIP (fr=true syn=false hasRead=true)
[2026-07-29T05:12:13.376Z] LiveUpdateForge: EndTurn fallback flush
[2026-07-29T05:12:13.376Z] onEndTurn: naturalStop=false toolCalls=21 nudgeMsg=no
[2026-07-29T05:12:14.046Z] LiveUpdateForge: AfterToolExec flush
[2026-07-29T05:12:14.122Z] InitialReadForge.onBeforeSend: SKIP (fr=true syn=false hasRead=true)
[2026-07-29T05:12:32.595Z] LiveUpdateForge: EndTurn fallback flush
[2026-07-29T05:12:32.596Z] onEndTurn: naturalStop=false toolCalls=22 nudgeMsg=no
[2026-07-29T05:12:33.098Z] LiveUpdateForge: AfterToolExec flush
[2026-07-29T05:12:33.172Z] InitialReadForge.onBeforeSend: SKIP (fr=true syn=false hasRead=true)
[2026-07-29T05:12:33.243Z] LiveUpdateForge: AfterToolExec flush
[2026-07-29T05:12:33.247Z] LiveUpdateForge: AfterToolExec flush
[2026-07-29T05:12:33.290Z] InitialReadForge.onBeforeSend: SKIP (fr=true syn=false hasRead=true)
[2026-07-29T05:12:46.630Z] LiveUpdateForge: EndTurn fallback flush
[2026-07-29T05:12:46.630Z] onEndTurn: naturalStop=false toolCalls=17 nudgeMsg=no
[2026-07-29T05:12:46.632Z] LiveUpdateForge: AfterToolExec flush
[2026-07-29T05:12:46.658Z] InitialReadForge.onBeforeSend: SKIP (fr=true syn=false hasRead=true)
[2026-07-29T05:12:53.728Z] LiveUpdateForge: EndTurn fallback flush
[2026-07-29T05:12:53.729Z] onEndTurn: naturalStop=false toolCalls=18 nudgeMsg=no
[2026-07-29T05:13:03.326Z] LiveUpdateForge: EndTurn fallback flush
[2026-07-29T05:13:03.326Z] onEndTurn: naturalStop=false toolCalls=24 nudgeMsg=no
[2026-07-29T05:13:03.333Z] LiveUpdateForge: AfterToolExec flush
[2026-07-29T05:13:03.379Z] InitialReadForge.onBeforeSend: SKIP (fr=true syn=false hasRead=true)
[2026-07-29T05:13:03.931Z] LiveUpdateForge: AfterToolExec flush
[2026-07-29T05:13:03.954Z] InitialReadForge.onBeforeSend: SKIP (fr=true syn=false hasRead=true)
[2026-07-29T05:13:05.818Z] LiveUpdateForge: EndTurn fallback flush
[2026-07-29T05:13:05.818Z] onEndTurn: naturalStop=false toolCalls=25 nudgeMsg=no
[2026-07-29T05:13:05.823Z] LiveUpdateForge: AfterToolExec flush
[2026-07-29T05:13:05.862Z] InitialReadForge.onBeforeSend: SKIP (fr=true syn=false hasRead=true)
[2026-07-29T05:13:09.415Z] LiveUpdateForge: EndTurn fallback flush
[2026-07-29T05:13:09.415Z] onEndTurn: naturalStop=false toolCalls=19 nudgeMsg=no
[2026-07-29T05:13:09.427Z] LiveUpdateForge: AfterToolExec flush
[2026-07-29T05:13:09.428Z] LiveUpdateForge: AfterToolExec flush
[2026-07-29T05:13:09.604Z] LiveUpdateForge: AfterToolExec flush
[2026-07-29T05:13:09.625Z] InitialReadForge.onBeforeSend: SKIP (fr=true syn=false hasRead=true)
[2026-07-29T05:13:11.490Z] LiveUpdateForge: EndTurn fallback flush
[2026-07-29T05:13:11.491Z] onEndTurn: naturalStop=false toolCalls=26 nudgeMsg=no
[2026-07-29T05:13:11.599Z] LiveUpdateForge: AfterToolExec flush
[2026-07-29T05:13:11.637Z] InitialReadForge.onBeforeSend: SKIP (fr=true syn=false hasRead=true)
[2026-07-29T05:13:16.590Z] LiveUpdateForge: EndTurn fallback flush
[2026-07-29T05:13:16.591Z] onEndTurn: naturalStop=false toolCalls=22 nudgeMsg=no
[2026-07-29T05:13:16.597Z] LiveUpdateForge: AfterToolExec flush
[2026-07-29T05:13:16.598Z] LiveUpdateForge: AfterToolExec flush
[2026-07-29T05:13:16.622Z] InitialReadForge.onBeforeSend: SKIP (fr=true syn=false hasRead=true)
[2026-07-29T05:13:16.957Z] LiveUpdateForge: EndTurn fallback flush
[2026-07-29T05:13:16.958Z] onEndTurn: naturalStop=false toolCalls=27 nudgeMsg=no
[2026-07-29T05:13:17.027Z] LiveUpdateForge: AfterToolExec flush
[2026-07-29T05:13:17.067Z] InitialReadForge.onBeforeSend: SKIP (fr=true syn=false hasRead=true)
[2026-07-29T05:13:21.910Z] LiveUpdateForge: EndTurn fallback flush
[2026-07-29T05:13:21.910Z] onEndTurn: naturalStop=false toolCalls=28 nudgeMsg=no
[2026-07-29T05:13:21.926Z] LiveUpdateForge: AfterToolExec flush
[2026-07-29T05:13:21.967Z] InitialReadForge.onBeforeSend: SKIP (fr=true syn=false hasRead=true)
[2026-07-29T05:13:31.145Z] LiveUpdateForge: EndTurn fallback flush
[2026-07-29T05:13:31.145Z] onEndTurn: naturalStop=false toolCalls=29 nudgeMsg=no
[2026-07-29T05:13:31.162Z] LiveUpdateForge: AfterToolExec flush
[2026-07-29T05:13:31.200Z] InitialReadForge.onBeforeSend: SKIP (fr=true syn=false hasRead=true)
[2026-07-29T05:13:34.466Z] LiveUpdateForge: EndTurn fallback flush
[2026-07-29T05:13:34.466Z] onEndTurn: naturalStop=false toolCalls=30 nudgeMsg=no
[2026-07-29T05:13:34.483Z] LiveUpdateForge: AfterToolExec flush
[2026-07-29T05:13:34.527Z] InitialReadForge.onBeforeSend: SKIP (fr=true syn=false hasRead=true)
[2026-07-29T05:13:39.261Z] LiveUpdateForge: EndTurn fallback flush
[2026-07-29T05:13:39.262Z] onEndTurn: naturalStop=false toolCalls=31 nudgeMsg=no
[2026-07-29T05:13:49.539Z] LiveUpdateForge: AfterToolExec flush
[2026-07-29T05:13:49.574Z] InitialReadForge.onBeforeSend: SKIP (fr=true syn=false hasRead=true)
[2026-07-29T05:13:53.775Z] LiveUpdateForge: EndTurn fallback flush
[2026-07-29T05:13:53.775Z] onEndTurn: naturalStop=false toolCalls=32 nudgeMsg=no
[2026-07-29T05:13:53.780Z] LiveUpdateForge: AfterToolExec flush
[2026-07-29T05:13:53.817Z] InitialReadForge.onBeforeSend: SKIP (fr=true syn=false hasRead=true)
[2026-07-29T05:13:56.183Z] LiveUpdateForge: EndTurn fallback flush
[2026-07-29T05:13:56.183Z] onEndTurn: naturalStop=true toolCalls=33 nudgeMsg=no
[2026-07-29T05:14:38.512Z] LiveUpdateForge: EndTurn fallback flush
[2026-07-29T05:14:38.513Z] onEndTurn: naturalStop=false toolCalls=24 nudgeMsg=no
[2026-07-29T05:14:38.537Z] LiveUpdateForge: AfterToolExec flush
[2026-07-29T05:14:38.938Z] LiveUpdateForge: AfterToolExec flush
[2026-07-29T05:14:38.991Z] InitialReadForge.onBeforeSend: SKIP (fr=true syn=false hasRead=true)
[2026-07-29T05:14:45.756Z] LiveUpdateForge: EndTurn fallback flush
[2026-07-29T05:14:45.756Z] onEndTurn: naturalStop=false toolCalls=26 nudgeMsg=no
[2026-07-29T05:14:45.792Z] LiveUpdateForge: AfterToolExec flush
[2026-07-29T05:14:45.792Z] LiveUpdateForge: AfterToolExec flush
[2026-07-29T05:14:45.792Z] LiveUpdateForge: AfterToolExec flush
[2026-07-29T05:14:45.793Z] LiveUpdateForge: AfterToolExec flush
[2026-07-29T05:14:45.837Z] InitialReadForge.onBeforeSend: SKIP (fr=true syn=false hasRead=true)
[2026-07-29T05:14:47.594Z] ResumeDiffForge: running checkResumeConsistency
[2026-07-29T05:14:47.594Z] checkResumeConsistency: forgedTimestamps=[]
[2026-07-29T05:14:47.601Z] checkResumeConsistency: no changes detected
[2026-07-29T05:14:47.602Z] LiveUpdateForge: session reset, allowLiveUpdate = false
[2026-07-29T05:14:47.602Z] NudgeForge: ResumeComplete — restoring count from history
[2026-07-29T05:14:47.603Z] restoreNudgeCountFromHistory: no reset point found, count=33
[2026-07-29T05:14:52.431Z] LiveUpdateForge: EndTurn fallback flush
[2026-07-29T05:14:52.431Z] onEndTurn: naturalStop=false toolCalls=30 nudgeMsg=no
[2026-07-29T05:14:52.437Z] LiveUpdateForge: AfterToolExec flush
[2026-07-29T05:14:52.479Z] InitialReadForge.onBeforeSend: SKIP (fr=true syn=false hasRead=true)
[2026-07-29T05:14:55.165Z] LiveUpdateForge: EndTurn fallback flush
[2026-07-29T05:14:55.165Z] onEndTurn: naturalStop=false toolCalls=31 nudgeMsg=no
[2026-07-29T05:14:55.176Z] LiveUpdateForge: AfterToolExec flush
[2026-07-29T05:14:55.214Z] InitialReadForge.onBeforeSend: SKIP (fr=true syn=false hasRead=true)
[2026-07-29T05:14:59.318Z] LiveUpdateForge: EndTurn fallback flush
[2026-07-29T05:14:59.318Z] onEndTurn: naturalStop=false toolCalls=32 nudgeMsg=no
[2026-07-29T05:14:59.416Z] LiveUpdateForge: AfterToolExec flush
[2026-07-29T05:14:59.463Z] InitialReadForge.onBeforeSend: SKIP (fr=true syn=false hasRead=true)
[2026-07-29T05:15:07.536Z] LiveUpdateForge: EndTurn fallback flush
[2026-07-29T05:15:07.537Z] onEndTurn: naturalStop=false toolCalls=33 nudgeMsg=no
[2026-07-29T05:15:07.554Z] LiveUpdateForge: AfterToolExec flush
[2026-07-29T05:15:07.596Z] InitialReadForge.onBeforeSend: SKIP (fr=true syn=false hasRead=true)
[2026-07-29T05:15:12.613Z] LiveUpdateForge: EndTurn fallback flush
[2026-07-29T05:15:12.613Z] onEndTurn: naturalStop=false toolCalls=34 nudgeMsg=no
[2026-07-29T05:15:12.638Z] LiveUpdateForge: AfterToolExec flush
[2026-07-29T05:15:12.682Z] InitialReadForge.onBeforeSend: SKIP (fr=true syn=false hasRead=true)
[2026-07-29T05:15:18.478Z] LiveUpdateForge: EndTurn fallback flush
[2026-07-29T05:15:18.478Z] onEndTurn: naturalStop=false toolCalls=35 nudgeMsg=no
[2026-07-29T05:15:18.484Z] LiveUpdateForge: AfterToolExec flush
[2026-07-29T05:15:18.535Z] InitialReadForge.onBeforeSend: SKIP (fr=true syn=false hasRead=true)
[2026-07-29T05:15:22.000Z] ResumeDiffForge: running checkResumeConsistency
[2026-07-29T05:15:22.001Z] checkResumeConsistency: forgedTimestamps=[]
[2026-07-29T05:15:22.008Z] checkResumeConsistency: no changes detected
[2026-07-29T05:15:22.008Z] LiveUpdateForge: session reset, allowLiveUpdate = false
[2026-07-29T05:15:22.008Z] NudgeForge: ResumeComplete — restoring count from history
[2026-07-29T05:15:22.009Z] restoreNudgeCountFromHistory: no reset point found, count=33
[2026-07-29T05:15:22.031Z] LiveUpdateForge: allowLiveUpdate = true (first real BeforeSend)
[2026-07-29T05:15:22.032Z] InitialReadForge.onBeforeSend: SKIP (fr=false syn=false hasRead=true)
[2026-07-29T05:15:22.887Z] LiveUpdateForge: EndTurn fallback flush
[2026-07-29T05:15:22.887Z] onEndTurn: naturalStop=false toolCalls=36 nudgeMsg=no
[2026-07-29T05:15:22.899Z] LiveUpdateForge: AfterToolExec flush
[2026-07-29T05:15:22.957Z] InitialReadForge.onBeforeSend: SKIP (fr=true syn=false hasRead=true)
[2026-07-29T05:15:26.863Z] LiveUpdateForge: EndTurn fallback flush
[2026-07-29T05:15:26.863Z] onEndTurn: naturalStop=false toolCalls=37 nudgeMsg=no
[2026-07-29T05:15:26.924Z] LiveUpdateForge: AfterToolExec flush
[2026-07-29T05:15:26.972Z] InitialReadForge.onBeforeSend: SKIP (fr=true syn=false hasRead=true)
[2026-07-29T05:15:31.315Z] LiveUpdateForge: EndTurn fallback flush
[2026-07-29T05:15:31.316Z] onEndTurn: naturalStop=false toolCalls=38 nudgeMsg=no
[2026-07-29T05:15:31.335Z] LiveUpdateForge: AfterToolExec flush
[2026-07-29T05:15:31.384Z] InitialReadForge.onBeforeSend: SKIP (fr=true syn=false hasRead=true)
[2026-07-29T05:15:32.074Z] LiveUpdateForge: EndTurn fallback flush
[2026-07-29T05:15:32.074Z] onEndTurn: naturalStop=false toolCalls=33 nudgeMsg=no
[2026-07-29T05:15:32.082Z] LiveUpdateForge: AfterToolExec flush
[2026-07-29T05:15:32.262Z] LiveUpdateForge: AfterToolExec flush
[2026-07-29T05:15:32.329Z] InitialReadForge.onBeforeSend: SKIP (fr=true syn=false hasRead=true)
[2026-07-29T05:15:36.334Z] LiveUpdateForge: EndTurn fallback flush
[2026-07-29T05:15:36.335Z] onEndTurn: naturalStop=false toolCalls=39 nudgeMsg=no
[2026-07-29T05:15:36.357Z] LiveUpdateForge: AfterToolExec flush
[2026-07-29T05:15:36.404Z] InitialReadForge.onBeforeSend: SKIP (fr=true syn=false hasRead=true)
[2026-07-29T05:15:41.526Z] LiveUpdateForge: EndTurn fallback flush
[2026-07-29T05:15:41.527Z] onEndTurn: naturalStop=false toolCalls=40 nudgeMsg=no
[2026-07-29T05:15:41.674Z] LiveUpdateForge: AfterToolExec flush
[2026-07-29T05:15:41.719Z] InitialReadForge.onBeforeSend: SKIP (fr=true syn=false hasRead=true)
[2026-07-29T05:15:44.806Z] LiveUpdateForge: EndTurn fallback flush
[2026-07-29T05:15:44.806Z] onEndTurn: naturalStop=false toolCalls=41 nudgeMsg=no
[2026-07-29T05:15:44.823Z] LiveUpdateForge: AfterToolExec flush
[2026-07-29T05:15:44.869Z] InitialReadForge.onBeforeSend: SKIP (fr=true syn=false hasRead=true)
[2026-07-29T05:15:48.461Z] LiveUpdateForge: EndTurn fallback flush
[2026-07-29T05:15:48.461Z] onEndTurn: naturalStop=false toolCalls=35 nudgeMsg=no
[2026-07-29T05:15:51.893Z] LiveUpdateForge: EndTurn fallback flush
[2026-07-29T05:15:51.894Z] onEndTurn: naturalStop=false toolCalls=42 nudgeMsg=no
[2026-07-29T05:15:51.904Z] LiveUpdateForge: AfterToolExec flush
[2026-07-29T05:15:51.951Z] InitialReadForge.onBeforeSend: SKIP (fr=true syn=false hasRead=true)
[2026-07-29T05:15:58.809Z] MemoryForge: attached 5 listener(s)
[2026-07-29T05:15:58.809Z] InitialReadForge: armed one-shot BeforeSend after NewSessionStart
[2026-07-29T05:15:58.810Z] LiveUpdateForge: session reset, allowLiveUpdate = false
[2026-07-29T05:15:59.394Z] LiveUpdateForge: EndTurn fallback flush
[2026-07-29T05:15:59.395Z] onEndTurn: naturalStop=false toolCalls=43 nudgeMsg=no
[2026-07-29T05:15:59.425Z] LiveUpdateForge: AfterToolExec flush
[2026-07-29T05:15:59.460Z] LiveUpdateForge: AfterToolExec flush
[2026-07-29T05:15:59.485Z] InitialReadForge.onBeforeSend: SKIP (fr=true syn=false hasRead=true)
[2026-07-29T05:15:59.537Z] InitialReadForge.onBeforeSend: SKIP (fr=true syn=false hasRead=true)
[2026-07-29T05:16:00.988Z] MemoryForge: attached 5 listener(s)
[2026-07-29T05:16:00.989Z] InitialReadForge: armed one-shot BeforeSend after NewSessionStart
[2026-07-29T05:16:00.989Z] LiveUpdateForge: session reset, allowLiveUpdate = false
[2026-07-29T05:16:02.864Z] LiveUpdateForge: EndTurn fallback flush
[2026-07-29T05:16:02.864Z] onEndTurn: naturalStop=false toolCalls=44 nudgeMsg=no
[2026-07-29T05:16:02.885Z] LiveUpdateForge: AfterToolExec flush
[2026-07-29T05:16:02.885Z] LiveUpdateForge: AfterToolExec flush
[2026-07-29T05:16:02.935Z] InitialReadForge.onBeforeSend: SKIP (fr=true syn=false hasRead=true)
[2026-07-29T05:16:06.765Z] LiveUpdateForge: EndTurn fallback flush
[2026-07-29T05:16:06.766Z] onEndTurn: naturalStop=false toolCalls=46 nudgeMsg=no
[2026-07-29T05:16:06.776Z] LiveUpdateForge: AfterToolExec flush
[2026-07-29T05:16:06.823Z] InitialReadForge.onBeforeSend: SKIP (fr=true syn=false hasRead=true)
[2026-07-29T05:16:10.396Z] LiveUpdateForge: EndTurn fallback flush
[2026-07-29T05:16:10.397Z] onEndTurn: naturalStop=false toolCalls=47 nudgeMsg=no
[2026-07-29T05:16:10.468Z] LiveUpdateForge: AfterToolExec flush
[2026-07-29T05:16:10.521Z] InitialReadForge.onBeforeSend: SKIP (fr=true syn=false hasRead=true)
[2026-07-29T05:16:14.287Z] LiveUpdateForge: EndTurn fallback flush
[2026-07-29T05:16:14.287Z] onEndTurn: naturalStop=false toolCalls=48 nudgeMsg=no
[2026-07-29T05:16:14.346Z] LiveUpdateForge: AfterToolExec flush
[2026-07-29T05:16:14.398Z] InitialReadForge.onBeforeSend: SKIP (fr=true syn=false hasRead=true)
[2026-07-29T05:16:16.993Z] LiveUpdateForge: EndTurn fallback flush
[2026-07-29T05:16:16.993Z] onEndTurn: naturalStop=false toolCalls=49 nudgeMsg=no
[2026-07-29T05:16:16.999Z] LiveUpdateForge: AfterToolExec flush
[2026-07-29T05:16:17.049Z] InitialReadForge.onBeforeSend: SKIP (fr=true syn=false hasRead=true)
[2026-07-29T05:16:20.183Z] LiveUpdateForge: EndTurn fallback flush
[2026-07-29T05:16:20.184Z] onEndTurn: naturalStop=false toolCalls=50 nudgeMsg=no
[2026-07-29T05:16:20.218Z] LiveUpdateForge: AfterToolExec flush
[2026-07-29T05:16:20.266Z] InitialReadForge.onBeforeSend: SKIP (fr=true syn=false hasRead=true)
[2026-07-29T05:16:22.752Z] LiveUpdateForge: EndTurn fallback flush
[2026-07-29T05:16:22.753Z] onEndTurn: naturalStop=false toolCalls=36 nudgeMsg=no
[2026-07-29T05:16:22.764Z] LiveUpdateForge: AfterToolExec flush
[2026-07-29T05:16:22.796Z] InitialReadForge.onBeforeSend: SKIP (fr=true syn=false hasRead=true)
[2026-07-29T05:16:22.897Z] LiveUpdateForge: EndTurn fallback flush
[2026-07-29T05:16:22.897Z] onEndTurn: naturalStop=false toolCalls=51 nudgeMsg=no
[2026-07-29T05:16:22.948Z] LiveUpdateForge: AfterToolExec flush
[2026-07-29T05:16:22.990Z] InitialReadForge.onBeforeSend: SKIP (fr=true syn=false hasRead=true)
[2026-07-29T05:16:26.749Z] LiveUpdateForge: EndTurn fallback flush
[2026-07-29T05:16:26.749Z] onEndTurn: naturalStop=false toolCalls=52 nudgeMsg=no
[2026-07-29T05:16:27.353Z] LiveUpdateForge: AfterToolExec flush
[2026-07-29T05:16:27.395Z] InitialReadForge.onBeforeSend: SKIP (fr=true syn=false hasRead=true)
[2026-07-29T05:16:30.979Z] LiveUpdateForge: EndTurn fallback flush
[2026-07-29T05:16:30.979Z] onEndTurn: naturalStop=false toolCalls=53 nudgeMsg=no
[2026-07-29T05:16:33.087Z] LiveUpdateForge: EndTurn fallback flush
[2026-07-29T05:16:33.087Z] onEndTurn: naturalStop=false toolCalls=37 nudgeMsg=no
[2026-07-29T05:16:33.096Z] LiveUpdateForge: AfterToolExec flush
[2026-07-29T05:16:33.125Z] InitialReadForge.onBeforeSend: SKIP (fr=true syn=false hasRead=true)
[2026-07-29T05:16:37.808Z] LiveUpdateForge: EndTurn fallback flush
[2026-07-29T05:16:37.808Z] onEndTurn: naturalStop=false toolCalls=38 nudgeMsg=no
[2026-07-29T05:16:37.854Z] LiveUpdateForge: AfterToolExec flush
[2026-07-29T05:16:37.880Z] InitialReadForge.onBeforeSend: SKIP (fr=true syn=false hasRead=true)
[2026-07-29T05:16:40.553Z] LiveUpdateForge: EndTurn fallback flush
[2026-07-29T05:16:40.553Z] onEndTurn: naturalStop=false toolCalls=39 nudgeMsg=no
[2026-07-29T05:16:50.114Z] LiveUpdateForge: AfterToolExec flush
[2026-07-29T05:16:50.114Z] LiveUpdateForge: AfterToolExec flush
[2026-07-29T05:16:50.140Z] InitialReadForge.onBeforeSend: SKIP (fr=true syn=false hasRead=true)
[2026-07-29T05:16:50.156Z] InitialReadForge.onBeforeSend: SKIP (fr=true syn=false hasRead=true)
[2026-07-29T05:16:52.348Z] LiveUpdateForge: EndTurn fallback flush
[2026-07-29T05:16:52.348Z] onEndTurn: naturalStop=true toolCalls=40 nudgeMsg=no
[2026-07-29T05:16:54.319Z] LiveUpdateForge: EndTurn fallback flush
[2026-07-29T05:16:54.319Z] onEndTurn: naturalStop=false toolCalls=54 nudgeMsg=no
[2026-07-29T05:16:54.325Z] LiveUpdateForge: AfterToolExec flush
[2026-07-29T05:16:54.370Z] InitialReadForge.onBeforeSend: SKIP (fr=true syn=false hasRead=true)
[2026-07-29T05:17:20.512Z] LiveUpdateForge: EndTurn fallback flush
[2026-07-29T05:17:20.512Z] onEndTurn: naturalStop=false toolCalls=55 nudgeMsg=no
[2026-07-29T05:17:20.545Z] LiveUpdateForge: AfterToolExec flush
[2026-07-29T05:17:20.590Z] InitialReadForge.onBeforeSend: SKIP (fr=true syn=false hasRead=true)
[2026-07-29T05:17:25.270Z] LiveUpdateForge: EndTurn fallback flush
[2026-07-29T05:17:25.271Z] onEndTurn: naturalStop=false toolCalls=56 nudgeMsg=no
[2026-07-29T05:17:25.315Z] LiveUpdateForge: AfterToolExec flush
[2026-07-29T05:17:25.355Z] InitialReadForge.onBeforeSend: SKIP (fr=true syn=false hasRead=true)
[2026-07-29T05:17:28.034Z] LiveUpdateForge: EndTurn fallback flush
[2026-07-29T05:17:28.035Z] onEndTurn: naturalStop=false toolCalls=57 nudgeMsg=no
[2026-07-29T05:17:28.652Z] LiveUpdateForge: AfterToolExec flush
[2026-07-29T05:17:28.698Z] InitialReadForge.onBeforeSend: SKIP (fr=true syn=false hasRead=true)
[2026-07-29T05:17:28.948Z] ResumeDiffForge: running checkResumeConsistency
[2026-07-29T05:17:28.949Z] checkResumeConsistency: forgedTimestamps=[]
[2026-07-29T05:17:28.955Z] checkResumeConsistency: no changes detected
[2026-07-29T05:17:28.955Z] LiveUpdateForge: session reset, allowLiveUpdate = false
[2026-07-29T05:17:28.956Z] NudgeForge: ResumeComplete — restoring count from history
[2026-07-29T05:17:28.957Z] restoreNudgeCountFromHistory: no reset point found, count=40
[2026-07-29T05:17:28.983Z] LiveUpdateForge: allowLiveUpdate = true (first real BeforeSend)
[2026-07-29T05:17:28.984Z] InitialReadForge.onBeforeSend: SKIP (fr=false syn=false hasRead=true)
[2026-07-29T05:17:32.280Z] LiveUpdateForge: EndTurn fallback flush
[2026-07-29T05:17:32.280Z] onEndTurn: naturalStop=false toolCalls=58 nudgeMsg=no
[2026-07-29T05:17:32.291Z] LiveUpdateForge: AfterToolExec flush
[2026-07-29T05:17:32.337Z] InitialReadForge.onBeforeSend: SKIP (fr=true syn=false hasRead=true)
[2026-07-29T05:17:56.889Z] LiveUpdateForge: EndTurn fallback flush
[2026-07-29T05:17:56.889Z] onEndTurn: naturalStop=false toolCalls=59 nudgeMsg=no
[2026-07-29T05:18:04.396Z] LiveUpdateForge: AfterToolExec flush
[2026-07-29T05:18:04.445Z] InitialReadForge.onBeforeSend: SKIP (fr=true syn=false hasRead=true)
[2026-07-29T05:18:07.712Z] LiveUpdateForge: EndTurn fallback flush
[2026-07-29T05:18:07.712Z] onEndTurn: naturalStop=false toolCalls=60 nudgeMsg=no
[2026-07-29T05:18:07.719Z] LiveUpdateForge: AfterToolExec flush
[2026-07-29T05:18:07.719Z] LiveUpdateForge: AfterToolExec flush
[2026-07-29T05:18:07.773Z] InitialReadForge.onBeforeSend: SKIP (fr=true syn=false hasRead=true)
[2026-07-29T05:18:11.182Z] LiveUpdateForge: EndTurn fallback flush
[2026-07-29T05:18:11.182Z] onEndTurn: naturalStop=false toolCalls=62 nudgeMsg=no
[2026-07-29T05:18:20.306Z] LiveUpdateForge: AfterToolExec flush
[2026-07-29T05:18:20.347Z] InitialReadForge.onBeforeSend: SKIP (fr=true syn=false hasRead=true)
[2026-07-29T05:18:21.194Z] LiveUpdateForge: EndTurn fallback flush
[2026-07-29T05:18:21.195Z] onEndTurn: naturalStop=false toolCalls=40 nudgeMsg=no
[2026-07-29T05:18:21.208Z] LiveUpdateForge: AfterToolExec flush
[2026-07-29T05:18:21.250Z] InitialReadForge.onBeforeSend: SKIP (fr=true syn=false hasRead=true)
[2026-07-29T05:18:25.408Z] LiveUpdateForge: EndTurn fallback flush
[2026-07-29T05:18:25.408Z] onEndTurn: naturalStop=false toolCalls=63 nudgeMsg=no
[2026-07-29T05:18:25.537Z] LiveUpdateForge: AfterToolExec flush
[2026-07-29T05:18:25.538Z] LiveUpdateForge: AfterToolExec flush
[2026-07-29T05:18:25.586Z] InitialReadForge.onBeforeSend: SKIP (fr=true syn=false hasRead=true)
[2026-07-29T05:18:25.786Z] LiveUpdateForge: EndTurn fallback flush
[2026-07-29T05:18:25.786Z] onEndTurn: naturalStop=false toolCalls=41 nudgeMsg=no
[2026-07-29T05:18:25.841Z] LiveUpdateForge: AfterToolExec flush
[2026-07-29T05:18:25.876Z] InitialReadForge.onBeforeSend: SKIP (fr=true syn=false hasRead=true)
[2026-07-29T05:18:28.952Z] LiveUpdateForge: EndTurn fallback flush
[2026-07-29T05:18:28.953Z] onEndTurn: naturalStop=false toolCalls=42 nudgeMsg=no
[2026-07-29T05:18:28.959Z] LiveUpdateForge: AfterToolExec flush
[2026-07-29T05:18:28.992Z] InitialReadForge.onBeforeSend: SKIP (fr=true syn=false hasRead=true)
[2026-07-29T05:18:29.327Z] LiveUpdateForge: EndTurn fallback flush
[2026-07-29T05:18:29.328Z] onEndTurn: naturalStop=false toolCalls=65 nudgeMsg=no
[2026-07-29T05:18:29.369Z] LiveUpdateForge: AfterToolExec flush
[2026-07-29T05:18:29.413Z] InitialReadForge.onBeforeSend: SKIP (fr=true syn=false hasRead=true)
[2026-07-29T05:18:31.857Z] LiveUpdateForge: EndTurn fallback flush
[2026-07-29T05:18:31.857Z] onEndTurn: naturalStop=false toolCalls=43 nudgeMsg=no
[2026-07-29T05:18:31.900Z] LiveUpdateForge: AfterToolExec flush
[2026-07-29T05:18:31.930Z] InitialReadForge.onBeforeSend: SKIP (fr=true syn=false hasRead=true)
[2026-07-29T05:18:32.592Z] LiveUpdateForge: EndTurn fallback flush
[2026-07-29T05:18:32.593Z] onEndTurn: naturalStop=false toolCalls=66 nudgeMsg=no
[2026-07-29T05:18:32.598Z] LiveUpdateForge: AfterToolExec flush
[2026-07-29T05:18:32.642Z] InitialReadForge.onBeforeSend: SKIP (fr=true syn=false hasRead=true)
[2026-07-29T05:18:34.722Z] LiveUpdateForge: EndTurn fallback flush
[2026-07-29T05:18:34.722Z] onEndTurn: naturalStop=false toolCalls=44 nudgeMsg=no
[2026-07-29T05:18:43.197Z] LiveUpdateForge: EndTurn fallback flush
[2026-07-29T05:18:43.198Z] onEndTurn: naturalStop=true toolCalls=0 nudgeMsg=YES
[2026-07-29T05:18:43.205Z] InitialReadForge.onBeforeSend: SKIP (fr=false syn=false hasRead=true)
[2026-07-29T05:18:45.140Z] LiveUpdateForge: AfterToolExec flush
[2026-07-29T05:18:45.176Z] InitialReadForge.onBeforeSend: SKIP (fr=true syn=false hasRead=true)
[2026-07-29T05:18:48.875Z] LiveUpdateForge: EndTurn fallback flush
[2026-07-29T05:18:48.875Z] onEndTurn: naturalStop=true toolCalls=45 nudgeMsg=no
[2026-07-29T05:18:49.298Z] LiveUpdateForge: EndTurn fallback flush
[2026-07-29T05:18:49.299Z] onEndTurn: naturalStop=false toolCalls=0 nudgeMsg=no
[2026-07-29T05:18:49.315Z] LiveUpdateForge: AfterToolExec flush
[2026-07-29T05:18:49.316Z] nudge: read_memory called (does NOT reset counter)
[2026-07-29T05:18:58.715Z] LiveUpdateForge: EndTurn fallback flush
[2026-07-29T05:18:58.715Z] onEndTurn: naturalStop=false toolCalls=1 nudgeMsg=no
[2026-07-29T05:18:58.727Z] LiveUpdateForge: self-write on D:\unity\mowang\CODELY.md, baseline aligned
[2026-07-29T05:18:58.728Z] LiveUpdateForge: AfterToolExec flush
[2026-07-29T05:18:59.251Z] LiveUpdateForge: pending external change on D:\unity\mowang\CODELY.md
[2026-07-29T05:18:59.243Z] LiveUpdateForge: pending external change on D:\unity\mowang\CODELY.md
[2026-07-29T05:18:59.244Z] LiveUpdateForge: pending external change on D:\unity\mowang\CODELY.md
[2026-07-29T05:18:59.243Z] LiveUpdateForge: pending external change on D:\unity\mowang\CODELY.md
[2026-07-29T05:18:59.305Z] LiveUpdateForge: pending external change on D:\unity\mowang\CODELY.md
[2026-07-29T05:19:02.811Z] LiveUpdateForge: EndTurn fallback flush
[2026-07-29T05:19:02.811Z] onEndTurn: naturalStop=true toolCalls=0 nudgeMsg=no
[2026-07-29T05:19:41.971Z] ResumeDiffForge: running checkResumeConsistency
[2026-07-29T05:19:41.972Z] checkResumeConsistency: forgedTimestamps=[]
[2026-07-29T05:19:41.977Z] checkResumeConsistency: no changes detected
[2026-07-29T05:19:41.978Z] LiveUpdateForge: session reset, allowLiveUpdate = false
[2026-07-29T05:19:41.978Z] NudgeForge: ResumeComplete — restoring count from history
[2026-07-29T05:19:41.978Z] restoreNudgeCountFromHistory: no reset point found, count=45
[2026-07-29T05:19:41.996Z] LiveUpdateForge: allowLiveUpdate = true (first real BeforeSend)
[2026-07-29T05:19:41.996Z] InitialReadForge.onBeforeSend: SKIP (fr=false syn=false hasRead=true)
[2026-07-29T05:19:56.192Z] LiveUpdateForge: EndTurn fallback flush
[2026-07-29T05:19:56.193Z] onEndTurn: naturalStop=false toolCalls=45 nudgeMsg=no
[2026-07-29T05:19:56.204Z] LiveUpdateForge: AfterToolExec flush
[2026-07-29T05:19:56.232Z] InitialReadForge.onBeforeSend: SKIP (fr=true syn=false hasRead=true)
[2026-07-29T05:19:59.441Z] LiveUpdateForge: EndTurn fallback flush
[2026-07-29T05:19:59.441Z] onEndTurn: naturalStop=false toolCalls=46 nudgeMsg=no
[2026-07-29T05:19:59.483Z] LiveUpdateForge: AfterToolExec flush
[2026-07-29T05:19:59.506Z] InitialReadForge.onBeforeSend: SKIP (fr=true syn=false hasRead=true)
[2026-07-29T05:20:03.046Z] LiveUpdateForge: EndTurn fallback flush
[2026-07-29T05:20:03.046Z] onEndTurn: naturalStop=false toolCalls=47 nudgeMsg=no
[2026-07-29T05:20:13.209Z] LiveUpdateForge: AfterToolExec flush
[2026-07-29T05:20:13.243Z] InitialReadForge.onBeforeSend: SKIP (fr=true syn=false hasRead=true)
[2026-07-29T05:20:15.532Z] LiveUpdateForge: EndTurn fallback flush
[2026-07-29T05:20:15.532Z] onEndTurn: naturalStop=false toolCalls=48 nudgeMsg=no
[2026-07-29T05:20:15.560Z] LiveUpdateForge: AfterToolExec flush
[2026-07-29T05:20:15.586Z] InitialReadForge.onBeforeSend: SKIP (fr=true syn=false hasRead=true)
[2026-07-29T05:20:20.756Z] LiveUpdateForge: EndTurn fallback flush
[2026-07-29T05:20:20.756Z] onEndTurn: naturalStop=true toolCalls=49 nudgeMsg=no
[2026-07-29T05:21:36.891Z] ResumeDiffForge: running checkResumeConsistency
[2026-07-29T05:21:36.892Z] checkResumeConsistency: forgedTimestamps=[]
[2026-07-29T05:21:36.898Z] checkResumeConsistency: no changes detected
[2026-07-29T05:21:36.898Z] LiveUpdateForge: session reset, allowLiveUpdate = false
[2026-07-29T05:21:36.899Z] NudgeForge: ResumeComplete — restoring count from history
[2026-07-29T05:21:36.899Z] restoreNudgeCountFromHistory: no reset point found, count=49
[2026-07-29T05:21:36.914Z] LiveUpdateForge: allowLiveUpdate = true (first real BeforeSend)
[2026-07-29T05:21:36.914Z] InitialReadForge.onBeforeSend: SKIP (fr=false syn=false hasRead=true)
[2026-07-29T05:21:43.771Z] LiveUpdateForge: EndTurn fallback flush
[2026-07-29T05:21:43.771Z] onEndTurn: naturalStop=false toolCalls=49 nudgeMsg=no
[2026-07-29T05:21:43.811Z] LiveUpdateForge: AfterToolExec flush
[2026-07-29T05:21:43.874Z] InitialReadForge.onBeforeSend: SKIP (fr=true syn=false hasRead=true)
[2026-07-29T05:22:10.891Z] LiveUpdateForge: EndTurn fallback flush
[2026-07-29T05:22:10.891Z] onEndTurn: naturalStop=false toolCalls=50 nudgeMsg=no
[2026-07-29T05:22:10.937Z] LiveUpdateForge: AfterToolExec flush
[2026-07-29T05:22:10.962Z] InitialReadForge.onBeforeSend: SKIP (fr=true syn=false hasRead=true)
[2026-07-29T05:22:14.279Z] LiveUpdateForge: EndTurn fallback flush
[2026-07-29T05:22:14.280Z] onEndTurn: naturalStop=false toolCalls=51 nudgeMsg=no
[2026-07-29T05:22:25.399Z] LiveUpdateForge: AfterToolExec flush
[2026-07-29T05:22:25.441Z] InitialReadForge.onBeforeSend: SKIP (fr=true syn=false hasRead=true)
[2026-07-29T05:22:28.126Z] LiveUpdateForge: EndTurn fallback flush
[2026-07-29T05:22:28.127Z] onEndTurn: naturalStop=true toolCalls=0 nudgeMsg=YES
[2026-07-29T05:22:28.130Z] InitialReadForge.onBeforeSend: SKIP (fr=false syn=false hasRead=true)
[2026-07-29T05:22:30.225Z] LiveUpdateForge: EndTurn fallback flush
[2026-07-29T05:22:30.226Z] onEndTurn: naturalStop=false toolCalls=0 nudgeMsg=no
[2026-07-29T05:22:30.285Z] LiveUpdateForge: AfterToolExec flush
[2026-07-29T05:22:30.311Z] InitialReadForge.onBeforeSend: SKIP (fr=true syn=false hasRead=true)
[2026-07-29T05:22:35.704Z] LiveUpdateForge: EndTurn fallback flush
[2026-07-29T05:22:35.705Z] onEndTurn: naturalStop=false toolCalls=1 nudgeMsg=no
[2026-07-29T05:22:35.751Z] LiveUpdateForge: AfterToolExec flush
[2026-07-29T05:22:35.782Z] InitialReadForge.onBeforeSend: SKIP (fr=true syn=false hasRead=true)
[2026-07-29T05:22:41.315Z] LiveUpdateForge: EndTurn fallback flush
[2026-07-29T05:22:41.315Z] onEndTurn: naturalStop=false toolCalls=2 nudgeMsg=no
[2026-07-29T05:22:41.419Z] LiveUpdateForge: AfterToolExec flush
[2026-07-29T05:22:41.447Z] InitialReadForge.onBeforeSend: SKIP (fr=true syn=false hasRead=true)
[2026-07-29T05:22:45.395Z] LiveUpdateForge: EndTurn fallback flush
[2026-07-29T05:22:45.395Z] onEndTurn: naturalStop=false toolCalls=3 nudgeMsg=no
[2026-07-29T05:22:45.405Z] LiveUpdateForge: AfterToolExec flush
[2026-07-29T05:22:45.433Z] InitialReadForge.onBeforeSend: SKIP (fr=true syn=false hasRead=true)
[2026-07-29T05:22:49.446Z] LiveUpdateForge: EndTurn fallback flush
[2026-07-29T05:22:49.446Z] onEndTurn: naturalStop=false toolCalls=4 nudgeMsg=no
[2026-07-29T05:22:49.455Z] LiveUpdateForge: self-write on D:\unity\mowang\CODELY.md, baseline aligned
[2026-07-29T05:22:49.456Z] LiveUpdateForge: AfterToolExec flush
[2026-07-29T05:22:49.483Z] InitialReadForge.onBeforeSend: SKIP (fr=true syn=false hasRead=true)
[2026-07-29T05:22:49.969Z] LiveUpdateForge: pending external change on D:\unity\mowang\CODELY.md
[2026-07-29T05:22:50.000Z] LiveUpdateForge: pending external change on D:\unity\mowang\CODELY.md
[2026-07-29T05:22:51.112Z] LiveUpdateForge: EndTurn fallback flush
[2026-07-29T05:22:51.113Z] onEndTurn: naturalStop=true toolCalls=0 nudgeMsg=no
[2026-07-29T05:30:31.021Z] MemoryForge: attached 5 listener(s)
[2026-07-29T05:30:31.022Z] InitialReadForge: armed one-shot BeforeSend after NewSessionStart
[2026-07-29T05:30:31.022Z] LiveUpdateForge: session reset, allowLiveUpdate = false
[2026-07-29T05:30:31.184Z] LiveUpdateForge: session reset, allowLiveUpdate = false
[2026-07-29T05:30:31.214Z] ResumeDiffForge: running checkResumeConsistency
[2026-07-29T05:30:31.215Z] checkResumeConsistency: forgedTimestamps=[["project","1970-01-01T00:00:00.000Z"]]
[2026-07-29T05:30:31.223Z] checkResumeConsistency: injecting 1 diff notification(s)
[2026-07-29T05:30:31.224Z] injectForgedHistory: role=user preview="[agent-auto] [memory-update 2026-07-29 13:22:49] project memory file has been mo"
[2026-07-29T05:30:31.224Z] injectForgedHistory: recordMessage persisted
[2026-07-29T05:30:31.224Z] LiveUpdateForge: session reset, allowLiveUpdate = false
[2026-07-29T05:30:31.224Z] NudgeForge: ResumeComplete — restoring count from history
[2026-07-29T05:30:31.225Z] restoreNudgeCountFromHistory: found last write at idx=108 count=0
[2026-07-29T05:30:32.076Z] ResumeDiffForge: running checkResumeConsistency
[2026-07-29T05:30:32.077Z] checkResumeConsistency: forgedTimestamps=[["project","1970-01-01T00:00:00.000Z"]]
[2026-07-29T05:30:32.085Z] checkResumeConsistency: injecting 1 diff notification(s)
[2026-07-29T05:30:32.085Z] injectForgedHistory: role=user preview="[agent-auto] [memory-update 2026-07-29 13:22:49] project memory file has been mo"
[2026-07-29T05:30:32.211Z] injectForgedHistory: recordMessage persisted
[2026-07-29T05:30:32.211Z] LiveUpdateForge: session reset, allowLiveUpdate = false
[2026-07-29T05:30:32.211Z] NudgeForge: ResumeComplete — restoring count from history
[2026-07-29T05:30:32.212Z] restoreNudgeCountFromHistory: found last write at idx=108 count=0
[2026-07-29T05:30:32.414Z] ResumeDiffForge: running checkResumeConsistency
[2026-07-29T05:30:32.415Z] checkResumeConsistency: forgedTimestamps=[["project","1970-01-01T00:00:00.000Z"]]
[2026-07-29T05:30:32.426Z] checkResumeConsistency: injecting 1 diff notification(s)
[2026-07-29T05:30:32.427Z] injectForgedHistory: role=user preview="[agent-auto] [memory-update 2026-07-29 13:22:49] project memory file has been mo"
[2026-07-29T05:30:32.559Z] injectForgedHistory: recordMessage persisted
[2026-07-29T05:30:32.559Z] LiveUpdateForge: session reset, allowLiveUpdate = false
[2026-07-29T05:30:32.560Z] NudgeForge: ResumeComplete — restoring count from history
[2026-07-29T05:30:32.560Z] restoreNudgeCountFromHistory: found last write at idx=108 count=0
[2026-07-29T05:30:32.949Z] MemoryForge: attached 5 listener(s)
[2026-07-29T05:30:32.950Z] InitialReadForge: armed one-shot BeforeSend after NewSessionStart
[2026-07-29T05:30:32.951Z] LiveUpdateForge: session reset, allowLiveUpdate = false
[2026-07-29T05:30:32.961Z] MemoryForge: detached all listeners
[2026-07-29T05:30:32.962Z] ResumeDiffForge: running checkResumeConsistency
[2026-07-29T05:30:32.962Z] checkResumeConsistency: forgedTimestamps=[["project","1970-01-01T00:00:00.000Z"]]
[2026-07-29T05:30:33.127Z] checkResumeConsistency: injecting 1 diff notification(s)
[2026-07-29T05:30:33.127Z] injectForgedHistory: role=user preview="[agent-auto] [memory-update 2026-07-29 13:22:49] project memory file has been mo"
[2026-07-29T05:30:33.282Z] injectForgedHistory: recordMessage persisted
[2026-07-29T05:30:33.282Z] LiveUpdateForge: session reset, allowLiveUpdate = false
[2026-07-29T05:30:33.282Z] NudgeForge: ResumeComplete — restoring count from history
[2026-07-29T05:30:33.283Z] restoreNudgeCountFromHistory: found last write at idx=108 count=0
[2026-07-29T05:30:33.324Z] LiveUpdateForge: allowLiveUpdate = true (first real BeforeSend)
[2026-07-29T05:30:33.325Z] InitialReadForge.onBeforeSend: SKIP (fr=false syn=false hasRead=true)
[2026-07-29T05:30:42.244Z] LiveUpdateForge: EndTurn fallback flush
[2026-07-29T05:30:42.244Z] onEndTurn: naturalStop=false toolCalls=0 nudgeMsg=no
[2026-07-29T05:31:02.531Z] LiveUpdateForge: AfterToolExec flush
[2026-07-29T05:31:02.559Z] InitialReadForge.onBeforeSend: SKIP (fr=true syn=false hasRead=true)
[2026-07-29T05:31:06.844Z] LiveUpdateForge: EndTurn fallback flush
[2026-07-29T05:31:06.845Z] onEndTurn: naturalStop=false toolCalls=1 nudgeMsg=no
[2026-07-29T05:31:06.863Z] LiveUpdateForge: AfterToolExec flush
[2026-07-29T05:31:06.864Z] LiveUpdateForge: AfterToolExec flush
[2026-07-29T05:31:06.901Z] InitialReadForge.onBeforeSend: SKIP (fr=true syn=false hasRead=true)
[2026-07-29T05:31:24.583Z] LiveUpdateForge: EndTurn fallback flush
[2026-07-29T05:31:24.584Z] onEndTurn: naturalStop=false toolCalls=3 nudgeMsg=no
[2026-07-29T05:31:24.601Z] LiveUpdateForge: AfterToolExec flush
[2026-07-29T05:31:25.303Z] LiveUpdateForge: AfterToolExec flush
[2026-07-29T05:31:25.354Z] InitialReadForge.onBeforeSend: SKIP (fr=true syn=false hasRead=true)
[2026-07-29T05:31:34.916Z] LiveUpdateForge: EndTurn fallback flush
[2026-07-29T05:31:34.917Z] onEndTurn: naturalStop=false toolCalls=5 nudgeMsg=no
[2026-07-29T05:31:34.925Z] LiveUpdateForge: AfterToolExec flush
[2026-07-29T05:31:34.955Z] InitialReadForge.onBeforeSend: SKIP (fr=true syn=false hasRead=true)
[2026-07-29T05:31:39.212Z] LiveUpdateForge: EndTurn fallback flush
[2026-07-29T05:31:39.212Z] onEndTurn: naturalStop=false toolCalls=6 nudgeMsg=no
[2026-07-29T05:31:39.221Z] LiveUpdateForge: AfterToolExec flush
[2026-07-29T05:31:39.251Z] InitialReadForge.onBeforeSend: SKIP (fr=true syn=false hasRead=true)
[2026-07-29T05:31:43.682Z] LiveUpdateForge: EndTurn fallback flush
[2026-07-29T05:31:43.683Z] onEndTurn: naturalStop=false toolCalls=7 nudgeMsg=no
[2026-07-29T05:31:44.404Z] LiveUpdateForge: AfterToolExec flush
[2026-07-29T05:31:44.446Z] InitialReadForge.onBeforeSend: SKIP (fr=true syn=false hasRead=true)
[2026-07-29T05:31:50.692Z] LiveUpdateForge: EndTurn fallback flush
[2026-07-29T05:31:50.693Z] onEndTurn: naturalStop=false toolCalls=8 nudgeMsg=no
[2026-07-29T05:31:50.856Z] LiveUpdateForge: AfterToolExec flush
[2026-07-29T05:31:50.884Z] InitialReadForge.onBeforeSend: SKIP (fr=true syn=false hasRead=true)
[2026-07-29T05:31:57.681Z] ResumeDiffForge: running checkResumeConsistency
[2026-07-29T05:31:57.681Z] checkResumeConsistency: forgedTimestamps=[]
[2026-07-29T05:31:57.690Z] checkResumeConsistency: no changes detected
[2026-07-29T05:31:57.690Z] LiveUpdateForge: session reset, allowLiveUpdate = false
[2026-07-29T05:31:57.690Z] NudgeForge: ResumeComplete — restoring count from history
[2026-07-29T05:31:57.691Z] restoreNudgeCountFromHistory: found last write at idx=113 count=0
[2026-07-29T05:31:57.712Z] LiveUpdateForge: allowLiveUpdate = true (first real BeforeSend)
[2026-07-29T05:31:57.712Z] InitialReadForge.onBeforeSend: SKIP (fr=false syn=false hasRead=true)
[2026-07-29T05:32:03.206Z] LiveUpdateForge: EndTurn fallback flush
[2026-07-29T05:32:03.207Z] onEndTurn: naturalStop=false toolCalls=0 nudgeMsg=no
[2026-07-29T05:32:03.222Z] LiveUpdateForge: AfterToolExec flush
[2026-07-29T05:32:03.224Z] LiveUpdateForge: AfterToolExec flush
[2026-07-29T05:32:03.257Z] InitialReadForge.onBeforeSend: SKIP (fr=true syn=false hasRead=true)
[2026-07-29T05:32:08.450Z] LiveUpdateForge: EndTurn fallback flush
[2026-07-29T05:32:08.450Z] onEndTurn: naturalStop=false toolCalls=2 nudgeMsg=no
[2026-07-29T05:32:08.500Z] LiveUpdateForge: AfterToolExec flush
[2026-07-29T05:32:08.527Z] InitialReadForge.onBeforeSend: SKIP (fr=true syn=false hasRead=true)
[2026-07-29T05:32:12.255Z] LiveUpdateForge: EndTurn fallback flush
[2026-07-29T05:32:12.255Z] onEndTurn: naturalStop=false toolCalls=3 nudgeMsg=no
[2026-07-29T05:32:12.264Z] LiveUpdateForge: AfterToolExec flush
[2026-07-29T05:32:12.293Z] InitialReadForge.onBeforeSend: SKIP (fr=true syn=false hasRead=true)
[2026-07-29T05:32:14.598Z] LiveUpdateForge: EndTurn fallback flush
[2026-07-29T05:32:14.598Z] onEndTurn: naturalStop=false toolCalls=4 nudgeMsg=no
[2026-07-29T05:32:14.606Z] LiveUpdateForge: AfterToolExec flush
[2026-07-29T05:32:14.633Z] InitialReadForge.onBeforeSend: SKIP (fr=true syn=false hasRead=true)
[2026-07-29T05:32:17.598Z] LiveUpdateForge: EndTurn fallback flush
[2026-07-29T05:32:17.599Z] onEndTurn: naturalStop=false toolCalls=5 nudgeMsg=no
[2026-07-29T05:32:17.606Z] LiveUpdateForge: AfterToolExec flush
[2026-07-29T05:32:17.634Z] InitialReadForge.onBeforeSend: SKIP (fr=true syn=false hasRead=true)
[2026-07-29T05:32:25.406Z] LiveUpdateForge: EndTurn fallback flush
[2026-07-29T05:32:25.407Z] onEndTurn: naturalStop=false toolCalls=6 nudgeMsg=no
[2026-07-29T05:32:25.424Z] LiveUpdateForge: AfterToolExec flush
[2026-07-29T05:32:25.456Z] InitialReadForge.onBeforeSend: SKIP (fr=true syn=false hasRead=true)
[2026-07-29T05:32:28.701Z] LiveUpdateForge: EndTurn fallback flush
[2026-07-29T05:32:28.702Z] onEndTurn: naturalStop=false toolCalls=7 nudgeMsg=no
[2026-07-29T05:32:28.751Z] LiveUpdateForge: AfterToolExec flush
[2026-07-29T05:32:28.779Z] InitialReadForge.onBeforeSend: SKIP (fr=true syn=false hasRead=true)
[2026-07-29T05:32:31.018Z] LiveUpdateForge: EndTurn fallback flush
[2026-07-29T05:32:31.018Z] onEndTurn: naturalStop=false toolCalls=8 nudgeMsg=no
[2026-07-29T05:32:31.035Z] LiveUpdateForge: AfterToolExec flush
[2026-07-29T05:32:31.065Z] InitialReadForge.onBeforeSend: SKIP (fr=true syn=false hasRead=true)
[2026-07-29T05:32:36.897Z] LiveUpdateForge: EndTurn fallback flush
[2026-07-29T05:32:36.898Z] onEndTurn: naturalStop=false toolCalls=9 nudgeMsg=no
[2026-07-29T05:32:36.950Z] LiveUpdateForge: AfterToolExec flush
[2026-07-29T05:32:36.977Z] InitialReadForge.onBeforeSend: SKIP (fr=true syn=false hasRead=true)
[2026-07-29T05:32:41.249Z] LiveUpdateForge: EndTurn fallback flush
[2026-07-29T05:32:41.249Z] onEndTurn: naturalStop=false toolCalls=10 nudgeMsg=no
[2026-07-29T05:32:41.269Z] LiveUpdateForge: AfterToolExec flush
[2026-07-29T05:32:41.305Z] InitialReadForge.onBeforeSend: SKIP (fr=true syn=false hasRead=true)
[2026-07-29T05:32:42.842Z] LiveUpdateForge: EndTurn fallback flush
[2026-07-29T05:32:42.842Z] onEndTurn: naturalStop=false toolCalls=11 nudgeMsg=no
[2026-07-29T05:32:43.003Z] LiveUpdateForge: AfterToolExec flush
[2026-07-29T05:32:43.032Z] InitialReadForge.onBeforeSend: SKIP (fr=true syn=false hasRead=true)
[2026-07-29T05:32:48.422Z] LiveUpdateForge: EndTurn fallback flush
[2026-07-29T05:32:48.423Z] onEndTurn: naturalStop=false toolCalls=12 nudgeMsg=no
[2026-07-29T05:32:49.085Z] LiveUpdateForge: AfterToolExec flush
[2026-07-29T05:32:49.114Z] InitialReadForge.onBeforeSend: SKIP (fr=true syn=false hasRead=true)
[2026-07-29T05:32:50.857Z] LiveUpdateForge: EndTurn fallback flush
[2026-07-29T05:32:50.857Z] onEndTurn: naturalStop=false toolCalls=13 nudgeMsg=no
[2026-07-29T05:33:02.669Z] LiveUpdateForge: AfterToolExec flush
[2026-07-29T05:33:02.697Z] InitialReadForge.onBeforeSend: SKIP (fr=true syn=false hasRead=true)
[2026-07-29T05:33:05.834Z] LiveUpdateForge: EndTurn fallback flush
[2026-07-29T05:33:05.835Z] onEndTurn: naturalStop=true toolCalls=14 nudgeMsg=no
[2026-07-29T05:34:58.422Z] MemoryForge: attached 5 listener(s)
[2026-07-29T05:34:58.423Z] InitialReadForge: armed one-shot BeforeSend after NewSessionStart
[2026-07-29T05:34:58.423Z] LiveUpdateForge: session reset, allowLiveUpdate = false
[2026-07-29T05:34:59.101Z] MemoryForge: attached 5 listener(s)
[2026-07-29T05:34:59.102Z] InitialReadForge: armed one-shot BeforeSend after NewSessionStart
[2026-07-29T05:34:59.102Z] LiveUpdateForge: session reset, allowLiveUpdate = false
[2026-07-29T05:34:59.103Z] MemoryForge: detached all listeners
[2026-07-29T05:34:59.103Z] ResumeDiffForge: no read_memory in history, backfilling forge
[2026-07-29T05:34:59.246Z] recordForgedToolExchange: toolName=read_memory callId=resume-forge-read-memory-backfill
[2026-07-29T05:34:59.288Z] recordForgedToolExchange: recordMessage + recordToolCalls persisted
[2026-07-29T05:34:59.289Z] injectForgedHistory: role=user preview=""
[2026-07-29T05:34:59.314Z] injectForgedHistory: recordMessage persisted
[2026-07-29T05:34:59.322Z] ResumeDiffForge: backfilled read_memory and baseline for 2 raw + 2 provider file(s)
[2026-07-29T05:34:59.322Z] LiveUpdateForge: session reset, allowLiveUpdate = false
[2026-07-29T05:34:59.322Z] NudgeForge: ResumeComplete — restoring count from history
[2026-07-29T05:34:59.322Z] restoreNudgeCountFromHistory: no reset point found, count=0
[2026-07-29T05:34:59.344Z] LiveUpdateForge: allowLiveUpdate = true (first real BeforeSend)
[2026-07-29T05:34:59.345Z] InitialReadForge.onBeforeSend: SKIP (fr=false syn=false hasRead=true)
[2026-07-29T05:35:26.009Z] LiveUpdateForge: EndTurn fallback flush
[2026-07-29T05:35:26.009Z] onEndTurn: naturalStop=false toolCalls=0 nudgeMsg=no
[2026-07-29T05:36:42.618Z] LiveUpdateForge: AfterToolExec flush
[2026-07-29T05:36:42.652Z] InitialReadForge.onBeforeSend: SKIP (fr=true syn=false hasRead=true)
[2026-07-29T05:36:47.867Z] LiveUpdateForge: EndTurn fallback flush
[2026-07-29T05:36:47.868Z] onEndTurn: naturalStop=false toolCalls=1 nudgeMsg=no
[2026-07-29T05:36:48.072Z] LiveUpdateForge: AfterToolExec flush
[2026-07-29T05:36:48.111Z] InitialReadForge.onBeforeSend: SKIP (fr=true syn=false hasRead=true)
[2026-07-29T05:36:52.165Z] LiveUpdateForge: EndTurn fallback flush
[2026-07-29T05:36:52.165Z] onEndTurn: naturalStop=false toolCalls=2 nudgeMsg=no
[2026-07-29T05:36:52.187Z] LiveUpdateForge: AfterToolExec flush
[2026-07-29T05:36:52.219Z] InitialReadForge.onBeforeSend: SKIP (fr=true syn=false hasRead=true)
[2026-07-29T05:37:54.775Z] ResumeDiffForge: running checkResumeConsistency
[2026-07-29T05:37:54.775Z] checkResumeConsistency: forgedTimestamps=[]
[2026-07-29T05:37:54.784Z] checkResumeConsistency: no changes detected
[2026-07-29T05:37:54.784Z] LiveUpdateForge: session reset, allowLiveUpdate = false
[2026-07-29T05:37:54.785Z] NudgeForge: ResumeComplete — restoring count from history
[2026-07-29T05:37:54.785Z] restoreNudgeCountFromHistory: found last write at idx=113 count=14
[2026-07-29T05:37:54.812Z] LiveUpdateForge: allowLiveUpdate = true (first real BeforeSend)
[2026-07-29T05:37:54.812Z] InitialReadForge.onBeforeSend: SKIP (fr=false syn=false hasRead=true)
[2026-07-29T05:38:31.620Z] LiveUpdateForge: EndTurn fallback flush
[2026-07-29T05:38:31.621Z] onEndTurn: naturalStop=true toolCalls=3 nudgeMsg=no
[2026-07-29T05:39:38.848Z] ResumeDiffForge: running checkResumeConsistency
[2026-07-29T05:39:38.848Z] checkResumeConsistency: forgedTimestamps=[]
[2026-07-29T05:39:38.878Z] checkResumeConsistency: no changes detected
[2026-07-29T05:39:38.879Z] LiveUpdateForge: session reset, allowLiveUpdate = false
[2026-07-29T05:39:38.879Z] NudgeForge: ResumeComplete — restoring count from history
[2026-07-29T05:39:38.879Z] restoreNudgeCountFromHistory: found last write at idx=113 count=14
[2026-07-29T05:39:38.903Z] LiveUpdateForge: allowLiveUpdate = true (first real BeforeSend)
[2026-07-29T05:39:38.904Z] InitialReadForge.onBeforeSend: SKIP (fr=false syn=false hasRead=true)
[2026-07-29T05:39:47.252Z] LiveUpdateForge: EndTurn fallback flush
[2026-07-29T05:39:47.253Z] onEndTurn: naturalStop=false toolCalls=14 nudgeMsg=no
[2026-07-29T05:39:47.262Z] LiveUpdateForge: AfterToolExec flush
[2026-07-29T05:39:47.263Z] LiveUpdateForge: AfterToolExec flush
[2026-07-29T05:39:47.264Z] LiveUpdateForge: AfterToolExec flush
[2026-07-29T05:39:47.296Z] InitialReadForge.onBeforeSend: SKIP (fr=true syn=false hasRead=true)
[2026-07-29T05:40:03.053Z] LiveUpdateForge: EndTurn fallback flush
[2026-07-29T05:40:03.053Z] onEndTurn: naturalStop=false toolCalls=17 nudgeMsg=no
[2026-07-29T05:40:03.112Z] LiveUpdateForge: AfterToolExec flush
[2026-07-29T05:40:03.143Z] InitialReadForge.onBeforeSend: SKIP (fr=true syn=false hasRead=true)
[2026-07-29T05:40:13.903Z] LiveUpdateForge: EndTurn fallback flush
[2026-07-29T05:40:13.904Z] onEndTurn: naturalStop=false toolCalls=18 nudgeMsg=no
[2026-07-29T05:40:13.969Z] LiveUpdateForge: AfterToolExec flush
[2026-07-29T05:40:14.002Z] InitialReadForge.onBeforeSend: SKIP (fr=true syn=false hasRead=true)
[2026-07-29T05:40:19.167Z] LiveUpdateForge: EndTurn fallback flush
[2026-07-29T05:40:19.167Z] onEndTurn: naturalStop=false toolCalls=19 nudgeMsg=no
[2026-07-29T05:40:19.236Z] LiveUpdateForge: AfterToolExec flush
[2026-07-29T05:40:19.268Z] InitialReadForge.onBeforeSend: SKIP (fr=true syn=false hasRead=true)
[2026-07-29T05:40:22.717Z] LiveUpdateForge: EndTurn fallback flush
[2026-07-29T05:40:22.717Z] onEndTurn: naturalStop=false toolCalls=20 nudgeMsg=no
[2026-07-29T05:40:22.733Z] LiveUpdateForge: AfterToolExec flush
[2026-07-29T05:40:22.766Z] InitialReadForge.onBeforeSend: SKIP (fr=true syn=false hasRead=true)
[2026-07-29T05:40:29.285Z] LiveUpdateForge: EndTurn fallback flush
[2026-07-29T05:40:29.286Z] onEndTurn: naturalStop=false toolCalls=21 nudgeMsg=no
[2026-07-29T05:40:29.318Z] LiveUpdateForge: AfterToolExec flush
[2026-07-29T05:40:29.362Z] InitialReadForge.onBeforeSend: SKIP (fr=true syn=false hasRead=true)
[2026-07-29T05:40:31.555Z] LiveUpdateForge: EndTurn fallback flush
[2026-07-29T05:40:31.555Z] onEndTurn: naturalStop=false toolCalls=22 nudgeMsg=no
[2026-07-29T05:40:46.671Z] LiveUpdateForge: AfterToolExec flush
[2026-07-29T05:40:46.716Z] InitialReadForge.onBeforeSend: SKIP (fr=true syn=false hasRead=true)
[2026-07-29T05:40:53.515Z] LiveUpdateForge: EndTurn fallback flush
[2026-07-29T05:40:53.515Z] onEndTurn: naturalStop=true toolCalls=23 nudgeMsg=no
[2026-07-29T05:40:59.448Z] ResumeDiffForge: running checkResumeConsistency
[2026-07-29T05:40:59.449Z] checkResumeConsistency: forgedTimestamps=[]
[2026-07-29T05:40:59.457Z] checkResumeConsistency: no changes detected
[2026-07-29T05:40:59.457Z] LiveUpdateForge: session reset, allowLiveUpdate = false
[2026-07-29T05:40:59.457Z] NudgeForge: ResumeComplete — restoring count from history
[2026-07-29T05:40:59.458Z] restoreNudgeCountFromHistory: found last write at idx=113 count=23
[2026-07-29T05:42:16.303Z] ResumeDiffForge: running checkResumeConsistency
[2026-07-29T05:42:16.305Z] checkResumeConsistency: forgedTimestamps=[]
[2026-07-29T05:42:16.316Z] checkResumeConsistency: no changes detected
[2026-07-29T05:42:16.317Z] LiveUpdateForge: session reset, allowLiveUpdate = false
[2026-07-29T05:42:16.318Z] NudgeForge: ResumeComplete — restoring count from history
[2026-07-29T05:42:16.318Z] restoreNudgeCountFromHistory: no reset point found, count=3
[2026-07-29T05:42:16.341Z] LiveUpdateForge: allowLiveUpdate = true (first real BeforeSend)
[2026-07-29T05:42:16.342Z] InitialReadForge.onBeforeSend: SKIP (fr=false syn=false hasRead=true)
[2026-07-29T05:42:22.961Z] LiveUpdateForge: EndTurn fallback flush
[2026-07-29T05:42:22.961Z] onEndTurn: naturalStop=false toolCalls=3 nudgeMsg=no
[2026-07-29T05:42:23.035Z] LiveUpdateForge: AfterToolExec flush
[2026-07-29T05:42:23.070Z] InitialReadForge.onBeforeSend: SKIP (fr=true syn=false hasRead=true)
[2026-07-29T05:42:27.164Z] LiveUpdateForge: EndTurn fallback flush
[2026-07-29T05:42:27.165Z] onEndTurn: naturalStop=false toolCalls=4 nudgeMsg=no
[2026-07-29T05:42:27.215Z] LiveUpdateForge: AfterToolExec flush
[2026-07-29T05:42:27.293Z] InitialReadForge.onBeforeSend: SKIP (fr=true syn=false hasRead=true)
[2026-07-29T05:42:35.854Z] LiveUpdateForge: EndTurn fallback flush
[2026-07-29T05:42:35.854Z] onEndTurn: naturalStop=false toolCalls=5 nudgeMsg=no
[2026-07-29T05:42:35.891Z] LiveUpdateForge: AfterToolExec flush
[2026-07-29T05:42:35.930Z] InitialReadForge.onBeforeSend: SKIP (fr=true syn=false hasRead=true)
[2026-07-29T05:42:46.515Z] LiveUpdateForge: EndTurn fallback flush
[2026-07-29T05:42:46.516Z] onEndTurn: naturalStop=false toolCalls=6 nudgeMsg=no
[2026-07-29T05:42:46.579Z] LiveUpdateForge: AfterToolExec flush
[2026-07-29T05:42:46.619Z] InitialReadForge.onBeforeSend: SKIP (fr=true syn=false hasRead=true)
[2026-07-29T05:43:25.103Z] MemoryForge: attached 5 listener(s)
[2026-07-29T05:43:25.105Z] InitialReadForge: armed one-shot BeforeSend after NewSessionStart
[2026-07-29T05:43:25.108Z] LiveUpdateForge: session reset, allowLiveUpdate = false
[2026-07-29T05:43:25.494Z] LiveUpdateForge: session reset, allowLiveUpdate = false
[2026-07-29T05:43:25.523Z] ResumeDiffForge: running checkResumeConsistency
[2026-07-29T05:43:25.523Z] checkResumeConsistency: forgedTimestamps=[["project","1970-01-01T00:00:00.000Z"]]
[2026-07-29T05:43:25.537Z] checkResumeConsistency: injecting 1 diff notification(s)
[2026-07-29T05:43:25.538Z] injectForgedHistory: role=user preview="[agent-auto] [memory-update 2026-07-29 13:22:49] project memory file has been mo"
[2026-07-29T05:43:25.539Z] injectForgedHistory: recordMessage persisted
[2026-07-29T05:43:25.541Z] LiveUpdateForge: session reset, allowLiveUpdate = false
[2026-07-29T05:43:25.541Z] NudgeForge: ResumeComplete — restoring count from history
[2026-07-29T05:43:25.543Z] restoreNudgeCountFromHistory: found last write at idx=108 count=9
[2026-07-29T05:43:25.876Z] ResumeDiffForge: running checkResumeConsistency
[2026-07-29T05:43:25.877Z] checkResumeConsistency: forgedTimestamps=[]
[2026-07-29T05:43:25.946Z] checkResumeConsistency: no changes detected
[2026-07-29T05:43:25.947Z] LiveUpdateForge: session reset, allowLiveUpdate = false
[2026-07-29T05:43:25.947Z] NudgeForge: ResumeComplete — restoring count from history
[2026-07-29T05:43:25.948Z] restoreNudgeCountFromHistory: found last write at idx=113 count=23
[2026-07-29T05:44:32.968Z] LiveUpdateForge: EndTurn fallback flush
[2026-07-29T05:44:32.968Z] onEndTurn: naturalStop=false toolCalls=7 nudgeMsg=no
[2026-07-29T05:44:34.177Z] LiveUpdateForge: AfterToolExec flush
[2026-07-29T05:44:34.230Z] InitialReadForge.onBeforeSend: SKIP (fr=true syn=false hasRead=true)
[2026-07-29T05:44:43.760Z] LiveUpdateForge: EndTurn fallback flush
[2026-07-29T05:44:43.760Z] onEndTurn: naturalStop=false toolCalls=8 nudgeMsg=no
[2026-07-29T05:44:43.877Z] LiveUpdateForge: AfterToolExec flush
[2026-07-29T05:44:43.916Z] InitialReadForge.onBeforeSend: SKIP (fr=true syn=false hasRead=true)
[2026-07-29T05:44:48.687Z] LiveUpdateForge: EndTurn fallback flush
[2026-07-29T05:44:48.687Z] onEndTurn: naturalStop=false toolCalls=9 nudgeMsg=no
[2026-07-29T05:44:48.731Z] LiveUpdateForge: AfterToolExec flush
[2026-07-29T05:44:48.776Z] InitialReadForge.onBeforeSend: SKIP (fr=true syn=false hasRead=true)
[2026-07-29T05:45:01.252Z] LiveUpdateForge: EndTurn fallback flush
[2026-07-29T05:45:01.253Z] onEndTurn: naturalStop=false toolCalls=10 nudgeMsg=no
[2026-07-29T05:45:01.356Z] LiveUpdateForge: AfterToolExec flush
[2026-07-29T05:45:01.397Z] InitialReadForge.onBeforeSend: SKIP (fr=true syn=false hasRead=true)
[2026-07-29T05:45:11.238Z] LiveUpdateForge: EndTurn fallback flush
[2026-07-29T05:45:11.239Z] onEndTurn: naturalStop=false toolCalls=11 nudgeMsg=no
[2026-07-29T05:45:11.301Z] LiveUpdateForge: AfterToolExec flush
[2026-07-29T05:45:11.335Z] InitialReadForge.onBeforeSend: SKIP (fr=true syn=false hasRead=true)
[2026-07-29T05:46:27.475Z] LiveUpdateForge: EndTurn fallback flush
[2026-07-29T05:46:27.475Z] onEndTurn: naturalStop=false toolCalls=12 nudgeMsg=no
[2026-07-29T05:46:27.573Z] LiveUpdateForge: AfterToolExec flush
[2026-07-29T05:46:27.611Z] InitialReadForge.onBeforeSend: SKIP (fr=true syn=false hasRead=true)
[2026-07-29T05:46:31.481Z] LiveUpdateForge: EndTurn fallback flush
[2026-07-29T05:46:31.481Z] onEndTurn: naturalStop=false toolCalls=13 nudgeMsg=no
[2026-07-29T05:47:04.385Z] LiveUpdateForge: AfterToolExec flush
[2026-07-29T05:47:04.434Z] InitialReadForge.onBeforeSend: SKIP (fr=true syn=false hasRead=true)
[2026-07-29T05:47:11.613Z] LiveUpdateForge: EndTurn fallback flush
[2026-07-29T05:47:11.613Z] onEndTurn: naturalStop=false toolCalls=14 nudgeMsg=no
[2026-07-29T05:47:11.626Z] LiveUpdateForge: AfterToolExec flush
[2026-07-29T05:47:11.665Z] InitialReadForge.onBeforeSend: SKIP (fr=true syn=false hasRead=true)
[2026-07-29T05:47:25.894Z] LiveUpdateForge: EndTurn fallback flush
[2026-07-29T05:47:25.894Z] onEndTurn: naturalStop=false toolCalls=15 nudgeMsg=no
[2026-07-29T05:47:25.908Z] LiveUpdateForge: AfterToolExec flush
[2026-07-29T05:47:25.949Z] InitialReadForge.onBeforeSend: SKIP (fr=true syn=false hasRead=true)
[2026-07-29T05:47:34.967Z] LiveUpdateForge: EndTurn fallback flush
[2026-07-29T05:47:34.967Z] onEndTurn: naturalStop=false toolCalls=16 nudgeMsg=no
[2026-07-29T05:47:34.977Z] LiveUpdateForge: AfterToolExec flush
[2026-07-29T05:47:35.017Z] InitialReadForge.onBeforeSend: SKIP (fr=true syn=false hasRead=true)
[2026-07-29T05:48:00.492Z] ResumeDiffForge: running checkResumeConsistency
[2026-07-29T05:48:00.494Z] checkResumeConsistency: forgedTimestamps=[]
[2026-07-29T05:48:00.503Z] checkResumeConsistency: no changes detected
[2026-07-29T05:48:00.503Z] LiveUpdateForge: session reset, allowLiveUpdate = false
[2026-07-29T05:48:00.504Z] NudgeForge: ResumeComplete — restoring count from history
[2026-07-29T05:48:00.504Z] restoreNudgeCountFromHistory: found last write at idx=113 count=23
[2026-07-29T05:48:00.546Z] LiveUpdateForge: allowLiveUpdate = true (first real BeforeSend)
[2026-07-29T05:48:00.547Z] InitialReadForge.onBeforeSend: SKIP (fr=false syn=false hasRead=true)
[2026-07-29T05:48:13.928Z] LiveUpdateForge: EndTurn fallback flush
[2026-07-29T05:48:13.929Z] onEndTurn: naturalStop=false toolCalls=23 nudgeMsg=no
[2026-07-29T05:48:14.001Z] LiveUpdateForge: AfterToolExec flush
[2026-07-29T05:48:21.629Z] LiveUpdateForge: AfterToolExec flush
[2026-07-29T05:48:21.663Z] InitialReadForge.onBeforeSend: SKIP (fr=true syn=false hasRead=true)
[2026-07-29T05:48:23.629Z] LiveUpdateForge: EndTurn fallback flush
[2026-07-29T05:48:23.629Z] onEndTurn: naturalStop=false toolCalls=17 nudgeMsg=no
[2026-07-29T05:48:23.647Z] LiveUpdateForge: AfterToolExec flush
[2026-07-29T05:48:23.691Z] InitialReadForge.onBeforeSend: SKIP (fr=true syn=false hasRead=true)
[2026-07-29T05:48:27.762Z] LiveUpdateForge: EndTurn fallback flush
[2026-07-29T05:48:27.763Z] onEndTurn: naturalStop=false toolCalls=25 nudgeMsg=no
[2026-07-29T05:48:27.916Z] LiveUpdateForge: AfterToolExec flush
[2026-07-29T05:48:27.946Z] InitialReadForge.onBeforeSend: SKIP (fr=true syn=false hasRead=true)
[2026-07-29T05:48:32.598Z] LiveUpdateForge: EndTurn fallback flush
[2026-07-29T05:48:32.598Z] onEndTurn: naturalStop=false toolCalls=26 nudgeMsg=no
[2026-07-29T05:48:32.606Z] LiveUpdateForge: AfterToolExec flush
[2026-07-29T05:48:32.638Z] InitialReadForge.onBeforeSend: SKIP (fr=true syn=false hasRead=true)
[2026-07-29T05:48:37.045Z] LiveUpdateForge: EndTurn fallback flush
[2026-07-29T05:48:37.046Z] onEndTurn: naturalStop=false toolCalls=18 nudgeMsg=no
[2026-07-29T05:48:37.059Z] LiveUpdateForge: AfterToolExec flush
[2026-07-29T05:48:37.101Z] InitialReadForge.onBeforeSend: SKIP (fr=true syn=false hasRead=true)
[2026-07-29T05:48:46.828Z] LiveUpdateForge: EndTurn fallback flush
[2026-07-29T05:48:46.828Z] onEndTurn: naturalStop=false toolCalls=19 nudgeMsg=no
[2026-07-29T05:48:46.847Z] LiveUpdateForge: AfterToolExec flush
[2026-07-29T05:48:46.895Z] InitialReadForge.onBeforeSend: SKIP (fr=true syn=false hasRead=true)
[2026-07-29T05:48:49.988Z] LiveUpdateForge: EndTurn fallback flush
[2026-07-29T05:48:49.988Z] onEndTurn: naturalStop=false toolCalls=27 nudgeMsg=no
[2026-07-29T05:48:50.051Z] LiveUpdateForge: AfterToolExec flush
[2026-07-29T05:48:50.083Z] InitialReadForge.onBeforeSend: SKIP (fr=true syn=false hasRead=true)
[2026-07-29T05:48:54.469Z] LiveUpdateForge: EndTurn fallback flush
[2026-07-29T05:48:54.469Z] onEndTurn: naturalStop=false toolCalls=28 nudgeMsg=no
[2026-07-29T05:49:09.565Z] LiveUpdateForge: AfterToolExec flush
[2026-07-29T05:49:09.600Z] InitialReadForge.onBeforeSend: SKIP (fr=true syn=false hasRead=true)
[2026-07-29T05:49:13.785Z] LiveUpdateForge: EndTurn fallback flush
[2026-07-29T05:49:13.786Z] onEndTurn: naturalStop=true toolCalls=29 nudgeMsg=no
[2026-07-29T05:50:27.919Z] LiveUpdateForge: EndTurn fallback flush
[2026-07-29T05:50:27.919Z] onEndTurn: naturalStop=false toolCalls=20 nudgeMsg=no
[2026-07-29T05:50:27.926Z] LiveUpdateForge: AfterToolExec flush
[2026-07-29T05:50:27.970Z] InitialReadForge.onBeforeSend: SKIP (fr=true syn=false hasRead=true)
[2026-07-29T05:50:34.720Z] LiveUpdateForge: EndTurn fallback flush
[2026-07-29T05:50:34.720Z] onEndTurn: naturalStop=false toolCalls=21 nudgeMsg=no
[2026-07-29T05:50:34.735Z] LiveUpdateForge: AfterToolExec flush
[2026-07-29T05:50:34.782Z] InitialReadForge.onBeforeSend: SKIP (fr=true syn=false hasRead=true)
[2026-07-29T05:50:50.993Z] LiveUpdateForge: EndTurn fallback flush
[2026-07-29T05:50:50.993Z] onEndTurn: naturalStop=false toolCalls=22 nudgeMsg=no
[2026-07-29T05:50:51.203Z] LiveUpdateForge: AfterToolExec flush
[2026-07-29T05:50:51.259Z] InitialReadForge.onBeforeSend: SKIP (fr=true syn=false hasRead=true)
[2026-07-29T05:50:52.265Z] ResumeDiffForge: running checkResumeConsistency
[2026-07-29T05:50:52.266Z] checkResumeConsistency: forgedTimestamps=[]
[2026-07-29T05:50:52.277Z] checkResumeConsistency: no changes detected
[2026-07-29T05:50:52.277Z] LiveUpdateForge: session reset, allowLiveUpdate = false
[2026-07-29T05:50:52.277Z] NudgeForge: ResumeComplete — restoring count from history
[2026-07-29T05:50:52.278Z] restoreNudgeCountFromHistory: found last write at idx=113 count=29
[2026-07-29T05:50:52.314Z] LiveUpdateForge: allowLiveUpdate = true (first real BeforeSend)
[2026-07-29T05:50:52.316Z] InitialReadForge.onBeforeSend: SKIP (fr=false syn=false hasRead=true)
[2026-07-29T05:51:02.905Z] LiveUpdateForge: EndTurn fallback flush
[2026-07-29T05:51:02.905Z] onEndTurn: naturalStop=false toolCalls=23 nudgeMsg=no
[2026-07-29T05:51:02.929Z] LiveUpdateForge: AfterToolExec flush
[2026-07-29T05:51:02.999Z] InitialReadForge.onBeforeSend: SKIP (fr=true syn=false hasRead=true)
[2026-07-29T05:51:12.692Z] LiveUpdateForge: EndTurn fallback flush
[2026-07-29T05:51:12.693Z] onEndTurn: naturalStop=false toolCalls=29 nudgeMsg=no
[2026-07-29T05:51:12.712Z] LiveUpdateForge: AfterToolExec flush
[2026-07-29T05:51:12.753Z] InitialReadForge.onBeforeSend: SKIP (fr=true syn=false hasRead=true)
[2026-07-29T05:51:24.279Z] LiveUpdateForge: EndTurn fallback flush
[2026-07-29T05:51:24.280Z] onEndTurn: naturalStop=false toolCalls=24 nudgeMsg=no
[2026-07-29T05:51:24.367Z] LiveUpdateForge: AfterToolExec flush
[2026-07-29T05:51:24.434Z] InitialReadForge.onBeforeSend: SKIP (fr=true syn=false hasRead=true)
[2026-07-29T05:51:26.208Z] LiveUpdateForge: EndTurn fallback flush
[2026-07-29T05:51:26.209Z] onEndTurn: naturalStop=false toolCalls=30 nudgeMsg=no
[2026-07-29T05:51:26.290Z] LiveUpdateForge: AfterToolExec flush
[2026-07-29T05:51:26.324Z] InitialReadForge.onBeforeSend: SKIP (fr=true syn=false hasRead=true)
[2026-07-29T05:51:30.193Z] LiveUpdateForge: EndTurn fallback flush
[2026-07-29T05:51:30.193Z] onEndTurn: naturalStop=false toolCalls=25 nudgeMsg=no
[2026-07-29T05:51:30.603Z] LiveUpdateForge: EndTurn fallback flush
[2026-07-29T05:51:30.603Z] onEndTurn: naturalStop=false toolCalls=31 nudgeMsg=no
[2026-07-29T05:51:46.431Z] LiveUpdateForge: AfterToolExec flush
[2026-07-29T05:51:46.441Z] LiveUpdateForge: AfterToolExec flush
[2026-07-29T05:51:46.469Z] InitialReadForge.onBeforeSend: SKIP (fr=true syn=false hasRead=true)
[2026-07-29T05:51:46.504Z] InitialReadForge.onBeforeSend: SKIP (fr=true syn=false hasRead=true)
[2026-07-29T05:51:51.316Z] LiveUpdateForge: EndTurn fallback flush
[2026-07-29T05:51:51.316Z] onEndTurn: naturalStop=true toolCalls=32 nudgeMsg=no
[2026-07-29T05:51:51.932Z] LiveUpdateForge: EndTurn fallback flush
[2026-07-29T05:51:51.933Z] onEndTurn: naturalStop=false toolCalls=26 nudgeMsg=no
[2026-07-29T05:51:52.037Z] LiveUpdateForge: AfterToolExec flush
[2026-07-29T05:51:52.090Z] InitialReadForge.onBeforeSend: SKIP (fr=true syn=false hasRead=true)
[2026-07-29T05:51:56.159Z] LiveUpdateForge: EndTurn fallback flush
[2026-07-29T05:51:56.159Z] onEndTurn: naturalStop=false toolCalls=27 nudgeMsg=no
[2026-07-29T05:51:57.928Z] LiveUpdateForge: AfterToolExec flush
[2026-07-29T05:51:57.995Z] InitialReadForge.onBeforeSend: SKIP (fr=true syn=false hasRead=true)
[2026-07-29T05:52:35.417Z] LiveUpdateForge: EndTurn fallback flush
[2026-07-29T05:52:35.417Z] onEndTurn: naturalStop=false toolCalls=28 nudgeMsg=no
[2026-07-29T05:52:35.441Z] LiveUpdateForge: AfterToolExec flush
[2026-07-29T05:52:35.519Z] InitialReadForge.onBeforeSend: SKIP (fr=true syn=false hasRead=true)
[2026-07-29T05:52:44.005Z] LiveUpdateForge: EndTurn fallback flush
[2026-07-29T05:52:44.006Z] onEndTurn: naturalStop=false toolCalls=29 nudgeMsg=no
[2026-07-29T05:52:44.235Z] LiveUpdateForge: AfterToolExec flush
[2026-07-29T05:52:44.294Z] InitialReadForge.onBeforeSend: SKIP (fr=true syn=false hasRead=true)
[2026-07-29T05:53:02.577Z] LiveUpdateForge: EndTurn fallback flush
[2026-07-29T05:53:02.578Z] onEndTurn: naturalStop=false toolCalls=30 nudgeMsg=no
[2026-07-29T05:53:10.493Z] LiveUpdateForge: AfterToolExec flush
[2026-07-29T05:53:10.554Z] InitialReadForge.onBeforeSend: SKIP (fr=true syn=false hasRead=true)
[2026-07-29T05:53:30.592Z] LiveUpdateForge: EndTurn fallback flush
[2026-07-29T05:53:30.593Z] onEndTurn: naturalStop=false toolCalls=31 nudgeMsg=no
[2026-07-29T05:53:30.634Z] LiveUpdateForge: AfterToolExec flush
[2026-07-29T05:53:30.689Z] InitialReadForge.onBeforeSend: SKIP (fr=true syn=false hasRead=true)
[2026-07-29T05:53:43.833Z] MemoryForge: attached 5 listener(s)
[2026-07-29T05:53:43.834Z] InitialReadForge: armed one-shot BeforeSend after NewSessionStart
[2026-07-29T05:53:43.834Z] LiveUpdateForge: session reset, allowLiveUpdate = false
[2026-07-29T05:53:44.069Z] LiveUpdateForge: session reset, allowLiveUpdate = false
[2026-07-29T05:53:44.127Z] ResumeDiffForge: running checkResumeConsistency
[2026-07-29T05:53:44.128Z] checkResumeConsistency: forgedTimestamps=[["project","1970-01-01T00:00:00.000Z"]]
[2026-07-29T05:53:44.180Z] checkResumeConsistency: injecting 1 diff notification(s)
[2026-07-29T05:53:44.181Z] injectForgedHistory: role=user preview="[agent-auto] [memory-update 2026-07-29 13:22:49] project memory file has been mo"
[2026-07-29T05:53:44.181Z] injectForgedHistory: recordMessage persisted
[2026-07-29T05:53:44.182Z] LiveUpdateForge: session reset, allowLiveUpdate = false
[2026-07-29T05:53:44.182Z] NudgeForge: ResumeComplete — restoring count from history
[2026-07-29T05:53:44.183Z] restoreNudgeCountFromHistory: found last write at idx=108 count=9
[2026-07-29T05:53:44.542Z] ResumeDiffForge: running checkResumeConsistency
[2026-07-29T05:53:44.542Z] checkResumeConsistency: forgedTimestamps=[]
[2026-07-29T05:53:44.620Z] checkResumeConsistency: no changes detected
[2026-07-29T05:53:44.621Z] LiveUpdateForge: session reset, allowLiveUpdate = false
[2026-07-29T05:53:44.622Z] NudgeForge: ResumeComplete — restoring count from history
[2026-07-29T05:53:44.623Z] restoreNudgeCountFromHistory: found last write at idx=113 count=32
[2026-07-29T05:54:04.455Z] LiveUpdateForge: EndTurn fallback flush
[2026-07-29T05:54:04.456Z] onEndTurn: naturalStop=false toolCalls=32 nudgeMsg=no
[2026-07-29T05:54:04.497Z] LiveUpdateForge: AfterToolExec flush
[2026-07-29T05:54:04.555Z] InitialReadForge.onBeforeSend: SKIP (fr=true syn=false hasRead=true)
[2026-07-29T05:54:15.451Z] LiveUpdateForge: EndTurn fallback flush
[2026-07-29T05:54:15.451Z] onEndTurn: naturalStop=false toolCalls=33 nudgeMsg=no
[2026-07-29T05:54:15.660Z] LiveUpdateForge: AfterToolExec flush
[2026-07-29T05:54:15.750Z] InitialReadForge.onBeforeSend: SKIP (fr=true syn=false hasRead=true)
[2026-07-29T05:54:22.928Z] ResumeDiffForge: running checkResumeConsistency
[2026-07-29T05:54:22.929Z] checkResumeConsistency: forgedTimestamps=[]
[2026-07-29T05:54:22.937Z] checkResumeConsistency: no changes detected
[2026-07-29T05:54:22.938Z] LiveUpdateForge: session reset, allowLiveUpdate = false
[2026-07-29T05:54:22.938Z] NudgeForge: ResumeComplete — restoring count from history
[2026-07-29T05:54:22.938Z] restoreNudgeCountFromHistory: no reset point found, count=34
[2026-07-29T05:54:22.968Z] LiveUpdateForge: allowLiveUpdate = true (first real BeforeSend)
[2026-07-29T05:54:22.969Z] InitialReadForge.onBeforeSend: SKIP (fr=false syn=false hasRead=true)
[2026-07-29T05:54:39.187Z] LiveUpdateForge: EndTurn fallback flush
[2026-07-29T05:54:39.188Z] onEndTurn: naturalStop=false toolCalls=34 nudgeMsg=no
[2026-07-29T05:54:45.730Z] LiveUpdateForge: AfterToolExec flush
[2026-07-29T05:54:45.769Z] InitialReadForge.onBeforeSend: SKIP (fr=true syn=false hasRead=true)
[2026-07-29T05:55:09.112Z] LiveUpdateForge: EndTurn fallback flush
[2026-07-29T05:55:09.112Z] onEndTurn: naturalStop=true toolCalls=35 nudgeMsg=no
[2026-07-29T05:56:07.900Z] ResumeDiffForge: running checkResumeConsistency
[2026-07-29T05:56:07.901Z] checkResumeConsistency: forgedTimestamps=[]
[2026-07-29T05:56:07.909Z] checkResumeConsistency: no changes detected
[2026-07-29T05:56:07.910Z] LiveUpdateForge: session reset, allowLiveUpdate = false
[2026-07-29T05:56:07.910Z] NudgeForge: ResumeComplete — restoring count from history
[2026-07-29T05:56:07.910Z] restoreNudgeCountFromHistory: no reset point found, count=35
[2026-07-29T05:56:07.944Z] LiveUpdateForge: allowLiveUpdate = true (first real BeforeSend)
[2026-07-29T05:56:07.944Z] InitialReadForge.onBeforeSend: SKIP (fr=false syn=false hasRead=true)
[2026-07-29T05:56:18.750Z] LiveUpdateForge: EndTurn fallback flush
[2026-07-29T05:56:18.750Z] onEndTurn: naturalStop=false toolCalls=35 nudgeMsg=no
[2026-07-29T05:56:19.036Z] LiveUpdateForge: AfterToolExec flush
[2026-07-29T05:56:19.079Z] InitialReadForge.onBeforeSend: SKIP (fr=true syn=false hasRead=true)
[2026-07-29T05:56:23.275Z] LiveUpdateForge: EndTurn fallback flush
[2026-07-29T05:56:23.275Z] onEndTurn: naturalStop=false toolCalls=36 nudgeMsg=no
[2026-07-29T05:56:23.694Z] LiveUpdateForge: AfterToolExec flush
[2026-07-29T05:56:23.765Z] InitialReadForge.onBeforeSend: SKIP (fr=true syn=false hasRead=true)
[2026-07-29T05:56:32.081Z] LiveUpdateForge: EndTurn fallback flush
[2026-07-29T05:56:32.081Z] onEndTurn: naturalStop=false toolCalls=37 nudgeMsg=no
[2026-07-29T05:57:51.524Z] LiveUpdateForge: AfterToolExec flush
[2026-07-29T05:57:51.562Z] InitialReadForge.onBeforeSend: SKIP (fr=true syn=false hasRead=true)
[2026-07-29T05:58:01.046Z] LiveUpdateForge: EndTurn fallback flush
[2026-07-29T05:58:01.047Z] onEndTurn: naturalStop=false toolCalls=38 nudgeMsg=no
[2026-07-29T05:58:01.061Z] LiveUpdateForge: AfterToolExec flush
[2026-07-29T05:58:01.093Z] InitialReadForge.onBeforeSend: SKIP (fr=true syn=false hasRead=true)
[2026-07-29T05:58:12.328Z] LiveUpdateForge: EndTurn fallback flush
[2026-07-29T05:58:12.328Z] onEndTurn: naturalStop=false toolCalls=39 nudgeMsg=no
[2026-07-29T05:58:12.339Z] LiveUpdateForge: AfterToolExec flush
[2026-07-29T05:58:12.392Z] InitialReadForge.onBeforeSend: SKIP (fr=true syn=false hasRead=true)
[2026-07-29T05:58:19.429Z] LiveUpdateForge: EndTurn fallback flush
[2026-07-29T05:58:19.430Z] onEndTurn: naturalStop=false toolCalls=40 nudgeMsg=no
[2026-07-29T05:58:19.633Z] LiveUpdateForge: AfterToolExec flush
[2026-07-29T05:58:19.667Z] InitialReadForge.onBeforeSend: SKIP (fr=true syn=false hasRead=true)
[2026-07-29T05:58:24.652Z] LiveUpdateForge: EndTurn fallback flush
[2026-07-29T05:58:24.653Z] onEndTurn: naturalStop=false toolCalls=41 nudgeMsg=no
[2026-07-29T05:58:24.663Z] LiveUpdateForge: AfterToolExec flush
[2026-07-29T05:58:24.699Z] InitialReadForge.onBeforeSend: SKIP (fr=true syn=false hasRead=true)
[2026-07-29T05:58:28.809Z] LiveUpdateForge: EndTurn fallback flush
[2026-07-29T05:58:28.810Z] onEndTurn: naturalStop=false toolCalls=42 nudgeMsg=no
[2026-07-29T05:58:29.049Z] LiveUpdateForge: AfterToolExec flush
[2026-07-29T05:58:29.096Z] InitialReadForge.onBeforeSend: SKIP (fr=true syn=false hasRead=true)
[2026-07-29T05:58:56.571Z] LiveUpdateForge: EndTurn fallback flush
[2026-07-29T05:58:56.572Z] onEndTurn: naturalStop=false toolCalls=43 nudgeMsg=no
[2026-07-29T05:58:56.793Z] LiveUpdateForge: AfterToolExec flush
[2026-07-29T05:58:56.824Z] InitialReadForge.onBeforeSend: SKIP (fr=true syn=false hasRead=true)
[2026-07-29T05:59:05.536Z] LiveUpdateForge: EndTurn fallback flush
[2026-07-29T05:59:05.536Z] onEndTurn: naturalStop=true toolCalls=44 nudgeMsg=no
[2026-07-29T06:00:15.705Z] ResumeDiffForge: running checkResumeConsistency
[2026-07-29T06:00:15.706Z] checkResumeConsistency: forgedTimestamps=[]
[2026-07-29T06:00:15.715Z] checkResumeConsistency: no changes detected
[2026-07-29T06:00:15.716Z] LiveUpdateForge: session reset, allowLiveUpdate = false
[2026-07-29T06:00:15.716Z] NudgeForge: ResumeComplete — restoring count from history
[2026-07-29T06:00:15.716Z] restoreNudgeCountFromHistory: no reset point found, count=44
[2026-07-29T06:00:15.763Z] LiveUpdateForge: allowLiveUpdate = true (first real BeforeSend)
[2026-07-29T06:00:15.764Z] InitialReadForge.onBeforeSend: SKIP (fr=false syn=false hasRead=true)
[2026-07-29T06:01:10.730Z] LiveUpdateForge: EndTurn fallback flush
[2026-07-29T06:01:10.731Z] onEndTurn: naturalStop=false toolCalls=44 nudgeMsg=no
[2026-07-29T06:01:10.759Z] LiveUpdateForge: AfterToolExec flush
[2026-07-29T06:01:10.808Z] InitialReadForge.onBeforeSend: SKIP (fr=true syn=false hasRead=true)
[2026-07-29T06:01:15.406Z] LiveUpdateForge: EndTurn fallback flush
[2026-07-29T06:01:15.407Z] onEndTurn: naturalStop=false toolCalls=45 nudgeMsg=no
[2026-07-29T06:01:15.420Z] LiveUpdateForge: AfterToolExec flush
[2026-07-29T06:01:15.457Z] InitialReadForge.onBeforeSend: SKIP (fr=true syn=false hasRead=true)
[2026-07-29T06:01:29.954Z] LiveUpdateForge: EndTurn fallback flush
[2026-07-29T06:01:29.955Z] onEndTurn: naturalStop=false toolCalls=46 nudgeMsg=no
[2026-07-29T06:01:29.962Z] LiveUpdateForge: AfterToolExec flush
[2026-07-29T06:01:29.997Z] InitialReadForge.onBeforeSend: SKIP (fr=true syn=false hasRead=true)
[2026-07-29T06:03:24.364Z] LiveUpdateForge: EndTurn fallback flush
[2026-07-29T06:03:24.364Z] onEndTurn: naturalStop=false toolCalls=47 nudgeMsg=no
[2026-07-29T06:03:25.124Z] LiveUpdateForge: AfterToolExec flush
[2026-07-29T06:03:25.163Z] InitialReadForge.onBeforeSend: SKIP (fr=true syn=false hasRead=true)
[2026-07-29T06:06:59.479Z] LiveUpdateForge: EndTurn fallback flush
[2026-07-29T06:06:59.479Z] onEndTurn: naturalStop=false toolCalls=48 nudgeMsg=no
[2026-07-29T06:06:59.570Z] LiveUpdateForge: AfterToolExec flush
[2026-07-29T06:06:59.610Z] InitialReadForge.onBeforeSend: SKIP (fr=true syn=false hasRead=true)
[2026-07-29T06:07:05.678Z] LiveUpdateForge: EndTurn fallback flush
[2026-07-29T06:07:05.678Z] onEndTurn: naturalStop=false toolCalls=49 nudgeMsg=no
[2026-07-29T06:07:05.726Z] LiveUpdateForge: AfterToolExec flush
[2026-07-29T06:07:05.767Z] InitialReadForge.onBeforeSend: SKIP (fr=true syn=false hasRead=true)
[2026-07-29T06:07:18.131Z] LiveUpdateForge: EndTurn fallback flush
[2026-07-29T06:07:18.131Z] onEndTurn: naturalStop=false toolCalls=50 nudgeMsg=no
[2026-07-29T06:07:18.150Z] LiveUpdateForge: AfterToolExec flush
[2026-07-29T06:07:18.187Z] InitialReadForge.onBeforeSend: SKIP (fr=true syn=false hasRead=true)
[2026-07-29T06:07:31.847Z] LiveUpdateForge: EndTurn fallback flush
[2026-07-29T06:07:31.848Z] onEndTurn: naturalStop=false toolCalls=51 nudgeMsg=no
[2026-07-29T06:07:31.863Z] LiveUpdateForge: AfterToolExec flush
[2026-07-29T06:07:31.906Z] InitialReadForge.onBeforeSend: SKIP (fr=true syn=false hasRead=true)
[2026-07-29T06:07:40.135Z] LiveUpdateForge: EndTurn fallback flush
[2026-07-29T06:07:40.135Z] onEndTurn: naturalStop=false toolCalls=52 nudgeMsg=no
[2026-07-29T06:07:40.180Z] LiveUpdateForge: AfterToolExec flush
[2026-07-29T06:07:40.225Z] InitialReadForge.onBeforeSend: SKIP (fr=true syn=false hasRead=true)
[2026-07-29T06:07:43.413Z] LiveUpdateForge: EndTurn fallback flush
[2026-07-29T06:07:43.413Z] onEndTurn: naturalStop=false toolCalls=53 nudgeMsg=no
[2026-07-29T06:08:06.268Z] LiveUpdateForge: AfterToolExec flush
[2026-07-29T06:08:06.309Z] InitialReadForge.onBeforeSend: SKIP (fr=true syn=false hasRead=true)
[2026-07-29T06:08:16.739Z] LiveUpdateForge: EndTurn fallback flush
[2026-07-29T06:08:16.740Z] onEndTurn: naturalStop=false toolCalls=54 nudgeMsg=no
[2026-07-29T06:08:18.184Z] LiveUpdateForge: AfterToolExec flush
[2026-07-29T06:08:18.221Z] InitialReadForge.onBeforeSend: SKIP (fr=true syn=false hasRead=true)
[2026-07-29T06:08:24.021Z] LiveUpdateForge: EndTurn fallback flush
[2026-07-29T06:08:24.021Z] onEndTurn: naturalStop=false toolCalls=55 nudgeMsg=no
[2026-07-29T06:08:24.056Z] LiveUpdateForge: AfterToolExec flush
[2026-07-29T06:08:24.115Z] InitialReadForge.onBeforeSend: SKIP (fr=true syn=false hasRead=true)
[2026-07-29T06:08:30.785Z] LiveUpdateForge: EndTurn fallback flush
[2026-07-29T06:08:30.785Z] onEndTurn: naturalStop=false toolCalls=56 nudgeMsg=no
[2026-07-29T06:08:30.851Z] LiveUpdateForge: AfterToolExec flush
[2026-07-29T06:08:30.901Z] InitialReadForge.onBeforeSend: SKIP (fr=true syn=false hasRead=true)
[2026-07-29T06:09:00.161Z] LiveUpdateForge: EndTurn fallback flush
[2026-07-29T06:09:00.161Z] onEndTurn: naturalStop=false toolCalls=57 nudgeMsg=no
[2026-07-29T06:09:00.166Z] LiveUpdateForge: AfterToolExec flush
[2026-07-29T06:09:00.216Z] InitialReadForge.onBeforeSend: SKIP (fr=true syn=false hasRead=true)
[2026-07-29T06:09:03.647Z] LiveUpdateForge: EndTurn fallback flush
[2026-07-29T06:09:03.647Z] onEndTurn: naturalStop=false toolCalls=58 nudgeMsg=no
[2026-07-29T06:09:03.657Z] LiveUpdateForge: AfterToolExec flush
[2026-07-29T06:09:03.715Z] InitialReadForge.onBeforeSend: SKIP (fr=true syn=false hasRead=true)
[2026-07-29T06:09:07.470Z] LiveUpdateForge: EndTurn fallback flush
[2026-07-29T06:09:07.470Z] onEndTurn: naturalStop=false toolCalls=59 nudgeMsg=no
[2026-07-29T06:09:07.707Z] LiveUpdateForge: AfterToolExec flush
[2026-07-29T06:09:07.749Z] InitialReadForge.onBeforeSend: SKIP (fr=true syn=false hasRead=true)
[2026-07-29T06:09:17.893Z] LiveUpdateForge: EndTurn fallback flush
[2026-07-29T06:09:17.893Z] onEndTurn: naturalStop=false toolCalls=60 nudgeMsg=no
[2026-07-29T06:09:36.005Z] LiveUpdateForge: AfterToolExec flush
[2026-07-29T06:09:36.061Z] InitialReadForge.onBeforeSend: SKIP (fr=true syn=false hasRead=true)
[2026-07-29T06:09:50.786Z] LiveUpdateForge: EndTurn fallback flush
[2026-07-29T06:09:50.787Z] onEndTurn: naturalStop=false toolCalls=61 nudgeMsg=no
[2026-07-29T06:09:58.427Z] LiveUpdateForge: AfterToolExec flush
[2026-07-29T06:09:58.471Z] InitialReadForge.onBeforeSend: SKIP (fr=true syn=false hasRead=true)
[2026-07-29T06:10:04.101Z] LiveUpdateForge: EndTurn fallback flush
[2026-07-29T06:10:04.102Z] onEndTurn: naturalStop=false toolCalls=62 nudgeMsg=no
[2026-07-29T06:10:04.344Z] LiveUpdateForge: AfterToolExec flush
[2026-07-29T06:10:04.401Z] InitialReadForge.onBeforeSend: SKIP (fr=true syn=false hasRead=true)
[2026-07-29T06:10:10.944Z] LiveUpdateForge: EndTurn fallback flush
[2026-07-29T06:10:10.945Z] onEndTurn: naturalStop=false toolCalls=63 nudgeMsg=no
[2026-07-29T06:10:18.222Z] LiveUpdateForge: AfterToolExec flush
[2026-07-29T06:10:18.264Z] InitialReadForge.onBeforeSend: SKIP (fr=true syn=false hasRead=true)
[2026-07-29T06:10:24.121Z] LiveUpdateForge: EndTurn fallback flush
[2026-07-29T06:10:24.121Z] onEndTurn: naturalStop=false toolCalls=64 nudgeMsg=no
[2026-07-29T06:10:24.158Z] LiveUpdateForge: AfterToolExec flush
[2026-07-29T06:10:24.202Z] InitialReadForge.onBeforeSend: SKIP (fr=true syn=false hasRead=true)
[2026-07-29T06:10:28.740Z] LiveUpdateForge: EndTurn fallback flush
[2026-07-29T06:10:28.740Z] onEndTurn: naturalStop=false toolCalls=65 nudgeMsg=no
[2026-07-29T06:10:28.974Z] LiveUpdateForge: AfterToolExec flush
[2026-07-29T06:10:29.019Z] InitialReadForge.onBeforeSend: SKIP (fr=true syn=false hasRead=true)
[2026-07-29T06:10:34.841Z] LiveUpdateForge: EndTurn fallback flush
[2026-07-29T06:10:34.842Z] onEndTurn: naturalStop=false toolCalls=66 nudgeMsg=no
[2026-07-29T06:10:41.950Z] LiveUpdateForge: AfterToolExec flush
[2026-07-29T06:10:42.002Z] InitialReadForge.onBeforeSend: SKIP (fr=true syn=false hasRead=true)
[2026-07-29T06:10:49.768Z] LiveUpdateForge: EndTurn fallback flush
[2026-07-29T06:10:49.769Z] onEndTurn: naturalStop=false toolCalls=67 nudgeMsg=no
[2026-07-29T06:10:49.779Z] LiveUpdateForge: AfterToolExec flush
[2026-07-29T06:10:49.825Z] InitialReadForge.onBeforeSend: SKIP (fr=true syn=false hasRead=true)
[2026-07-29T06:10:56.181Z] LiveUpdateForge: EndTurn fallback flush
[2026-07-29T06:10:56.182Z] onEndTurn: naturalStop=false toolCalls=68 nudgeMsg=no
[2026-07-29T06:10:56.983Z] LiveUpdateForge: AfterToolExec flush
[2026-07-29T06:10:57.025Z] InitialReadForge.onBeforeSend: SKIP (fr=true syn=false hasRead=true)
[2026-07-29T06:11:08.325Z] LiveUpdateForge: EndTurn fallback flush
[2026-07-29T06:11:08.326Z] onEndTurn: naturalStop=true toolCalls=0 nudgeMsg=YES
[2026-07-29T06:11:08.334Z] InitialReadForge.onBeforeSend: SKIP (fr=false syn=false hasRead=true)
[2026-07-29T06:11:29.252Z] LiveUpdateForge: EndTurn fallback flush
[2026-07-29T06:11:29.252Z] onEndTurn: naturalStop=false toolCalls=0 nudgeMsg=no
[2026-07-29T06:11:29.320Z] LiveUpdateForge: self-write on D:\unity\mowang\CODELY.md, baseline aligned
[2026-07-29T06:11:29.321Z] LiveUpdateForge: AfterToolExec flush
[2026-07-29T06:11:29.376Z] InitialReadForge.onBeforeSend: SKIP (fr=true syn=false hasRead=true)
[2026-07-29T06:11:29.907Z] LiveUpdateForge: pending external change on D:\unity\mowang\CODELY.md
[2026-07-29T06:11:33.811Z] LiveUpdateForge: EndTurn fallback flush
[2026-07-29T06:11:33.812Z] onEndTurn: naturalStop=true toolCalls=0 nudgeMsg=no
[2026-07-29T06:15:49.209Z] MemoryForge: attached 5 listener(s)
[2026-07-29T06:15:49.210Z] InitialReadForge: armed one-shot BeforeSend after NewSessionStart
[2026-07-29T06:15:49.210Z] LiveUpdateForge: session reset, allowLiveUpdate = false
[2026-07-29T06:15:49.430Z] LiveUpdateForge: session reset, allowLiveUpdate = false
[2026-07-29T06:15:49.449Z] ResumeDiffForge: running checkResumeConsistency
[2026-07-29T06:15:49.449Z] checkResumeConsistency: forgedTimestamps=[["project","1970-01-01T00:00:00.000Z"]]
[2026-07-29T06:15:49.457Z] checkResumeConsistency: injecting 1 diff notification(s)
[2026-07-29T06:15:49.459Z] injectForgedHistory: role=user preview="[agent-auto] [memory-update 2026-07-29 14:11:29] project memory file has been mo"
[2026-07-29T06:15:49.459Z] injectForgedHistory: recordMessage persisted
[2026-07-29T06:15:49.459Z] LiveUpdateForge: session reset, allowLiveUpdate = false
[2026-07-29T06:15:49.460Z] NudgeForge: ResumeComplete — restoring count from history
[2026-07-29T06:15:49.461Z] restoreNudgeCountFromHistory: found last write at idx=108 count=9
[2026-07-29T06:15:50.574Z] MemoryForge: attached 5 listener(s)
[2026-07-29T06:15:50.574Z] InitialReadForge: armed one-shot BeforeSend after NewSessionStart
[2026-07-29T06:15:50.575Z] LiveUpdateForge: session reset, allowLiveUpdate = false
[2026-07-29T06:15:51.377Z] LiveUpdateForge: session reset, allowLiveUpdate = false
[2026-07-29T06:15:51.535Z] ResumeDiffForge: running checkResumeConsistency
[2026-07-29T06:15:51.536Z] checkResumeConsistency: forgedTimestamps=[]
[2026-07-29T06:15:51.624Z] checkResumeConsistency: no changes detected
[2026-07-29T06:15:51.625Z] LiveUpdateForge: session reset, allowLiveUpdate = false
[2026-07-29T06:15:51.625Z] NudgeForge: ResumeComplete — restoring count from history
[2026-07-29T06:15:51.626Z] restoreNudgeCountFromHistory: found last write at idx=113 count=32
[2026-07-29T06:15:51.883Z] ResumeDiffForge: running checkResumeConsistency
[2026-07-29T06:15:51.883Z] checkResumeConsistency: forgedTimestamps=[]
[2026-07-29T06:15:51.892Z] checkResumeConsistency: no changes detected
[2026-07-29T06:15:51.893Z] LiveUpdateForge: session reset, allowLiveUpdate = false
[2026-07-29T06:15:51.893Z] NudgeForge: ResumeComplete — restoring count from history
[2026-07-29T06:15:51.893Z] restoreNudgeCountFromHistory: found last write at idx=154 count=0
[2026-07-29T06:16:11.771Z] ResumeDiffForge: running checkResumeConsistency
[2026-07-29T06:16:11.772Z] checkResumeConsistency: forgedTimestamps=[]
[2026-07-29T06:16:11.779Z] checkResumeConsistency: no changes detected
[2026-07-29T06:16:11.779Z] LiveUpdateForge: session reset, allowLiveUpdate = false
[2026-07-29T06:16:11.780Z] NudgeForge: ResumeComplete — restoring count from history
[2026-07-29T06:16:11.780Z] restoreNudgeCountFromHistory: found last write at idx=154 count=0
[2026-07-29T06:16:11.814Z] LiveUpdateForge: allowLiveUpdate = true (first real BeforeSend)
[2026-07-29T06:16:11.815Z] InitialReadForge.onBeforeSend: SKIP (fr=false syn=false hasRead=true)
[2026-07-29T06:16:20.119Z] LiveUpdateForge: EndTurn fallback flush
[2026-07-29T06:16:20.119Z] onEndTurn: naturalStop=false toolCalls=0 nudgeMsg=no
[2026-07-29T06:16:44.487Z] LiveUpdateForge: AfterToolExec flush
[2026-07-29T06:16:44.548Z] InitialReadForge.onBeforeSend: SKIP (fr=true syn=false hasRead=true)
[2026-07-29T06:16:55.229Z] LiveUpdateForge: EndTurn fallback flush
[2026-07-29T06:16:55.230Z] onEndTurn: naturalStop=false toolCalls=1 nudgeMsg=no
[2026-07-29T06:16:55.409Z] LiveUpdateForge: AfterToolExec flush
[2026-07-29T06:16:55.438Z] InitialReadForge.onBeforeSend: SKIP (fr=true syn=false hasRead=true)
[2026-07-29T06:17:00.845Z] LiveUpdateForge: EndTurn fallback flush
[2026-07-29T06:17:00.845Z] onEndTurn: naturalStop=false toolCalls=2 nudgeMsg=no
[2026-07-29T06:17:00.857Z] LiveUpdateForge: AfterToolExec flush
[2026-07-29T06:17:00.890Z] InitialReadForge.onBeforeSend: SKIP (fr=true syn=false hasRead=true)
[2026-07-29T06:17:25.765Z] LiveUpdateForge: EndTurn fallback flush
[2026-07-29T06:17:25.766Z] onEndTurn: naturalStop=false toolCalls=3 nudgeMsg=no
[2026-07-29T06:17:26.002Z] LiveUpdateForge: AfterToolExec flush
[2026-07-29T06:17:26.049Z] InitialReadForge.onBeforeSend: SKIP (fr=true syn=false hasRead=true)
[2026-07-29T06:18:24.810Z] LiveUpdateForge: EndTurn fallback flush
[2026-07-29T06:18:24.811Z] onEndTurn: naturalStop=true toolCalls=4 nudgeMsg=no
[2026-07-29T06:20:04.006Z] ResumeDiffForge: running checkResumeConsistency
[2026-07-29T06:20:04.007Z] checkResumeConsistency: forgedTimestamps=[]
[2026-07-29T06:20:04.019Z] checkResumeConsistency: no changes detected
[2026-07-29T06:20:04.020Z] LiveUpdateForge: session reset, allowLiveUpdate = false
[2026-07-29T06:20:04.020Z] NudgeForge: ResumeComplete — restoring count from history
[2026-07-29T06:20:04.021Z] restoreNudgeCountFromHistory: found last write at idx=154 count=4
[2026-07-29T06:20:04.060Z] LiveUpdateForge: allowLiveUpdate = true (first real BeforeSend)
[2026-07-29T06:20:04.061Z] InitialReadForge.onBeforeSend: SKIP (fr=false syn=false hasRead=true)
[2026-07-29T06:20:16.914Z] LiveUpdateForge: EndTurn fallback flush
[2026-07-29T06:20:16.915Z] onEndTurn: naturalStop=false toolCalls=4 nudgeMsg=no
[2026-07-29T06:20:17.785Z] LiveUpdateForge: AfterToolExec flush
[2026-07-29T06:20:17.832Z] InitialReadForge.onBeforeSend: SKIP (fr=true syn=false hasRead=true)
[2026-07-29T06:20:54.587Z] LiveUpdateForge: EndTurn fallback flush
[2026-07-29T06:20:54.588Z] onEndTurn: naturalStop=false toolCalls=5 nudgeMsg=no
[2026-07-29T06:20:55.389Z] LiveUpdateForge: AfterToolExec flush
[2026-07-29T06:20:55.422Z] InitialReadForge.onBeforeSend: SKIP (fr=true syn=false hasRead=true)
[2026-07-29T06:21:08.993Z] LiveUpdateForge: EndTurn fallback flush
[2026-07-29T06:21:08.994Z] onEndTurn: naturalStop=false toolCalls=6 nudgeMsg=no
[2026-07-29T06:21:10.082Z] LiveUpdateForge: AfterToolExec flush
[2026-07-29T06:21:10.116Z] InitialReadForge.onBeforeSend: SKIP (fr=true syn=false hasRead=true)
[2026-07-29T06:21:22.897Z] LiveUpdateForge: EndTurn fallback flush
[2026-07-29T06:21:22.897Z] onEndTurn: naturalStop=false toolCalls=7 nudgeMsg=no
[2026-07-29T06:21:28.028Z] LiveUpdateForge: AfterToolExec flush
[2026-07-29T06:21:28.068Z] InitialReadForge.onBeforeSend: SKIP (fr=true syn=false hasRead=true)
[2026-07-29T06:21:47.973Z] LiveUpdateForge: EndTurn fallback flush
[2026-07-29T06:21:47.974Z] onEndTurn: naturalStop=false toolCalls=8 nudgeMsg=no
[2026-07-29T06:21:53.011Z] LiveUpdateForge: AfterToolExec flush
[2026-07-29T06:21:53.051Z] InitialReadForge.onBeforeSend: SKIP (fr=true syn=false hasRead=true)
[2026-07-29T06:22:16.806Z] LiveUpdateForge: EndTurn fallback flush
[2026-07-29T06:22:16.807Z] onEndTurn: naturalStop=false toolCalls=9 nudgeMsg=no
[2026-07-29T06:22:19.159Z] LiveUpdateForge: AfterToolExec flush
[2026-07-29T06:22:19.200Z] InitialReadForge.onBeforeSend: SKIP (fr=true syn=false hasRead=true)
[2026-07-29T06:23:10.825Z] LiveUpdateForge: EndTurn fallback flush
[2026-07-29T06:23:10.825Z] onEndTurn: naturalStop=false toolCalls=10 nudgeMsg=no
[2026-07-29T06:23:11.867Z] LiveUpdateForge: AfterToolExec flush
[2026-07-29T06:23:11.909Z] InitialReadForge.onBeforeSend: SKIP (fr=true syn=false hasRead=true)
[2026-07-29T06:23:19.459Z] LiveUpdateForge: EndTurn fallback flush
[2026-07-29T06:23:19.459Z] onEndTurn: naturalStop=false toolCalls=11 nudgeMsg=no
[2026-07-29T06:23:19.473Z] LiveUpdateForge: AfterToolExec flush
[2026-07-29T06:23:19.511Z] InitialReadForge.onBeforeSend: SKIP (fr=true syn=false hasRead=true)
[2026-07-29T06:23:26.315Z] LiveUpdateForge: EndTurn fallback flush
[2026-07-29T06:23:26.316Z] onEndTurn: naturalStop=false toolCalls=12 nudgeMsg=no
[2026-07-29T06:23:26.521Z] LiveUpdateForge: AfterToolExec flush
[2026-07-29T06:23:26.554Z] InitialReadForge.onBeforeSend: SKIP (fr=true syn=false hasRead=true)
[2026-07-29T06:23:41.129Z] LiveUpdateForge: EndTurn fallback flush
[2026-07-29T06:23:41.130Z] onEndTurn: naturalStop=false toolCalls=13 nudgeMsg=no
[2026-07-29T06:23:42.865Z] LiveUpdateForge: AfterToolExec flush
[2026-07-29T06:23:42.917Z] InitialReadForge.onBeforeSend: SKIP (fr=true syn=false hasRead=true)
[2026-07-29T06:23:49.724Z] LiveUpdateForge: EndTurn fallback flush
[2026-07-29T06:23:49.724Z] onEndTurn: naturalStop=false toolCalls=14 nudgeMsg=no
[2026-07-29T06:23:49.937Z] LiveUpdateForge: AfterToolExec flush
[2026-07-29T06:23:49.985Z] InitialReadForge.onBeforeSend: SKIP (fr=true syn=false hasRead=true)
[2026-07-29T06:23:58.460Z] LiveUpdateForge: EndTurn fallback flush
[2026-07-29T06:23:58.460Z] onEndTurn: naturalStop=false toolCalls=15 nudgeMsg=no
[2026-07-29T06:23:58.741Z] LiveUpdateForge: AfterToolExec flush
[2026-07-29T06:23:58.772Z] InitialReadForge.onBeforeSend: SKIP (fr=true syn=false hasRead=true)
[2026-07-29T06:24:10.248Z] LiveUpdateForge: EndTurn fallback flush
[2026-07-29T06:24:10.248Z] onEndTurn: naturalStop=false toolCalls=16 nudgeMsg=no
[2026-07-29T06:24:10.452Z] LiveUpdateForge: AfterToolExec flush
[2026-07-29T06:24:10.500Z] InitialReadForge.onBeforeSend: SKIP (fr=true syn=false hasRead=true)
[2026-07-29T06:24:41.026Z] LiveUpdateForge: EndTurn fallback flush
[2026-07-29T06:24:41.026Z] onEndTurn: naturalStop=false toolCalls=17 nudgeMsg=no
[2026-07-29T06:24:41.200Z] LiveUpdateForge: AfterToolExec flush
[2026-07-29T06:24:41.233Z] InitialReadForge.onBeforeSend: SKIP (fr=true syn=false hasRead=true)
[2026-07-29T06:24:51.877Z] LiveUpdateForge: EndTurn fallback flush
[2026-07-29T06:24:51.877Z] onEndTurn: naturalStop=false toolCalls=18 nudgeMsg=no
[2026-07-29T06:24:51.912Z] LiveUpdateForge: AfterToolExec flush
[2026-07-29T06:24:51.951Z] InitialReadForge.onBeforeSend: SKIP (fr=true syn=false hasRead=true)
[2026-07-29T06:25:03.063Z] LiveUpdateForge: EndTurn fallback flush
[2026-07-29T06:25:03.063Z] onEndTurn: naturalStop=true toolCalls=19 nudgeMsg=no
[2026-07-29T06:27:59.472Z] ResumeDiffForge: running checkResumeConsistency
[2026-07-29T06:27:59.473Z] checkResumeConsistency: forgedTimestamps=[]
[2026-07-29T06:27:59.480Z] checkResumeConsistency: no changes detected
[2026-07-29T06:27:59.481Z] LiveUpdateForge: session reset, allowLiveUpdate = false
[2026-07-29T06:27:59.481Z] NudgeForge: ResumeComplete — restoring count from history
[2026-07-29T06:27:59.481Z] restoreNudgeCountFromHistory: found last write at idx=154 count=19
[2026-07-29T06:27:59.517Z] LiveUpdateForge: allowLiveUpdate = true (first real BeforeSend)
[2026-07-29T06:27:59.517Z] InitialReadForge.onBeforeSend: SKIP (fr=false syn=false hasRead=true)
[2026-07-29T06:27:59.660Z] LiveUpdateForge: EndTurn fallback flush
[2026-07-29T06:27:59.660Z] onEndTurn: naturalStop=false toolCalls=19 nudgeMsg=no
[2026-07-29T06:27:59.669Z] InitialReadForge.onBeforeSend: SKIP (fr=false syn=false hasRead=true)
[2026-07-29T06:28:36.029Z] LiveUpdateForge: EndTurn fallback flush
[2026-07-29T06:28:36.030Z] onEndTurn: naturalStop=false toolCalls=19 nudgeMsg=no
[2026-07-29T06:28:46.677Z] LiveUpdateForge: AfterToolExec flush
[2026-07-29T06:28:46.719Z] InitialReadForge.onBeforeSend: SKIP (fr=true syn=false hasRead=true)
[2026-07-29T06:29:07.388Z] LiveUpdateForge: EndTurn fallback flush
[2026-07-29T06:29:07.388Z] onEndTurn: naturalStop=false toolCalls=20 nudgeMsg=no
[2026-07-29T06:29:08.455Z] LiveUpdateForge: AfterToolExec flush
[2026-07-29T06:29:08.503Z] InitialReadForge.onBeforeSend: SKIP (fr=true syn=false hasRead=true)
[2026-07-29T06:29:15.643Z] LiveUpdateForge: EndTurn fallback flush
[2026-07-29T06:29:15.643Z] onEndTurn: naturalStop=false toolCalls=21 nudgeMsg=no
[2026-07-29T06:29:18.405Z] LiveUpdateForge: AfterToolExec flush
[2026-07-29T06:29:18.441Z] InitialReadForge.onBeforeSend: SKIP (fr=true syn=false hasRead=true)
[2026-07-29T06:29:23.968Z] LiveUpdateForge: EndTurn fallback flush
[2026-07-29T06:29:23.968Z] onEndTurn: naturalStop=false toolCalls=22 nudgeMsg=no
[2026-07-29T06:29:24.008Z] LiveUpdateForge: AfterToolExec flush
[2026-07-29T06:29:24.047Z] InitialReadForge.onBeforeSend: SKIP (fr=true syn=false hasRead=true)
[2026-07-29T06:29:28.702Z] LiveUpdateForge: EndTurn fallback flush
[2026-07-29T06:29:28.703Z] onEndTurn: naturalStop=false toolCalls=23 nudgeMsg=no
[2026-07-29T06:29:28.932Z] LiveUpdateForge: AfterToolExec flush
[2026-07-29T06:29:28.974Z] InitialReadForge.onBeforeSend: SKIP (fr=true syn=false hasRead=true)
[2026-07-29T06:29:34.361Z] LiveUpdateForge: EndTurn fallback flush
[2026-07-29T06:29:34.362Z] onEndTurn: naturalStop=false toolCalls=24 nudgeMsg=no
[2026-07-29T06:29:45.513Z] LiveUpdateForge: AfterToolExec flush
[2026-07-29T06:29:45.560Z] InitialReadForge.onBeforeSend: SKIP (fr=true syn=false hasRead=true)
[2026-07-29T06:30:20.220Z] LiveUpdateForge: EndTurn fallback flush
[2026-07-29T06:30:20.221Z] onEndTurn: naturalStop=false toolCalls=25 nudgeMsg=no
[2026-07-29T06:30:21.077Z] LiveUpdateForge: AfterToolExec flush
[2026-07-29T06:30:21.116Z] InitialReadForge.onBeforeSend: SKIP (fr=true syn=false hasRead=true)
[2026-07-29T06:30:49.114Z] LiveUpdateForge: EndTurn fallback flush
[2026-07-29T06:30:49.115Z] onEndTurn: naturalStop=true toolCalls=26 nudgeMsg=no
[2026-07-29T06:36:29.216Z] MemoryForge: attached 5 listener(s)
[2026-07-29T06:36:29.217Z] InitialReadForge: armed one-shot BeforeSend after NewSessionStart
[2026-07-29T06:36:29.217Z] LiveUpdateForge: session reset, allowLiveUpdate = false
[2026-07-29T06:36:29.949Z] LiveUpdateForge: session reset, allowLiveUpdate = false
[2026-07-29T06:36:29.993Z] ResumeDiffForge: running checkResumeConsistency
[2026-07-29T06:36:29.994Z] checkResumeConsistency: forgedTimestamps=[]
[2026-07-29T06:36:30.009Z] checkResumeConsistency: no changes detected
[2026-07-29T06:36:30.011Z] LiveUpdateForge: session reset, allowLiveUpdate = false
[2026-07-29T06:36:30.011Z] NudgeForge: ResumeComplete — restoring count from history
[2026-07-29T06:36:30.012Z] restoreNudgeCountFromHistory: found last write at idx=113 count=32
[2026-07-29T06:36:31.164Z] ResumeDiffForge: running checkResumeConsistency
[2026-07-29T06:36:31.164Z] checkResumeConsistency: forgedTimestamps=[]
[2026-07-29T06:36:31.188Z] checkResumeConsistency: no changes detected
[2026-07-29T06:36:31.189Z] LiveUpdateForge: session reset, allowLiveUpdate = false
[2026-07-29T06:36:31.189Z] NudgeForge: ResumeComplete — restoring count from history
[2026-07-29T06:36:31.190Z] restoreNudgeCountFromHistory: found last write at idx=113 count=32
[2026-07-29T06:36:31.356Z] ResumeDiffForge: running checkResumeConsistency
[2026-07-29T06:36:31.358Z] checkResumeConsistency: forgedTimestamps=[]
[2026-07-29T06:36:31.405Z] checkResumeConsistency: no changes detected
[2026-07-29T06:36:31.408Z] LiveUpdateForge: session reset, allowLiveUpdate = false
[2026-07-29T06:36:31.408Z] NudgeForge: ResumeComplete — restoring count from history
[2026-07-29T06:36:31.409Z] restoreNudgeCountFromHistory: found last write at idx=113 count=32
[2026-07-29T06:36:31.824Z] MemoryForge: attached 5 listener(s)
[2026-07-29T06:36:31.824Z] InitialReadForge: armed one-shot BeforeSend after NewSessionStart
[2026-07-29T06:36:31.825Z] LiveUpdateForge: session reset, allowLiveUpdate = false
[2026-07-29T06:36:31.831Z] MemoryForge: detached all listeners
[2026-07-29T06:36:31.832Z] ResumeDiffForge: running checkResumeConsistency
[2026-07-29T06:36:31.832Z] checkResumeConsistency: forgedTimestamps=[]
[2026-07-29T06:36:31.888Z] checkResumeConsistency: no changes detected
[2026-07-29T06:36:31.889Z] LiveUpdateForge: session reset, allowLiveUpdate = false
[2026-07-29T06:36:31.889Z] NudgeForge: ResumeComplete — restoring count from history
[2026-07-29T06:36:31.890Z] restoreNudgeCountFromHistory: found last write at idx=113 count=32
[2026-07-29T06:36:31.934Z] LiveUpdateForge: allowLiveUpdate = true (first real BeforeSend)
[2026-07-29T06:36:31.935Z] InitialReadForge.onBeforeSend: SKIP (fr=false syn=false hasRead=true)
[2026-07-29T06:36:42.550Z] LiveUpdateForge: EndTurn fallback flush
[2026-07-29T06:36:42.550Z] onEndTurn: naturalStop=false toolCalls=32 nudgeMsg=no
[2026-07-29T06:36:43.087Z] LiveUpdateForge: AfterToolExec flush
[2026-07-29T06:36:43.121Z] InitialReadForge.onBeforeSend: SKIP (fr=true syn=false hasRead=true)
[2026-07-29T06:36:57.877Z] LiveUpdateForge: EndTurn fallback flush
[2026-07-29T06:36:57.877Z] onEndTurn: naturalStop=false toolCalls=33 nudgeMsg=no
[2026-07-29T06:36:57.916Z] LiveUpdateForge: AfterToolExec flush
[2026-07-29T06:36:57.955Z] InitialReadForge.onBeforeSend: SKIP (fr=true syn=false hasRead=true)
[2026-07-29T06:37:01.582Z] LiveUpdateForge: EndTurn fallback flush
[2026-07-29T06:37:01.583Z] onEndTurn: naturalStop=false toolCalls=34 nudgeMsg=no
[2026-07-29T06:37:02.113Z] LiveUpdateForge: AfterToolExec flush
[2026-07-29T06:37:02.167Z] InitialReadForge.onBeforeSend: SKIP (fr=true syn=false hasRead=true)
[2026-07-29T06:37:14.622Z] LiveUpdateForge: EndTurn fallback flush
[2026-07-29T06:37:14.622Z] onEndTurn: naturalStop=false toolCalls=35 nudgeMsg=no
[2026-07-29T06:37:14.646Z] LiveUpdateForge: AfterToolExec flush
[2026-07-29T06:37:14.686Z] InitialReadForge.onBeforeSend: SKIP (fr=true syn=false hasRead=true)
[2026-07-29T06:37:45.706Z] LiveUpdateForge: EndTurn fallback flush
[2026-07-29T06:37:45.707Z] onEndTurn: naturalStop=false toolCalls=36 nudgeMsg=no
[2026-07-29T06:37:45.740Z] LiveUpdateForge: AfterToolExec flush
[2026-07-29T06:37:45.783Z] InitialReadForge.onBeforeSend: SKIP (fr=true syn=false hasRead=true)
[2026-07-29T06:37:52.145Z] LiveUpdateForge: EndTurn fallback flush
[2026-07-29T06:37:52.145Z] onEndTurn: naturalStop=false toolCalls=37 nudgeMsg=no
[2026-07-29T06:37:52.157Z] LiveUpdateForge: AfterToolExec flush
[2026-07-29T06:37:52.197Z] InitialReadForge.onBeforeSend: SKIP (fr=true syn=false hasRead=true)
[2026-07-29T06:37:56.948Z] LiveUpdateForge: EndTurn fallback flush
[2026-07-29T06:37:56.948Z] onEndTurn: naturalStop=false toolCalls=38 nudgeMsg=no
[2026-07-29T06:37:56.962Z] LiveUpdateForge: AfterToolExec flush
[2026-07-29T06:37:56.999Z] InitialReadForge.onBeforeSend: SKIP (fr=true syn=false hasRead=true)
[2026-07-29T06:38:01.732Z] LiveUpdateForge: EndTurn fallback flush
[2026-07-29T06:38:01.732Z] onEndTurn: naturalStop=false toolCalls=39 nudgeMsg=no
[2026-07-29T06:38:01.841Z] LiveUpdateForge: AfterToolExec flush
[2026-07-29T06:38:01.888Z] InitialReadForge.onBeforeSend: SKIP (fr=true syn=false hasRead=true)
[2026-07-29T06:38:14.274Z] LiveUpdateForge: EndTurn fallback flush
[2026-07-29T06:38:14.277Z] onEndTurn: naturalStop=false toolCalls=40 nudgeMsg=no
[2026-07-29T06:38:14.411Z] LiveUpdateForge: AfterToolExec flush
[2026-07-29T06:38:14.444Z] InitialReadForge.onBeforeSend: SKIP (fr=true syn=false hasRead=true)
[2026-07-29T06:38:24.220Z] LiveUpdateForge: EndTurn fallback flush
[2026-07-29T06:38:24.221Z] onEndTurn: naturalStop=false toolCalls=41 nudgeMsg=no
[2026-07-29T06:38:24.967Z] LiveUpdateForge: AfterToolExec flush
[2026-07-29T06:38:25.002Z] InitialReadForge.onBeforeSend: SKIP (fr=true syn=false hasRead=true)
[2026-07-29T06:38:51.608Z] LiveUpdateForge: EndTurn fallback flush
[2026-07-29T06:38:51.609Z] onEndTurn: naturalStop=false toolCalls=42 nudgeMsg=no
[2026-07-29T06:39:05.724Z] LiveUpdateForge: AfterToolExec flush
[2026-07-29T06:39:05.758Z] InitialReadForge.onBeforeSend: SKIP (fr=true syn=false hasRead=true)
[2026-07-29T06:39:27.800Z] LiveUpdateForge: EndTurn fallback flush
[2026-07-29T06:39:27.801Z] onEndTurn: naturalStop=true toolCalls=43 nudgeMsg=no
[2026-07-29T06:40:58.771Z] MemoryForge: attached 5 listener(s)
[2026-07-29T06:40:58.772Z] InitialReadForge: armed one-shot BeforeSend after NewSessionStart
[2026-07-29T06:40:58.772Z] LiveUpdateForge: session reset, allowLiveUpdate = false
[2026-07-29T06:40:59.136Z] LiveUpdateForge: session reset, allowLiveUpdate = false
[2026-07-29T06:40:59.190Z] ResumeDiffForge: running checkResumeConsistency
[2026-07-29T06:40:59.193Z] checkResumeConsistency: forgedTimestamps=[]
[2026-07-29T06:40:59.204Z] checkResumeConsistency: no changes detected
[2026-07-29T06:40:59.204Z] LiveUpdateForge: session reset, allowLiveUpdate = false
[2026-07-29T06:40:59.205Z] NudgeForge: ResumeComplete — restoring count from history
[2026-07-29T06:40:59.206Z] restoreNudgeCountFromHistory: found last write at idx=154 count=26
[2026-07-29T06:40:59.728Z] ResumeDiffForge: running checkResumeConsistency
[2026-07-29T06:40:59.730Z] checkResumeConsistency: forgedTimestamps=[]
[2026-07-29T06:40:59.754Z] checkResumeConsistency: no changes detected
[2026-07-29T06:40:59.754Z] LiveUpdateForge: session reset, allowLiveUpdate = false
[2026-07-29T06:40:59.755Z] NudgeForge: ResumeComplete — restoring count from history
[2026-07-29T06:40:59.755Z] restoreNudgeCountFromHistory: found last write at idx=154 count=26
[2026-07-29T06:40:59.901Z] ResumeDiffForge: running checkResumeConsistency
[2026-07-29T06:40:59.902Z] checkResumeConsistency: forgedTimestamps=[]
[2026-07-29T06:40:59.966Z] checkResumeConsistency: no changes detected
[2026-07-29T06:40:59.968Z] LiveUpdateForge: session reset, allowLiveUpdate = false
[2026-07-29T06:40:59.968Z] NudgeForge: ResumeComplete — restoring count from history
[2026-07-29T06:40:59.969Z] restoreNudgeCountFromHistory: found last write at idx=154 count=26
[2026-07-29T06:41:00.373Z] MemoryForge: attached 5 listener(s)
[2026-07-29T06:41:00.373Z] InitialReadForge: armed one-shot BeforeSend after NewSessionStart
[2026-07-29T06:41:00.374Z] LiveUpdateForge: session reset, allowLiveUpdate = false
[2026-07-29T06:41:00.380Z] MemoryForge: detached all listeners
[2026-07-29T06:41:00.380Z] ResumeDiffForge: running checkResumeConsistency
[2026-07-29T06:41:00.381Z] checkResumeConsistency: forgedTimestamps=[]
[2026-07-29T06:41:00.433Z] checkResumeConsistency: no changes detected
[2026-07-29T06:41:00.433Z] LiveUpdateForge: session reset, allowLiveUpdate = false
[2026-07-29T06:41:00.434Z] NudgeForge: ResumeComplete — restoring count from history
[2026-07-29T06:41:00.435Z] restoreNudgeCountFromHistory: found last write at idx=154 count=26
[2026-07-29T06:41:00.483Z] LiveUpdateForge: allowLiveUpdate = true (first real BeforeSend)
[2026-07-29T06:41:00.483Z] InitialReadForge.onBeforeSend: SKIP (fr=false syn=false hasRead=true)
[2026-07-29T06:41:15.078Z] LiveUpdateForge: EndTurn fallback flush
[2026-07-29T06:41:15.079Z] onEndTurn: naturalStop=false toolCalls=26 nudgeMsg=no
[2026-07-29T06:41:32.138Z] LiveUpdateForge: AfterToolExec flush
[2026-07-29T06:41:32.183Z] InitialReadForge.onBeforeSend: SKIP (fr=true syn=false hasRead=true)
[2026-07-29T06:41:41.581Z] LiveUpdateForge: EndTurn fallback flush
[2026-07-29T06:41:41.581Z] onEndTurn: naturalStop=false toolCalls=27 nudgeMsg=no
[2026-07-29T06:41:55.709Z] LiveUpdateForge: AfterToolExec flush
[2026-07-29T06:41:55.749Z] InitialReadForge.onBeforeSend: SKIP (fr=true syn=false hasRead=true)
[2026-07-29T06:42:05.698Z] LiveUpdateForge: EndTurn fallback flush
[2026-07-29T06:42:05.699Z] onEndTurn: naturalStop=false toolCalls=28 nudgeMsg=no
[2026-07-29T06:42:05.779Z] LiveUpdateForge: AfterToolExec flush
[2026-07-29T06:42:05.832Z] InitialReadForge.onBeforeSend: SKIP (fr=true syn=false hasRead=true)
[2026-07-29T06:42:20.766Z] LiveUpdateForge: EndTurn fallback flush
[2026-07-29T06:42:20.766Z] onEndTurn: naturalStop=false toolCalls=29 nudgeMsg=no
[2026-07-29T06:42:20.782Z] LiveUpdateForge: AfterToolExec flush
[2026-07-29T06:42:20.822Z] InitialReadForge.onBeforeSend: SKIP (fr=true syn=false hasRead=true)
[2026-07-29T06:42:26.118Z] LiveUpdateForge: EndTurn fallback flush
[2026-07-29T06:42:26.119Z] onEndTurn: naturalStop=false toolCalls=30 nudgeMsg=no
[2026-07-29T06:42:27.108Z] LiveUpdateForge: AfterToolExec flush
[2026-07-29T06:42:27.143Z] InitialReadForge.onBeforeSend: SKIP (fr=true syn=false hasRead=true)
[2026-07-29T06:42:44.150Z] LiveUpdateForge: EndTurn fallback flush
[2026-07-29T06:42:44.151Z] onEndTurn: naturalStop=false toolCalls=31 nudgeMsg=no
[2026-07-29T06:42:45.137Z] LiveUpdateForge: AfterToolExec flush
[2026-07-29T06:42:45.177Z] InitialReadForge.onBeforeSend: SKIP (fr=true syn=false hasRead=true)
[2026-07-29T06:42:55.765Z] LiveUpdateForge: EndTurn fallback flush
[2026-07-29T06:42:55.765Z] onEndTurn: naturalStop=false toolCalls=32 nudgeMsg=no
[2026-07-29T06:42:55.965Z] LiveUpdateForge: AfterToolExec flush
[2026-07-29T06:42:56.003Z] InitialReadForge.onBeforeSend: SKIP (fr=true syn=false hasRead=true)
[2026-07-29T06:43:05.064Z] LiveUpdateForge: EndTurn fallback flush
[2026-07-29T06:43:05.065Z] onEndTurn: naturalStop=false toolCalls=33 nudgeMsg=no
[2026-07-29T06:43:05.284Z] LiveUpdateForge: AfterToolExec flush
[2026-07-29T06:43:05.319Z] InitialReadForge.onBeforeSend: SKIP (fr=true syn=false hasRead=true)
[2026-07-29T06:43:44.945Z] LiveUpdateForge: EndTurn fallback flush
[2026-07-29T06:43:44.946Z] onEndTurn: naturalStop=false toolCalls=34 nudgeMsg=no
[2026-07-29T06:43:45.189Z] LiveUpdateForge: AfterToolExec flush
[2026-07-29T06:43:45.229Z] InitialReadForge.onBeforeSend: SKIP (fr=true syn=false hasRead=true)
[2026-07-29T06:44:01.824Z] LiveUpdateForge: EndTurn fallback flush
[2026-07-29T06:44:01.824Z] onEndTurn: naturalStop=false toolCalls=35 nudgeMsg=no
[2026-07-29T06:44:02.089Z] LiveUpdateForge: AfterToolExec flush
[2026-07-29T06:44:02.139Z] InitialReadForge.onBeforeSend: SKIP (fr=true syn=false hasRead=true)
[2026-07-29T06:44:24.727Z] LiveUpdateForge: EndTurn fallback flush
[2026-07-29T06:44:24.727Z] onEndTurn: naturalStop=false toolCalls=36 nudgeMsg=no
[2026-07-29T06:44:25.380Z] LiveUpdateForge: AfterToolExec flush
[2026-07-29T06:44:25.418Z] InitialReadForge.onBeforeSend: SKIP (fr=true syn=false hasRead=true)
[2026-07-29T06:44:34.628Z] LiveUpdateForge: EndTurn fallback flush
[2026-07-29T06:44:34.629Z] onEndTurn: naturalStop=false toolCalls=37 nudgeMsg=no
[2026-07-29T06:44:34.897Z] LiveUpdateForge: AfterToolExec flush
[2026-07-29T06:44:34.945Z] InitialReadForge.onBeforeSend: SKIP (fr=true syn=false hasRead=true)
[2026-07-29T06:45:32.045Z] LiveUpdateForge: EndTurn fallback flush
[2026-07-29T06:45:32.046Z] onEndTurn: naturalStop=false toolCalls=38 nudgeMsg=no
[2026-07-29T06:45:32.352Z] LiveUpdateForge: AfterToolExec flush
[2026-07-29T06:45:32.394Z] InitialReadForge.onBeforeSend: SKIP (fr=true syn=false hasRead=true)
[2026-07-29T06:45:37.312Z] LiveUpdateForge: EndTurn fallback flush
[2026-07-29T06:45:37.312Z] onEndTurn: naturalStop=false toolCalls=39 nudgeMsg=no
[2026-07-29T06:45:37.592Z] LiveUpdateForge: AfterToolExec flush
[2026-07-29T06:45:37.630Z] InitialReadForge.onBeforeSend: SKIP (fr=true syn=false hasRead=true)
[2026-07-29T06:45:45.303Z] LiveUpdateForge: EndTurn fallback flush
[2026-07-29T06:45:45.303Z] onEndTurn: naturalStop=false toolCalls=40 nudgeMsg=no
[2026-07-29T06:45:45.609Z] LiveUpdateForge: AfterToolExec flush
[2026-07-29T06:45:45.651Z] InitialReadForge.onBeforeSend: SKIP (fr=true syn=false hasRead=true)
[2026-07-29T06:45:54.563Z] LiveUpdateForge: EndTurn fallback flush
[2026-07-29T06:45:54.564Z] onEndTurn: naturalStop=false toolCalls=41 nudgeMsg=no
[2026-07-29T06:53:12.539Z] LiveUpdateForge: AfterToolExec flush
[2026-07-29T06:53:12.586Z] InitialReadForge.onBeforeSend: SKIP (fr=true syn=false hasRead=true)
[2026-07-29T06:53:24.621Z] LiveUpdateForge: EndTurn fallback flush
[2026-07-29T06:53:24.622Z] onEndTurn: naturalStop=true toolCalls=42 nudgeMsg=no
[2026-07-29T07:23:21.245Z] MemoryForge: attached 5 listener(s)
[2026-07-29T07:23:21.246Z] InitialReadForge: armed one-shot BeforeSend after NewSessionStart
[2026-07-29T07:23:21.246Z] LiveUpdateForge: session reset, allowLiveUpdate = false
[2026-07-29T07:23:21.683Z] LiveUpdateForge: session reset, allowLiveUpdate = false
[2026-07-29T07:23:21.738Z] ResumeDiffForge: running checkResumeConsistency
[2026-07-29T07:23:21.740Z] checkResumeConsistency: forgedTimestamps=[]
[2026-07-29T07:23:21.754Z] checkResumeConsistency: no changes detected
[2026-07-29T07:23:21.754Z] LiveUpdateForge: session reset, allowLiveUpdate = false
[2026-07-29T07:23:21.754Z] NudgeForge: ResumeComplete — restoring count from history
[2026-07-29T07:23:21.756Z] restoreNudgeCountFromHistory: found last write at idx=154 count=42
[2026-07-29T07:23:22.899Z] ResumeDiffForge: running checkResumeConsistency
[2026-07-29T07:23:22.900Z] checkResumeConsistency: forgedTimestamps=[]
[2026-07-29T07:23:22.943Z] checkResumeConsistency: no changes detected
[2026-07-29T07:23:22.944Z] LiveUpdateForge: session reset, allowLiveUpdate = false
[2026-07-29T07:23:22.944Z] NudgeForge: ResumeComplete — restoring count from history
[2026-07-29T07:23:22.945Z] restoreNudgeCountFromHistory: found last write at idx=154 count=42
[2026-07-29T07:23:23.143Z] ResumeDiffForge: running checkResumeConsistency
[2026-07-29T07:23:23.144Z] checkResumeConsistency: forgedTimestamps=[]
[2026-07-29T07:23:23.163Z] checkResumeConsistency: no changes detected
[2026-07-29T07:23:23.164Z] LiveUpdateForge: session reset, allowLiveUpdate = false
[2026-07-29T07:23:23.164Z] NudgeForge: ResumeComplete — restoring count from history
[2026-07-29T07:23:23.165Z] restoreNudgeCountFromHistory: found last write at idx=154 count=42
[2026-07-29T07:23:23.641Z] MemoryForge: attached 5 listener(s)
[2026-07-29T07:23:23.641Z] InitialReadForge: armed one-shot BeforeSend after NewSessionStart
[2026-07-29T07:23:23.641Z] LiveUpdateForge: session reset, allowLiveUpdate = false
[2026-07-29T07:23:23.657Z] MemoryForge: detached all listeners
[2026-07-29T07:23:23.657Z] ResumeDiffForge: running checkResumeConsistency
[2026-07-29T07:23:23.658Z] checkResumeConsistency: forgedTimestamps=[]
[2026-07-29T07:23:23.733Z] checkResumeConsistency: no changes detected
[2026-07-29T07:23:23.733Z] LiveUpdateForge: session reset, allowLiveUpdate = false
[2026-07-29T07:23:23.734Z] NudgeForge: ResumeComplete — restoring count from history
[2026-07-29T07:23:23.734Z] restoreNudgeCountFromHistory: found last write at idx=154 count=42
[2026-07-29T07:23:23.803Z] LiveUpdateForge: allowLiveUpdate = true (first real BeforeSend)
[2026-07-29T07:23:23.803Z] InitialReadForge.onBeforeSend: SKIP (fr=false syn=false hasRead=true)
[2026-07-29T07:23:33.945Z] LiveUpdateForge: EndTurn fallback flush
[2026-07-29T07:23:33.946Z] onEndTurn: naturalStop=false toolCalls=42 nudgeMsg=no
[2026-07-29T07:23:34.989Z] LiveUpdateForge: AfterToolExec flush
[2026-07-29T07:23:35.033Z] InitialReadForge.onBeforeSend: SKIP (fr=true syn=false hasRead=true)
[2026-07-29T07:23:54.011Z] LiveUpdateForge: EndTurn fallback flush
[2026-07-29T07:23:54.011Z] onEndTurn: naturalStop=false toolCalls=43 nudgeMsg=no
[2026-07-29T07:23:54.057Z] LiveUpdateForge: AfterToolExec flush
[2026-07-29T07:23:54.109Z] InitialReadForge.onBeforeSend: SKIP (fr=true syn=false hasRead=true)
[2026-07-29T07:23:59.927Z] LiveUpdateForge: EndTurn fallback flush
[2026-07-29T07:23:59.927Z] onEndTurn: naturalStop=false toolCalls=44 nudgeMsg=no
[2026-07-29T07:24:00.143Z] LiveUpdateForge: AfterToolExec flush
[2026-07-29T07:24:00.185Z] InitialReadForge.onBeforeSend: SKIP (fr=true syn=false hasRead=true)
[2026-07-29T07:25:44.357Z] LiveUpdateForge: EndTurn fallback flush
[2026-07-29T07:25:44.358Z] onEndTurn: naturalStop=false toolCalls=45 nudgeMsg=no
[2026-07-29T07:25:44.409Z] LiveUpdateForge: AfterToolExec flush
[2026-07-29T07:25:44.446Z] InitialReadForge.onBeforeSend: SKIP (fr=true syn=false hasRead=true)
[2026-07-29T07:25:59.018Z] LiveUpdateForge: EndTurn fallback flush
[2026-07-29T07:25:59.018Z] onEndTurn: naturalStop=false toolCalls=46 nudgeMsg=no
[2026-07-29T07:25:59.072Z] LiveUpdateForge: AfterToolExec flush
[2026-07-29T07:25:59.113Z] InitialReadForge.onBeforeSend: SKIP (fr=true syn=false hasRead=true)
[2026-07-29T07:26:04.557Z] LiveUpdateForge: EndTurn fallback flush
[2026-07-29T07:26:04.558Z] onEndTurn: naturalStop=false toolCalls=47 nudgeMsg=no
[2026-07-29T07:26:04.634Z] LiveUpdateForge: AfterToolExec flush
[2026-07-29T07:26:04.705Z] InitialReadForge.onBeforeSend: SKIP (fr=true syn=false hasRead=true)
[2026-07-29T07:26:10.725Z] LiveUpdateForge: EndTurn fallback flush
[2026-07-29T07:26:10.725Z] onEndTurn: naturalStop=false toolCalls=48 nudgeMsg=no
[2026-07-29T07:26:10.810Z] LiveUpdateForge: AfterToolExec flush
[2026-07-29T07:26:10.851Z] InitialReadForge.onBeforeSend: SKIP (fr=true syn=false hasRead=true)
[2026-07-29T07:26:33.881Z] LiveUpdateForge: EndTurn fallback flush
[2026-07-29T07:26:33.885Z] onEndTurn: naturalStop=false toolCalls=49 nudgeMsg=no
[2026-07-29T07:26:36.432Z] LiveUpdateForge: AfterToolExec flush
[2026-07-29T07:26:36.484Z] InitialReadForge.onBeforeSend: SKIP (fr=true syn=false hasRead=true)
[2026-07-29T07:26:49.133Z] LiveUpdateForge: EndTurn fallback flush
[2026-07-29T07:26:49.134Z] onEndTurn: naturalStop=false toolCalls=50 nudgeMsg=no
[2026-07-29T07:26:50.052Z] LiveUpdateForge: AfterToolExec flush
[2026-07-29T07:26:50.095Z] InitialReadForge.onBeforeSend: SKIP (fr=true syn=false hasRead=true)
[2026-07-29T07:27:06.499Z] LiveUpdateForge: EndTurn fallback flush
[2026-07-29T07:27:06.500Z] onEndTurn: naturalStop=false toolCalls=51 nudgeMsg=no
[2026-07-29T07:27:07.086Z] LiveUpdateForge: AfterToolExec flush
[2026-07-29T07:27:07.138Z] InitialReadForge.onBeforeSend: SKIP (fr=true syn=false hasRead=true)
[2026-07-29T07:27:23.420Z] LiveUpdateForge: EndTurn fallback flush
[2026-07-29T07:27:23.421Z] onEndTurn: naturalStop=false toolCalls=52 nudgeMsg=no
[2026-07-29T07:27:24.225Z] LiveUpdateForge: AfterToolExec flush
[2026-07-29T07:27:24.261Z] InitialReadForge.onBeforeSend: SKIP (fr=true syn=false hasRead=true)
[2026-07-29T07:27:35.573Z] LiveUpdateForge: EndTurn fallback flush
[2026-07-29T07:27:35.573Z] onEndTurn: naturalStop=false toolCalls=53 nudgeMsg=no
[2026-07-29T07:27:35.583Z] LiveUpdateForge: AfterToolExec flush
[2026-07-29T07:27:35.623Z] InitialReadForge.onBeforeSend: SKIP (fr=true syn=false hasRead=true)
[2026-07-29T07:27:50.056Z] LiveUpdateForge: EndTurn fallback flush
[2026-07-29T07:27:50.056Z] onEndTurn: naturalStop=false toolCalls=54 nudgeMsg=no
[2026-07-29T07:27:50.069Z] LiveUpdateForge: AfterToolExec flush
[2026-07-29T07:27:50.108Z] InitialReadForge.onBeforeSend: SKIP (fr=true syn=false hasRead=true)
[2026-07-29T07:28:04.018Z] LiveUpdateForge: EndTurn fallback flush
[2026-07-29T07:28:04.019Z] onEndTurn: naturalStop=false toolCalls=55 nudgeMsg=no
[2026-07-29T07:28:04.158Z] LiveUpdateForge: AfterToolExec flush
[2026-07-29T07:28:04.196Z] InitialReadForge.onBeforeSend: SKIP (fr=true syn=false hasRead=true)
[2026-07-29T07:28:11.277Z] LiveUpdateForge: EndTurn fallback flush
[2026-07-29T07:28:11.278Z] onEndTurn: naturalStop=false toolCalls=56 nudgeMsg=no
[2026-07-29T07:28:11.295Z] LiveUpdateForge: AfterToolExec flush
[2026-07-29T07:28:11.331Z] InitialReadForge.onBeforeSend: SKIP (fr=true syn=false hasRead=true)
[2026-07-29T07:28:26.586Z] LiveUpdateForge: EndTurn fallback flush
[2026-07-29T07:28:26.586Z] onEndTurn: naturalStop=false toolCalls=57 nudgeMsg=no
[2026-07-29T07:28:26.606Z] LiveUpdateForge: AfterToolExec flush
[2026-07-29T07:28:26.644Z] InitialReadForge.onBeforeSend: SKIP (fr=true syn=false hasRead=true)
[2026-07-29T07:28:33.743Z] LiveUpdateForge: EndTurn fallback flush
[2026-07-29T07:28:33.743Z] onEndTurn: naturalStop=false toolCalls=58 nudgeMsg=no
[2026-07-29T07:28:33.925Z] LiveUpdateForge: AfterToolExec flush
[2026-07-29T07:28:33.958Z] InitialReadForge.onBeforeSend: SKIP (fr=true syn=false hasRead=true)
[2026-07-29T07:29:06.755Z] LiveUpdateForge: EndTurn fallback flush
[2026-07-29T07:29:06.755Z] onEndTurn: naturalStop=false toolCalls=59 nudgeMsg=no
[2026-07-29T07:29:06.798Z] LiveUpdateForge: AfterToolExec flush
[2026-07-29T07:29:06.830Z] InitialReadForge.onBeforeSend: SKIP (fr=true syn=false hasRead=true)
[2026-07-29T07:29:38.990Z] LiveUpdateForge: EndTurn fallback flush
[2026-07-29T07:29:38.991Z] onEndTurn: naturalStop=false toolCalls=60 nudgeMsg=no
[2026-07-29T07:29:54.119Z] LiveUpdateForge: AfterToolExec flush
[2026-07-29T07:29:54.170Z] InitialReadForge.onBeforeSend: SKIP (fr=true syn=false hasRead=true)
[2026-07-29T07:30:02.694Z] LiveUpdateForge: EndTurn fallback flush
[2026-07-29T07:30:02.695Z] onEndTurn: naturalStop=false toolCalls=61 nudgeMsg=no
[2026-07-29T07:30:03.734Z] LiveUpdateForge: AfterToolExec flush
[2026-07-29T07:30:03.786Z] InitialReadForge.onBeforeSend: SKIP (fr=true syn=false hasRead=true)
[2026-07-29T07:30:21.107Z] LiveUpdateForge: EndTurn fallback flush
[2026-07-29T07:30:21.108Z] onEndTurn: naturalStop=false toolCalls=62 nudgeMsg=no
[2026-07-29T07:30:23.722Z] LiveUpdateForge: AfterToolExec flush
[2026-07-29T07:30:23.767Z] InitialReadForge.onBeforeSend: SKIP (fr=true syn=false hasRead=true)
[2026-07-29T07:30:44.855Z] LiveUpdateForge: EndTurn fallback flush
[2026-07-29T07:30:44.856Z] onEndTurn: naturalStop=false toolCalls=63 nudgeMsg=no
[2026-07-29T07:30:45.015Z] LiveUpdateForge: AfterToolExec flush
[2026-07-29T07:30:45.051Z] InitialReadForge.onBeforeSend: SKIP (fr=true syn=false hasRead=true)
[2026-07-29T07:30:48.686Z] LiveUpdateForge: EndTurn fallback flush
[2026-07-29T07:30:48.686Z] onEndTurn: naturalStop=false toolCalls=64 nudgeMsg=no
[2026-07-29T07:30:55.039Z] LiveUpdateForge: AfterToolExec flush
[2026-07-29T07:30:55.075Z] InitialReadForge.onBeforeSend: SKIP (fr=true syn=false hasRead=true)
[2026-07-29T07:30:58.792Z] LiveUpdateForge: EndTurn fallback flush
[2026-07-29T07:30:58.793Z] onEndTurn: naturalStop=false toolCalls=65 nudgeMsg=no
[2026-07-29T07:30:59.519Z] LiveUpdateForge: AfterToolExec flush
[2026-07-29T07:30:59.564Z] InitialReadForge.onBeforeSend: SKIP (fr=true syn=false hasRead=true)
[2026-07-29T07:31:28.321Z] LiveUpdateForge: EndTurn fallback flush
[2026-07-29T07:31:28.321Z] onEndTurn: naturalStop=true toolCalls=0 nudgeMsg=YES
[2026-07-29T07:31:28.327Z] InitialReadForge.onBeforeSend: SKIP (fr=false syn=false hasRead=true)
[2026-07-29T07:31:38.875Z] LiveUpdateForge: EndTurn fallback flush
[2026-07-29T07:31:38.876Z] onEndTurn: naturalStop=false toolCalls=0 nudgeMsg=no
[2026-07-29T07:31:38.894Z] LiveUpdateForge: self-write on D:\unity\mowang\CODELY.md, baseline aligned
[2026-07-29T07:31:38.894Z] LiveUpdateForge: AfterToolExec flush
[2026-07-29T07:31:38.933Z] InitialReadForge.onBeforeSend: SKIP (fr=true syn=false hasRead=true)
[2026-07-29T07:31:39.456Z] LiveUpdateForge: pending external change on D:\unity\mowang\CODELY.md
[2026-07-29T07:31:43.378Z] LiveUpdateForge: EndTurn fallback flush
[2026-07-29T07:31:43.380Z] onEndTurn: naturalStop=true toolCalls=0 nudgeMsg=no
[2026-07-29T07:39:53.144Z] MemoryForge: attached 5 listener(s)
[2026-07-29T07:39:53.144Z] InitialReadForge: armed one-shot BeforeSend after NewSessionStart
[2026-07-29T07:39:53.145Z] LiveUpdateForge: session reset, allowLiveUpdate = false
[2026-07-29T07:39:53.580Z] LiveUpdateForge: session reset, allowLiveUpdate = false
[2026-07-29T07:39:53.608Z] ResumeDiffForge: running checkResumeConsistency
[2026-07-29T07:39:53.609Z] checkResumeConsistency: forgedTimestamps=[]
[2026-07-29T07:39:53.617Z] checkResumeConsistency: no changes detected
[2026-07-29T07:39:53.617Z] LiveUpdateForge: session reset, allowLiveUpdate = false
[2026-07-29T07:39:53.617Z] NudgeForge: ResumeComplete — restoring count from history
[2026-07-29T07:39:53.618Z] restoreNudgeCountFromHistory: found last write at idx=303 count=0
[2026-07-29T07:39:54.366Z] ResumeDiffForge: running checkResumeConsistency
[2026-07-29T07:39:54.366Z] checkResumeConsistency: forgedTimestamps=[]
[2026-07-29T07:39:54.377Z] checkResumeConsistency: no changes detected
[2026-07-29T07:39:54.378Z] LiveUpdateForge: session reset, allowLiveUpdate = false
[2026-07-29T07:39:54.378Z] NudgeForge: ResumeComplete — restoring count from history
[2026-07-29T07:39:54.378Z] restoreNudgeCountFromHistory: found last write at idx=303 count=0
[2026-07-29T07:39:54.590Z] ResumeDiffForge: running checkResumeConsistency
[2026-07-29T07:39:54.591Z] checkResumeConsistency: forgedTimestamps=[]
[2026-07-29T07:39:54.639Z] checkResumeConsistency: no changes detected
[2026-07-29T07:39:54.640Z] LiveUpdateForge: session reset, allowLiveUpdate = false
[2026-07-29T07:39:54.640Z] NudgeForge: ResumeComplete — restoring count from history
[2026-07-29T07:39:54.640Z] restoreNudgeCountFromHistory: found last write at idx=303 count=0
[2026-07-29T07:39:55.102Z] MemoryForge: attached 5 listener(s)
[2026-07-29T07:39:55.103Z] InitialReadForge: armed one-shot BeforeSend after NewSessionStart
[2026-07-29T07:39:55.103Z] LiveUpdateForge: session reset, allowLiveUpdate = false
[2026-07-29T07:39:55.117Z] MemoryForge: detached all listeners
[2026-07-29T07:39:55.118Z] ResumeDiffForge: running checkResumeConsistency
[2026-07-29T07:39:55.119Z] checkResumeConsistency: forgedTimestamps=[]
[2026-07-29T07:39:55.170Z] checkResumeConsistency: no changes detected
[2026-07-29T07:39:55.171Z] LiveUpdateForge: session reset, allowLiveUpdate = false
[2026-07-29T07:39:55.171Z] NudgeForge: ResumeComplete — restoring count from history
[2026-07-29T07:39:55.171Z] restoreNudgeCountFromHistory: found last write at idx=303 count=0
[2026-07-29T07:39:55.244Z] LiveUpdateForge: allowLiveUpdate = true (first real BeforeSend)
[2026-07-29T07:39:55.245Z] InitialReadForge.onBeforeSend: SKIP (fr=false syn=false hasRead=true)
[2026-07-29T07:40:37.222Z] LiveUpdateForge: EndTurn fallback flush
[2026-07-29T07:40:37.223Z] onEndTurn: naturalStop=false toolCalls=0 nudgeMsg=no
[2026-07-29T07:40:37.287Z] LiveUpdateForge: AfterToolExec flush
[2026-07-29T07:40:37.324Z] InitialReadForge.onBeforeSend: SKIP (fr=true syn=false hasRead=true)
[2026-07-29T07:40:49.177Z] LiveUpdateForge: EndTurn fallback flush
[2026-07-29T07:40:49.178Z] onEndTurn: naturalStop=false toolCalls=1 nudgeMsg=no
[2026-07-29T07:40:49.225Z] LiveUpdateForge: AfterToolExec flush
[2026-07-29T07:40:49.263Z] InitialReadForge.onBeforeSend: SKIP (fr=true syn=false hasRead=true)
[2026-07-29T07:41:35.480Z] LiveUpdateForge: EndTurn fallback flush
[2026-07-29T07:41:35.481Z] onEndTurn: naturalStop=false toolCalls=2 nudgeMsg=no
[2026-07-29T07:41:35.594Z] LiveUpdateForge: AfterToolExec flush
[2026-07-29T07:41:35.629Z] InitialReadForge.onBeforeSend: SKIP (fr=true syn=false hasRead=true)
[2026-07-29T07:41:45.935Z] LiveUpdateForge: EndTurn fallback flush
[2026-07-29T07:41:45.936Z] onEndTurn: naturalStop=false toolCalls=3 nudgeMsg=no
[2026-07-29T07:41:46.790Z] LiveUpdateForge: AfterToolExec flush
[2026-07-29T07:41:46.832Z] InitialReadForge.onBeforeSend: SKIP (fr=true syn=false hasRead=true)
[2026-07-29T07:41:51.733Z] LiveUpdateForge: EndTurn fallback flush
[2026-07-29T07:41:51.733Z] onEndTurn: naturalStop=false toolCalls=4 nudgeMsg=no
[2026-07-29T07:41:51.948Z] LiveUpdateForge: AfterToolExec flush
[2026-07-29T07:41:51.996Z] InitialReadForge.onBeforeSend: SKIP (fr=true syn=false hasRead=true)
[2026-07-29T07:41:57.559Z] LiveUpdateForge: EndTurn fallback flush
[2026-07-29T07:41:57.559Z] onEndTurn: naturalStop=false toolCalls=5 nudgeMsg=no
[2026-07-29T07:41:57.603Z] LiveUpdateForge: AfterToolExec flush
[2026-07-29T07:41:57.639Z] InitialReadForge.onBeforeSend: SKIP (fr=true syn=false hasRead=true)
[2026-07-29T07:42:11.983Z] LiveUpdateForge: EndTurn fallback flush
[2026-07-29T07:42:11.984Z] onEndTurn: naturalStop=false toolCalls=6 nudgeMsg=no
[2026-07-29T07:42:12.839Z] LiveUpdateForge: AfterToolExec flush
[2026-07-29T07:42:12.878Z] InitialReadForge.onBeforeSend: SKIP (fr=true syn=false hasRead=true)
[2026-07-29T07:42:22.118Z] LiveUpdateForge: EndTurn fallback flush
[2026-07-29T07:42:22.118Z] onEndTurn: naturalStop=false toolCalls=7 nudgeMsg=no
[2026-07-29T07:42:22.301Z] LiveUpdateForge: AfterToolExec flush
[2026-07-29T07:42:22.334Z] InitialReadForge.onBeforeSend: SKIP (fr=true syn=false hasRead=true)
[2026-07-29T07:43:00.470Z] LiveUpdateForge: EndTurn fallback flush
[2026-07-29T07:43:00.470Z] onEndTurn: naturalStop=false toolCalls=8 nudgeMsg=no
[2026-07-29T07:43:00.646Z] LiveUpdateForge: AfterToolExec flush
[2026-07-29T07:43:00.685Z] InitialReadForge.onBeforeSend: SKIP (fr=true syn=false hasRead=true)
[2026-07-29T07:43:06.867Z] LiveUpdateForge: EndTurn fallback flush
[2026-07-29T07:43:06.868Z] onEndTurn: naturalStop=false toolCalls=9 nudgeMsg=no
[2026-07-29T07:43:07.673Z] LiveUpdateForge: AfterToolExec flush
[2026-07-29T07:43:07.713Z] InitialReadForge.onBeforeSend: SKIP (fr=true syn=false hasRead=true)
[2026-07-29T07:44:24.159Z] LiveUpdateForge: EndTurn fallback flush
[2026-07-29T07:44:24.159Z] onEndTurn: naturalStop=false toolCalls=10 nudgeMsg=no
[2026-07-29T07:44:25.009Z] LiveUpdateForge: AfterToolExec flush
[2026-07-29T07:44:25.051Z] InitialReadForge.onBeforeSend: SKIP (fr=true syn=false hasRead=true)
[2026-07-29T07:44:35.998Z] LiveUpdateForge: EndTurn fallback flush
[2026-07-29T07:44:35.999Z] onEndTurn: naturalStop=false toolCalls=11 nudgeMsg=no
[2026-07-29T07:44:36.032Z] LiveUpdateForge: AfterToolExec flush
[2026-07-29T07:44:36.067Z] InitialReadForge.onBeforeSend: SKIP (fr=true syn=false hasRead=true)
[2026-07-29T07:44:47.160Z] LiveUpdateForge: EndTurn fallback flush
[2026-07-29T07:44:47.161Z] onEndTurn: naturalStop=false toolCalls=12 nudgeMsg=no
[2026-07-29T07:44:47.180Z] LiveUpdateForge: AfterToolExec flush
[2026-07-29T07:44:47.224Z] InitialReadForge.onBeforeSend: SKIP (fr=true syn=false hasRead=true)
[2026-07-29T07:44:51.264Z] LiveUpdateForge: EndTurn fallback flush
[2026-07-29T07:44:51.264Z] onEndTurn: naturalStop=false toolCalls=13 nudgeMsg=no
[2026-07-29T07:44:51.293Z] LiveUpdateForge: AfterToolExec flush
[2026-07-29T07:44:51.328Z] InitialReadForge.onBeforeSend: SKIP (fr=true syn=false hasRead=true)
[2026-07-29T07:45:59.036Z] LiveUpdateForge: EndTurn fallback flush
[2026-07-29T07:45:59.036Z] onEndTurn: naturalStop=false toolCalls=14 nudgeMsg=no
[2026-07-29T07:45:59.726Z] LiveUpdateForge: AfterToolExec flush
[2026-07-29T07:45:59.764Z] InitialReadForge.onBeforeSend: SKIP (fr=true syn=false hasRead=true)
[2026-07-29T07:46:28.011Z] LiveUpdateForge: EndTurn fallback flush
[2026-07-29T07:46:28.011Z] onEndTurn: naturalStop=false toolCalls=15 nudgeMsg=no
[2026-07-29T07:46:28.739Z] LiveUpdateForge: AfterToolExec flush
[2026-07-29T07:46:28.777Z] InitialReadForge.onBeforeSend: SKIP (fr=true syn=false hasRead=true)
[2026-07-29T07:47:22.896Z] LiveUpdateForge: EndTurn fallback flush
[2026-07-29T07:47:22.897Z] onEndTurn: naturalStop=false toolCalls=16 nudgeMsg=no
[2026-07-29T07:47:23.630Z] LiveUpdateForge: AfterToolExec flush
[2026-07-29T07:47:23.664Z] InitialReadForge.onBeforeSend: SKIP (fr=true syn=false hasRead=true)
[2026-07-29T07:47:35.365Z] LiveUpdateForge: EndTurn fallback flush
[2026-07-29T07:47:35.366Z] onEndTurn: naturalStop=false toolCalls=17 nudgeMsg=no
[2026-07-29T07:47:35.802Z] LiveUpdateForge: AfterToolExec flush
[2026-07-29T07:47:35.837Z] InitialReadForge.onBeforeSend: SKIP (fr=true syn=false hasRead=true)
[2026-07-29T07:47:40.969Z] LiveUpdateForge: EndTurn fallback flush
[2026-07-29T07:47:40.969Z] onEndTurn: naturalStop=false toolCalls=18 nudgeMsg=no
[2026-07-29T07:47:42.015Z] LiveUpdateForge: AfterToolExec flush
[2026-07-29T07:47:42.068Z] InitialReadForge.onBeforeSend: SKIP (fr=true syn=false hasRead=true)
[2026-07-29T07:47:50.959Z] LiveUpdateForge: EndTurn fallback flush
[2026-07-29T07:47:50.959Z] onEndTurn: naturalStop=false toolCalls=19 nudgeMsg=no
[2026-07-29T07:47:51.434Z] LiveUpdateForge: AfterToolExec flush
[2026-07-29T07:47:51.488Z] InitialReadForge.onBeforeSend: SKIP (fr=true syn=false hasRead=true)
[2026-07-29T07:47:56.570Z] LiveUpdateForge: EndTurn fallback flush
[2026-07-29T07:47:56.570Z] onEndTurn: naturalStop=false toolCalls=20 nudgeMsg=no
[2026-07-29T07:47:57.041Z] LiveUpdateForge: AfterToolExec flush
[2026-07-29T07:47:57.102Z] InitialReadForge.onBeforeSend: SKIP (fr=true syn=false hasRead=true)
[2026-07-29T07:48:03.390Z] LiveUpdateForge: EndTurn fallback flush
[2026-07-29T07:48:03.391Z] onEndTurn: naturalStop=false toolCalls=21 nudgeMsg=no
[2026-07-29T07:48:04.082Z] LiveUpdateForge: AfterToolExec flush
[2026-07-29T07:48:04.128Z] InitialReadForge.onBeforeSend: SKIP (fr=true syn=false hasRead=true)
[2026-07-29T07:48:13.951Z] LiveUpdateForge: EndTurn fallback flush
[2026-07-29T07:48:13.952Z] onEndTurn: naturalStop=false toolCalls=22 nudgeMsg=no
[2026-07-29T07:48:14.681Z] LiveUpdateForge: AfterToolExec flush
[2026-07-29T07:48:14.716Z] InitialReadForge.onBeforeSend: SKIP (fr=true syn=false hasRead=true)
[2026-07-29T07:48:23.762Z] LiveUpdateForge: EndTurn fallback flush
[2026-07-29T07:48:23.763Z] onEndTurn: naturalStop=false toolCalls=23 nudgeMsg=no
[2026-07-29T07:48:24.210Z] LiveUpdateForge: AfterToolExec flush
[2026-07-29T07:48:24.276Z] InitialReadForge.onBeforeSend: SKIP (fr=true syn=false hasRead=true)
[2026-07-29T07:48:31.348Z] LiveUpdateForge: EndTurn fallback flush
[2026-07-29T07:48:31.348Z] onEndTurn: naturalStop=false toolCalls=24 nudgeMsg=no
[2026-07-29T07:48:32.041Z] LiveUpdateForge: AfterToolExec flush
[2026-07-29T07:48:32.092Z] InitialReadForge.onBeforeSend: SKIP (fr=true syn=false hasRead=true)
[2026-07-29T07:48:40.849Z] LiveUpdateForge: EndTurn fallback flush
[2026-07-29T07:48:40.849Z] onEndTurn: naturalStop=false toolCalls=25 nudgeMsg=no
[2026-07-29T07:48:42.428Z] LiveUpdateForge: AfterToolExec flush
[2026-07-29T07:48:42.469Z] InitialReadForge.onBeforeSend: SKIP (fr=true syn=false hasRead=true)
[2026-07-29T07:48:49.244Z] LiveUpdateForge: EndTurn fallback flush
[2026-07-29T07:48:49.244Z] onEndTurn: naturalStop=false toolCalls=26 nudgeMsg=no
[2026-07-29T07:48:49.467Z] LiveUpdateForge: AfterToolExec flush
[2026-07-29T07:48:49.506Z] InitialReadForge.onBeforeSend: SKIP (fr=true syn=false hasRead=true)
[2026-07-29T07:49:04.067Z] LiveUpdateForge: EndTurn fallback flush
[2026-07-29T07:49:04.067Z] onEndTurn: naturalStop=false toolCalls=27 nudgeMsg=no
[2026-07-29T07:49:04.742Z] LiveUpdateForge: AfterToolExec flush
[2026-07-29T07:49:04.793Z] InitialReadForge.onBeforeSend: SKIP (fr=true syn=false hasRead=true)
[2026-07-29T07:49:14.351Z] LiveUpdateForge: EndTurn fallback flush
[2026-07-29T07:49:14.351Z] onEndTurn: naturalStop=false toolCalls=28 nudgeMsg=no
[2026-07-29T07:49:15.257Z] LiveUpdateForge: AfterToolExec flush
[2026-07-29T07:49:15.296Z] InitialReadForge.onBeforeSend: SKIP (fr=true syn=false hasRead=true)
[2026-07-29T07:49:25.770Z] LiveUpdateForge: EndTurn fallback flush
[2026-07-29T07:49:25.770Z] onEndTurn: naturalStop=false toolCalls=29 nudgeMsg=no
[2026-07-29T07:49:25.786Z] LiveUpdateForge: AfterToolExec flush
[2026-07-29T07:49:25.827Z] InitialReadForge.onBeforeSend: SKIP (fr=true syn=false hasRead=true)
[2026-07-29T07:50:48.161Z] LiveUpdateForge: EndTurn fallback flush
[2026-07-29T07:50:48.161Z] onEndTurn: naturalStop=false toolCalls=30 nudgeMsg=no
[2026-07-29T07:50:48.945Z] LiveUpdateForge: AfterToolExec flush
[2026-07-29T07:50:48.998Z] InitialReadForge.onBeforeSend: SKIP (fr=true syn=false hasRead=true)
[2026-07-29T07:50:56.832Z] LiveUpdateForge: EndTurn fallback flush
[2026-07-29T07:50:56.833Z] onEndTurn: naturalStop=true toolCalls=31 nudgeMsg=no
[2026-07-29T10:03:41.324Z] MemoryForge: attached 5 listener(s)
[2026-07-29T10:03:41.325Z] InitialReadForge: armed one-shot BeforeSend after NewSessionStart
[2026-07-29T10:03:41.326Z] LiveUpdateForge: session reset, allowLiveUpdate = false
[2026-07-29T10:03:43.306Z] MemoryForge: attached 5 listener(s)
[2026-07-29T10:03:43.306Z] InitialReadForge: armed one-shot BeforeSend after NewSessionStart
[2026-07-29T10:03:43.306Z] LiveUpdateForge: session reset, allowLiveUpdate = false
[2026-07-29T10:05:20.777Z] MemoryForge: attached 5 listener(s)
[2026-07-29T10:05:20.777Z] InitialReadForge: armed one-shot BeforeSend after NewSessionStart
[2026-07-29T10:05:20.778Z] LiveUpdateForge: session reset, allowLiveUpdate = false
[2026-07-29T10:05:21.359Z] LiveUpdateForge: session reset, allowLiveUpdate = false
[2026-07-29T10:05:21.387Z] ResumeDiffForge: running checkResumeConsistency
[2026-07-29T10:05:21.387Z] checkResumeConsistency: forgedTimestamps=[]
[2026-07-29T10:05:21.393Z] checkResumeConsistency: no changes detected
[2026-07-29T10:05:21.394Z] LiveUpdateForge: session reset, allowLiveUpdate = false
[2026-07-29T10:05:21.394Z] NudgeForge: ResumeComplete — restoring count from history
[2026-07-29T10:05:21.394Z] restoreNudgeCountFromHistory: found last write at idx=113 count=43
[2026-07-29T10:07:06.865Z] MemoryForge: attached 5 listener(s)
[2026-07-29T10:07:06.866Z] InitialReadForge: armed one-shot BeforeSend after NewSessionStart
[2026-07-29T10:07:06.866Z] LiveUpdateForge: session reset, allowLiveUpdate = false
[2026-07-29T10:09:44.247Z] MemoryForge: attached 5 listener(s)
[2026-07-29T10:09:44.247Z] InitialReadForge: armed one-shot BeforeSend after NewSessionStart
[2026-07-29T10:09:44.247Z] LiveUpdateForge: session reset, allowLiveUpdate = false
[2026-07-29T10:09:44.248Z] MemoryForge: detached all listeners
[2026-07-29T10:09:44.249Z] ResumeDiffForge: no read_memory in history, backfilling forge
[2026-07-29T10:09:44.346Z] recordForgedToolExchange: toolName=read_memory callId=resume-forge-read-memory-backfill
[2026-07-29T10:09:44.382Z] recordForgedToolExchange: recordMessage + recordToolCalls persisted
[2026-07-29T10:09:44.382Z] injectForgedHistory: role=user preview=""
[2026-07-29T10:09:44.401Z] injectForgedHistory: recordMessage persisted
[2026-07-29T10:09:44.406Z] ResumeDiffForge: backfilled read_memory and baseline for 2 raw + 2 provider file(s)
[2026-07-29T10:09:44.406Z] LiveUpdateForge: session reset, allowLiveUpdate = false
[2026-07-29T10:09:44.407Z] NudgeForge: ResumeComplete — restoring count from history
[2026-07-29T10:09:44.407Z] restoreNudgeCountFromHistory: no reset point found, count=0
[2026-07-29T10:09:44.436Z] LiveUpdateForge: allowLiveUpdate = true (first real BeforeSend)
[2026-07-29T10:09:44.437Z] InitialReadForge.onBeforeSend: SKIP (fr=false syn=false hasRead=true)
[2026-07-29T10:09:50.850Z] LiveUpdateForge: EndTurn fallback flush
[2026-07-29T10:09:50.851Z] onEndTurn: naturalStop=false toolCalls=0 nudgeMsg=no
[2026-07-29T10:09:55.130Z] LiveUpdateForge: AfterToolExec flush
[2026-07-29T10:10:21.206Z] MemoryForge: attached 5 listener(s)
[2026-07-29T10:10:21.206Z] InitialReadForge: armed one-shot BeforeSend after NewSessionStart
[2026-07-29T10:10:21.206Z] LiveUpdateForge: session reset, allowLiveUpdate = false
[2026-07-29T10:11:32.226Z] LiveUpdateForge: AfterToolExec flush
[2026-07-29T10:11:32.248Z] InitialReadForge.onBeforeSend: SKIP (fr=true syn=false hasRead=true)
[2026-07-29T10:11:45.852Z] MemoryForge: attached 5 listener(s)
[2026-07-29T10:11:45.853Z] InitialReadForge: armed one-shot BeforeSend after NewSessionStart
[2026-07-29T10:11:45.853Z] LiveUpdateForge: session reset, allowLiveUpdate = false
[2026-07-29T10:11:45.883Z] MemoryForge: detached all listeners
[2026-07-29T10:11:45.883Z] ResumeDiffForge: no read_memory in history, backfilling forge
[2026-07-29T10:11:46.004Z] recordForgedToolExchange: toolName=read_memory callId=resume-forge-read-memory-backfill
[2026-07-29T10:11:46.059Z] recordForgedToolExchange: recordMessage + recordToolCalls persisted
[2026-07-29T10:11:46.059Z] injectForgedHistory: role=user preview=""
[2026-07-29T10:11:46.098Z] injectForgedHistory: recordMessage persisted
[2026-07-29T10:11:46.104Z] ResumeDiffForge: backfilled read_memory and baseline for 2 raw + 2 provider file(s)
[2026-07-29T10:11:46.104Z] LiveUpdateForge: session reset, allowLiveUpdate = false
[2026-07-29T10:11:46.105Z] NudgeForge: ResumeComplete — restoring count from history
[2026-07-29T10:11:46.105Z] restoreNudgeCountFromHistory: no reset point found, count=0
[2026-07-29T10:11:46.124Z] LiveUpdateForge: allowLiveUpdate = true (first real BeforeSend)
[2026-07-29T10:11:46.124Z] InitialReadForge.onBeforeSend: SKIP (fr=false syn=false hasRead=true)
[2026-07-29T10:11:48.707Z] LiveUpdateForge: EndTurn fallback flush
[2026-07-29T10:11:48.707Z] onEndTurn: naturalStop=false toolCalls=2 nudgeMsg=no
[2026-07-29T10:11:48.723Z] LiveUpdateForge: AfterToolExec flush
[2026-07-29T10:11:48.745Z] InitialReadForge.onBeforeSend: SKIP (fr=true syn=false hasRead=true)
[2026-07-29T10:11:59.415Z] LiveUpdateForge: EndTurn fallback flush
[2026-07-29T10:11:59.416Z] onEndTurn: naturalStop=false toolCalls=0 nudgeMsg=no
[2026-07-29T10:12:40.408Z] LiveUpdateForge: EndTurn fallback flush
[2026-07-29T10:12:40.409Z] onEndTurn: naturalStop=false toolCalls=3 nudgeMsg=no
[2026-07-29T10:12:40.486Z] LiveUpdateForge: AfterToolExec flush
[2026-07-29T10:12:40.487Z] LiveUpdateForge: AfterToolExec flush
[2026-07-29T10:12:40.493Z] LiveUpdateForge: AfterToolExec flush
[2026-07-29T10:12:40.519Z] InitialReadForge.onBeforeSend: SKIP (fr=true syn=false hasRead=true)
[2026-07-29T10:12:59.384Z] LiveUpdateForge: EndTurn fallback flush
[2026-07-29T10:12:59.384Z] onEndTurn: naturalStop=false toolCalls=6 nudgeMsg=no
[2026-07-29T10:12:59.661Z] LiveUpdateForge: AfterToolExec flush
[2026-07-29T10:12:59.671Z] LiveUpdateForge: AfterToolExec flush
[2026-07-29T10:12:59.675Z] LiveUpdateForge: AfterToolExec flush
[2026-07-29T10:12:59.716Z] InitialReadForge.onBeforeSend: SKIP (fr=true syn=false hasRead=true)
[2026-07-29T10:14:11.798Z] LiveUpdateForge: EndTurn fallback flush
[2026-07-29T10:14:11.799Z] onEndTurn: naturalStop=true toolCalls=9 nudgeMsg=no
[2026-07-29T10:14:23.603Z] ResumeDiffForge: running checkResumeConsistency
[2026-07-29T10:14:23.604Z] checkResumeConsistency: forgedTimestamps=[]
[2026-07-29T10:14:23.611Z] checkResumeConsistency: no changes detected
[2026-07-29T10:14:23.612Z] LiveUpdateForge: session reset, allowLiveUpdate = false
[2026-07-29T10:14:23.612Z] NudgeForge: ResumeComplete — restoring count from history
[2026-07-29T10:14:23.612Z] restoreNudgeCountFromHistory: no reset point found, count=9
[2026-07-29T10:14:42.739Z] ResumeDiffForge: running checkResumeConsistency
[2026-07-29T10:14:42.740Z] checkResumeConsistency: forgedTimestamps=[]
[2026-07-29T10:14:42.746Z] checkResumeConsistency: no changes detected
[2026-07-29T10:14:42.746Z] LiveUpdateForge: session reset, allowLiveUpdate = false
[2026-07-29T10:14:42.746Z] NudgeForge: ResumeComplete — restoring count from history
[2026-07-29T10:14:42.746Z] restoreNudgeCountFromHistory: no reset point found, count=9
[2026-07-29T10:14:42.756Z] LiveUpdateForge: allowLiveUpdate = true (first real BeforeSend)
[2026-07-29T10:14:42.756Z] InitialReadForge.onBeforeSend: SKIP (fr=false syn=false hasRead=true)
[2026-07-29T10:14:50.692Z] LiveUpdateForge: EndTurn fallback flush
[2026-07-29T10:14:50.692Z] onEndTurn: naturalStop=false toolCalls=9 nudgeMsg=no
[2026-07-29T10:14:51.725Z] LiveUpdateForge: AfterToolExec flush
[2026-07-29T10:14:51.749Z] InitialReadForge.onBeforeSend: SKIP (fr=true syn=false hasRead=true)
[2026-07-29T10:14:54.093Z] LiveUpdateForge: EndTurn fallback flush
[2026-07-29T10:14:54.093Z] onEndTurn: naturalStop=false toolCalls=10 nudgeMsg=no
[2026-07-29T10:14:54.103Z] LiveUpdateForge: AfterToolExec flush
[2026-07-29T10:14:54.125Z] InitialReadForge.onBeforeSend: SKIP (fr=true syn=false hasRead=true)
[2026-07-29T10:15:05.084Z] LiveUpdateForge: EndTurn fallback flush
[2026-07-29T10:15:05.084Z] onEndTurn: naturalStop=false toolCalls=11 nudgeMsg=no
[2026-07-29T10:15:05.120Z] LiveUpdateForge: AfterToolExec flush
[2026-07-29T10:15:05.136Z] InitialReadForge.onBeforeSend: SKIP (fr=true syn=false hasRead=true)
[2026-07-29T10:15:11.193Z] LiveUpdateForge: EndTurn fallback flush
[2026-07-29T10:15:11.194Z] onEndTurn: naturalStop=false toolCalls=12 nudgeMsg=no
[2026-07-29T10:15:11.227Z] LiveUpdateForge: AfterToolExec flush
[2026-07-29T10:15:11.244Z] InitialReadForge.onBeforeSend: SKIP (fr=true syn=false hasRead=true)
[2026-07-29T10:15:17.743Z] LiveUpdateForge: EndTurn fallback flush
[2026-07-29T10:15:17.744Z] onEndTurn: naturalStop=false toolCalls=13 nudgeMsg=no
[2026-07-29T10:15:18.780Z] LiveUpdateForge: AfterToolExec flush
[2026-07-29T10:15:18.796Z] InitialReadForge.onBeforeSend: SKIP (fr=true syn=false hasRead=true)
[2026-07-29T10:15:20.695Z] LiveUpdateForge: EndTurn fallback flush
[2026-07-29T10:15:20.695Z] onEndTurn: naturalStop=false toolCalls=14 nudgeMsg=no
[2026-07-29T10:16:00.382Z] LiveUpdateForge: AfterToolExec flush
[2026-07-29T10:16:00.400Z] InitialReadForge.onBeforeSend: SKIP (fr=true syn=false hasRead=true)
[2026-07-29T10:16:03.337Z] LiveUpdateForge: EndTurn fallback flush
[2026-07-29T10:16:03.337Z] onEndTurn: naturalStop=true toolCalls=15 nudgeMsg=no
[2026-07-29T10:18:34.784Z] ResumeDiffForge: running checkResumeConsistency
[2026-07-29T10:18:34.784Z] checkResumeConsistency: forgedTimestamps=[]
[2026-07-29T10:18:34.792Z] checkResumeConsistency: no changes detected
[2026-07-29T10:18:34.793Z] LiveUpdateForge: session reset, allowLiveUpdate = false
[2026-07-29T10:18:34.793Z] NudgeForge: ResumeComplete — restoring count from history
[2026-07-29T10:18:34.794Z] restoreNudgeCountFromHistory: no reset point found, count=15
[2026-07-29T10:18:34.810Z] LiveUpdateForge: allowLiveUpdate = true (first real BeforeSend)
[2026-07-29T10:18:34.811Z] InitialReadForge.onBeforeSend: SKIP (fr=false syn=false hasRead=true)
[2026-07-29T10:18:39.029Z] LiveUpdateForge: EndTurn fallback flush
[2026-07-29T10:18:39.030Z] onEndTurn: naturalStop=false toolCalls=15 nudgeMsg=no
[2026-07-29T10:18:47.663Z] LiveUpdateForge: AfterToolExec flush
[2026-07-29T10:18:47.698Z] InitialReadForge.onBeforeSend: SKIP (fr=true syn=false hasRead=true)
[2026-07-29T10:19:07.426Z] LiveUpdateForge: EndTurn fallback flush
[2026-07-29T10:19:07.426Z] onEndTurn: naturalStop=false toolCalls=16 nudgeMsg=no
[2026-07-29T10:19:07.434Z] LiveUpdateForge: AfterToolExec flush
[2026-07-29T10:19:07.457Z] InitialReadForge.onBeforeSend: SKIP (fr=true syn=false hasRead=true)
[2026-07-29T10:19:25.057Z] LiveUpdateForge: AfterToolExec flush
[2026-07-29T10:19:25.107Z] InitialReadForge.onBeforeSend: SKIP (fr=true syn=false hasRead=true)
[2026-07-29T10:19:29.561Z] LiveUpdateForge: EndTurn fallback flush
[2026-07-29T10:19:29.561Z] onEndTurn: naturalStop=false toolCalls=1 nudgeMsg=no
[2026-07-29T10:19:29.712Z] LiveUpdateForge: AfterToolExec flush
[2026-07-29T10:19:29.753Z] InitialReadForge.onBeforeSend: SKIP (fr=true syn=false hasRead=true)
[2026-07-29T10:19:45.284Z] LiveUpdateForge: EndTurn fallback flush
[2026-07-29T10:19:45.284Z] onEndTurn: naturalStop=false toolCalls=17 nudgeMsg=no
[2026-07-29T10:19:45.330Z] LiveUpdateForge: AfterToolExec flush
[2026-07-29T10:19:45.352Z] InitialReadForge.onBeforeSend: SKIP (fr=true syn=false hasRead=true)
[2026-07-29T10:19:52.631Z] LiveUpdateForge: EndTurn fallback flush
[2026-07-29T10:19:52.632Z] onEndTurn: naturalStop=false toolCalls=18 nudgeMsg=no
[2026-07-29T10:19:52.650Z] LiveUpdateForge: AfterToolExec flush
[2026-07-29T10:19:52.676Z] InitialReadForge.onBeforeSend: SKIP (fr=true syn=false hasRead=true)
[2026-07-29T10:19:54.934Z] LiveUpdateForge: EndTurn fallback flush
[2026-07-29T10:19:54.935Z] onEndTurn: naturalStop=false toolCalls=2 nudgeMsg=no
[2026-07-29T10:19:55.115Z] LiveUpdateForge: AfterToolExec flush
[2026-07-29T10:19:55.116Z] LiveUpdateForge: AfterToolExec flush
[2026-07-29T10:19:55.136Z] LiveUpdateForge: AfterToolExec flush
[2026-07-29T10:19:55.199Z] InitialReadForge.onBeforeSend: SKIP (fr=true syn=false hasRead=true)
[2026-07-29T10:20:12.219Z] LiveUpdateForge: EndTurn fallback flush
[2026-07-29T10:20:12.219Z] onEndTurn: naturalStop=false toolCalls=5 nudgeMsg=no
[2026-07-29T10:20:12.235Z] LiveUpdateForge: AfterToolExec flush
[2026-07-29T10:20:12.291Z] LiveUpdateForge: AfterToolExec flush
[2026-07-29T10:20:13.897Z] LiveUpdateForge: AfterToolExec flush
[2026-07-29T10:20:13.942Z] InitialReadForge.onBeforeSend: SKIP (fr=true syn=false hasRead=true)
[2026-07-29T10:20:19.466Z] LiveUpdateForge: EndTurn fallback flush
[2026-07-29T10:20:19.466Z] onEndTurn: naturalStop=false toolCalls=8 nudgeMsg=no
[2026-07-29T10:20:19.480Z] LiveUpdateForge: AfterToolExec flush
[2026-07-29T10:20:19.481Z] LiveUpdateForge: AfterToolExec flush
[2026-07-29T10:20:19.482Z] LiveUpdateForge: AfterToolExec flush
[2026-07-29T10:20:19.605Z] LiveUpdateForge: AfterToolExec flush
[2026-07-29T10:20:19.651Z] InitialReadForge.onBeforeSend: SKIP (fr=true syn=false hasRead=true)
[2026-07-29T10:20:19.917Z] LiveUpdateForge: EndTurn fallback flush
[2026-07-29T10:20:19.918Z] onEndTurn: naturalStop=false toolCalls=19 nudgeMsg=no
[2026-07-29T10:20:19.934Z] LiveUpdateForge: AfterToolExec flush
[2026-07-29T10:20:19.957Z] InitialReadForge.onBeforeSend: SKIP (fr=true syn=false hasRead=true)
[2026-07-29T10:20:23.781Z] LiveUpdateForge: EndTurn fallback flush
[2026-07-29T10:20:23.781Z] onEndTurn: naturalStop=false toolCalls=12 nudgeMsg=no
[2026-07-29T10:20:23.793Z] LiveUpdateForge: AfterToolExec flush
[2026-07-29T10:20:23.840Z] InitialReadForge.onBeforeSend: SKIP (fr=true syn=false hasRead=true)
[2026-07-29T10:20:25.326Z] LiveUpdateForge: EndTurn fallback flush
[2026-07-29T10:20:25.327Z] onEndTurn: naturalStop=false toolCalls=13 nudgeMsg=no
[2026-07-29T10:20:25.353Z] LiveUpdateForge: AfterToolExec flush
[2026-07-29T10:20:25.464Z] LiveUpdateForge: AfterToolExec flush
[2026-07-29T10:20:25.512Z] InitialReadForge.onBeforeSend: SKIP (fr=true syn=false hasRead=true)
[2026-07-29T10:20:40.141Z] LiveUpdateForge: EndTurn fallback flush
[2026-07-29T10:20:40.142Z] onEndTurn: naturalStop=false toolCalls=20 nudgeMsg=no
[2026-07-29T10:20:40.155Z] LiveUpdateForge: AfterToolExec flush
[2026-07-29T10:20:40.183Z] InitialReadForge.onBeforeSend: SKIP (fr=true syn=false hasRead=true)
[2026-07-29T10:20:42.866Z] LiveUpdateForge: EndTurn fallback flush
[2026-07-29T10:20:42.866Z] onEndTurn: naturalStop=false toolCalls=15 nudgeMsg=no
[2026-07-29T10:20:42.872Z] LiveUpdateForge: AfterToolExec flush
[2026-07-29T10:20:42.873Z] LiveUpdateForge: AfterToolExec flush
[2026-07-29T10:20:42.917Z] InitialReadForge.onBeforeSend: SKIP (fr=true syn=false hasRead=true)
[2026-07-29T10:20:46.188Z] LiveUpdateForge: EndTurn fallback flush
[2026-07-29T10:20:46.189Z] onEndTurn: naturalStop=false toolCalls=21 nudgeMsg=no
[2026-07-29T10:20:46.201Z] LiveUpdateForge: AfterToolExec flush
[2026-07-29T10:20:46.226Z] InitialReadForge.onBeforeSend: SKIP (fr=true syn=false hasRead=true)
[2026-07-29T10:20:48.412Z] LiveUpdateForge: EndTurn fallback flush
[2026-07-29T10:20:48.413Z] onEndTurn: naturalStop=false toolCalls=22 nudgeMsg=no
[2026-07-29T10:20:48.439Z] LiveUpdateForge: AfterToolExec flush
[2026-07-29T10:20:48.462Z] InitialReadForge.onBeforeSend: SKIP (fr=true syn=false hasRead=true)
[2026-07-29T10:20:57.778Z] LiveUpdateForge: EndTurn fallback flush
[2026-07-29T10:20:57.779Z] onEndTurn: naturalStop=false toolCalls=23 nudgeMsg=no
[2026-07-29T10:21:01.099Z] LiveUpdateForge: EndTurn fallback flush
[2026-07-29T10:21:01.100Z] onEndTurn: naturalStop=false toolCalls=17 nudgeMsg=no
[2026-07-29T10:21:01.405Z] LiveUpdateForge: AfterToolExec flush
[2026-07-29T10:21:01.414Z] LiveUpdateForge: AfterToolExec flush
[2026-07-29T10:21:01.473Z] InitialReadForge.onBeforeSend: SKIP (fr=true syn=false hasRead=true)
[2026-07-29T10:21:01.892Z] MemoryForge: attached 5 listener(s)
[2026-07-29T10:21:01.893Z] InitialReadForge: armed one-shot BeforeSend after NewSessionStart
[2026-07-29T10:21:01.893Z] LiveUpdateForge: session reset, allowLiveUpdate = false
[2026-07-29T10:21:02.642Z] LiveUpdateForge: session reset, allowLiveUpdate = false
[2026-07-29T10:21:02.685Z] ResumeDiffForge: running checkResumeConsistency
[2026-07-29T10:21:02.686Z] checkResumeConsistency: forgedTimestamps=[]
[2026-07-29T10:21:02.692Z] checkResumeConsistency: no changes detected
[2026-07-29T10:21:02.693Z] LiveUpdateForge: session reset, allowLiveUpdate = false
[2026-07-29T10:21:02.693Z] NudgeForge: ResumeComplete — restoring count from history
[2026-07-29T10:21:02.693Z] restoreNudgeCountFromHistory: found last write at idx=113 count=43
[2026-07-29T10:21:03.606Z] LiveUpdateForge: AfterToolExec flush
[2026-07-29T10:21:03.632Z] InitialReadForge.onBeforeSend: SKIP (fr=true syn=false hasRead=true)
[2026-07-29T10:21:04.587Z] LiveUpdateForge: EndTurn fallback flush
[2026-07-29T10:21:04.587Z] onEndTurn: naturalStop=false toolCalls=19 nudgeMsg=no
[2026-07-29T10:21:04.839Z] MemoryForge: attached 5 listener(s)
[2026-07-29T10:21:04.840Z] InitialReadForge: armed one-shot BeforeSend after NewSessionStart
[2026-07-29T10:21:04.842Z] LiveUpdateForge: session reset, allowLiveUpdate = false
[2026-07-29T10:21:06.545Z] MemoryForge: attached 5 listener(s)
[2026-07-29T10:21:06.545Z] InitialReadForge: armed one-shot BeforeSend after NewSessionStart
[2026-07-29T10:21:06.546Z] LiveUpdateForge: session reset, allowLiveUpdate = false
[2026-07-29T10:21:07.910Z] LiveUpdateForge: AfterToolExec flush
[2026-07-29T10:21:07.916Z] LiveUpdateForge: AfterToolExec flush
[2026-07-29T10:21:08.591Z] LiveUpdateForge: AfterToolExec flush
[2026-07-29T10:21:08.647Z] InitialReadForge.onBeforeSend: SKIP (fr=true syn=false hasRead=true)
[2026-07-29T10:21:08.741Z] LiveUpdateForge: EndTurn fallback flush
[2026-07-29T10:21:08.741Z] onEndTurn: naturalStop=false toolCalls=24 nudgeMsg=no
[2026-07-29T10:21:19.772Z] LiveUpdateForge: AfterToolExec flush
[2026-07-29T10:21:19.802Z] InitialReadForge.onBeforeSend: SKIP (fr=true syn=false hasRead=true)
[2026-07-29T10:21:23.886Z] LiveUpdateForge: EndTurn fallback flush
[2026-07-29T10:21:23.886Z] onEndTurn: naturalStop=true toolCalls=25 nudgeMsg=no
[2026-07-29T10:21:31.491Z] LiveUpdateForge: EndTurn fallback flush
[2026-07-29T10:21:31.492Z] onEndTurn: naturalStop=false toolCalls=22 nudgeMsg=no
[2026-07-29T10:21:33.250Z] LiveUpdateForge: AfterToolExec flush
[2026-07-29T10:21:33.646Z] LiveUpdateForge: AfterToolExec flush
[2026-07-29T10:21:33.702Z] InitialReadForge.onBeforeSend: SKIP (fr=true syn=false hasRead=true)
[2026-07-29T10:21:37.029Z] LiveUpdateForge: EndTurn fallback flush
[2026-07-29T10:21:37.030Z] onEndTurn: naturalStop=false toolCalls=24 nudgeMsg=no
[2026-07-29T10:21:38.808Z] LiveUpdateForge: AfterToolExec flush
[2026-07-29T10:21:39.162Z] LiveUpdateForge: AfterToolExec flush
[2026-07-29T10:21:39.217Z] InitialReadForge.onBeforeSend: SKIP (fr=true syn=false hasRead=true)
[2026-07-29T10:22:19.505Z] MemoryForge: attached 5 listener(s)
[2026-07-29T10:22:19.505Z] InitialReadForge: armed one-shot BeforeSend after NewSessionStart
[2026-07-29T10:22:19.505Z] LiveUpdateForge: session reset, allowLiveUpdate = false
[2026-07-29T10:22:20.605Z] MemoryForge: attached 5 listener(s)
[2026-07-29T10:22:20.605Z] InitialReadForge: armed one-shot BeforeSend after NewSessionStart
[2026-07-29T10:22:20.605Z] LiveUpdateForge: session reset, allowLiveUpdate = false
[2026-07-29T10:22:20.607Z] MemoryForge: detached all listeners
[2026-07-29T10:22:20.608Z] ResumeDiffForge: no read_memory in history, backfilling forge
[2026-07-29T10:22:20.713Z] recordForgedToolExchange: toolName=read_memory callId=resume-forge-read-memory-backfill
[2026-07-29T10:22:20.750Z] recordForgedToolExchange: recordMessage + recordToolCalls persisted
[2026-07-29T10:22:20.751Z] injectForgedHistory: role=user preview=""
[2026-07-29T10:22:20.771Z] injectForgedHistory: recordMessage persisted
[2026-07-29T10:22:20.782Z] ResumeDiffForge: backfilled read_memory and baseline for 2 raw + 2 provider file(s)
[2026-07-29T10:22:20.782Z] LiveUpdateForge: session reset, allowLiveUpdate = false
[2026-07-29T10:22:20.782Z] NudgeForge: ResumeComplete — restoring count from history
[2026-07-29T10:22:20.783Z] restoreNudgeCountFromHistory: no reset point found, count=0
[2026-07-29T10:22:20.810Z] LiveUpdateForge: allowLiveUpdate = true (first real BeforeSend)
[2026-07-29T10:22:20.810Z] InitialReadForge.onBeforeSend: SKIP (fr=false syn=false hasRead=true)
[2026-07-29T10:22:29.429Z] LiveUpdateForge: EndTurn fallback flush
[2026-07-29T10:22:29.429Z] onEndTurn: naturalStop=false toolCalls=0 nudgeMsg=no
[2026-07-29T10:22:29.442Z] LiveUpdateForge: AfterToolExec flush
[2026-07-29T10:22:29.466Z] InitialReadForge.onBeforeSend: SKIP (fr=true syn=false hasRead=true)
[2026-07-29T10:22:37.516Z] LiveUpdateForge: EndTurn fallback flush
[2026-07-29T10:22:37.517Z] onEndTurn: naturalStop=false toolCalls=26 nudgeMsg=no
[2026-07-29T10:22:37.652Z] LiveUpdateForge: AfterToolExec flush
[2026-07-29T10:22:37.659Z] LiveUpdateForge: AfterToolExec flush
[2026-07-29T10:22:37.682Z] InitialReadForge.onBeforeSend: SKIP (fr=true syn=false hasRead=true)
[2026-07-29T10:22:50.282Z] LiveUpdateForge: EndTurn fallback flush
[2026-07-29T10:22:50.283Z] onEndTurn: naturalStop=false toolCalls=1 nudgeMsg=no
[2026-07-29T10:22:51.168Z] LiveUpdateForge: AfterToolExec flush
[2026-07-29T10:22:51.169Z] LiveUpdateForge: AfterToolExec flush
[2026-07-29T10:22:51.192Z] InitialReadForge.onBeforeSend: SKIP (fr=true syn=false hasRead=true)
[2026-07-29T10:22:57.231Z] LiveUpdateForge: EndTurn fallback flush
[2026-07-29T10:22:57.239Z] onEndTurn: naturalStop=false toolCalls=28 nudgeMsg=no
[2026-07-29T10:22:57.267Z] LiveUpdateForge: AfterToolExec flush
[2026-07-29T10:22:57.298Z] InitialReadForge.onBeforeSend: SKIP (fr=true syn=false hasRead=true)
[2026-07-29T10:22:57.427Z] LiveUpdateForge: EndTurn fallback flush
[2026-07-29T10:22:57.427Z] onEndTurn: naturalStop=false toolCalls=3 nudgeMsg=no
[2026-07-29T10:22:57.585Z] LiveUpdateForge: AfterToolExec flush
[2026-07-29T10:22:57.595Z] LiveUpdateForge: AfterToolExec flush
[2026-07-29T10:22:57.598Z] LiveUpdateForge: AfterToolExec flush
[2026-07-29T10:22:57.618Z] InitialReadForge.onBeforeSend: SKIP (fr=true syn=false hasRead=true)
[2026-07-29T10:22:59.596Z] LiveUpdateForge: EndTurn fallback flush
[2026-07-29T10:22:59.597Z] onEndTurn: naturalStop=false toolCalls=29 nudgeMsg=no
[2026-07-29T10:23:04.698Z] LiveUpdateForge: EndTurn fallback flush
[2026-07-29T10:23:04.699Z] onEndTurn: naturalStop=false toolCalls=6 nudgeMsg=no
[2026-07-29T10:23:04.880Z] LiveUpdateForge: AfterToolExec flush
[2026-07-29T10:23:05.400Z] LiveUpdateForge: AfterToolExec flush
[2026-07-29T10:23:05.422Z] InitialReadForge.onBeforeSend: SKIP (fr=true syn=false hasRead=true)
[2026-07-29T10:23:29.155Z] LiveUpdateForge: EndTurn fallback flush
[2026-07-29T10:23:29.155Z] onEndTurn: naturalStop=false toolCalls=8 nudgeMsg=no
[2026-07-29T10:23:29.169Z] LiveUpdateForge: AfterToolExec flush
[2026-07-29T10:23:29.171Z] LiveUpdateForge: AfterToolExec flush
[2026-07-29T10:23:29.173Z] LiveUpdateForge: AfterToolExec flush
[2026-07-29T10:23:29.196Z] InitialReadForge.onBeforeSend: SKIP (fr=true syn=false hasRead=true)
[2026-07-29T10:23:36.578Z] LiveUpdateForge: AfterToolExec flush
[2026-07-29T10:23:36.609Z] InitialReadForge.onBeforeSend: SKIP (fr=true syn=false hasRead=true)
[2026-07-29T10:23:46.264Z] LiveUpdateForge: EndTurn fallback flush
[2026-07-29T10:23:46.264Z] onEndTurn: naturalStop=false toolCalls=11 nudgeMsg=no
[2026-07-29T10:23:46.272Z] LiveUpdateForge: AfterToolExec flush
[2026-07-29T10:23:46.273Z] LiveUpdateForge: AfterToolExec flush
[2026-07-29T10:23:46.274Z] LiveUpdateForge: AfterToolExec flush
[2026-07-29T10:23:46.295Z] InitialReadForge.onBeforeSend: SKIP (fr=true syn=false hasRead=true)
[2026-07-29T10:24:44.344Z] LiveUpdateForge: EndTurn fallback flush
[2026-07-29T10:24:44.344Z] onEndTurn: naturalStop=false toolCalls=14 nudgeMsg=no
[2026-07-29T10:24:44.415Z] LiveUpdateForge: AfterToolExec flush
[2026-07-29T10:24:44.430Z] LiveUpdateForge: AfterToolExec flush
[2026-07-29T10:24:44.457Z] LiveUpdateForge: AfterToolExec flush
[2026-07-29T10:24:44.539Z] InitialReadForge.onBeforeSend: SKIP (fr=true syn=false hasRead=true)
[2026-07-29T10:24:49.291Z] LiveUpdateForge: EndTurn fallback flush
[2026-07-29T10:24:49.292Z] onEndTurn: naturalStop=false toolCalls=17 nudgeMsg=no
[2026-07-29T10:24:57.346Z] LiveUpdateForge: AfterToolExec flush
[2026-07-29T10:24:57.373Z] InitialReadForge.onBeforeSend: SKIP (fr=true syn=false hasRead=true)
[2026-07-29T10:25:20.087Z] LiveUpdateForge: EndTurn fallback flush
[2026-07-29T10:25:20.088Z] onEndTurn: naturalStop=false toolCalls=18 nudgeMsg=no
[2026-07-29T10:25:20.159Z] LiveUpdateForge: AfterToolExec flush
[2026-07-29T10:25:20.184Z] InitialReadForge.onBeforeSend: SKIP (fr=true syn=false hasRead=true)
[2026-07-29T10:25:23.521Z] LiveUpdateForge: EndTurn fallback flush
[2026-07-29T10:25:23.521Z] onEndTurn: naturalStop=false toolCalls=19 nudgeMsg=no
[2026-07-29T10:25:24.842Z] LiveUpdateForge: AfterToolExec flush
[2026-07-29T10:25:24.870Z] InitialReadForge.onBeforeSend: SKIP (fr=true syn=false hasRead=true)
[2026-07-29T10:25:31.640Z] LiveUpdateForge: EndTurn fallback flush
[2026-07-29T10:25:31.640Z] onEndTurn: naturalStop=false toolCalls=20 nudgeMsg=no
[2026-07-29T10:25:40.563Z] LiveUpdateForge: AfterToolExec flush
[2026-07-29T10:25:40.592Z] InitialReadForge.onBeforeSend: SKIP (fr=true syn=false hasRead=true)
[2026-07-29T10:25:49.818Z] LiveUpdateForge: EndTurn fallback flush
[2026-07-29T10:25:49.818Z] onEndTurn: naturalStop=false toolCalls=21 nudgeMsg=no
[2026-07-29T10:25:49.849Z] LiveUpdateForge: AfterToolExec flush
[2026-07-29T10:25:49.872Z] InitialReadForge.onBeforeSend: SKIP (fr=true syn=false hasRead=true)
[2026-07-29T10:26:04.394Z] LiveUpdateForge: EndTurn fallback flush
[2026-07-29T10:26:04.394Z] onEndTurn: naturalStop=true toolCalls=22 nudgeMsg=no
[2026-07-29T10:26:08.104Z] ResumeDiffForge: running checkResumeConsistency
[2026-07-29T10:26:08.104Z] checkResumeConsistency: forgedTimestamps=[]
[2026-07-29T10:26:08.127Z] checkResumeConsistency: no changes detected
[2026-07-29T10:26:08.127Z] LiveUpdateForge: session reset, allowLiveUpdate = false
[2026-07-29T10:26:08.128Z] NudgeForge: ResumeComplete — restoring count from history
[2026-07-29T10:26:08.128Z] restoreNudgeCountFromHistory: no reset point found, count=30
[2026-07-29T10:26:08.153Z] LiveUpdateForge: allowLiveUpdate = true (first real BeforeSend)
[2026-07-29T10:26:08.154Z] InitialReadForge.onBeforeSend: SKIP (fr=false syn=false hasRead=true)
[2026-07-29T10:26:17.921Z] LiveUpdateForge: EndTurn fallback flush
[2026-07-29T10:26:17.921Z] onEndTurn: naturalStop=false toolCalls=30 nudgeMsg=no
[2026-07-29T10:26:17.992Z] LiveUpdateForge: AfterToolExec flush
[2026-07-29T10:26:17.993Z] LiveUpdateForge: AfterToolExec flush
[2026-07-29T10:26:17.993Z] LiveUpdateForge: AfterToolExec flush
[2026-07-29T10:26:17.994Z] LiveUpdateForge: AfterToolExec flush
[2026-07-29T10:26:18.035Z] InitialReadForge.onBeforeSend: SKIP (fr=true syn=false hasRead=true)
[2026-07-29T10:26:31.597Z] LiveUpdateForge: EndTurn fallback flush
[2026-07-29T10:26:31.597Z] onEndTurn: naturalStop=false toolCalls=34 nudgeMsg=no
[2026-07-29T10:26:31.602Z] LiveUpdateForge: AfterToolExec flush
[2026-07-29T10:26:31.642Z] InitialReadForge.onBeforeSend: SKIP (fr=true syn=false hasRead=true)
[2026-07-29T10:26:46.727Z] LiveUpdateForge: EndTurn fallback flush
[2026-07-29T10:26:46.728Z] onEndTurn: naturalStop=false toolCalls=35 nudgeMsg=no
[2026-07-29T10:26:46.810Z] LiveUpdateForge: AfterToolExec flush
[2026-07-29T10:26:46.842Z] InitialReadForge.onBeforeSend: SKIP (fr=true syn=false hasRead=true)
[2026-07-29T10:26:52.356Z] LiveUpdateForge: EndTurn fallback flush
[2026-07-29T10:26:52.356Z] onEndTurn: naturalStop=false toolCalls=36 nudgeMsg=no
[2026-07-29T10:26:52.865Z] LiveUpdateForge: AfterToolExec flush
[2026-07-29T10:26:52.903Z] InitialReadForge.onBeforeSend: SKIP (fr=true syn=false hasRead=true)
[2026-07-29T10:26:54.799Z] LiveUpdateForge: EndTurn fallback flush
[2026-07-29T10:26:54.799Z] onEndTurn: naturalStop=false toolCalls=37 nudgeMsg=no
[2026-07-29T10:26:55.846Z] LiveUpdateForge: AfterToolExec flush
[2026-07-29T10:26:55.882Z] InitialReadForge.onBeforeSend: SKIP (fr=true syn=false hasRead=true)
[2026-07-29T10:27:00.978Z] LiveUpdateForge: EndTurn fallback flush
[2026-07-29T10:27:00.978Z] onEndTurn: naturalStop=false toolCalls=38 nudgeMsg=no
[2026-07-29T10:27:01.041Z] LiveUpdateForge: AfterToolExec flush
[2026-07-29T10:27:01.074Z] InitialReadForge.onBeforeSend: SKIP (fr=true syn=false hasRead=true)
[2026-07-29T10:27:11.094Z] LiveUpdateForge: EndTurn fallback flush
[2026-07-29T10:27:11.095Z] onEndTurn: naturalStop=false toolCalls=39 nudgeMsg=no
[2026-07-29T10:27:11.133Z] InitialReadForge.onBeforeSend: SKIP (fr=true syn=false hasRead=true)
[2026-07-29T10:27:14.577Z] LiveUpdateForge: EndTurn fallback flush
[2026-07-29T10:27:14.577Z] onEndTurn: naturalStop=false toolCalls=39 nudgeMsg=no
[2026-07-29T10:27:14.716Z] LiveUpdateForge: AfterToolExec flush
[2026-07-29T10:27:14.718Z] LiveUpdateForge: AfterToolExec flush
[2026-07-29T10:27:14.720Z] LiveUpdateForge: AfterToolExec flush
[2026-07-29T10:27:14.741Z] InitialReadForge.onBeforeSend: SKIP (fr=true syn=false hasRead=true)
[2026-07-29T10:27:33.631Z] LiveUpdateForge: EndTurn fallback flush
[2026-07-29T10:27:33.631Z] onEndTurn: naturalStop=false toolCalls=42 nudgeMsg=no
[2026-07-29T10:27:33.811Z] LiveUpdateForge: AfterToolExec flush
[2026-07-29T10:27:33.837Z] InitialReadForge.onBeforeSend: SKIP (fr=true syn=false hasRead=true)
[2026-07-29T10:27:41.608Z] LiveUpdateForge: EndTurn fallback flush
[2026-07-29T10:27:41.609Z] onEndTurn: naturalStop=false toolCalls=43 nudgeMsg=no
[2026-07-29T10:27:48.703Z] LiveUpdateForge: AfterToolExec flush
[2026-07-29T10:27:48.746Z] InitialReadForge.onBeforeSend: SKIP (fr=true syn=false hasRead=true)
[2026-07-29T10:28:23.908Z] LiveUpdateForge: EndTurn fallback flush
[2026-07-29T10:28:23.908Z] onEndTurn: naturalStop=false toolCalls=44 nudgeMsg=no
[2026-07-29T10:28:30.732Z] LiveUpdateForge: AfterToolExec flush
[2026-07-29T10:28:30.755Z] InitialReadForge.onBeforeSend: SKIP (fr=true syn=false hasRead=true)
[2026-07-29T10:29:52.720Z] LiveUpdateForge: EndTurn fallback flush
[2026-07-29T10:29:52.720Z] onEndTurn: naturalStop=false toolCalls=45 nudgeMsg=no
[2026-07-29T10:29:53.238Z] LiveUpdateForge: AfterToolExec flush
[2026-07-29T10:29:53.263Z] InitialReadForge.onBeforeSend: SKIP (fr=true syn=false hasRead=true)
[2026-07-29T10:30:00.405Z] LiveUpdateForge: EndTurn fallback flush
[2026-07-29T10:30:00.405Z] onEndTurn: naturalStop=false toolCalls=46 nudgeMsg=no
[2026-07-29T10:30:11.846Z] LiveUpdateForge: AfterToolExec flush
[2026-07-29T10:30:11.876Z] InitialReadForge.onBeforeSend: SKIP (fr=true syn=false hasRead=true)
[2026-07-29T10:30:14.371Z] LiveUpdateForge: EndTurn fallback flush
[2026-07-29T10:30:14.372Z] onEndTurn: naturalStop=false toolCalls=47 nudgeMsg=no
[2026-07-29T10:30:15.111Z] LiveUpdateForge: AfterToolExec flush
[2026-07-29T10:30:15.136Z] InitialReadForge.onBeforeSend: SKIP (fr=true syn=false hasRead=true)
[2026-07-29T10:30:21.067Z] LiveUpdateForge: EndTurn fallback flush
[2026-07-29T10:30:21.067Z] onEndTurn: naturalStop=false toolCalls=48 nudgeMsg=no
[2026-07-29T10:30:21.574Z] LiveUpdateForge: AfterToolExec flush
[2026-07-29T10:30:21.600Z] InitialReadForge.onBeforeSend: SKIP (fr=true syn=false hasRead=true)
[2026-07-29T10:31:02.378Z] LiveUpdateForge: EndTurn fallback flush
[2026-07-29T10:31:02.378Z] onEndTurn: naturalStop=false toolCalls=49 nudgeMsg=no
[2026-07-29T10:31:02.494Z] LiveUpdateForge: AfterToolExec flush
[2026-07-29T10:31:02.524Z] InitialReadForge.onBeforeSend: SKIP (fr=true syn=false hasRead=true)
[2026-07-29T10:31:05.101Z] LiveUpdateForge: EndTurn fallback flush
[2026-07-29T10:31:05.101Z] onEndTurn: naturalStop=false toolCalls=50 nudgeMsg=no
[2026-07-29T10:31:05.224Z] LiveUpdateForge: AfterToolExec flush
[2026-07-29T10:31:05.250Z] InitialReadForge.onBeforeSend: SKIP (fr=true syn=false hasRead=true)
[2026-07-29T10:31:11.080Z] LiveUpdateForge: EndTurn fallback flush
[2026-07-29T10:31:11.080Z] onEndTurn: naturalStop=false toolCalls=51 nudgeMsg=no
[2026-07-29T10:31:11.088Z] LiveUpdateForge: AfterToolExec flush
[2026-07-29T10:31:11.113Z] InitialReadForge.onBeforeSend: SKIP (fr=true syn=false hasRead=true)
[2026-07-29T10:32:08.427Z] LiveUpdateForge: EndTurn fallback flush
[2026-07-29T10:32:08.427Z] onEndTurn: naturalStop=false toolCalls=52 nudgeMsg=no
[2026-07-29T10:32:08.434Z] LiveUpdateForge: AfterToolExec flush
[2026-07-29T10:32:08.435Z] LiveUpdateForge: AfterToolExec flush
[2026-07-29T10:32:08.466Z] InitialReadForge.onBeforeSend: SKIP (fr=true syn=false hasRead=true)
[2026-07-29T10:32:11.993Z] LiveUpdateForge: EndTurn fallback flush
[2026-07-29T10:32:11.993Z] onEndTurn: naturalStop=false toolCalls=54 nudgeMsg=no
[2026-07-29T10:32:12.334Z] LiveUpdateForge: AfterToolExec flush
[2026-07-29T10:32:12.359Z] InitialReadForge.onBeforeSend: SKIP (fr=true syn=false hasRead=true)
[2026-07-29T10:33:08.134Z] LiveUpdateForge: EndTurn fallback flush
[2026-07-29T10:33:08.135Z] onEndTurn: naturalStop=false toolCalls=55 nudgeMsg=no
[2026-07-29T10:33:08.847Z] LiveUpdateForge: AfterToolExec flush
[2026-07-29T10:33:08.873Z] InitialReadForge.onBeforeSend: SKIP (fr=true syn=false hasRead=true)
[2026-07-29T10:33:10.626Z] LiveUpdateForge: EndTurn fallback flush
[2026-07-29T10:33:10.627Z] onEndTurn: naturalStop=false toolCalls=56 nudgeMsg=no
[2026-07-29T10:33:10.632Z] LiveUpdateForge: AfterToolExec flush
[2026-07-29T10:33:10.632Z] LiveUpdateForge: AfterToolExec flush
[2026-07-29T10:33:10.662Z] InitialReadForge.onBeforeSend: SKIP (fr=true syn=false hasRead=true)
[2026-07-29T10:33:17.729Z] LiveUpdateForge: EndTurn fallback flush
[2026-07-29T10:33:17.729Z] onEndTurn: naturalStop=false toolCalls=58 nudgeMsg=no
[2026-07-29T10:33:18.536Z] LiveUpdateForge: AfterToolExec flush
[2026-07-29T10:33:18.562Z] InitialReadForge.onBeforeSend: SKIP (fr=true syn=false hasRead=true)
[2026-07-29T10:33:26.971Z] LiveUpdateForge: EndTurn fallback flush
[2026-07-29T10:33:26.971Z] onEndTurn: naturalStop=false toolCalls=59 nudgeMsg=no
[2026-07-29T10:33:27.282Z] LiveUpdateForge: AfterToolExec flush
[2026-07-29T10:33:27.312Z] InitialReadForge.onBeforeSend: SKIP (fr=true syn=false hasRead=true)
[2026-07-29T10:33:31.908Z] LiveUpdateForge: EndTurn fallback flush
[2026-07-29T10:33:31.908Z] onEndTurn: naturalStop=false toolCalls=60 nudgeMsg=no
[2026-07-29T10:33:32.215Z] LiveUpdateForge: AfterToolExec flush
[2026-07-29T10:33:32.240Z] InitialReadForge.onBeforeSend: SKIP (fr=true syn=false hasRead=true)
[2026-07-29T10:33:34.318Z] LiveUpdateForge: EndTurn fallback flush
[2026-07-29T10:33:34.318Z] onEndTurn: naturalStop=false toolCalls=61 nudgeMsg=no
[2026-07-29T10:33:43.609Z] LiveUpdateForge: AfterToolExec flush
[2026-07-29T10:33:43.641Z] InitialReadForge.onBeforeSend: SKIP (fr=true syn=false hasRead=true)
[2026-07-29T10:33:48.092Z] LiveUpdateForge: EndTurn fallback flush
[2026-07-29T10:33:48.092Z] onEndTurn: naturalStop=false toolCalls=62 nudgeMsg=no
[2026-07-29T10:33:48.184Z] LiveUpdateForge: AfterToolExec flush
[2026-07-29T10:33:48.211Z] InitialReadForge.onBeforeSend: SKIP (fr=true syn=false hasRead=true)
[2026-07-29T10:33:56.567Z] LiveUpdateForge: EndTurn fallback flush
[2026-07-29T10:33:56.567Z] onEndTurn: naturalStop=false toolCalls=63 nudgeMsg=no
[2026-07-29T10:33:56.585Z] LiveUpdateForge: AfterToolExec flush
[2026-07-29T10:33:56.611Z] InitialReadForge.onBeforeSend: SKIP (fr=true syn=false hasRead=true)
[2026-07-29T10:33:58.604Z] LiveUpdateForge: EndTurn fallback flush
[2026-07-29T10:33:58.605Z] onEndTurn: naturalStop=false toolCalls=64 nudgeMsg=no
[2026-07-29T10:33:59.859Z] LiveUpdateForge: AfterToolExec flush
[2026-07-29T10:33:59.888Z] InitialReadForge.onBeforeSend: SKIP (fr=true syn=false hasRead=true)
[2026-07-29T10:34:02.602Z] LiveUpdateForge: EndTurn fallback flush
[2026-07-29T10:34:02.603Z] onEndTurn: naturalStop=false toolCalls=65 nudgeMsg=no
[2026-07-29T10:34:02.737Z] LiveUpdateForge: AfterToolExec flush
[2026-07-29T10:34:02.764Z] InitialReadForge.onBeforeSend: SKIP (fr=true syn=false hasRead=true)
[2026-07-29T10:34:05.646Z] LiveUpdateForge: EndTurn fallback flush
[2026-07-29T10:34:05.646Z] onEndTurn: naturalStop=false toolCalls=66 nudgeMsg=no
[2026-07-29T10:34:19.399Z] LiveUpdateForge: AfterToolExec flush
[2026-07-29T10:34:19.440Z] InitialReadForge.onBeforeSend: SKIP (fr=true syn=false hasRead=true)
[2026-07-29T10:34:37.837Z] LiveUpdateForge: EndTurn fallback flush
[2026-07-29T10:34:37.837Z] onEndTurn: naturalStop=false toolCalls=67 nudgeMsg=no
[2026-07-29T10:34:37.848Z] LiveUpdateForge: AfterToolExec flush
[2026-07-29T10:34:37.879Z] InitialReadForge.onBeforeSend: SKIP (fr=true syn=false hasRead=true)
[2026-07-29T10:34:55.453Z] LiveUpdateForge: EndTurn fallback flush
[2026-07-29T10:34:55.453Z] onEndTurn: naturalStop=false toolCalls=68 nudgeMsg=no
[2026-07-29T10:34:55.995Z] LiveUpdateForge: AfterToolExec flush
[2026-07-29T10:34:56.026Z] InitialReadForge.onBeforeSend: SKIP (fr=true syn=false hasRead=true)
[2026-07-29T10:35:02.420Z] LiveUpdateForge: EndTurn fallback flush
[2026-07-29T10:35:02.420Z] onEndTurn: naturalStop=false toolCalls=69 nudgeMsg=no
[2026-07-29T10:35:08.680Z] LiveUpdateForge: AfterToolExec flush
[2026-07-29T10:35:08.720Z] InitialReadForge.onBeforeSend: SKIP (fr=true syn=false hasRead=true)
[2026-07-29T10:35:16.424Z] LiveUpdateForge: EndTurn fallback flush
[2026-07-29T10:35:16.425Z] onEndTurn: naturalStop=false toolCalls=70 nudgeMsg=no
[2026-07-29T10:35:16.560Z] LiveUpdateForge: AfterToolExec flush
[2026-07-29T10:35:16.585Z] InitialReadForge.onBeforeSend: SKIP (fr=true syn=false hasRead=true)
[2026-07-29T10:35:22.027Z] LiveUpdateForge: EndTurn fallback flush
[2026-07-29T10:35:22.027Z] onEndTurn: naturalStop=false toolCalls=71 nudgeMsg=no
[2026-07-29T10:35:39.663Z] LiveUpdateForge: AfterToolExec flush
[2026-07-29T10:35:39.707Z] InitialReadForge.onBeforeSend: SKIP (fr=true syn=false hasRead=true)
[2026-07-29T10:35:50.384Z] LiveUpdateForge: EndTurn fallback flush
[2026-07-29T10:35:50.384Z] onEndTurn: naturalStop=false toolCalls=72 nudgeMsg=no
[2026-07-29T10:35:51.171Z] LiveUpdateForge: AfterToolExec flush
[2026-07-29T10:35:51.210Z] InitialReadForge.onBeforeSend: SKIP (fr=true syn=false hasRead=true)
[2026-07-29T10:35:56.072Z] LiveUpdateForge: EndTurn fallback flush
[2026-07-29T10:35:56.072Z] onEndTurn: naturalStop=false toolCalls=73 nudgeMsg=no
[2026-07-29T10:35:56.086Z] LiveUpdateForge: AfterToolExec flush
[2026-07-29T10:35:56.087Z] LiveUpdateForge: AfterToolExec flush
[2026-07-29T10:35:56.113Z] InitialReadForge.onBeforeSend: SKIP (fr=true syn=false hasRead=true)
[2026-07-29T10:36:07.704Z] LiveUpdateForge: EndTurn fallback flush
[2026-07-29T10:36:07.704Z] onEndTurn: naturalStop=true toolCalls=0 nudgeMsg=YES
[2026-07-29T10:36:07.708Z] InitialReadForge.onBeforeSend: SKIP (fr=false syn=false hasRead=true)
[2026-07-29T10:36:46.250Z] LiveUpdateForge: EndTurn fallback flush
[2026-07-29T10:36:46.251Z] onEndTurn: naturalStop=false toolCalls=0 nudgeMsg=no
[2026-07-29T10:36:46.267Z] LiveUpdateForge: self-write on D:\unity\mowang\CODELY.md, baseline aligned
[2026-07-29T10:36:46.268Z] LiveUpdateForge: AfterToolExec flush
[2026-07-29T10:36:46.285Z] LiveUpdateForge: self-write on D:\unity\mowang\CODELY.md, baseline aligned
[2026-07-29T10:36:46.286Z] LiveUpdateForge: AfterToolExec flush
[2026-07-29T10:36:46.325Z] InitialReadForge.onBeforeSend: SKIP (fr=true syn=false hasRead=true)
[2026-07-29T10:36:46.851Z] LiveUpdateForge: pending external change on D:\unity\mowang\CODELY.md
[2026-07-29T10:36:48.990Z] LiveUpdateForge: EndTurn fallback flush
[2026-07-29T10:36:48.990Z] onEndTurn: naturalStop=true toolCalls=0 nudgeMsg=no
[2026-07-29T10:37:10.785Z] ResumeDiffForge: running checkResumeConsistency
[2026-07-29T10:37:10.786Z] checkResumeConsistency: forgedTimestamps=[]
[2026-07-29T10:37:10.792Z] checkResumeConsistency: no changes detected
[2026-07-29T10:37:10.793Z] LiveUpdateForge: session reset, allowLiveUpdate = false
[2026-07-29T10:37:10.793Z] NudgeForge: ResumeComplete — restoring count from history
[2026-07-29T10:37:10.793Z] restoreNudgeCountFromHistory: found last write at idx=116 count=0
[2026-07-29T10:37:10.826Z] LiveUpdateForge: allowLiveUpdate = true (first real BeforeSend)
[2026-07-29T10:37:10.826Z] InitialReadForge.onBeforeSend: SKIP (fr=false syn=false hasRead=true)
[2026-07-29T10:37:20.168Z] LiveUpdateForge: EndTurn fallback flush
[2026-07-29T10:37:20.168Z] onEndTurn: naturalStop=true toolCalls=0 nudgeMsg=no
[2026-07-29T10:40:12.654Z] ResumeDiffForge: running checkResumeConsistency
[2026-07-29T10:40:12.654Z] checkResumeConsistency: forgedTimestamps=[]
[2026-07-29T10:40:12.660Z] checkResumeConsistency: no changes detected
[2026-07-29T10:40:12.660Z] LiveUpdateForge: session reset, allowLiveUpdate = false
[2026-07-29T10:40:12.660Z] NudgeForge: ResumeComplete — restoring count from history
[2026-07-29T10:40:12.661Z] restoreNudgeCountFromHistory: found last write at idx=116 count=0
[2026-07-29T10:40:12.689Z] LiveUpdateForge: allowLiveUpdate = true (first real BeforeSend)
[2026-07-29T10:40:12.689Z] InitialReadForge.onBeforeSend: SKIP (fr=false syn=false hasRead=true)
[2026-07-29T10:40:30.833Z] LiveUpdateForge: EndTurn fallback flush
[2026-07-29T10:40:30.833Z] onEndTurn: naturalStop=false toolCalls=0 nudgeMsg=no
[2026-07-29T10:40:31.327Z] LiveUpdateForge: AfterToolExec flush
[2026-07-29T10:40:31.356Z] InitialReadForge.onBeforeSend: SKIP (fr=true syn=false hasRead=true)
[2026-07-29T10:40:35.772Z] LiveUpdateForge: EndTurn fallback flush
[2026-07-29T10:40:35.773Z] onEndTurn: naturalStop=false toolCalls=1 nudgeMsg=no
[2026-07-29T10:40:36.648Z] LiveUpdateForge: AfterToolExec flush
[2026-07-29T10:40:36.673Z] InitialReadForge.onBeforeSend: SKIP (fr=true syn=false hasRead=true)
[2026-07-29T10:40:41.746Z] LiveUpdateForge: EndTurn fallback flush
[2026-07-29T10:40:41.747Z] onEndTurn: naturalStop=false toolCalls=2 nudgeMsg=no
[2026-07-29T10:40:41.905Z] LiveUpdateForge: AfterToolExec flush
[2026-07-29T10:40:41.934Z] InitialReadForge.onBeforeSend: SKIP (fr=true syn=false hasRead=true)
[2026-07-29T10:40:44.757Z] LiveUpdateForge: EndTurn fallback flush
[2026-07-29T10:40:44.757Z] onEndTurn: naturalStop=false toolCalls=3 nudgeMsg=no
[2026-07-29T10:40:45.286Z] LiveUpdateForge: AfterToolExec flush
[2026-07-29T10:40:45.314Z] InitialReadForge.onBeforeSend: SKIP (fr=true syn=false hasRead=true)
[2026-07-29T10:40:51.111Z] LiveUpdateForge: EndTurn fallback flush
[2026-07-29T10:40:51.111Z] onEndTurn: naturalStop=false toolCalls=4 nudgeMsg=no
[2026-07-29T10:40:51.573Z] LiveUpdateForge: AfterToolExec flush
[2026-07-29T10:40:51.596Z] InitialReadForge.onBeforeSend: SKIP (fr=true syn=false hasRead=true)
[2026-07-29T10:40:54.432Z] LiveUpdateForge: EndTurn fallback flush
[2026-07-29T10:40:54.432Z] onEndTurn: naturalStop=false toolCalls=5 nudgeMsg=no
[2026-07-29T10:40:55.000Z] LiveUpdateForge: AfterToolExec flush
[2026-07-29T10:40:55.023Z] InitialReadForge.onBeforeSend: SKIP (fr=true syn=false hasRead=true)
[2026-07-29T10:40:58.261Z] LiveUpdateForge: EndTurn fallback flush
[2026-07-29T10:40:58.261Z] onEndTurn: naturalStop=false toolCalls=6 nudgeMsg=no
[2026-07-29T10:40:58.392Z] LiveUpdateForge: AfterToolExec flush
[2026-07-29T10:40:58.415Z] InitialReadForge.onBeforeSend: SKIP (fr=true syn=false hasRead=true)
[2026-07-29T10:41:00.011Z] LiveUpdateForge: EndTurn fallback flush
[2026-07-29T10:41:00.012Z] onEndTurn: naturalStop=false toolCalls=7 nudgeMsg=no
[2026-07-29T10:41:00.790Z] LiveUpdateForge: AfterToolExec flush
[2026-07-29T10:41:00.816Z] InitialReadForge.onBeforeSend: SKIP (fr=true syn=false hasRead=true)
[2026-07-29T10:41:03.988Z] LiveUpdateForge: EndTurn fallback flush
[2026-07-29T10:41:03.989Z] onEndTurn: naturalStop=false toolCalls=8 nudgeMsg=no
[2026-07-29T10:41:18.045Z] LiveUpdateForge: AfterToolExec flush
[2026-07-29T10:41:19.597Z] LiveUpdateForge: AfterToolExec flush
[2026-07-29T10:41:19.636Z] InitialReadForge.onBeforeSend: SKIP (fr=true syn=false hasRead=true)
[2026-07-29T10:41:43.059Z] LiveUpdateForge: EndTurn fallback flush
[2026-07-29T10:41:43.059Z] onEndTurn: naturalStop=false toolCalls=10 nudgeMsg=no
[2026-07-29T10:41:43.514Z] LiveUpdateForge: AfterToolExec flush
[2026-07-29T10:41:43.541Z] InitialReadForge.onBeforeSend: SKIP (fr=true syn=false hasRead=true)
[2026-07-29T10:41:45.466Z] LiveUpdateForge: EndTurn fallback flush
[2026-07-29T10:41:45.466Z] onEndTurn: naturalStop=false toolCalls=11 nudgeMsg=no
[2026-07-29T10:41:45.559Z] LiveUpdateForge: AfterToolExec flush
[2026-07-29T10:41:45.586Z] InitialReadForge.onBeforeSend: SKIP (fr=true syn=false hasRead=true)
[2026-07-29T10:42:18.444Z] LiveUpdateForge: EndTurn fallback flush
[2026-07-29T10:42:18.444Z] onEndTurn: naturalStop=false toolCalls=12 nudgeMsg=no
[2026-07-29T10:42:19.892Z] LiveUpdateForge: AfterToolExec flush
[2026-07-29T10:42:19.922Z] InitialReadForge.onBeforeSend: SKIP (fr=true syn=false hasRead=true)
[2026-07-29T10:42:27.880Z] LiveUpdateForge: EndTurn fallback flush
[2026-07-29T10:42:27.880Z] onEndTurn: naturalStop=false toolCalls=13 nudgeMsg=no
[2026-07-29T10:42:27.885Z] LiveUpdateForge: AfterToolExec flush
[2026-07-29T10:42:27.912Z] InitialReadForge.onBeforeSend: SKIP (fr=true syn=false hasRead=true)
[2026-07-29T10:42:29.881Z] LiveUpdateForge: EndTurn fallback flush
[2026-07-29T10:42:29.881Z] onEndTurn: naturalStop=false toolCalls=14 nudgeMsg=no
[2026-07-29T10:42:29.884Z] LiveUpdateForge: AfterToolExec flush
[2026-07-29T10:42:29.908Z] InitialReadForge.onBeforeSend: SKIP (fr=true syn=false hasRead=true)
[2026-07-29T10:42:39.053Z] LiveUpdateForge: EndTurn fallback flush
[2026-07-29T10:42:39.054Z] onEndTurn: naturalStop=false toolCalls=15 nudgeMsg=no
[2026-07-29T10:42:39.951Z] LiveUpdateForge: AfterToolExec flush
[2026-07-29T10:42:39.979Z] InitialReadForge.onBeforeSend: SKIP (fr=true syn=false hasRead=true)
[2026-07-29T10:44:04.337Z] LiveUpdateForge: EndTurn fallback flush
[2026-07-29T10:44:04.337Z] onEndTurn: naturalStop=false toolCalls=16 nudgeMsg=no
[2026-07-29T10:44:04.370Z] InitialReadForge.onBeforeSend: SKIP (fr=true syn=false hasRead=true)
[2026-07-29T10:44:06.115Z] LiveUpdateForge: EndTurn fallback flush
[2026-07-29T10:44:06.116Z] onEndTurn: naturalStop=false toolCalls=16 nudgeMsg=no
[2026-07-29T10:44:06.689Z] LiveUpdateForge: AfterToolExec flush
[2026-07-29T10:44:06.718Z] InitialReadForge.onBeforeSend: SKIP (fr=true syn=false hasRead=true)
[2026-07-29T10:44:17.853Z] LiveUpdateForge: EndTurn fallback flush
[2026-07-29T10:44:17.853Z] onEndTurn: naturalStop=false toolCalls=17 nudgeMsg=no
[2026-07-29T10:44:18.299Z] LiveUpdateForge: AfterToolExec flush
[2026-07-29T10:44:18.325Z] InitialReadForge.onBeforeSend: SKIP (fr=true syn=false hasRead=true)
[2026-07-29T10:44:36.447Z] LiveUpdateForge: EndTurn fallback flush
[2026-07-29T10:44:36.448Z] onEndTurn: naturalStop=false toolCalls=18 nudgeMsg=no
[2026-07-29T10:44:37.547Z] LiveUpdateForge: AfterToolExec flush
[2026-07-29T10:44:37.574Z] InitialReadForge.onBeforeSend: SKIP (fr=true syn=false hasRead=true)
[2026-07-29T10:44:39.454Z] LiveUpdateForge: EndTurn fallback flush
[2026-07-29T10:44:39.454Z] onEndTurn: naturalStop=false toolCalls=19 nudgeMsg=no
[2026-07-29T10:44:39.997Z] LiveUpdateForge: AfterToolExec flush
[2026-07-29T10:44:40.029Z] InitialReadForge.onBeforeSend: SKIP (fr=true syn=false hasRead=true)
[2026-07-29T10:44:41.788Z] LiveUpdateForge: EndTurn fallback flush
[2026-07-29T10:44:41.788Z] onEndTurn: naturalStop=false toolCalls=20 nudgeMsg=no
[2026-07-29T10:44:42.654Z] LiveUpdateForge: AfterToolExec flush
[2026-07-29T10:44:42.684Z] InitialReadForge.onBeforeSend: SKIP (fr=true syn=false hasRead=true)
[2026-07-29T10:44:45.552Z] LiveUpdateForge: EndTurn fallback flush
[2026-07-29T10:44:45.553Z] onEndTurn: naturalStop=false toolCalls=21 nudgeMsg=no
[2026-07-29T10:44:45.705Z] LiveUpdateForge: AfterToolExec flush
[2026-07-29T10:44:45.733Z] InitialReadForge.onBeforeSend: SKIP (fr=true syn=false hasRead=true)
[2026-07-29T10:44:48.714Z] LiveUpdateForge: EndTurn fallback flush
[2026-07-29T10:44:48.714Z] onEndTurn: naturalStop=false toolCalls=22 nudgeMsg=no
[2026-07-29T10:44:56.417Z] LiveUpdateForge: AfterToolExec flush
[2026-07-29T10:44:56.459Z] InitialReadForge.onBeforeSend: SKIP (fr=true syn=false hasRead=true)
[2026-07-29T10:45:08.231Z] LiveUpdateForge: EndTurn fallback flush
[2026-07-29T10:45:08.231Z] onEndTurn: naturalStop=false toolCalls=23 nudgeMsg=no
[2026-07-29T10:45:08.788Z] LiveUpdateForge: AfterToolExec flush
[2026-07-29T10:45:08.815Z] InitialReadForge.onBeforeSend: SKIP (fr=true syn=false hasRead=true)
[2026-07-29T10:45:13.982Z] LiveUpdateForge: EndTurn fallback flush
[2026-07-29T10:45:13.982Z] onEndTurn: naturalStop=false toolCalls=24 nudgeMsg=no
[2026-07-29T10:45:14.801Z] LiveUpdateForge: AfterToolExec flush
[2026-07-29T10:45:14.831Z] InitialReadForge.onBeforeSend: SKIP (fr=true syn=false hasRead=true)
[2026-07-29T10:45:51.558Z] LiveUpdateForge: EndTurn fallback flush
[2026-07-29T10:45:51.558Z] onEndTurn: naturalStop=false toolCalls=25 nudgeMsg=no
[2026-07-29T10:45:52.095Z] LiveUpdateForge: AfterToolExec flush
[2026-07-29T10:45:52.140Z] InitialReadForge.onBeforeSend: SKIP (fr=true syn=false hasRead=true)
[2026-07-29T10:46:10.291Z] LiveUpdateForge: EndTurn fallback flush
[2026-07-29T10:46:10.291Z] onEndTurn: naturalStop=false toolCalls=26 nudgeMsg=no
[2026-07-29T10:46:10.685Z] LiveUpdateForge: AfterToolExec flush
[2026-07-29T10:46:10.712Z] InitialReadForge.onBeforeSend: SKIP (fr=true syn=false hasRead=true)
[2026-07-29T10:46:44.174Z] LiveUpdateForge: EndTurn fallback flush
[2026-07-29T10:46:44.174Z] onEndTurn: naturalStop=false toolCalls=27 nudgeMsg=no
[2026-07-29T10:46:44.427Z] LiveUpdateForge: AfterToolExec flush
[2026-07-29T10:46:44.454Z] InitialReadForge.onBeforeSend: SKIP (fr=true syn=false hasRead=true)
[2026-07-29T10:46:52.511Z] LiveUpdateForge: EndTurn fallback flush
[2026-07-29T10:46:52.512Z] onEndTurn: naturalStop=false toolCalls=28 nudgeMsg=no
[2026-07-29T10:46:52.768Z] LiveUpdateForge: AfterToolExec flush
[2026-07-29T10:46:52.796Z] InitialReadForge.onBeforeSend: SKIP (fr=true syn=false hasRead=true)
[2026-07-29T10:47:04.059Z] LiveUpdateForge: EndTurn fallback flush
[2026-07-29T10:47:04.060Z] onEndTurn: naturalStop=false toolCalls=29 nudgeMsg=no
[2026-07-29T10:47:04.315Z] LiveUpdateForge: AfterToolExec flush
[2026-07-29T10:47:04.358Z] InitialReadForge.onBeforeSend: SKIP (fr=true syn=false hasRead=true)
[2026-07-29T10:47:07.366Z] LiveUpdateForge: EndTurn fallback flush
[2026-07-29T10:47:07.367Z] onEndTurn: naturalStop=false toolCalls=30 nudgeMsg=no
[2026-07-29T10:47:07.618Z] LiveUpdateForge: AfterToolExec flush
[2026-07-29T10:47:07.655Z] InitialReadForge.onBeforeSend: SKIP (fr=true syn=false hasRead=true)
[2026-07-29T10:47:15.662Z] LiveUpdateForge: EndTurn fallback flush
[2026-07-29T10:47:15.662Z] onEndTurn: naturalStop=false toolCalls=31 nudgeMsg=no
[2026-07-29T10:47:15.936Z] LiveUpdateForge: AfterToolExec flush
[2026-07-29T10:47:15.966Z] InitialReadForge.onBeforeSend: SKIP (fr=true syn=false hasRead=true)
[2026-07-29T10:47:22.976Z] LiveUpdateForge: EndTurn fallback flush
[2026-07-29T10:47:22.976Z] onEndTurn: naturalStop=false toolCalls=32 nudgeMsg=no
[2026-07-29T10:47:22.989Z] LiveUpdateForge: AfterToolExec flush
[2026-07-29T10:47:23.022Z] InitialReadForge.onBeforeSend: SKIP (fr=true syn=false hasRead=true)
[2026-07-29T10:47:25.565Z] LiveUpdateForge: EndTurn fallback flush
[2026-07-29T10:47:25.565Z] onEndTurn: naturalStop=false toolCalls=33 nudgeMsg=no
[2026-07-29T10:47:26.361Z] LiveUpdateForge: AfterToolExec flush
[2026-07-29T10:47:26.393Z] InitialReadForge.onBeforeSend: SKIP (fr=true syn=false hasRead=true)
[2026-07-29T10:47:30.318Z] LiveUpdateForge: EndTurn fallback flush
[2026-07-29T10:47:30.318Z] onEndTurn: naturalStop=false toolCalls=34 nudgeMsg=no
[2026-07-29T10:47:30.858Z] LiveUpdateForge: AfterToolExec flush
[2026-07-29T10:47:30.885Z] InitialReadForge.onBeforeSend: SKIP (fr=true syn=false hasRead=true)
[2026-07-29T10:48:09.024Z] LiveUpdateForge: EndTurn fallback flush
[2026-07-29T10:48:09.025Z] onEndTurn: naturalStop=false toolCalls=35 nudgeMsg=no
[2026-07-29T10:48:09.580Z] LiveUpdateForge: AfterToolExec flush
[2026-07-29T10:48:09.614Z] InitialReadForge.onBeforeSend: SKIP (fr=true syn=false hasRead=true)
[2026-07-29T10:48:25.519Z] LiveUpdateForge: EndTurn fallback flush
[2026-07-29T10:48:25.520Z] onEndTurn: naturalStop=false toolCalls=36 nudgeMsg=no
[2026-07-29T10:48:25.855Z] LiveUpdateForge: AfterToolExec flush
[2026-07-29T10:48:25.883Z] InitialReadForge.onBeforeSend: SKIP (fr=true syn=false hasRead=true)
[2026-07-29T10:48:53.983Z] LiveUpdateForge: EndTurn fallback flush
[2026-07-29T10:48:53.983Z] onEndTurn: naturalStop=false toolCalls=37 nudgeMsg=no
[2026-07-29T10:48:54.484Z] LiveUpdateForge: AfterToolExec flush
[2026-07-29T10:48:54.529Z] InitialReadForge.onBeforeSend: SKIP (fr=true syn=false hasRead=true)
[2026-07-29T10:49:10.890Z] LiveUpdateForge: EndTurn fallback flush
[2026-07-29T10:49:10.890Z] onEndTurn: naturalStop=false toolCalls=38 nudgeMsg=no
[2026-07-29T10:49:11.679Z] LiveUpdateForge: AfterToolExec flush
[2026-07-29T10:49:11.716Z] InitialReadForge.onBeforeSend: SKIP (fr=true syn=false hasRead=true)
[2026-07-29T10:49:15.131Z] LiveUpdateForge: EndTurn fallback flush
[2026-07-29T10:49:15.131Z] onEndTurn: naturalStop=false toolCalls=39 nudgeMsg=no
[2026-07-29T10:49:15.193Z] LiveUpdateForge: AfterToolExec flush
[2026-07-29T10:49:15.228Z] InitialReadForge.onBeforeSend: SKIP (fr=true syn=false hasRead=true)
[2026-07-29T10:49:18.212Z] LiveUpdateForge: EndTurn fallback flush
[2026-07-29T10:49:18.212Z] onEndTurn: naturalStop=false toolCalls=40 nudgeMsg=no
[2026-07-29T10:49:19.102Z] LiveUpdateForge: AfterToolExec flush
[2026-07-29T10:49:19.149Z] InitialReadForge.onBeforeSend: SKIP (fr=true syn=false hasRead=true)
[2026-07-29T10:49:27.241Z] LiveUpdateForge: EndTurn fallback flush
[2026-07-29T10:49:27.241Z] onEndTurn: naturalStop=false toolCalls=41 nudgeMsg=no
[2026-07-29T10:49:27.389Z] LiveUpdateForge: AfterToolExec flush
[2026-07-29T10:49:27.419Z] InitialReadForge.onBeforeSend: SKIP (fr=true syn=false hasRead=true)
[2026-07-29T10:49:43.217Z] LiveUpdateForge: EndTurn fallback flush
[2026-07-29T10:49:43.217Z] onEndTurn: naturalStop=false toolCalls=42 nudgeMsg=no
[2026-07-29T10:49:52.965Z] LiveUpdateForge: AfterToolExec flush
[2026-07-29T10:49:52.997Z] InitialReadForge.onBeforeSend: SKIP (fr=true syn=false hasRead=true)
[2026-07-29T10:49:54.997Z] LiveUpdateForge: EndTurn fallback flush
[2026-07-29T10:49:54.998Z] onEndTurn: naturalStop=false toolCalls=43 nudgeMsg=no
[2026-07-29T10:49:55.573Z] LiveUpdateForge: AfterToolExec flush
[2026-07-29T10:49:55.604Z] InitialReadForge.onBeforeSend: SKIP (fr=true syn=false hasRead=true)
[2026-07-29T10:50:12.628Z] LiveUpdateForge: EndTurn fallback flush
[2026-07-29T10:50:12.628Z] onEndTurn: naturalStop=false toolCalls=44 nudgeMsg=no
[2026-07-29T10:50:13.892Z] LiveUpdateForge: AfterToolExec flush
[2026-07-29T10:50:13.930Z] InitialReadForge.onBeforeSend: SKIP (fr=true syn=false hasRead=true)
[2026-07-29T10:52:40.854Z] LiveUpdateForge: EndTurn fallback flush
[2026-07-29T10:52:40.854Z] onEndTurn: naturalStop=true toolCalls=45 nudgeMsg=no
[2026-07-29T10:52:40.867Z] InitialReadForge.onBeforeSend: SKIP (fr=false syn=false hasRead=true)
[2026-07-29T10:54:45.487Z] LiveUpdateForge: EndTurn fallback flush
[2026-07-29T10:54:45.487Z] onEndTurn: naturalStop=true toolCalls=45 nudgeMsg=no
[2026-07-29T10:54:45.497Z] InitialReadForge.onBeforeSend: SKIP (fr=false syn=false hasRead=true)
[2026-07-29T10:55:12.537Z] LiveUpdateForge: EndTurn fallback flush
[2026-07-29T10:55:12.537Z] onEndTurn: naturalStop=false toolCalls=45 nudgeMsg=no
[2026-07-29T10:55:13.608Z] LiveUpdateForge: AfterToolExec flush
[2026-07-29T10:55:13.649Z] InitialReadForge.onBeforeSend: SKIP (fr=true syn=false hasRead=true)
[2026-07-29T10:55:24.172Z] LiveUpdateForge: EndTurn fallback flush
[2026-07-29T10:55:24.173Z] onEndTurn: naturalStop=false toolCalls=46 nudgeMsg=no
[2026-07-29T10:55:24.229Z] LiveUpdateForge: AfterToolExec flush
[2026-07-29T10:55:24.266Z] InitialReadForge.onBeforeSend: SKIP (fr=true syn=false hasRead=true)
[2026-07-29T10:55:26.928Z] LiveUpdateForge: EndTurn fallback flush
[2026-07-29T10:55:26.929Z] onEndTurn: naturalStop=false toolCalls=47 nudgeMsg=no
[2026-07-29T10:55:27.744Z] LiveUpdateForge: AfterToolExec flush
[2026-07-29T10:55:27.784Z] InitialReadForge.onBeforeSend: SKIP (fr=true syn=false hasRead=true)
[2026-07-29T10:55:31.442Z] LiveUpdateForge: EndTurn fallback flush
[2026-07-29T10:55:31.442Z] onEndTurn: naturalStop=false toolCalls=48 nudgeMsg=no
[2026-07-29T10:55:31.591Z] LiveUpdateForge: AfterToolExec flush
[2026-07-29T10:55:31.643Z] InitialReadForge.onBeforeSend: SKIP (fr=true syn=false hasRead=true)
[2026-07-29T10:55:43.067Z] LiveUpdateForge: EndTurn fallback flush
[2026-07-29T10:55:43.067Z] onEndTurn: naturalStop=false toolCalls=49 nudgeMsg=no
[2026-07-29T10:55:48.355Z] LiveUpdateForge: AfterToolExec flush
[2026-07-29T10:55:48.408Z] InitialReadForge.onBeforeSend: SKIP (fr=true syn=false hasRead=true)
[2026-07-29T10:56:02.409Z] LiveUpdateForge: EndTurn fallback flush
[2026-07-29T10:56:02.409Z] onEndTurn: naturalStop=false toolCalls=50 nudgeMsg=no
[2026-07-29T10:56:02.993Z] LiveUpdateForge: AfterToolExec flush
[2026-07-29T10:56:03.026Z] InitialReadForge.onBeforeSend: SKIP (fr=true syn=false hasRead=true)
[2026-07-29T10:56:05.614Z] LiveUpdateForge: EndTurn fallback flush
[2026-07-29T10:56:05.614Z] onEndTurn: naturalStop=false toolCalls=51 nudgeMsg=no
[2026-07-29T10:56:05.875Z] LiveUpdateForge: AfterToolExec flush
[2026-07-29T10:56:05.923Z] InitialReadForge.onBeforeSend: SKIP (fr=true syn=false hasRead=true)
[2026-07-29T10:56:08.378Z] LiveUpdateForge: EndTurn fallback flush
[2026-07-29T10:56:08.378Z] onEndTurn: naturalStop=false toolCalls=52 nudgeMsg=no
[2026-07-29T10:56:08.386Z] LiveUpdateForge: AfterToolExec flush
[2026-07-29T10:56:08.424Z] InitialReadForge.onBeforeSend: SKIP (fr=true syn=false hasRead=true)
[2026-07-29T10:57:37.545Z] ResumeDiffForge: running checkResumeConsistency
[2026-07-29T10:57:37.546Z] checkResumeConsistency: forgedTimestamps=[]
[2026-07-29T10:57:37.552Z] checkResumeConsistency: no changes detected
[2026-07-29T10:57:37.552Z] LiveUpdateForge: session reset, allowLiveUpdate = false
[2026-07-29T10:57:37.552Z] NudgeForge: ResumeComplete — restoring count from history
[2026-07-29T10:57:37.553Z] restoreNudgeCountFromHistory: found last write at idx=116 count=54
[2026-07-29T10:57:37.610Z] LiveUpdateForge: allowLiveUpdate = true (first real BeforeSend)
[2026-07-29T10:57:37.611Z] InitialReadForge.onBeforeSend: SKIP (fr=false syn=false hasRead=true)
[2026-07-29T10:57:50.641Z] LiveUpdateForge: EndTurn fallback flush
[2026-07-29T10:57:50.641Z] onEndTurn: naturalStop=false toolCalls=54 nudgeMsg=no
[2026-07-29T10:57:51.482Z] LiveUpdateForge: AfterToolExec flush
[2026-07-29T10:57:51.516Z] InitialReadForge.onBeforeSend: SKIP (fr=true syn=false hasRead=true)
[2026-07-29T10:58:08.682Z] LiveUpdateForge: EndTurn fallback flush
[2026-07-29T10:58:08.682Z] onEndTurn: naturalStop=false toolCalls=55 nudgeMsg=no
[2026-07-29T10:58:10.115Z] LiveUpdateForge: AfterToolExec flush
[2026-07-29T10:58:10.143Z] InitialReadForge.onBeforeSend: SKIP (fr=true syn=false hasRead=true)
[2026-07-29T10:58:12.771Z] LiveUpdateForge: EndTurn fallback flush
[2026-07-29T10:58:12.771Z] onEndTurn: naturalStop=false toolCalls=56 nudgeMsg=no
[2026-07-29T10:58:12.787Z] LiveUpdateForge: AfterToolExec flush
[2026-07-29T10:58:12.815Z] InitialReadForge.onBeforeSend: SKIP (fr=true syn=false hasRead=true)
[2026-07-29T10:58:15.318Z] LiveUpdateForge: EndTurn fallback flush
[2026-07-29T10:58:15.318Z] onEndTurn: naturalStop=false toolCalls=57 nudgeMsg=no
[2026-07-29T10:58:16.090Z] LiveUpdateForge: AfterToolExec flush
[2026-07-29T10:58:16.116Z] InitialReadForge.onBeforeSend: SKIP (fr=true syn=false hasRead=true)
[2026-07-29T10:58:20.481Z] LiveUpdateForge: EndTurn fallback flush
[2026-07-29T10:58:20.481Z] onEndTurn: naturalStop=false toolCalls=58 nudgeMsg=no
[2026-07-29T10:58:20.694Z] LiveUpdateForge: AfterToolExec flush
[2026-07-29T10:58:20.720Z] InitialReadForge.onBeforeSend: SKIP (fr=true syn=false hasRead=true)
[2026-07-29T10:58:24.932Z] LiveUpdateForge: EndTurn fallback flush
[2026-07-29T10:58:24.932Z] onEndTurn: naturalStop=false toolCalls=59 nudgeMsg=no
[2026-07-29T10:58:46.158Z] LiveUpdateForge: AfterToolExec flush
[2026-07-29T10:58:46.192Z] InitialReadForge.onBeforeSend: SKIP (fr=true syn=false hasRead=true)
[2026-07-29T10:58:49.520Z] LiveUpdateForge: EndTurn fallback flush
[2026-07-29T10:58:49.520Z] onEndTurn: naturalStop=false toolCalls=60 nudgeMsg=no
[2026-07-29T10:58:50.079Z] LiveUpdateForge: AfterToolExec flush
[2026-07-29T10:58:50.105Z] InitialReadForge.onBeforeSend: SKIP (fr=true syn=false hasRead=true)
[2026-07-29T10:58:57.588Z] LiveUpdateForge: EndTurn fallback flush
[2026-07-29T10:58:57.588Z] onEndTurn: naturalStop=true toolCalls=0 nudgeMsg=YES
[2026-07-29T10:58:57.591Z] InitialReadForge.onBeforeSend: SKIP (fr=false syn=false hasRead=true)
[2026-07-29T10:59:04.360Z] LiveUpdateForge: EndTurn fallback flush
[2026-07-29T10:59:04.360Z] onEndTurn: naturalStop=false toolCalls=0 nudgeMsg=no
[2026-07-29T10:59:04.371Z] LiveUpdateForge: self-write on D:\unity\mowang\CODELY.md, baseline aligned
[2026-07-29T10:59:04.372Z] LiveUpdateForge: AfterToolExec flush
[2026-07-29T10:59:04.387Z] LiveUpdateForge: self-write on D:\unity\mowang\CODELY.md, baseline aligned
[2026-07-29T10:59:04.388Z] LiveUpdateForge: AfterToolExec flush
[2026-07-29T10:59:04.415Z] InitialReadForge.onBeforeSend: SKIP (fr=true syn=false hasRead=true)
[2026-07-29T10:59:04.947Z] LiveUpdateForge: pending external change on D:\unity\mowang\CODELY.md
[2026-07-29T10:59:21.206Z] LiveUpdateForge: EndTurn fallback flush
[2026-07-29T10:59:21.206Z] onEndTurn: naturalStop=true toolCalls=0 nudgeMsg=no
[2026-07-29T11:08:57.832Z] MemoryForge: attached 5 listener(s)
[2026-07-29T11:08:57.833Z] InitialReadForge: armed one-shot BeforeSend after NewSessionStart
[2026-07-29T11:08:57.833Z] LiveUpdateForge: session reset, allowLiveUpdate = false
[2026-07-29T11:08:58.025Z] LiveUpdateForge: session reset, allowLiveUpdate = false
[2026-07-29T11:08:58.038Z] ResumeDiffForge: running checkResumeConsistency
[2026-07-29T11:08:58.039Z] checkResumeConsistency: forgedTimestamps=[]
[2026-07-29T11:08:58.045Z] checkResumeConsistency: no changes detected
[2026-07-29T11:08:58.045Z] LiveUpdateForge: session reset, allowLiveUpdate = false
[2026-07-29T11:08:58.045Z] NudgeForge: ResumeComplete — restoring count from history
[2026-07-29T11:08:58.046Z] restoreNudgeCountFromHistory: found last write at idx=247 count=0
[2026-07-29T11:08:58.597Z] ResumeDiffForge: running checkResumeConsistency
[2026-07-29T11:08:58.598Z] checkResumeConsistency: forgedTimestamps=[]
[2026-07-29T11:08:58.603Z] checkResumeConsistency: no changes detected
[2026-07-29T11:08:58.603Z] LiveUpdateForge: session reset, allowLiveUpdate = false
[2026-07-29T11:08:58.603Z] NudgeForge: ResumeComplete — restoring count from history
[2026-07-29T11:08:58.604Z] restoreNudgeCountFromHistory: found last write at idx=247 count=0
[2026-07-29T11:08:58.693Z] ResumeDiffForge: running checkResumeConsistency
[2026-07-29T11:08:58.693Z] checkResumeConsistency: forgedTimestamps=[]
[2026-07-29T11:08:58.697Z] checkResumeConsistency: no changes detected
[2026-07-29T11:08:58.698Z] LiveUpdateForge: session reset, allowLiveUpdate = false
[2026-07-29T11:08:58.698Z] NudgeForge: ResumeComplete — restoring count from history
[2026-07-29T11:08:58.698Z] restoreNudgeCountFromHistory: found last write at idx=247 count=0
[2026-07-29T11:08:58.998Z] MemoryForge: attached 5 listener(s)
[2026-07-29T11:08:58.999Z] InitialReadForge: armed one-shot BeforeSend after NewSessionStart
[2026-07-29T11:08:58.999Z] LiveUpdateForge: session reset, allowLiveUpdate = false
[2026-07-29T11:08:59.004Z] MemoryForge: detached all listeners
[2026-07-29T11:08:59.004Z] ResumeDiffForge: running checkResumeConsistency
[2026-07-29T11:08:59.005Z] checkResumeConsistency: forgedTimestamps=[]
[2026-07-29T11:08:59.031Z] checkResumeConsistency: no changes detected
[2026-07-29T11:08:59.031Z] LiveUpdateForge: session reset, allowLiveUpdate = false
[2026-07-29T11:08:59.031Z] NudgeForge: ResumeComplete — restoring count from history
[2026-07-29T11:08:59.031Z] restoreNudgeCountFromHistory: found last write at idx=247 count=0
[2026-07-29T11:08:59.051Z] LiveUpdateForge: allowLiveUpdate = true (first real BeforeSend)
[2026-07-29T11:08:59.051Z] InitialReadForge.onBeforeSend: SKIP (fr=false syn=false hasRead=true)
[2026-07-29T11:09:35.013Z] LiveUpdateForge: EndTurn fallback flush
[2026-07-29T11:09:35.014Z] onEndTurn: naturalStop=false toolCalls=0 nudgeMsg=no
[2026-07-29T11:09:35.769Z] LiveUpdateForge: AfterToolExec flush
[2026-07-29T11:09:35.795Z] InitialReadForge.onBeforeSend: SKIP (fr=true syn=false hasRead=true)
[2026-07-29T11:09:49.102Z] LiveUpdateForge: EndTurn fallback flush
[2026-07-29T11:09:49.103Z] onEndTurn: naturalStop=false toolCalls=1 nudgeMsg=no
[2026-07-29T11:10:13.752Z] LiveUpdateForge: AfterToolExec flush
[2026-07-29T11:10:13.795Z] InitialReadForge.onBeforeSend: SKIP (fr=true syn=false hasRead=true)
[2026-07-29T11:10:18.922Z] LiveUpdateForge: EndTurn fallback flush
[2026-07-29T11:10:18.922Z] onEndTurn: naturalStop=false toolCalls=2 nudgeMsg=no
[2026-07-29T11:10:19.906Z] LiveUpdateForge: AfterToolExec flush
[2026-07-29T11:10:19.940Z] InitialReadForge.onBeforeSend: SKIP (fr=true syn=false hasRead=true)
[2026-07-29T11:10:28.023Z] LiveUpdateForge: EndTurn fallback flush
[2026-07-29T11:10:28.023Z] onEndTurn: naturalStop=false toolCalls=3 nudgeMsg=no
[2026-07-29T11:10:28.840Z] LiveUpdateForge: AfterToolExec flush
[2026-07-29T11:10:28.875Z] InitialReadForge.onBeforeSend: SKIP (fr=true syn=false hasRead=true)
[2026-07-29T11:10:31.496Z] LiveUpdateForge: EndTurn fallback flush
[2026-07-29T11:10:31.496Z] onEndTurn: naturalStop=false toolCalls=4 nudgeMsg=no
[2026-07-29T11:10:31.709Z] LiveUpdateForge: AfterToolExec flush
[2026-07-29T11:10:31.740Z] InitialReadForge.onBeforeSend: SKIP (fr=true syn=false hasRead=true)
[2026-07-29T11:10:34.862Z] LiveUpdateForge: EndTurn fallback flush
[2026-07-29T11:10:34.862Z] onEndTurn: naturalStop=false toolCalls=5 nudgeMsg=no
[2026-07-29T11:10:47.109Z] LiveUpdateForge: AfterToolExec flush
[2026-07-29T11:10:47.155Z] InitialReadForge.onBeforeSend: SKIP (fr=true syn=false hasRead=true)
[2026-07-29T11:10:53.567Z] LiveUpdateForge: EndTurn fallback flush
[2026-07-29T11:10:53.568Z] onEndTurn: naturalStop=false toolCalls=6 nudgeMsg=no
[2026-07-29T11:10:54.108Z] LiveUpdateForge: AfterToolExec flush
[2026-07-29T11:10:54.136Z] InitialReadForge.onBeforeSend: SKIP (fr=true syn=false hasRead=true)
[2026-07-29T11:11:13.409Z] LiveUpdateForge: EndTurn fallback flush
[2026-07-29T11:11:13.409Z] onEndTurn: naturalStop=false toolCalls=7 nudgeMsg=no
[2026-07-29T11:11:13.962Z] LiveUpdateForge: AfterToolExec flush
[2026-07-29T11:11:13.988Z] InitialReadForge.onBeforeSend: SKIP (fr=true syn=false hasRead=true)
[2026-07-29T11:11:32.237Z] LiveUpdateForge: EndTurn fallback flush
[2026-07-29T11:11:32.237Z] onEndTurn: naturalStop=true toolCalls=8 nudgeMsg=no
[2026-07-29T11:20:06.154Z] MemoryForge: attached 5 listener(s)
[2026-07-29T11:20:06.154Z] InitialReadForge: armed one-shot BeforeSend after NewSessionStart
[2026-07-29T11:20:06.154Z] LiveUpdateForge: session reset, allowLiveUpdate = false
[2026-07-29T11:20:06.346Z] LiveUpdateForge: session reset, allowLiveUpdate = false
[2026-07-29T11:20:06.359Z] ResumeDiffForge: running checkResumeConsistency
[2026-07-29T11:20:06.360Z] checkResumeConsistency: forgedTimestamps=[]
[2026-07-29T11:20:06.365Z] checkResumeConsistency: no changes detected
[2026-07-29T11:20:06.366Z] LiveUpdateForge: session reset, allowLiveUpdate = false
[2026-07-29T11:20:06.366Z] NudgeForge: ResumeComplete — restoring count from history
[2026-07-29T11:20:06.366Z] restoreNudgeCountFromHistory: found last write at idx=247 count=8
[2026-07-29T11:20:07.004Z] ResumeDiffForge: running checkResumeConsistency
[2026-07-29T11:20:07.005Z] checkResumeConsistency: forgedTimestamps=[]
[2026-07-29T11:20:07.010Z] checkResumeConsistency: no changes detected
[2026-07-29T11:20:07.010Z] LiveUpdateForge: session reset, allowLiveUpdate = false
[2026-07-29T11:20:07.010Z] NudgeForge: ResumeComplete — restoring count from history
[2026-07-29T11:20:07.011Z] restoreNudgeCountFromHistory: found last write at idx=247 count=8
[2026-07-29T11:20:07.114Z] ResumeDiffForge: running checkResumeConsistency
[2026-07-29T11:20:07.114Z] checkResumeConsistency: forgedTimestamps=[]
[2026-07-29T11:20:07.121Z] checkResumeConsistency: no changes detected
[2026-07-29T11:20:07.121Z] LiveUpdateForge: session reset, allowLiveUpdate = false
[2026-07-29T11:20:07.121Z] NudgeForge: ResumeComplete — restoring count from history
[2026-07-29T11:20:07.122Z] restoreNudgeCountFromHistory: found last write at idx=247 count=8
[2026-07-29T11:20:07.421Z] MemoryForge: attached 5 listener(s)
[2026-07-29T11:20:07.421Z] InitialReadForge: armed one-shot BeforeSend after NewSessionStart
[2026-07-29T11:20:07.421Z] LiveUpdateForge: session reset, allowLiveUpdate = false
[2026-07-29T11:20:07.427Z] MemoryForge: detached all listeners
[2026-07-29T11:20:07.428Z] ResumeDiffForge: running checkResumeConsistency
[2026-07-29T11:20:07.428Z] checkResumeConsistency: forgedTimestamps=[]
[2026-07-29T11:20:07.462Z] checkResumeConsistency: no changes detected
[2026-07-29T11:20:07.462Z] LiveUpdateForge: session reset, allowLiveUpdate = false
[2026-07-29T11:20:07.462Z] NudgeForge: ResumeComplete — restoring count from history
[2026-07-29T11:20:07.463Z] restoreNudgeCountFromHistory: found last write at idx=247 count=8
[2026-07-29T11:20:07.486Z] LiveUpdateForge: allowLiveUpdate = true (first real BeforeSend)
[2026-07-29T11:20:07.487Z] InitialReadForge.onBeforeSend: SKIP (fr=false syn=false hasRead=true)
[2026-07-29T11:20:38.459Z] LiveUpdateForge: EndTurn fallback flush
[2026-07-29T11:20:38.461Z] onEndTurn: naturalStop=false toolCalls=8 nudgeMsg=no
[2026-07-29T11:20:42.071Z] LiveUpdateForge: AfterToolExec flush
[2026-07-29T11:20:42.108Z] InitialReadForge.onBeforeSend: SKIP (fr=true syn=false hasRead=true)
[2026-07-29T11:22:27.483Z] LiveUpdateForge: EndTurn fallback flush
[2026-07-29T11:22:27.484Z] onEndTurn: naturalStop=false toolCalls=9 nudgeMsg=no
[2026-07-29T11:22:29.217Z] LiveUpdateForge: AfterToolExec flush
[2026-07-29T11:22:29.253Z] InitialReadForge.onBeforeSend: SKIP (fr=true syn=false hasRead=true)
[2026-07-29T11:22:34.743Z] LiveUpdateForge: EndTurn fallback flush
[2026-07-29T11:22:34.743Z] onEndTurn: naturalStop=false toolCalls=10 nudgeMsg=no
[2026-07-29T11:22:34.863Z] LiveUpdateForge: AfterToolExec flush
[2026-07-29T11:22:34.890Z] InitialReadForge.onBeforeSend: SKIP (fr=true syn=false hasRead=true)
[2026-07-29T11:22:37.910Z] LiveUpdateForge: EndTurn fallback flush
[2026-07-29T11:22:37.910Z] onEndTurn: naturalStop=false toolCalls=11 nudgeMsg=no
[2026-07-29T11:22:38.874Z] LiveUpdateForge: AfterToolExec flush
[2026-07-29T11:22:38.904Z] InitialReadForge.onBeforeSend: SKIP (fr=true syn=false hasRead=true)
[2026-07-29T11:22:45.827Z] LiveUpdateForge: EndTurn fallback flush
[2026-07-29T11:22:45.828Z] onEndTurn: naturalStop=false toolCalls=12 nudgeMsg=no
[2026-07-29T11:22:46.060Z] LiveUpdateForge: AfterToolExec flush
[2026-07-29T11:22:46.088Z] InitialReadForge.onBeforeSend: SKIP (fr=true syn=false hasRead=true)
[2026-07-29T11:23:04.622Z] LiveUpdateForge: EndTurn fallback flush
[2026-07-29T11:23:04.623Z] onEndTurn: naturalStop=false toolCalls=13 nudgeMsg=no
[2026-07-29T11:23:22.559Z] LiveUpdateForge: AfterToolExec flush
[2026-07-29T11:23:22.606Z] InitialReadForge.onBeforeSend: SKIP (fr=true syn=false hasRead=true)
[2026-07-29T11:23:27.256Z] LiveUpdateForge: EndTurn fallback flush
[2026-07-29T11:23:27.257Z] onEndTurn: naturalStop=false toolCalls=14 nudgeMsg=no
[2026-07-29T11:23:27.855Z] LiveUpdateForge: AfterToolExec flush
[2026-07-29T11:23:27.895Z] InitialReadForge.onBeforeSend: SKIP (fr=true syn=false hasRead=true)
[2026-07-29T11:23:31.709Z] LiveUpdateForge: EndTurn fallback flush
[2026-07-29T11:23:31.709Z] onEndTurn: naturalStop=false toolCalls=15 nudgeMsg=no
[2026-07-29T11:23:31.978Z] LiveUpdateForge: AfterToolExec flush
[2026-07-29T11:23:32.005Z] InitialReadForge.onBeforeSend: SKIP (fr=true syn=false hasRead=true)
[2026-07-29T11:23:36.723Z] LiveUpdateForge: EndTurn fallback flush
[2026-07-29T11:23:36.723Z] onEndTurn: naturalStop=false toolCalls=16 nudgeMsg=no
[2026-07-29T11:23:36.732Z] LiveUpdateForge: AfterToolExec flush
[2026-07-29T11:23:36.761Z] InitialReadForge.onBeforeSend: SKIP (fr=true syn=false hasRead=true)
[2026-07-29T11:23:42.662Z] LiveUpdateForge: EndTurn fallback flush
[2026-07-29T11:23:42.662Z] onEndTurn: naturalStop=false toolCalls=17 nudgeMsg=no
[2026-07-29T11:23:43.088Z] LiveUpdateForge: AfterToolExec flush
[2026-07-29T11:23:43.115Z] InitialReadForge.onBeforeSend: SKIP (fr=true syn=false hasRead=true)
[2026-07-29T11:23:49.171Z] LiveUpdateForge: EndTurn fallback flush
[2026-07-29T11:23:49.171Z] onEndTurn: naturalStop=false toolCalls=18 nudgeMsg=no
[2026-07-29T11:23:50.017Z] LiveUpdateForge: AfterToolExec flush
[2026-07-29T11:23:50.045Z] InitialReadForge.onBeforeSend: SKIP (fr=true syn=false hasRead=true)
[2026-07-29T11:23:56.731Z] LiveUpdateForge: EndTurn fallback flush
[2026-07-29T11:23:56.731Z] onEndTurn: naturalStop=false toolCalls=19 nudgeMsg=no
[2026-07-29T11:23:56.841Z] LiveUpdateForge: AfterToolExec flush
[2026-07-29T11:23:56.869Z] InitialReadForge.onBeforeSend: SKIP (fr=true syn=false hasRead=true)
[2026-07-29T11:23:59.933Z] LiveUpdateForge: EndTurn fallback flush
[2026-07-29T11:23:59.933Z] onEndTurn: naturalStop=false toolCalls=20 nudgeMsg=no
[2026-07-29T11:24:00.595Z] LiveUpdateForge: AfterToolExec flush
[2026-07-29T11:24:00.630Z] InitialReadForge.onBeforeSend: SKIP (fr=true syn=false hasRead=true)
[2026-07-29T11:24:03.593Z] LiveUpdateForge: EndTurn fallback flush
[2026-07-29T11:24:03.594Z] onEndTurn: naturalStop=false toolCalls=21 nudgeMsg=no
[2026-07-29T11:24:03.743Z] LiveUpdateForge: AfterToolExec flush
[2026-07-29T11:24:03.783Z] InitialReadForge.onBeforeSend: SKIP (fr=true syn=false hasRead=true)
[2026-07-29T11:24:07.414Z] LiveUpdateForge: EndTurn fallback flush
[2026-07-29T11:24:07.415Z] onEndTurn: naturalStop=false toolCalls=22 nudgeMsg=no
[2026-07-29T11:24:17.463Z] LiveUpdateForge: AfterToolExec flush
[2026-07-29T11:24:17.505Z] InitialReadForge.onBeforeSend: SKIP (fr=true syn=false hasRead=true)
[2026-07-29T11:24:22.609Z] LiveUpdateForge: EndTurn fallback flush
[2026-07-29T11:24:22.609Z] onEndTurn: naturalStop=false toolCalls=23 nudgeMsg=no
[2026-07-29T11:24:23.205Z] LiveUpdateForge: AfterToolExec flush
[2026-07-29T11:24:23.234Z] InitialReadForge.onBeforeSend: SKIP (fr=true syn=false hasRead=true)
[2026-07-29T11:24:28.571Z] LiveUpdateForge: EndTurn fallback flush
[2026-07-29T11:24:28.571Z] onEndTurn: naturalStop=true toolCalls=24 nudgeMsg=no
[2026-07-29T11:25:51.965Z] ResumeDiffForge: running checkResumeConsistency
[2026-07-29T11:25:51.966Z] checkResumeConsistency: forgedTimestamps=[]
[2026-07-29T11:25:51.972Z] checkResumeConsistency: no changes detected
[2026-07-29T11:25:51.972Z] LiveUpdateForge: session reset, allowLiveUpdate = false
[2026-07-29T11:25:51.972Z] NudgeForge: ResumeComplete — restoring count from history
[2026-07-29T11:25:51.973Z] restoreNudgeCountFromHistory: found last write at idx=247 count=24
[2026-07-29T11:25:52.024Z] LiveUpdateForge: allowLiveUpdate = true (first real BeforeSend)
[2026-07-29T11:25:52.025Z] InitialReadForge.onBeforeSend: SKIP (fr=false syn=false hasRead=true)
[2026-07-29T11:26:53.128Z] LiveUpdateForge: EndTurn fallback flush
[2026-07-29T11:26:53.129Z] onEndTurn: naturalStop=false toolCalls=24 nudgeMsg=no
[2026-07-29T11:26:53.944Z] LiveUpdateForge: AfterToolExec flush
[2026-07-29T11:26:53.981Z] InitialReadForge.onBeforeSend: SKIP (fr=true syn=false hasRead=true)
[2026-07-29T11:27:01.765Z] LiveUpdateForge: EndTurn fallback flush
[2026-07-29T11:27:01.766Z] onEndTurn: naturalStop=true toolCalls=25 nudgeMsg=no
[2026-07-29T11:27:48.099Z] ResumeDiffForge: running checkResumeConsistency
[2026-07-29T11:27:48.099Z] checkResumeConsistency: forgedTimestamps=[]
[2026-07-29T11:27:48.105Z] checkResumeConsistency: no changes detected
[2026-07-29T11:27:48.105Z] LiveUpdateForge: session reset, allowLiveUpdate = false
[2026-07-29T11:27:48.106Z] NudgeForge: ResumeComplete — restoring count from history
[2026-07-29T11:27:48.106Z] restoreNudgeCountFromHistory: found last write at idx=247 count=25
[2026-07-29T11:27:48.154Z] LiveUpdateForge: allowLiveUpdate = true (first real BeforeSend)
[2026-07-29T11:27:48.155Z] InitialReadForge.onBeforeSend: SKIP (fr=false syn=false hasRead=true)
[2026-07-29T11:30:02.839Z] LiveUpdateForge: EndTurn fallback flush
[2026-07-29T11:30:02.839Z] onEndTurn: naturalStop=false toolCalls=25 nudgeMsg=no
[2026-07-29T11:30:02.884Z] InitialReadForge.onBeforeSend: SKIP (fr=true syn=false hasRead=true)
[2026-07-29T11:30:28.344Z] LiveUpdateForge: EndTurn fallback flush
[2026-07-29T11:30:28.345Z] onEndTurn: naturalStop=false toolCalls=25 nudgeMsg=no
[2026-07-29T11:30:28.393Z] LiveUpdateForge: AfterToolExec flush
[2026-07-29T11:30:28.420Z] InitialReadForge.onBeforeSend: SKIP (fr=true syn=false hasRead=true)
[2026-07-29T11:31:04.881Z] LiveUpdateForge: EndTurn fallback flush
[2026-07-29T11:31:04.881Z] onEndTurn: naturalStop=true toolCalls=26 nudgeMsg=no
[2026-07-29T11:43:15.600Z] MemoryForge: attached 5 listener(s)
[2026-07-29T11:43:15.600Z] InitialReadForge: armed one-shot BeforeSend after NewSessionStart
[2026-07-29T11:43:15.600Z] LiveUpdateForge: session reset, allowLiveUpdate = false
[2026-07-29T11:43:15.668Z] LiveUpdateForge: session reset, allowLiveUpdate = false
[2026-07-29T11:43:15.674Z] ResumeDiffForge: running checkResumeConsistency
[2026-07-29T11:43:15.675Z] checkResumeConsistency: forgedTimestamps=[]
[2026-07-29T11:43:15.682Z] checkResumeConsistency: no changes detected
[2026-07-29T11:43:15.682Z] LiveUpdateForge: session reset, allowLiveUpdate = false
[2026-07-29T11:43:15.683Z] NudgeForge: ResumeComplete — restoring count from history
[2026-07-29T11:43:15.684Z] restoreNudgeCountFromHistory: no reset point found, count=22
[2026-07-29T11:43:16.004Z] ResumeDiffForge: running checkResumeConsistency
[2026-07-29T11:43:16.005Z] checkResumeConsistency: forgedTimestamps=[]
[2026-07-29T11:43:16.010Z] checkResumeConsistency: no changes detected
[2026-07-29T11:43:16.010Z] LiveUpdateForge: session reset, allowLiveUpdate = false
[2026-07-29T11:43:16.011Z] NudgeForge: ResumeComplete — restoring count from history
[2026-07-29T11:43:16.011Z] restoreNudgeCountFromHistory: no reset point found, count=22
[2026-07-29T11:43:16.056Z] ResumeDiffForge: running checkResumeConsistency
[2026-07-29T11:43:16.056Z] checkResumeConsistency: forgedTimestamps=[]
[2026-07-29T11:43:16.063Z] checkResumeConsistency: no changes detected
[2026-07-29T11:43:16.063Z] LiveUpdateForge: session reset, allowLiveUpdate = false
[2026-07-29T11:43:16.063Z] NudgeForge: ResumeComplete — restoring count from history
[2026-07-29T11:43:16.063Z] restoreNudgeCountFromHistory: no reset point found, count=22
[2026-07-29T11:43:16.451Z] MemoryForge: attached 5 listener(s)
[2026-07-29T11:43:16.451Z] InitialReadForge: armed one-shot BeforeSend after NewSessionStart
[2026-07-29T11:43:16.452Z] LiveUpdateForge: session reset, allowLiveUpdate = false
[2026-07-29T11:43:16.453Z] MemoryForge: detached all listeners
[2026-07-29T11:43:16.454Z] ResumeDiffForge: running checkResumeConsistency
[2026-07-29T11:43:16.454Z] checkResumeConsistency: forgedTimestamps=[]
[2026-07-29T11:43:16.479Z] checkResumeConsistency: no changes detected
[2026-07-29T11:43:16.479Z] LiveUpdateForge: session reset, allowLiveUpdate = false
[2026-07-29T11:43:16.479Z] NudgeForge: ResumeComplete — restoring count from history
[2026-07-29T11:43:16.480Z] restoreNudgeCountFromHistory: no reset point found, count=22
[2026-07-29T11:43:16.500Z] LiveUpdateForge: allowLiveUpdate = true (first real BeforeSend)
[2026-07-29T11:43:16.500Z] InitialReadForge.onBeforeSend: SKIP (fr=false syn=false hasRead=true)
[2026-07-29T11:43:26.915Z] LiveUpdateForge: EndTurn fallback flush
[2026-07-29T11:43:26.915Z] onEndTurn: naturalStop=false toolCalls=22 nudgeMsg=no
[2026-07-29T11:44:17.747Z] LiveUpdateForge: AfterToolExec flush
[2026-07-29T11:44:17.771Z] InitialReadForge.onBeforeSend: SKIP (fr=true syn=false hasRead=true)
[2026-07-29T11:44:27.195Z] LiveUpdateForge: EndTurn fallback flush
[2026-07-29T11:44:27.195Z] onEndTurn: naturalStop=false toolCalls=23 nudgeMsg=no
[2026-07-29T11:44:27.233Z] LiveUpdateForge: AfterToolExec flush
[2026-07-29T11:44:30.780Z] LiveUpdateForge: AfterToolExec flush
[2026-07-29T11:44:30.781Z] LiveUpdateForge: AfterToolExec flush
[2026-07-29T11:44:30.798Z] InitialReadForge.onBeforeSend: SKIP (fr=true syn=false hasRead=true)
[2026-07-29T11:44:39.621Z] LiveUpdateForge: EndTurn fallback flush
[2026-07-29T11:44:39.621Z] onEndTurn: naturalStop=false toolCalls=26 nudgeMsg=no
[2026-07-29T11:44:39.634Z] LiveUpdateForge: AfterToolExec flush
[2026-07-29T11:44:39.635Z] LiveUpdateForge: AfterToolExec flush
[2026-07-29T11:44:39.636Z] LiveUpdateForge: AfterToolExec flush
[2026-07-29T11:44:39.659Z] InitialReadForge.onBeforeSend: SKIP (fr=true syn=false hasRead=true)
[2026-07-29T11:44:46.089Z] LiveUpdateForge: EndTurn fallback flush
[2026-07-29T11:44:46.090Z] onEndTurn: naturalStop=false toolCalls=29 nudgeMsg=no
[2026-07-29T11:44:46.095Z] LiveUpdateForge: AfterToolExec flush
[2026-07-29T11:44:46.115Z] InitialReadForge.onBeforeSend: SKIP (fr=true syn=false hasRead=true)
[2026-07-29T11:44:57.663Z] LiveUpdateForge: EndTurn fallback flush
[2026-07-29T11:44:57.664Z] onEndTurn: naturalStop=false toolCalls=30 nudgeMsg=no
[2026-07-29T11:44:58.195Z] LiveUpdateForge: AfterToolExec flush
[2026-07-29T11:44:59.168Z] LiveUpdateForge: AfterToolExec flush
[2026-07-29T11:44:59.191Z] InitialReadForge.onBeforeSend: SKIP (fr=true syn=false hasRead=true)
[2026-07-29T11:45:02.653Z] LiveUpdateForge: EndTurn fallback flush
[2026-07-29T11:45:02.653Z] onEndTurn: naturalStop=false toolCalls=32 nudgeMsg=no
[2026-07-29T11:45:09.140Z] LiveUpdateForge: AfterToolExec flush
[2026-07-29T11:45:09.163Z] InitialReadForge.onBeforeSend: SKIP (fr=true syn=false hasRead=true)
[2026-07-29T11:45:17.736Z] LiveUpdateForge: EndTurn fallback flush
[2026-07-29T11:45:17.736Z] onEndTurn: naturalStop=false toolCalls=33 nudgeMsg=no
[2026-07-29T11:45:18.316Z] LiveUpdateForge: AfterToolExec flush
[2026-07-29T11:45:18.316Z] LiveUpdateForge: AfterToolExec flush
[2026-07-29T11:45:18.353Z] InitialReadForge.onBeforeSend: SKIP (fr=true syn=false hasRead=true)
[2026-07-29T11:45:24.183Z] LiveUpdateForge: EndTurn fallback flush
[2026-07-29T11:45:24.183Z] onEndTurn: naturalStop=false toolCalls=35 nudgeMsg=no
[2026-07-29T11:45:24.302Z] LiveUpdateForge: AfterToolExec flush
[2026-07-29T11:45:24.326Z] InitialReadForge.onBeforeSend: SKIP (fr=true syn=false hasRead=true)
[2026-07-29T11:45:31.780Z] LiveUpdateForge: EndTurn fallback flush
[2026-07-29T11:45:31.780Z] onEndTurn: naturalStop=true toolCalls=36 nudgeMsg=no
[2026-07-29T12:55:00.714Z] MemoryForge: attached 5 listener(s)
[2026-07-29T12:55:00.714Z] InitialReadForge: armed one-shot BeforeSend after NewSessionStart
[2026-07-29T12:55:00.715Z] LiveUpdateForge: session reset, allowLiveUpdate = false
[2026-07-29T12:55:01.108Z] LiveUpdateForge: session reset, allowLiveUpdate = false
[2026-07-29T12:55:01.138Z] ResumeDiffForge: running checkResumeConsistency
[2026-07-29T12:55:01.139Z] checkResumeConsistency: forgedTimestamps=[]
[2026-07-29T12:55:01.145Z] checkResumeConsistency: no changes detected
[2026-07-29T12:55:01.145Z] LiveUpdateForge: session reset, allowLiveUpdate = false
[2026-07-29T12:55:01.145Z] NudgeForge: ResumeComplete — restoring count from history
[2026-07-29T12:55:01.146Z] restoreNudgeCountFromHistory: found last write at idx=247 count=27
[2026-07-29T12:55:01.852Z] ResumeDiffForge: running checkResumeConsistency
[2026-07-29T12:55:01.852Z] checkResumeConsistency: forgedTimestamps=[]
[2026-07-29T12:55:01.858Z] checkResumeConsistency: no changes detected
[2026-07-29T12:55:01.859Z] LiveUpdateForge: session reset, allowLiveUpdate = false
[2026-07-29T12:55:01.859Z] NudgeForge: ResumeComplete — restoring count from history
[2026-07-29T12:55:01.860Z] restoreNudgeCountFromHistory: found last write at idx=247 count=27
[2026-07-29T12:55:01.984Z] ResumeDiffForge: running checkResumeConsistency
[2026-07-29T12:55:01.985Z] checkResumeConsistency: forgedTimestamps=[]
[2026-07-29T12:55:01.993Z] checkResumeConsistency: no changes detected
[2026-07-29T12:55:01.993Z] LiveUpdateForge: session reset, allowLiveUpdate = false
[2026-07-29T12:55:01.993Z] NudgeForge: ResumeComplete — restoring count from history
[2026-07-29T12:55:01.994Z] restoreNudgeCountFromHistory: found last write at idx=247 count=27
[2026-07-29T12:55:03.622Z] MemoryForge: attached 5 listener(s)
[2026-07-29T12:55:03.622Z] InitialReadForge: armed one-shot BeforeSend after NewSessionStart
[2026-07-29T12:55:03.622Z] LiveUpdateForge: session reset, allowLiveUpdate = false
[2026-07-29T12:55:03.629Z] MemoryForge: detached all listeners
[2026-07-29T12:55:03.630Z] ResumeDiffForge: running checkResumeConsistency
[2026-07-29T12:55:03.630Z] checkResumeConsistency: forgedTimestamps=[]
[2026-07-29T12:55:03.669Z] checkResumeConsistency: no changes detected
[2026-07-29T12:55:03.669Z] LiveUpdateForge: session reset, allowLiveUpdate = false
[2026-07-29T12:55:03.669Z] NudgeForge: ResumeComplete — restoring count from history
[2026-07-29T12:55:03.670Z] restoreNudgeCountFromHistory: found last write at idx=247 count=27
[2026-07-29T12:55:03.693Z] LiveUpdateForge: allowLiveUpdate = true (first real BeforeSend)
[2026-07-29T12:55:03.694Z] InitialReadForge.onBeforeSend: SKIP (fr=false syn=false hasRead=true)
[2026-07-29T12:57:17.512Z] LiveUpdateForge: EndTurn fallback flush
[2026-07-29T12:57:17.512Z] onEndTurn: naturalStop=false toolCalls=27 nudgeMsg=no
[2026-07-29T12:57:51.930Z] LiveUpdateForge: AfterToolExec flush
[2026-07-29T12:57:51.968Z] InitialReadForge.onBeforeSend: SKIP (fr=true syn=false hasRead=true)
[2026-07-29T12:59:23.578Z] LiveUpdateForge: EndTurn fallback flush
[2026-07-29T12:59:23.578Z] onEndTurn: naturalStop=false toolCalls=28 nudgeMsg=no
[2026-07-29T12:59:36.111Z] LiveUpdateForge: AfterToolExec flush
[2026-07-29T12:59:36.146Z] InitialReadForge.onBeforeSend: SKIP (fr=true syn=false hasRead=true)
[2026-07-29T12:59:52.880Z] LiveUpdateForge: EndTurn fallback flush
[2026-07-29T12:59:52.881Z] onEndTurn: naturalStop=false toolCalls=29 nudgeMsg=no
[2026-07-29T12:59:53.433Z] LiveUpdateForge: AfterToolExec flush
[2026-07-29T12:59:53.466Z] InitialReadForge.onBeforeSend: SKIP (fr=true syn=false hasRead=true)
[2026-07-29T13:00:22.803Z] LiveUpdateForge: EndTurn fallback flush
[2026-07-29T13:00:22.803Z] onEndTurn: naturalStop=false toolCalls=30 nudgeMsg=no
[2026-07-29T13:00:30.355Z] LiveUpdateForge: AfterToolExec flush
[2026-07-29T13:00:30.390Z] InitialReadForge.onBeforeSend: SKIP (fr=true syn=false hasRead=true)
[2026-07-29T13:00:52.977Z] LiveUpdateForge: EndTurn fallback flush
[2026-07-29T13:00:52.977Z] onEndTurn: naturalStop=false toolCalls=31 nudgeMsg=no
[2026-07-29T13:01:03.945Z] LiveUpdateForge: AfterToolExec flush
[2026-07-29T13:01:03.979Z] InitialReadForge.onBeforeSend: SKIP (fr=true syn=false hasRead=true)
[2026-07-29T13:01:39.608Z] LiveUpdateForge: EndTurn fallback flush
[2026-07-29T13:01:39.608Z] onEndTurn: naturalStop=false toolCalls=32 nudgeMsg=no
[2026-07-29T13:01:47.246Z] LiveUpdateForge: AfterToolExec flush
[2026-07-29T13:01:47.282Z] InitialReadForge.onBeforeSend: SKIP (fr=true syn=false hasRead=true)
[2026-07-29T13:02:09.152Z] LiveUpdateForge: EndTurn fallback flush
[2026-07-29T13:02:09.152Z] onEndTurn: naturalStop=false toolCalls=33 nudgeMsg=no
[2026-07-29T13:02:15.937Z] LiveUpdateForge: AfterToolExec flush
[2026-07-29T13:02:15.974Z] InitialReadForge.onBeforeSend: SKIP (fr=true syn=false hasRead=true)
[2026-07-29T13:03:25.735Z] LiveUpdateForge: EndTurn fallback flush
[2026-07-29T13:03:25.735Z] onEndTurn: naturalStop=false toolCalls=34 nudgeMsg=no
[2026-07-29T13:03:34.470Z] LiveUpdateForge: AfterToolExec flush
[2026-07-29T13:03:34.506Z] InitialReadForge.onBeforeSend: SKIP (fr=true syn=false hasRead=true)
[2026-07-29T13:04:13.485Z] LiveUpdateForge: EndTurn fallback flush
[2026-07-29T13:04:13.485Z] onEndTurn: naturalStop=true toolCalls=35 nudgeMsg=no
[2026-07-29T13:29:26.129Z] MemoryForge: attached 5 listener(s)
[2026-07-29T13:29:26.129Z] InitialReadForge: armed one-shot BeforeSend after NewSessionStart
[2026-07-29T13:29:26.130Z] LiveUpdateForge: session reset, allowLiveUpdate = false
[2026-07-29T13:31:13.044Z] MemoryForge: attached 5 listener(s)
[2026-07-29T13:31:13.044Z] InitialReadForge: armed one-shot BeforeSend after NewSessionStart
[2026-07-29T13:31:13.044Z] LiveUpdateForge: session reset, allowLiveUpdate = false
[2026-07-29T13:31:13.045Z] MemoryForge: detached all listeners
[2026-07-29T13:31:13.046Z] ResumeDiffForge: no read_memory in history, backfilling forge
[2026-07-29T13:31:13.148Z] recordForgedToolExchange: toolName=read_memory callId=resume-forge-read-memory-backfill
[2026-07-29T13:31:13.180Z] recordForgedToolExchange: recordMessage + recordToolCalls persisted
[2026-07-29T13:31:13.181Z] injectForgedHistory: role=user preview=""
[2026-07-29T13:31:13.197Z] injectForgedHistory: recordMessage persisted
[2026-07-29T13:31:13.201Z] ResumeDiffForge: backfilled read_memory and baseline for 2 raw + 2 provider file(s)
[2026-07-29T13:31:13.201Z] LiveUpdateForge: session reset, allowLiveUpdate = false
[2026-07-29T13:31:13.202Z] NudgeForge: ResumeComplete — restoring count from history
[2026-07-29T13:31:13.202Z] restoreNudgeCountFromHistory: no reset point found, count=0
[2026-07-29T13:31:13.217Z] LiveUpdateForge: allowLiveUpdate = true (first real BeforeSend)
[2026-07-29T13:31:13.218Z] InitialReadForge.onBeforeSend: SKIP (fr=false syn=false hasRead=true)
[2026-07-29T13:31:21.948Z] LiveUpdateForge: EndTurn fallback flush
[2026-07-29T13:31:21.949Z] onEndTurn: naturalStop=false toolCalls=0 nudgeMsg=no
[2026-07-29T13:31:21.970Z] LiveUpdateForge: AfterToolExec flush
[2026-07-29T13:31:21.989Z] InitialReadForge.onBeforeSend: SKIP (fr=true syn=false hasRead=true)
[2026-07-29T13:31:32.124Z] LiveUpdateForge: EndTurn fallback flush
[2026-07-29T13:31:32.125Z] onEndTurn: naturalStop=false toolCalls=1 nudgeMsg=no
[2026-07-29T13:31:32.155Z] LiveUpdateForge: AfterToolExec flush
[2026-07-29T13:31:32.176Z] LiveUpdateForge: AfterToolExec flush
[2026-07-29T13:31:32.195Z] InitialReadForge.onBeforeSend: SKIP (fr=true syn=false hasRead=true)
[2026-07-29T13:31:39.743Z] LiveUpdateForge: EndTurn fallback flush
[2026-07-29T13:31:39.743Z] onEndTurn: naturalStop=false toolCalls=3 nudgeMsg=no
[2026-07-29T13:31:39.840Z] LiveUpdateForge: AfterToolExec flush
[2026-07-29T13:31:39.840Z] LiveUpdateForge: AfterToolExec flush
[2026-07-29T13:31:39.946Z] LiveUpdateForge: AfterToolExec flush
[2026-07-29T13:31:39.949Z] LiveUpdateForge: AfterToolExec flush
[2026-07-29T13:31:39.953Z] LiveUpdateForge: AfterToolExec flush
[2026-07-29T13:31:39.976Z] LiveUpdateForge: AfterToolExec flush
[2026-07-29T13:31:39.979Z] LiveUpdateForge: AfterToolExec flush
[2026-07-29T13:31:40.014Z] InitialReadForge.onBeforeSend: SKIP (fr=true syn=false hasRead=true)
[2026-07-29T13:31:49.190Z] LiveUpdateForge: EndTurn fallback flush
[2026-07-29T13:31:49.191Z] onEndTurn: naturalStop=false toolCalls=10 nudgeMsg=no
[2026-07-29T13:31:49.267Z] LiveUpdateForge: AfterToolExec flush
[2026-07-29T13:31:49.268Z] LiveUpdateForge: AfterToolExec flush
[2026-07-29T13:32:02.155Z] MemoryForge: attached 5 listener(s)
[2026-07-29T13:32:02.155Z] InitialReadForge: armed one-shot BeforeSend after NewSessionStart
[2026-07-29T13:32:02.155Z] LiveUpdateForge: session reset, allowLiveUpdate = false
[2026-07-29T13:32:02.547Z] LiveUpdateForge: session reset, allowLiveUpdate = false
[2026-07-29T13:32:02.574Z] ResumeDiffForge: running checkResumeConsistency
[2026-07-29T13:32:02.575Z] checkResumeConsistency: forgedTimestamps=[]
[2026-07-29T13:32:02.581Z] checkResumeConsistency: no changes detected
[2026-07-29T13:32:02.582Z] LiveUpdateForge: session reset, allowLiveUpdate = false
[2026-07-29T13:32:02.582Z] NudgeForge: ResumeComplete — restoring count from history
[2026-07-29T13:32:02.583Z] restoreNudgeCountFromHistory: found last write at idx=247 count=35
[2026-07-29T13:32:03.069Z] MemoryForge: attached 5 listener(s)
[2026-07-29T13:32:03.069Z] InitialReadForge: armed one-shot BeforeSend after NewSessionStart
[2026-07-29T13:32:03.070Z] LiveUpdateForge: session reset, allowLiveUpdate = false
[2026-07-29T13:32:03.226Z] LiveUpdateForge: session reset, allowLiveUpdate = false
[2026-07-29T13:32:03.234Z] ResumeDiffForge: running checkResumeConsistency
[2026-07-29T13:32:03.235Z] checkResumeConsistency: forgedTimestamps=[]
[2026-07-29T13:32:03.244Z] checkResumeConsistency: no changes detected
[2026-07-29T13:32:03.245Z] LiveUpdateForge: session reset, allowLiveUpdate = false
[2026-07-29T13:32:03.245Z] NudgeForge: ResumeComplete — restoring count from history
[2026-07-29T13:32:03.246Z] restoreNudgeCountFromHistory: no reset point found, count=36
[2026-07-29T13:32:07.366Z] LiveUpdateForge: AfterToolExec flush
[2026-07-29T13:32:07.401Z] InitialReadForge.onBeforeSend: SKIP (fr=true syn=false hasRead=true)
[2026-07-29T13:32:11.671Z] LiveUpdateForge: EndTurn fallback flush
[2026-07-29T13:32:11.672Z] onEndTurn: naturalStop=false toolCalls=13 nudgeMsg=no
[2026-07-29T13:32:11.681Z] LiveUpdateForge: AfterToolExec flush
[2026-07-29T13:32:11.682Z] LiveUpdateForge: AfterToolExec flush
[2026-07-29T13:32:11.705Z] InitialReadForge.onBeforeSend: SKIP (fr=true syn=false hasRead=true)
[2026-07-29T13:37:12.124Z] LiveUpdateForge: EndTurn fallback flush
[2026-07-29T13:37:12.124Z] onEndTurn: naturalStop=false toolCalls=15 nudgeMsg=no
[2026-07-29T13:37:12.150Z] LiveUpdateForge: AfterToolExec flush
[2026-07-29T13:37:12.175Z] LiveUpdateForge: AfterToolExec flush
[2026-07-29T13:37:12.200Z] InitialReadForge.onBeforeSend: SKIP (fr=true syn=false hasRead=true)
[2026-07-29T13:37:19.879Z] LiveUpdateForge: EndTurn fallback flush
[2026-07-29T13:37:19.880Z] onEndTurn: naturalStop=false toolCalls=17 nudgeMsg=no
[2026-07-29T13:37:19.905Z] LiveUpdateForge: AfterToolExec flush
[2026-07-29T13:37:19.932Z] InitialReadForge.onBeforeSend: SKIP (fr=true syn=false hasRead=true)
[2026-07-29T13:37:42.270Z] LiveUpdateForge: EndTurn fallback flush
[2026-07-29T13:37:42.271Z] onEndTurn: naturalStop=false toolCalls=18 nudgeMsg=no
[2026-07-29T13:37:42.293Z] LiveUpdateForge: AfterToolExec flush
[2026-07-29T13:37:42.321Z] InitialReadForge.onBeforeSend: SKIP (fr=true syn=false hasRead=true)
[2026-07-29T13:37:48.114Z] LiveUpdateForge: EndTurn fallback flush
[2026-07-29T13:37:48.114Z] onEndTurn: naturalStop=false toolCalls=19 nudgeMsg=no
[2026-07-29T13:37:48.146Z] LiveUpdateForge: AfterToolExec flush
[2026-07-29T13:37:48.147Z] LiveUpdateForge: AfterToolExec flush
[2026-07-29T13:37:48.147Z] LiveUpdateForge: AfterToolExec flush
[2026-07-29T13:37:48.174Z] InitialReadForge.onBeforeSend: SKIP (fr=true syn=false hasRead=true)
[2026-07-29T13:37:52.543Z] LiveUpdateForge: EndTurn fallback flush
[2026-07-29T13:37:52.544Z] onEndTurn: naturalStop=false toolCalls=22 nudgeMsg=no
[2026-07-29T13:37:52.547Z] LiveUpdateForge: AfterToolExec flush
[2026-07-29T13:37:52.572Z] InitialReadForge.onBeforeSend: SKIP (fr=true syn=false hasRead=true)
[2026-07-29T13:37:56.829Z] LiveUpdateForge: EndTurn fallback flush
[2026-07-29T13:37:56.829Z] onEndTurn: naturalStop=false toolCalls=23 nudgeMsg=no
[2026-07-29T13:37:56.835Z] LiveUpdateForge: AfterToolExec flush
[2026-07-29T13:37:56.860Z] InitialReadForge.onBeforeSend: SKIP (fr=true syn=false hasRead=true)
[2026-07-29T13:38:02.845Z] LiveUpdateForge: EndTurn fallback flush
[2026-07-29T13:38:02.845Z] onEndTurn: naturalStop=false toolCalls=24 nudgeMsg=no
[2026-07-29T13:38:02.887Z] LiveUpdateForge: AfterToolExec flush
[2026-07-29T13:38:02.911Z] InitialReadForge.onBeforeSend: SKIP (fr=true syn=false hasRead=true)
[2026-07-29T13:38:11.912Z] LiveUpdateForge: EndTurn fallback flush
[2026-07-29T13:38:11.913Z] onEndTurn: naturalStop=false toolCalls=25 nudgeMsg=no
[2026-07-29T13:38:11.917Z] LiveUpdateForge: AfterToolExec flush
[2026-07-29T13:38:11.949Z] InitialReadForge.onBeforeSend: SKIP (fr=true syn=false hasRead=true)
[2026-07-29T13:38:16.633Z] LiveUpdateForge: EndTurn fallback flush
[2026-07-29T13:38:16.634Z] onEndTurn: naturalStop=false toolCalls=26 nudgeMsg=no
[2026-07-29T13:38:16.699Z] LiveUpdateForge: AfterToolExec flush
[2026-07-29T13:38:16.729Z] InitialReadForge.onBeforeSend: SKIP (fr=true syn=false hasRead=true)
[2026-07-29T13:38:22.543Z] LiveUpdateForge: EndTurn fallback flush
[2026-07-29T13:38:22.543Z] onEndTurn: naturalStop=false toolCalls=27 nudgeMsg=no
[2026-07-29T13:38:22.558Z] LiveUpdateForge: AfterToolExec flush
[2026-07-29T13:38:22.580Z] LiveUpdateForge: AfterToolExec flush
[2026-07-29T13:38:22.626Z] InitialReadForge.onBeforeSend: SKIP (fr=true syn=false hasRead=true)
[2026-07-29T13:38:31.077Z] LiveUpdateForge: EndTurn fallback flush
[2026-07-29T13:38:31.078Z] onEndTurn: naturalStop=false toolCalls=29 nudgeMsg=no
[2026-07-29T13:38:31.083Z] LiveUpdateForge: AfterToolExec flush
[2026-07-29T13:38:53.447Z] LiveUpdateForge: AfterToolExec flush
[2026-07-29T13:38:53.476Z] InitialReadForge.onBeforeSend: SKIP (fr=true syn=false hasRead=true)
[2026-07-29T13:38:59.445Z] LiveUpdateForge: EndTurn fallback flush
[2026-07-29T13:38:59.445Z] onEndTurn: naturalStop=false toolCalls=31 nudgeMsg=no
[2026-07-29T13:38:59.449Z] LiveUpdateForge: AfterToolExec flush
[2026-07-29T13:38:59.476Z] InitialReadForge.onBeforeSend: SKIP (fr=true syn=false hasRead=true)
[2026-07-29T13:39:04.346Z] LiveUpdateForge: EndTurn fallback flush
[2026-07-29T13:39:04.346Z] onEndTurn: naturalStop=false toolCalls=32 nudgeMsg=no
[2026-07-29T13:39:04.553Z] LiveUpdateForge: AfterToolExec flush
[2026-07-29T13:39:04.583Z] InitialReadForge.onBeforeSend: SKIP (fr=true syn=false hasRead=true)
[2026-07-29T13:39:15.455Z] LiveUpdateForge: EndTurn fallback flush
[2026-07-29T13:39:15.455Z] onEndTurn: naturalStop=false toolCalls=33 nudgeMsg=no
[2026-07-29T13:39:15.488Z] InitialReadForge.onBeforeSend: SKIP (fr=true syn=false hasRead=true)
[2026-07-29T13:39:29.325Z] LiveUpdateForge: EndTurn fallback flush
[2026-07-29T13:39:29.325Z] onEndTurn: naturalStop=false toolCalls=33 nudgeMsg=no
[2026-07-29T13:39:29.525Z] LiveUpdateForge: AfterToolExec flush
[2026-07-29T13:39:30.089Z] LiveUpdateForge: AfterToolExec flush
[2026-07-29T13:39:30.090Z] LiveUpdateForge: AfterToolExec flush
[2026-07-29T13:39:30.090Z] LiveUpdateForge: AfterToolExec flush
[2026-07-29T13:39:30.090Z] LiveUpdateForge: AfterToolExec flush
[2026-07-29T13:39:30.091Z] LiveUpdateForge: AfterToolExec flush
[2026-07-29T13:39:30.091Z] LiveUpdateForge: AfterToolExec flush
[2026-07-29T13:39:30.091Z] LiveUpdateForge: AfterToolExec flush
[2026-07-29T13:39:30.092Z] LiveUpdateForge: AfterToolExec flush
[2026-07-29T13:39:30.120Z] InitialReadForge.onBeforeSend: SKIP (fr=true syn=false hasRead=true)
[2026-07-29T13:39:33.414Z] LiveUpdateForge: EndTurn fallback flush
[2026-07-29T13:39:33.414Z] onEndTurn: naturalStop=false toolCalls=42 nudgeMsg=no
[2026-07-29T13:39:33.419Z] LiveUpdateForge: AfterToolExec flush
[2026-07-29T13:39:33.774Z] LiveUpdateForge: AfterToolExec flush
[2026-07-29T13:39:33.806Z] InitialReadForge.onBeforeSend: SKIP (fr=true syn=false hasRead=true)
[2026-07-29T13:39:38.910Z] LiveUpdateForge: EndTurn fallback flush
[2026-07-29T13:39:38.910Z] onEndTurn: naturalStop=false toolCalls=44 nudgeMsg=no
[2026-07-29T13:39:38.913Z] LiveUpdateForge: AfterToolExec flush
[2026-07-29T13:39:40.409Z] LiveUpdateForge: AfterToolExec flush
[2026-07-29T13:39:40.440Z] InitialReadForge.onBeforeSend: SKIP (fr=true syn=false hasRead=true)
[2026-07-29T13:39:44.774Z] LiveUpdateForge: EndTurn fallback flush
[2026-07-29T13:39:44.774Z] onEndTurn: naturalStop=false toolCalls=46 nudgeMsg=no
[2026-07-29T13:39:44.808Z] LiveUpdateForge: AfterToolExec flush
[2026-07-29T13:39:44.836Z] InitialReadForge.onBeforeSend: SKIP (fr=true syn=false hasRead=true)
[2026-07-29T13:39:47.188Z] LiveUpdateForge: EndTurn fallback flush
[2026-07-29T13:39:47.188Z] onEndTurn: naturalStop=false toolCalls=47 nudgeMsg=no
[2026-07-29T13:39:47.388Z] LiveUpdateForge: AfterToolExec flush
[2026-07-29T13:39:47.422Z] InitialReadForge.onBeforeSend: SKIP (fr=true syn=false hasRead=true)
[2026-07-29T13:40:06.438Z] LiveUpdateForge: EndTurn fallback flush
[2026-07-29T13:40:06.439Z] onEndTurn: naturalStop=false toolCalls=48 nudgeMsg=no
[2026-07-29T13:40:13.471Z] LiveUpdateForge: AfterToolExec flush
[2026-07-29T13:40:13.504Z] InitialReadForge.onBeforeSend: SKIP (fr=true syn=false hasRead=true)
[2026-07-29T13:40:20.921Z] LiveUpdateForge: EndTurn fallback flush
[2026-07-29T13:40:20.922Z] onEndTurn: naturalStop=false toolCalls=49 nudgeMsg=no
[2026-07-29T13:40:23.388Z] LiveUpdateForge: AfterToolExec flush
[2026-07-29T13:40:23.417Z] InitialReadForge.onBeforeSend: SKIP (fr=true syn=false hasRead=true)
[2026-07-29T13:40:33.005Z] LiveUpdateForge: EndTurn fallback flush
[2026-07-29T13:40:33.005Z] onEndTurn: naturalStop=false toolCalls=50 nudgeMsg=no
[2026-07-29T13:40:33.156Z] LiveUpdateForge: AfterToolExec flush
[2026-07-29T13:40:33.191Z] InitialReadForge.onBeforeSend: SKIP (fr=true syn=false hasRead=true)
[2026-07-29T13:40:37.654Z] LiveUpdateForge: EndTurn fallback flush
[2026-07-29T13:40:37.655Z] onEndTurn: naturalStop=false toolCalls=51 nudgeMsg=no
[2026-07-29T13:40:47.129Z] LiveUpdateForge: AfterToolExec flush
[2026-07-29T13:40:47.164Z] InitialReadForge.onBeforeSend: SKIP (fr=true syn=false hasRead=true)
[2026-07-29T13:40:57.950Z] LiveUpdateForge: EndTurn fallback flush
[2026-07-29T13:40:57.951Z] onEndTurn: naturalStop=false toolCalls=52 nudgeMsg=no
[2026-07-29T13:40:57.966Z] LiveUpdateForge: AfterToolExec flush
[2026-07-29T13:40:57.998Z] InitialReadForge.onBeforeSend: SKIP (fr=true syn=false hasRead=true)
[2026-07-29T13:41:02.117Z] LiveUpdateForge: EndTurn fallback flush
[2026-07-29T13:41:02.117Z] onEndTurn: naturalStop=false toolCalls=53 nudgeMsg=no
[2026-07-29T13:41:02.805Z] LiveUpdateForge: AfterToolExec flush
[2026-07-29T13:41:02.834Z] InitialReadForge.onBeforeSend: SKIP (fr=true syn=false hasRead=true)
[2026-07-29T13:41:05.492Z] LiveUpdateForge: EndTurn fallback flush
[2026-07-29T13:41:05.493Z] onEndTurn: naturalStop=false toolCalls=54 nudgeMsg=no
[2026-07-29T13:41:05.868Z] LiveUpdateForge: AfterToolExec flush
[2026-07-29T13:41:05.902Z] InitialReadForge.onBeforeSend: SKIP (fr=true syn=false hasRead=true)
[2026-07-29T13:41:09.735Z] LiveUpdateForge: EndTurn fallback flush
[2026-07-29T13:41:09.735Z] onEndTurn: naturalStop=false toolCalls=55 nudgeMsg=no
[2026-07-29T13:41:09.738Z] LiveUpdateForge: AfterToolExec flush
[2026-07-29T13:41:09.770Z] InitialReadForge.onBeforeSend: SKIP (fr=true syn=false hasRead=true)
[2026-07-29T13:41:17.663Z] LiveUpdateForge: EndTurn fallback flush
[2026-07-29T13:41:17.663Z] onEndTurn: naturalStop=true toolCalls=0 nudgeMsg=YES
[2026-07-29T13:41:17.669Z] InitialReadForge.onBeforeSend: SKIP (fr=false syn=false hasRead=true)
[2026-07-29T13:41:34.378Z] LiveUpdateForge: EndTurn fallback flush
[2026-07-29T13:41:34.378Z] onEndTurn: naturalStop=true toolCalls=0 nudgeMsg=no
[2026-07-29T23:24:41.296Z] MemoryForge: attached 5 listener(s)
[2026-07-29T23:24:41.298Z] InitialReadForge: armed one-shot BeforeSend after NewSessionStart
[2026-07-29T23:24:41.298Z] LiveUpdateForge: session reset, allowLiveUpdate = false
[2026-07-29T23:24:44.110Z] MemoryForge: attached 5 listener(s)
[2026-07-29T23:24:44.111Z] InitialReadForge: armed one-shot BeforeSend after NewSessionStart
[2026-07-29T23:24:44.111Z] LiveUpdateForge: session reset, allowLiveUpdate = false
[2026-07-29T23:28:40.146Z] MemoryForge: attached 5 listener(s)
[2026-07-29T23:28:40.146Z] InitialReadForge: armed one-shot BeforeSend after NewSessionStart
[2026-07-29T23:28:40.146Z] LiveUpdateForge: session reset, allowLiveUpdate = false
[2026-07-29T23:28:40.147Z] MemoryForge: detached all listeners
[2026-07-29T23:28:40.148Z] ResumeDiffForge: no read_memory in history, backfilling forge
[2026-07-29T23:28:40.237Z] recordForgedToolExchange: toolName=read_memory callId=resume-forge-read-memory-backfill
[2026-07-29T23:28:40.271Z] recordForgedToolExchange: recordMessage + recordToolCalls persisted
[2026-07-29T23:28:40.271Z] injectForgedHistory: role=user preview=""
[2026-07-29T23:28:40.286Z] injectForgedHistory: recordMessage persisted
[2026-07-29T23:28:40.291Z] ResumeDiffForge: backfilled read_memory and baseline for 2 raw + 2 provider file(s)
[2026-07-29T23:28:40.291Z] LiveUpdateForge: session reset, allowLiveUpdate = false
[2026-07-29T23:28:40.291Z] NudgeForge: ResumeComplete — restoring count from history
[2026-07-29T23:28:40.292Z] restoreNudgeCountFromHistory: no reset point found, count=0
[2026-07-29T23:28:40.313Z] LiveUpdateForge: allowLiveUpdate = true (first real BeforeSend)
[2026-07-29T23:28:40.313Z] InitialReadForge.onBeforeSend: SKIP (fr=false syn=false hasRead=true)
[2026-07-29T23:28:43.585Z] LiveUpdateForge: EndTurn fallback flush
[2026-07-29T23:28:43.586Z] onEndTurn: naturalStop=false toolCalls=0 nudgeMsg=no
[2026-07-29T23:28:43.655Z] LiveUpdateForge: AfterToolExec flush
[2026-07-29T23:28:43.658Z] LiveUpdateForge: AfterToolExec flush
[2026-07-29T23:28:43.711Z] LiveUpdateForge: AfterToolExec flush
[2026-07-29T23:28:43.735Z] InitialReadForge.onBeforeSend: SKIP (fr=true syn=false hasRead=true)
[2026-07-29T23:28:49.010Z] LiveUpdateForge: EndTurn fallback flush
[2026-07-29T23:28:49.010Z] onEndTurn: naturalStop=false toolCalls=3 nudgeMsg=no
[2026-07-29T23:28:55.891Z] LiveUpdateForge: AfterToolExec flush
[2026-07-29T23:28:56.337Z] LiveUpdateForge: AfterToolExec flush
[2026-07-29T23:28:56.340Z] LiveUpdateForge: AfterToolExec flush
[2026-07-29T23:28:56.363Z] InitialReadForge.onBeforeSend: SKIP (fr=true syn=false hasRead=true)
[2026-07-29T23:29:04.232Z] LiveUpdateForge: EndTurn fallback flush
[2026-07-29T23:29:04.232Z] onEndTurn: naturalStop=false toolCalls=6 nudgeMsg=no
[2026-07-29T23:29:07.207Z] LiveUpdateForge: AfterToolExec flush
[2026-07-29T23:29:07.617Z] LiveUpdateForge: AfterToolExec flush
[2026-07-29T23:29:07.639Z] InitialReadForge.onBeforeSend: SKIP (fr=true syn=false hasRead=true)
[2026-07-29T23:29:15.110Z] LiveUpdateForge: EndTurn fallback flush
[2026-07-29T23:29:15.110Z] onEndTurn: naturalStop=false toolCalls=8 nudgeMsg=no
[2026-07-29T23:29:18.037Z] LiveUpdateForge: AfterToolExec flush
[2026-07-29T23:29:18.093Z] LiveUpdateForge: AfterToolExec flush
[2026-07-29T23:29:18.117Z] InitialReadForge.onBeforeSend: SKIP (fr=true syn=false hasRead=true)
[2026-07-29T23:29:26.930Z] LiveUpdateForge: EndTurn fallback flush
[2026-07-29T23:29:26.930Z] onEndTurn: naturalStop=false toolCalls=10 nudgeMsg=no
[2026-07-29T23:29:32.260Z] LiveUpdateForge: AfterToolExec flush
[2026-07-29T23:29:32.512Z] LiveUpdateForge: AfterToolExec flush
[2026-07-29T23:29:32.538Z] InitialReadForge.onBeforeSend: SKIP (fr=true syn=false hasRead=true)
[2026-07-29T23:29:35.552Z] MemoryForge: attached 5 listener(s)
[2026-07-29T23:29:35.553Z] InitialReadForge: armed one-shot BeforeSend after NewSessionStart
[2026-07-29T23:29:35.553Z] LiveUpdateForge: session reset, allowLiveUpdate = false
[2026-07-29T23:29:41.047Z] LiveUpdateForge: EndTurn fallback flush
[2026-07-29T23:29:41.047Z] onEndTurn: naturalStop=false toolCalls=12 nudgeMsg=no
[2026-07-29T23:30:05.271Z] LiveUpdateForge: AfterToolExec flush
[2026-07-29T23:30:05.307Z] InitialReadForge.onBeforeSend: SKIP (fr=true syn=false hasRead=true)
[2026-07-29T23:30:11.863Z] LiveUpdateForge: EndTurn fallback flush
[2026-07-29T23:30:11.863Z] onEndTurn: naturalStop=false toolCalls=13 nudgeMsg=no
[2026-07-29T23:30:53.179Z] MemoryForge: attached 5 listener(s)
[2026-07-29T23:30:53.179Z] InitialReadForge: armed one-shot BeforeSend after NewSessionStart
[2026-07-29T23:30:53.179Z] LiveUpdateForge: session reset, allowLiveUpdate = false
[2026-07-29T23:30:53.180Z] MemoryForge: detached all listeners
[2026-07-29T23:30:53.181Z] ResumeDiffForge: no read_memory in history, backfilling forge
[2026-07-29T23:30:53.279Z] recordForgedToolExchange: toolName=read_memory callId=resume-forge-read-memory-backfill
[2026-07-29T23:30:53.315Z] recordForgedToolExchange: recordMessage + recordToolCalls persisted
[2026-07-29T23:30:53.315Z] injectForgedHistory: role=user preview=""
[2026-07-29T23:30:53.330Z] injectForgedHistory: recordMessage persisted
[2026-07-29T23:30:53.335Z] ResumeDiffForge: backfilled read_memory and baseline for 2 raw + 2 provider file(s)
[2026-07-29T23:30:53.335Z] LiveUpdateForge: session reset, allowLiveUpdate = false
[2026-07-29T23:30:53.335Z] NudgeForge: ResumeComplete — restoring count from history
[2026-07-29T23:30:53.336Z] restoreNudgeCountFromHistory: no reset point found, count=0
[2026-07-29T23:30:53.358Z] LiveUpdateForge: allowLiveUpdate = true (first real BeforeSend)
[2026-07-29T23:30:53.359Z] InitialReadForge.onBeforeSend: SKIP (fr=false syn=false hasRead=true)
[2026-07-29T23:30:58.471Z] LiveUpdateForge: AfterToolExec flush
[2026-07-29T23:30:58.793Z] LiveUpdateForge: AfterToolExec flush
[2026-07-29T23:30:58.821Z] InitialReadForge.onBeforeSend: SKIP (fr=true syn=false hasRead=true)
[2026-07-29T23:31:01.514Z] LiveUpdateForge: EndTurn fallback flush
[2026-07-29T23:31:01.515Z] onEndTurn: naturalStop=false toolCalls=0 nudgeMsg=no
[2026-07-29T23:31:06.191Z] LiveUpdateForge: EndTurn fallback flush
[2026-07-29T23:31:06.192Z] onEndTurn: naturalStop=false toolCalls=15 nudgeMsg=no
[2026-07-29T23:31:06.197Z] LiveUpdateForge: AfterToolExec flush
[2026-07-29T23:31:06.232Z] InitialReadForge.onBeforeSend: SKIP (fr=true syn=false hasRead=true)
[2026-07-29T23:31:10.326Z] LiveUpdateForge: EndTurn fallback flush
[2026-07-29T23:31:10.327Z] onEndTurn: naturalStop=false toolCalls=16 nudgeMsg=no
[2026-07-29T23:31:10.334Z] LiveUpdateForge: AfterToolExec flush
[2026-07-29T23:31:10.357Z] InitialReadForge.onBeforeSend: SKIP (fr=true syn=false hasRead=true)
[2026-07-29T23:31:13.502Z] LiveUpdateForge: EndTurn fallback flush
[2026-07-29T23:31:13.503Z] onEndTurn: naturalStop=false toolCalls=17 nudgeMsg=no
[2026-07-29T23:31:16.289Z] LiveUpdateForge: AfterToolExec flush
[2026-07-29T23:31:16.318Z] InitialReadForge.onBeforeSend: SKIP (fr=true syn=false hasRead=true)
[2026-07-29T23:31:18.639Z] LiveUpdateForge: EndTurn fallback flush
[2026-07-29T23:31:18.639Z] onEndTurn: naturalStop=false toolCalls=18 nudgeMsg=no
[2026-07-29T23:31:18.647Z] LiveUpdateForge: AfterToolExec flush
[2026-07-29T23:31:18.674Z] InitialReadForge.onBeforeSend: SKIP (fr=true syn=false hasRead=true)
[2026-07-29T23:31:22.250Z] LiveUpdateForge: EndTurn fallback flush
[2026-07-29T23:31:22.250Z] onEndTurn: naturalStop=false toolCalls=19 nudgeMsg=no
[2026-07-29T23:31:22.335Z] LiveUpdateForge: AfterToolExec flush
[2026-07-29T23:31:22.363Z] InitialReadForge.onBeforeSend: SKIP (fr=true syn=false hasRead=true)
[2026-07-29T23:31:24.192Z] LiveUpdateForge: EndTurn fallback flush
[2026-07-29T23:31:24.192Z] onEndTurn: naturalStop=false toolCalls=20 nudgeMsg=no
[2026-07-29T23:31:24.243Z] LiveUpdateForge: AfterToolExec flush
[2026-07-29T23:31:24.269Z] InitialReadForge.onBeforeSend: SKIP (fr=true syn=false hasRead=true)
[2026-07-29T23:31:29.043Z] LiveUpdateForge: EndTurn fallback flush
[2026-07-29T23:31:29.043Z] onEndTurn: naturalStop=true toolCalls=21 nudgeMsg=no
[2026-07-29T23:32:11.607Z] ResumeDiffForge: running checkResumeConsistency
[2026-07-29T23:32:11.608Z] checkResumeConsistency: forgedTimestamps=[]
[2026-07-29T23:32:11.617Z] checkResumeConsistency: no changes detected
[2026-07-29T23:32:11.617Z] LiveUpdateForge: session reset, allowLiveUpdate = false
[2026-07-29T23:32:11.618Z] NudgeForge: ResumeComplete — restoring count from history
[2026-07-29T23:32:11.618Z] restoreNudgeCountFromHistory: no reset point found, count=21
[2026-07-29T23:32:11.649Z] LiveUpdateForge: allowLiveUpdate = true (first real BeforeSend)
[2026-07-29T23:32:11.650Z] InitialReadForge.onBeforeSend: SKIP (fr=false syn=false hasRead=true)
[2026-07-29T23:32:15.132Z] LiveUpdateForge: EndTurn fallback flush
[2026-07-29T23:32:15.132Z] onEndTurn: naturalStop=false toolCalls=21 nudgeMsg=no
[2026-07-29T23:32:18.533Z] LiveUpdateForge: AfterToolExec flush
[2026-07-29T23:32:18.878Z] LiveUpdateForge: AfterToolExec flush
[2026-07-29T23:32:18.900Z] InitialReadForge.onBeforeSend: SKIP (fr=true syn=false hasRead=true)
[2026-07-29T23:32:22.393Z] LiveUpdateForge: EndTurn fallback flush
[2026-07-29T23:32:22.393Z] onEndTurn: naturalStop=false toolCalls=23 nudgeMsg=no
[2026-07-29T23:32:26.262Z] LiveUpdateForge: AfterToolExec flush
[2026-07-29T23:32:26.288Z] InitialReadForge.onBeforeSend: SKIP (fr=true syn=false hasRead=true)
[2026-07-29T23:32:31.261Z] LiveUpdateForge: AfterToolExec flush
[2026-07-29T23:32:31.289Z] InitialReadForge.onBeforeSend: SKIP (fr=true syn=false hasRead=true)
[2026-07-29T23:32:32.107Z] LiveUpdateForge: EndTurn fallback flush
[2026-07-29T23:32:32.107Z] onEndTurn: naturalStop=false toolCalls=24 nudgeMsg=no
[2026-07-29T23:32:34.010Z] LiveUpdateForge: AfterToolExec flush
[2026-07-29T23:32:34.033Z] InitialReadForge.onBeforeSend: SKIP (fr=true syn=false hasRead=true)
[2026-07-29T23:32:37.150Z] LiveUpdateForge: EndTurn fallback flush
[2026-07-29T23:32:37.151Z] onEndTurn: naturalStop=false toolCalls=25 nudgeMsg=no
[2026-07-29T23:32:39.906Z] LiveUpdateForge: EndTurn fallback flush
[2026-07-29T23:32:39.907Z] onEndTurn: naturalStop=false toolCalls=1 nudgeMsg=no
[2026-07-29T23:32:40.821Z] LiveUpdateForge: AfterToolExec flush
[2026-07-29T23:32:40.845Z] InitialReadForge.onBeforeSend: SKIP (fr=true syn=false hasRead=true)
[2026-07-29T23:32:47.938Z] LiveUpdateForge: EndTurn fallback flush
[2026-07-29T23:32:47.938Z] onEndTurn: naturalStop=false toolCalls=26 nudgeMsg=no
[2026-07-29T23:32:51.263Z] LiveUpdateForge: AfterToolExec flush
[2026-07-29T23:33:48.829Z] MemoryForge: attached 5 listener(s)
[2026-07-29T23:33:48.829Z] InitialReadForge: armed one-shot BeforeSend after NewSessionStart
[2026-07-29T23:33:48.830Z] LiveUpdateForge: session reset, allowLiveUpdate = false
[2026-07-29T23:33:50.813Z] LiveUpdateForge: AfterToolExec flush
[2026-07-29T23:33:50.839Z] InitialReadForge.onBeforeSend: SKIP (fr=true syn=false hasRead=true)
[2026-07-29T23:33:51.794Z] LiveUpdateForge: AfterToolExec flush
[2026-07-29T23:33:51.821Z] InitialReadForge.onBeforeSend: SKIP (fr=true syn=false hasRead=true)
[2026-07-29T23:33:57.172Z] LiveUpdateForge: EndTurn fallback flush
[2026-07-29T23:33:57.173Z] onEndTurn: naturalStop=false toolCalls=28 nudgeMsg=no
[2026-07-29T23:33:57.740Z] LiveUpdateForge: AfterToolExec flush
[2026-07-29T23:33:57.764Z] InitialReadForge.onBeforeSend: SKIP (fr=true syn=false hasRead=true)
[2026-07-29T23:34:02.655Z] LiveUpdateForge: EndTurn fallback flush
[2026-07-29T23:34:02.655Z] onEndTurn: naturalStop=false toolCalls=29 nudgeMsg=no
[2026-07-29T23:34:02.684Z] LiveUpdateForge: AfterToolExec flush
[2026-07-29T23:34:02.707Z] InitialReadForge.onBeforeSend: SKIP (fr=true syn=false hasRead=true)
[2026-07-29T23:34:02.842Z] LiveUpdateForge: EndTurn fallback flush
[2026-07-29T23:34:02.843Z] onEndTurn: naturalStop=false toolCalls=2 nudgeMsg=no
[2026-07-29T23:34:04.901Z] LiveUpdateForge: EndTurn fallback flush
[2026-07-29T23:34:04.901Z] onEndTurn: naturalStop=false toolCalls=30 nudgeMsg=no
[2026-07-29T23:34:04.938Z] LiveUpdateForge: AfterToolExec flush
[2026-07-29T23:34:04.962Z] InitialReadForge.onBeforeSend: SKIP (fr=true syn=false hasRead=true)
[2026-07-29T23:34:07.197Z] LiveUpdateForge: EndTurn fallback flush
[2026-07-29T23:34:07.197Z] onEndTurn: naturalStop=false toolCalls=31 nudgeMsg=no
[2026-07-29T23:34:10.512Z] LiveUpdateForge: AfterToolExec flush
[2026-07-29T23:34:10.542Z] InitialReadForge.onBeforeSend: SKIP (fr=true syn=false hasRead=true)
[2026-07-29T23:34:11.088Z] LiveUpdateForge: AfterToolExec flush
[2026-07-29T23:34:11.112Z] InitialReadForge.onBeforeSend: SKIP (fr=true syn=false hasRead=true)
[2026-07-29T23:34:12.625Z] LiveUpdateForge: EndTurn fallback flush
[2026-07-29T23:34:12.626Z] onEndTurn: naturalStop=false toolCalls=32 nudgeMsg=no
[2026-07-29T23:34:12.811Z] LiveUpdateForge: AfterToolExec flush
[2026-07-29T23:34:12.838Z] InitialReadForge.onBeforeSend: SKIP (fr=true syn=false hasRead=true)
[2026-07-29T23:34:18.716Z] LiveUpdateForge: EndTurn fallback flush
[2026-07-29T23:34:18.716Z] onEndTurn: naturalStop=false toolCalls=3 nudgeMsg=no
[2026-07-29T23:34:19.676Z] LiveUpdateForge: EndTurn fallback flush
[2026-07-29T23:34:19.676Z] onEndTurn: naturalStop=false toolCalls=33 nudgeMsg=no
[2026-07-29T23:34:20.335Z] LiveUpdateForge: AfterToolExec flush
[2026-07-29T23:34:20.361Z] InitialReadForge.onBeforeSend: SKIP (fr=true syn=false hasRead=true)
[2026-07-29T23:34:25.499Z] LiveUpdateForge: EndTurn fallback flush
[2026-07-29T23:34:25.499Z] onEndTurn: naturalStop=false toolCalls=34 nudgeMsg=no
[2026-07-29T23:34:25.874Z] LiveUpdateForge: AfterToolExec flush
[2026-07-29T23:34:25.900Z] InitialReadForge.onBeforeSend: SKIP (fr=true syn=false hasRead=true)
[2026-07-29T23:34:33.205Z] LiveUpdateForge: EndTurn fallback flush
[2026-07-29T23:34:33.206Z] onEndTurn: naturalStop=false toolCalls=35 nudgeMsg=no
[2026-07-29T23:34:33.630Z] LiveUpdateForge: AfterToolExec flush
[2026-07-29T23:34:33.658Z] InitialReadForge.onBeforeSend: SKIP (fr=true syn=false hasRead=true)
[2026-07-29T23:34:38.667Z] MemoryForge: attached 5 listener(s)
[2026-07-29T23:34:38.667Z] InitialReadForge: armed one-shot BeforeSend after NewSessionStart
[2026-07-29T23:34:38.667Z] LiveUpdateForge: session reset, allowLiveUpdate = false
[2026-07-29T23:34:39.222Z] MemoryForge: attached 5 listener(s)
[2026-07-29T23:34:39.222Z] InitialReadForge: armed one-shot BeforeSend after NewSessionStart
[2026-07-29T23:34:39.223Z] LiveUpdateForge: session reset, allowLiveUpdate = false
[2026-07-29T23:34:39.224Z] MemoryForge: detached all listeners
[2026-07-29T23:34:39.225Z] ResumeDiffForge: no read_memory in history, backfilling forge
[2026-07-29T23:34:39.338Z] recordForgedToolExchange: toolName=read_memory callId=resume-forge-read-memory-backfill
[2026-07-29T23:34:39.374Z] recordForgedToolExchange: recordMessage + recordToolCalls persisted
[2026-07-29T23:34:39.375Z] injectForgedHistory: role=user preview=""
[2026-07-29T23:34:39.392Z] injectForgedHistory: recordMessage persisted
[2026-07-29T23:34:39.398Z] ResumeDiffForge: backfilled read_memory and baseline for 2 raw + 2 provider file(s)
[2026-07-29T23:34:39.399Z] LiveUpdateForge: session reset, allowLiveUpdate = false
[2026-07-29T23:34:39.399Z] NudgeForge: ResumeComplete — restoring count from history
[2026-07-29T23:34:39.399Z] restoreNudgeCountFromHistory: no reset point found, count=0
[2026-07-29T23:34:39.416Z] LiveUpdateForge: allowLiveUpdate = true (first real BeforeSend)
[2026-07-29T23:34:39.416Z] InitialReadForge.onBeforeSend: SKIP (fr=false syn=false hasRead=true)
[2026-07-29T23:34:40.350Z] LiveUpdateForge: EndTurn fallback flush
[2026-07-29T23:34:40.350Z] onEndTurn: naturalStop=false toolCalls=36 nudgeMsg=no
[2026-07-29T23:34:42.737Z] LiveUpdateForge: EndTurn fallback flush
[2026-07-29T23:34:42.738Z] onEndTurn: naturalStop=false toolCalls=0 nudgeMsg=no
[2026-07-29T23:34:42.767Z] LiveUpdateForge: AfterToolExec flush
[2026-07-29T23:34:42.794Z] InitialReadForge.onBeforeSend: SKIP (fr=true syn=false hasRead=true)
[2026-07-29T23:34:43.831Z] LiveUpdateForge: AfterToolExec flush
[2026-07-29T23:34:43.858Z] InitialReadForge.onBeforeSend: SKIP (fr=true syn=false hasRead=true)
[2026-07-29T23:34:44.937Z] LiveUpdateForge: EndTurn fallback flush
[2026-07-29T23:34:44.938Z] onEndTurn: naturalStop=false toolCalls=1 nudgeMsg=no
[2026-07-29T23:34:44.948Z] LiveUpdateForge: AfterToolExec flush
[2026-07-29T23:34:44.970Z] InitialReadForge.onBeforeSend: SKIP (fr=true syn=false hasRead=true)
[2026-07-29T23:34:47.848Z] LiveUpdateForge: EndTurn fallback flush
[2026-07-29T23:34:47.849Z] onEndTurn: naturalStop=false toolCalls=2 nudgeMsg=no
[2026-07-29T23:34:48.454Z] LiveUpdateForge: AfterToolExec flush
[2026-07-29T23:34:48.530Z] InitialReadForge.onBeforeSend: SKIP (fr=true syn=false hasRead=true)
[2026-07-29T23:34:49.722Z] LiveUpdateForge: EndTurn fallback flush
[2026-07-29T23:34:49.722Z] onEndTurn: naturalStop=false toolCalls=3 nudgeMsg=no
[2026-07-29T23:34:49.732Z] LiveUpdateForge: AfterToolExec flush
[2026-07-29T23:34:49.789Z] InitialReadForge.onBeforeSend: SKIP (fr=true syn=false hasRead=true)
[2026-07-29T23:34:50.256Z] LiveUpdateForge: EndTurn fallback flush
[2026-07-29T23:34:50.256Z] onEndTurn: naturalStop=false toolCalls=37 nudgeMsg=no
[2026-07-29T23:34:54.432Z] LiveUpdateForge: AfterToolExec flush
[2026-07-29T23:34:54.457Z] InitialReadForge.onBeforeSend: SKIP (fr=true syn=false hasRead=true)
[2026-07-29T23:34:58.634Z] LiveUpdateForge: EndTurn fallback flush
[2026-07-29T23:34:58.635Z] onEndTurn: naturalStop=true toolCalls=38 nudgeMsg=no
[2026-07-29T23:34:59.533Z] LiveUpdateForge: EndTurn fallback flush
[2026-07-29T23:34:59.533Z] onEndTurn: naturalStop=false toolCalls=4 nudgeMsg=no
[2026-07-29T23:34:59.548Z] LiveUpdateForge: AfterToolExec flush
[2026-07-29T23:34:59.597Z] InitialReadForge.onBeforeSend: SKIP (fr=true syn=false hasRead=true)
[2026-07-29T23:35:00.598Z] LiveUpdateForge: EndTurn fallback flush
[2026-07-29T23:35:00.599Z] onEndTurn: naturalStop=false toolCalls=5 nudgeMsg=no
[2026-07-29T23:35:00.996Z] LiveUpdateForge: AfterToolExec flush
[2026-07-29T23:35:01.065Z] InitialReadForge.onBeforeSend: SKIP (fr=true syn=false hasRead=true)
[2026-07-29T23:35:02.646Z] LiveUpdateForge: EndTurn fallback flush
[2026-07-29T23:35:02.646Z] onEndTurn: naturalStop=false toolCalls=6 nudgeMsg=no
[2026-07-29T23:35:02.662Z] LiveUpdateForge: AfterToolExec flush
[2026-07-29T23:35:02.714Z] InitialReadForge.onBeforeSend: SKIP (fr=true syn=false hasRead=true)
[2026-07-29T23:35:05.421Z] LiveUpdateForge: EndTurn fallback flush
[2026-07-29T23:35:05.421Z] onEndTurn: naturalStop=false toolCalls=7 nudgeMsg=no
[2026-07-29T23:35:05.429Z] LiveUpdateForge: AfterToolExec flush
[2026-07-29T23:35:05.475Z] InitialReadForge.onBeforeSend: SKIP (fr=true syn=false hasRead=true)
[2026-07-29T23:35:07.293Z] LiveUpdateForge: EndTurn fallback flush
[2026-07-29T23:35:07.294Z] onEndTurn: naturalStop=false toolCalls=8 nudgeMsg=no
[2026-07-29T23:35:07.860Z] LiveUpdateForge: AfterToolExec flush
[2026-07-29T23:35:07.913Z] InitialReadForge.onBeforeSend: SKIP (fr=true syn=false hasRead=true)
[2026-07-29T23:35:08.992Z] LiveUpdateForge: EndTurn fallback flush
[2026-07-29T23:35:08.992Z] onEndTurn: naturalStop=false toolCalls=9 nudgeMsg=no
[2026-07-29T23:35:08.998Z] LiveUpdateForge: AfterToolExec flush
[2026-07-29T23:35:09.051Z] InitialReadForge.onBeforeSend: SKIP (fr=true syn=false hasRead=true)
[2026-07-29T23:35:09.147Z] LiveUpdateForge: AfterToolExec flush
[2026-07-29T23:35:09.183Z] InitialReadForge.onBeforeSend: SKIP (fr=true syn=false hasRead=true)
[2026-07-29T23:35:10.731Z] LiveUpdateForge: EndTurn fallback flush
[2026-07-29T23:35:10.732Z] onEndTurn: naturalStop=false toolCalls=10 nudgeMsg=no
[2026-07-29T23:35:10.735Z] LiveUpdateForge: AfterToolExec flush
[2026-07-29T23:35:10.802Z] InitialReadForge.onBeforeSend: SKIP (fr=true syn=false hasRead=true)
[2026-07-29T23:35:13.989Z] LiveUpdateForge: EndTurn fallback flush
[2026-07-29T23:35:13.989Z] onEndTurn: naturalStop=false toolCalls=11 nudgeMsg=no
[2026-07-29T23:35:14.504Z] LiveUpdateForge: AfterToolExec flush
[2026-07-29T23:35:14.566Z] InitialReadForge.onBeforeSend: SKIP (fr=true syn=false hasRead=true)
[2026-07-29T23:35:16.741Z] LiveUpdateForge: EndTurn fallback flush
[2026-07-29T23:35:16.742Z] onEndTurn: naturalStop=false toolCalls=12 nudgeMsg=no
[2026-07-29T23:35:16.748Z] LiveUpdateForge: AfterToolExec flush
[2026-07-29T23:35:16.803Z] InitialReadForge.onBeforeSend: SKIP (fr=true syn=false hasRead=true)
[2026-07-29T23:35:22.840Z] LiveUpdateForge: EndTurn fallback flush
[2026-07-29T23:35:22.840Z] onEndTurn: naturalStop=false toolCalls=13 nudgeMsg=no
[2026-07-29T23:35:23.228Z] LiveUpdateForge: AfterToolExec flush
[2026-07-29T23:35:23.292Z] InitialReadForge.onBeforeSend: SKIP (fr=true syn=false hasRead=true)
[2026-07-29T23:35:25.747Z] LiveUpdateForge: EndTurn fallback flush
[2026-07-29T23:35:25.747Z] onEndTurn: naturalStop=false toolCalls=4 nudgeMsg=no
[2026-07-29T23:35:25.762Z] LiveUpdateForge: AfterToolExec flush
[2026-07-29T23:35:25.867Z] LiveUpdateForge: AfterToolExec flush
[2026-07-29T23:35:25.892Z] InitialReadForge.onBeforeSend: SKIP (fr=true syn=false hasRead=true)
[2026-07-29T23:35:26.182Z] LiveUpdateForge: EndTurn fallback flush
[2026-07-29T23:35:26.183Z] onEndTurn: naturalStop=false toolCalls=14 nudgeMsg=no
[2026-07-29T23:35:26.193Z] LiveUpdateForge: AfterToolExec flush
[2026-07-29T23:35:26.245Z] InitialReadForge.onBeforeSend: SKIP (fr=true syn=false hasRead=true)
[2026-07-29T23:35:34.622Z] LiveUpdateForge: EndTurn fallback flush
[2026-07-29T23:35:34.623Z] onEndTurn: naturalStop=false toolCalls=15 nudgeMsg=no
[2026-07-29T23:35:34.627Z] LiveUpdateForge: AfterToolExec flush
[2026-07-29T23:35:34.688Z] InitialReadForge.onBeforeSend: SKIP (fr=true syn=false hasRead=true)
[2026-07-29T23:35:37.000Z] LiveUpdateForge: EndTurn fallback flush
[2026-07-29T23:35:37.000Z] onEndTurn: naturalStop=false toolCalls=16 nudgeMsg=no
[2026-07-29T23:35:37.006Z] LiveUpdateForge: AfterToolExec flush
[2026-07-29T23:35:37.071Z] InitialReadForge.onBeforeSend: SKIP (fr=true syn=false hasRead=true)
[2026-07-29T23:35:39.422Z] LiveUpdateForge: EndTurn fallback flush
[2026-07-29T23:35:39.422Z] onEndTurn: naturalStop=false toolCalls=17 nudgeMsg=no
[2026-07-29T23:35:39.425Z] LiveUpdateForge: AfterToolExec flush
[2026-07-29T23:35:39.474Z] InitialReadForge.onBeforeSend: SKIP (fr=true syn=false hasRead=true)
[2026-07-29T23:35:44.081Z] LiveUpdateForge: EndTurn fallback flush
[2026-07-29T23:35:44.081Z] onEndTurn: naturalStop=false toolCalls=18 nudgeMsg=no
[2026-07-29T23:35:44.085Z] LiveUpdateForge: AfterToolExec flush
[2026-07-29T23:35:44.136Z] InitialReadForge.onBeforeSend: SKIP (fr=true syn=false hasRead=true)
[2026-07-29T23:35:53.410Z] LiveUpdateForge: EndTurn fallback flush
[2026-07-29T23:35:53.411Z] onEndTurn: naturalStop=false toolCalls=6 nudgeMsg=no
[2026-07-29T23:35:53.425Z] LiveUpdateForge: AfterToolExec flush
[2026-07-29T23:35:54.745Z] LiveUpdateForge: AfterToolExec flush
[2026-07-29T23:35:54.776Z] InitialReadForge.onBeforeSend: SKIP (fr=true syn=false hasRead=true)
[2026-07-29T23:35:57.411Z] LiveUpdateForge: EndTurn fallback flush
[2026-07-29T23:35:57.412Z] onEndTurn: naturalStop=false toolCalls=19 nudgeMsg=no
[2026-07-29T23:35:57.620Z] LiveUpdateForge: AfterToolExec flush
[2026-07-29T23:35:57.675Z] InitialReadForge.onBeforeSend: SKIP (fr=true syn=false hasRead=true)
[2026-07-29T23:35:59.240Z] LiveUpdateForge: EndTurn fallback flush
[2026-07-29T23:35:59.240Z] onEndTurn: naturalStop=false toolCalls=8 nudgeMsg=no
[2026-07-29T23:35:59.250Z] LiveUpdateForge: AfterToolExec flush
[2026-07-29T23:35:59.366Z] LiveUpdateForge: AfterToolExec flush
[2026-07-29T23:35:59.399Z] InitialReadForge.onBeforeSend: SKIP (fr=true syn=false hasRead=true)
[2026-07-29T23:36:00.797Z] LiveUpdateForge: EndTurn fallback flush
[2026-07-29T23:36:00.844Z] onEndTurn: naturalStop=false toolCalls=20 nudgeMsg=no
[2026-07-29T23:36:00.848Z] LiveUpdateForge: AfterToolExec flush
[2026-07-29T23:36:01.112Z] InitialReadForge.onBeforeSend: SKIP (fr=true syn=false hasRead=true)
[2026-07-29T23:36:03.864Z] LiveUpdateForge: EndTurn fallback flush
[2026-07-29T23:36:03.865Z] onEndTurn: naturalStop=false toolCalls=21 nudgeMsg=no
[2026-07-29T23:36:04.250Z] LiveUpdateForge: AfterToolExec flush
[2026-07-29T23:36:04.306Z] InitialReadForge.onBeforeSend: SKIP (fr=true syn=false hasRead=true)
[2026-07-29T23:36:05.504Z] LiveUpdateForge: EndTurn fallback flush
[2026-07-29T23:36:05.504Z] onEndTurn: naturalStop=false toolCalls=22 nudgeMsg=no
[2026-07-29T23:36:05.507Z] LiveUpdateForge: AfterToolExec flush
[2026-07-29T23:36:05.571Z] InitialReadForge.onBeforeSend: SKIP (fr=true syn=false hasRead=true)
[2026-07-29T23:36:27.671Z] LiveUpdateForge: EndTurn fallback flush
[2026-07-29T23:36:27.671Z] onEndTurn: naturalStop=false toolCalls=23 nudgeMsg=no
[2026-07-29T23:36:29.705Z] LiveUpdateForge: EndTurn fallback flush
[2026-07-29T23:36:29.705Z] onEndTurn: naturalStop=false toolCalls=10 nudgeMsg=no
[2026-07-29T23:36:29.714Z] LiveUpdateForge: AfterToolExec flush
[2026-07-29T23:36:29.715Z] LiveUpdateForge: AfterToolExec flush
[2026-07-29T23:36:29.753Z] InitialReadForge.onBeforeSend: SKIP (fr=true syn=false hasRead=true)
[2026-07-29T23:36:47.311Z] LiveUpdateForge: AfterToolExec flush
[2026-07-29T23:36:47.390Z] InitialReadForge.onBeforeSend: SKIP (fr=true syn=false hasRead=true)
[2026-07-29T23:36:49.498Z] LiveUpdateForge: EndTurn fallback flush
[2026-07-29T23:36:49.499Z] onEndTurn: naturalStop=false toolCalls=24 nudgeMsg=no
[2026-07-29T23:36:49.533Z] LiveUpdateForge: AfterToolExec flush
[2026-07-29T23:36:49.590Z] InitialReadForge.onBeforeSend: SKIP (fr=true syn=false hasRead=true)
[2026-07-29T23:36:54.467Z] LiveUpdateForge: EndTurn fallback flush
[2026-07-29T23:36:54.468Z] onEndTurn: naturalStop=false toolCalls=25 nudgeMsg=no
[2026-07-29T23:36:54.471Z] LiveUpdateForge: AfterToolExec flush
[2026-07-29T23:36:54.528Z] InitialReadForge.onBeforeSend: SKIP (fr=true syn=false hasRead=true)
[2026-07-29T23:36:55.659Z] LiveUpdateForge: EndTurn fallback flush
[2026-07-29T23:36:55.659Z] onEndTurn: naturalStop=false toolCalls=26 nudgeMsg=no
[2026-07-29T23:36:55.662Z] LiveUpdateForge: AfterToolExec flush
[2026-07-29T23:36:55.715Z] InitialReadForge.onBeforeSend: SKIP (fr=true syn=false hasRead=true)
[2026-07-29T23:36:56.263Z] LiveUpdateForge: EndTurn fallback flush
[2026-07-29T23:36:56.263Z] onEndTurn: naturalStop=false toolCalls=12 nudgeMsg=no
[2026-07-29T23:36:57.413Z] LiveUpdateForge: EndTurn fallback flush
[2026-07-29T23:36:57.413Z] onEndTurn: naturalStop=false toolCalls=27 nudgeMsg=no
[2026-07-29T23:37:04.739Z] LiveUpdateForge: AfterToolExec flush
[2026-07-29T23:37:04.804Z] InitialReadForge.onBeforeSend: SKIP (fr=true syn=false hasRead=true)
[2026-07-29T23:37:07.580Z] LiveUpdateForge: EndTurn fallback flush
[2026-07-29T23:37:07.580Z] onEndTurn: naturalStop=false toolCalls=28 nudgeMsg=no
[2026-07-29T23:37:07.611Z] LiveUpdateForge: AfterToolExec flush
[2026-07-29T23:37:07.665Z] InitialReadForge.onBeforeSend: SKIP (fr=true syn=false hasRead=true)
[2026-07-29T23:37:09.517Z] LiveUpdateForge: EndTurn fallback flush
[2026-07-29T23:37:09.517Z] onEndTurn: naturalStop=false toolCalls=29 nudgeMsg=no
[2026-07-29T23:37:09.642Z] LiveUpdateForge: AfterToolExec flush
[2026-07-29T23:37:09.699Z] InitialReadForge.onBeforeSend: SKIP (fr=true syn=false hasRead=true)
[2026-07-29T23:37:11.984Z] LiveUpdateForge: EndTurn fallback flush
[2026-07-29T23:37:11.984Z] onEndTurn: naturalStop=false toolCalls=30 nudgeMsg=no
[2026-07-29T23:37:15.582Z] LiveUpdateForge: AfterToolExec flush
[2026-07-29T23:37:15.631Z] InitialReadForge.onBeforeSend: SKIP (fr=true syn=false hasRead=true)
[2026-07-29T23:37:25.519Z] LiveUpdateForge: EndTurn fallback flush
[2026-07-29T23:37:25.519Z] onEndTurn: naturalStop=false toolCalls=31 nudgeMsg=no
[2026-07-29T23:37:25.563Z] LiveUpdateForge: AfterToolExec flush
[2026-07-29T23:37:25.586Z] InitialReadForge.onBeforeSend: SKIP (fr=true syn=false hasRead=true)
[2026-07-29T23:37:26.692Z] LiveUpdateForge: AfterToolExec flush
[2026-07-29T23:37:26.742Z] InitialReadForge.onBeforeSend: SKIP (fr=true syn=false hasRead=true)
[2026-07-29T23:37:27.710Z] LiveUpdateForge: EndTurn fallback flush
[2026-07-29T23:37:27.710Z] onEndTurn: naturalStop=false toolCalls=32 nudgeMsg=no
[2026-07-29T23:37:30.073Z] LiveUpdateForge: AfterToolExec flush
[2026-07-29T23:37:30.098Z] InitialReadForge.onBeforeSend: SKIP (fr=true syn=false hasRead=true)
[2026-07-29T23:37:31.749Z] LiveUpdateForge: EndTurn fallback flush
[2026-07-29T23:37:31.749Z] onEndTurn: naturalStop=false toolCalls=13 nudgeMsg=no
[2026-07-29T23:37:31.901Z] LiveUpdateForge: AfterToolExec flush
[2026-07-29T23:37:31.911Z] LiveUpdateForge: AfterToolExec flush
[2026-07-29T23:37:31.912Z] LiveUpdateForge: AfterToolExec flush
[2026-07-29T23:37:31.954Z] InitialReadForge.onBeforeSend: SKIP (fr=true syn=false hasRead=true)
[2026-07-29T23:37:43.786Z] LiveUpdateForge: EndTurn fallback flush
[2026-07-29T23:37:43.787Z] onEndTurn: naturalStop=false toolCalls=33 nudgeMsg=no
[2026-07-29T23:37:45.745Z] LiveUpdateForge: AfterToolExec flush
[2026-07-29T23:37:45.768Z] InitialReadForge.onBeforeSend: SKIP (fr=true syn=false hasRead=true)
[2026-07-29T23:37:50.922Z] LiveUpdateForge: EndTurn fallback flush
[2026-07-29T23:37:50.922Z] onEndTurn: naturalStop=false toolCalls=16 nudgeMsg=no
[2026-07-29T23:37:51.252Z] LiveUpdateForge: AfterToolExec flush
[2026-07-29T23:37:51.338Z] LiveUpdateForge: AfterToolExec flush
[2026-07-29T23:37:51.409Z] InitialReadForge.onBeforeSend: SKIP (fr=true syn=false hasRead=true)
[2026-07-29T23:37:56.437Z] LiveUpdateForge: EndTurn fallback flush
[2026-07-29T23:37:56.437Z] onEndTurn: naturalStop=false toolCalls=18 nudgeMsg=no
[2026-07-29T23:37:56.445Z] LiveUpdateForge: AfterToolExec flush
[2026-07-29T23:37:56.492Z] InitialReadForge.onBeforeSend: SKIP (fr=true syn=false hasRead=true)
[2026-07-29T23:37:56.703Z] LiveUpdateForge: EndTurn fallback flush
[2026-07-29T23:37:56.703Z] onEndTurn: naturalStop=false toolCalls=34 nudgeMsg=no
[2026-07-29T23:37:56.726Z] LiveUpdateForge: AfterToolExec flush
[2026-07-29T23:37:56.753Z] InitialReadForge.onBeforeSend: SKIP (fr=true syn=false hasRead=true)
[2026-07-29T23:38:00.641Z] LiveUpdateForge: EndTurn fallback flush
[2026-07-29T23:38:00.642Z] onEndTurn: naturalStop=false toolCalls=19 nudgeMsg=no
[2026-07-29T23:38:00.659Z] LiveUpdateForge: EndTurn fallback flush
[2026-07-29T23:38:00.660Z] onEndTurn: naturalStop=false toolCalls=35 nudgeMsg=no
[2026-07-29T23:38:00.707Z] LiveUpdateForge: AfterToolExec flush
[2026-07-29T23:38:00.735Z] InitialReadForge.onBeforeSend: SKIP (fr=true syn=false hasRead=true)
[2026-07-29T23:38:00.772Z] LiveUpdateForge: AfterToolExec flush
[2026-07-29T23:38:00.831Z] LiveUpdateForge: AfterToolExec flush
[2026-07-29T23:38:00.872Z] InitialReadForge.onBeforeSend: SKIP (fr=true syn=false hasRead=true)
[2026-07-29T23:38:04.240Z] LiveUpdateForge: EndTurn fallback flush
[2026-07-29T23:38:04.241Z] onEndTurn: naturalStop=false toolCalls=36 nudgeMsg=no
[2026-07-29T23:38:04.266Z] LiveUpdateForge: AfterToolExec flush
[2026-07-29T23:38:04.294Z] InitialReadForge.onBeforeSend: SKIP (fr=true syn=false hasRead=true)
[2026-07-29T23:38:05.389Z] LiveUpdateForge: EndTurn fallback flush
[2026-07-29T23:38:05.389Z] onEndTurn: naturalStop=false toolCalls=37 nudgeMsg=no
[2026-07-29T23:38:06.340Z] LiveUpdateForge: AfterToolExec flush
[2026-07-29T23:38:06.365Z] InitialReadForge.onBeforeSend: SKIP (fr=true syn=false hasRead=true)
[2026-07-29T23:38:07.461Z] LiveUpdateForge: EndTurn fallback flush
[2026-07-29T23:38:07.462Z] onEndTurn: naturalStop=false toolCalls=38 nudgeMsg=no
[2026-07-29T23:38:07.567Z] LiveUpdateForge: AfterToolExec flush
[2026-07-29T23:38:07.592Z] InitialReadForge.onBeforeSend: SKIP (fr=true syn=false hasRead=true)
[2026-07-29T23:38:10.066Z] LiveUpdateForge: EndTurn fallback flush
[2026-07-29T23:38:10.066Z] onEndTurn: naturalStop=false toolCalls=39 nudgeMsg=no
[2026-07-29T23:38:18.821Z] LiveUpdateForge: AfterToolExec flush
[2026-07-29T23:38:18.850Z] InitialReadForge.onBeforeSend: SKIP (fr=true syn=false hasRead=true)
[2026-07-29T23:38:22.484Z] LiveUpdateForge: EndTurn fallback flush
[2026-07-29T23:38:22.484Z] onEndTurn: naturalStop=false toolCalls=40 nudgeMsg=no
[2026-07-29T23:38:22.500Z] LiveUpdateForge: AfterToolExec flush
[2026-07-29T23:38:22.527Z] InitialReadForge.onBeforeSend: SKIP (fr=true syn=false hasRead=true)
[2026-07-29T23:38:24.571Z] LiveUpdateForge: EndTurn fallback flush
[2026-07-29T23:38:24.572Z] onEndTurn: naturalStop=false toolCalls=41 nudgeMsg=no
[2026-07-29T23:38:25.122Z] LiveUpdateForge: AfterToolExec flush
[2026-07-29T23:38:25.147Z] InitialReadForge.onBeforeSend: SKIP (fr=true syn=false hasRead=true)
[2026-07-29T23:38:25.566Z] LiveUpdateForge: EndTurn fallback flush
[2026-07-29T23:38:25.566Z] onEndTurn: naturalStop=true toolCalls=21 nudgeMsg=no
[2026-07-29T23:38:26.317Z] LiveUpdateForge: EndTurn fallback flush
[2026-07-29T23:38:26.317Z] onEndTurn: naturalStop=false toolCalls=42 nudgeMsg=no
[2026-07-29T23:38:26.347Z] InitialReadForge.onBeforeSend: SKIP (fr=true syn=false hasRead=true)
[2026-07-29T23:38:28.852Z] LiveUpdateForge: EndTurn fallback flush
[2026-07-29T23:38:28.852Z] onEndTurn: naturalStop=false toolCalls=42 nudgeMsg=no
[2026-07-29T23:38:28.856Z] LiveUpdateForge: AfterToolExec flush
[2026-07-29T23:38:28.881Z] InitialReadForge.onBeforeSend: SKIP (fr=true syn=false hasRead=true)
[2026-07-29T23:38:32.102Z] LiveUpdateForge: EndTurn fallback flush
[2026-07-29T23:38:32.103Z] onEndTurn: naturalStop=true toolCalls=43 nudgeMsg=no
[2026-07-29T23:38:41.172Z] ResumeDiffForge: running checkResumeConsistency
[2026-07-29T23:38:41.172Z] checkResumeConsistency: forgedTimestamps=[]
[2026-07-29T23:38:41.178Z] checkResumeConsistency: no changes detected
[2026-07-29T23:38:41.179Z] LiveUpdateForge: session reset, allowLiveUpdate = false
[2026-07-29T23:38:41.179Z] NudgeForge: ResumeComplete — restoring count from history
[2026-07-29T23:38:41.179Z] restoreNudgeCountFromHistory: no reset point found, count=44
[2026-07-29T23:52:49.360Z] MemoryForge: attached 5 listener(s)
[2026-07-29T23:52:49.361Z] InitialReadForge: armed one-shot BeforeSend after NewSessionStart
[2026-07-29T23:52:49.361Z] LiveUpdateForge: session reset, allowLiveUpdate = false
[2026-07-29T23:53:00.127Z] MemoryForge: attached 5 listener(s)
[2026-07-29T23:53:00.127Z] InitialReadForge: armed one-shot BeforeSend after NewSessionStart
[2026-07-29T23:53:00.127Z] LiveUpdateForge: session reset, allowLiveUpdate = false
[2026-07-29T23:53:00.903Z] MemoryForge: attached 5 listener(s)
[2026-07-29T23:53:00.904Z] InitialReadForge: armed one-shot BeforeSend after NewSessionStart
[2026-07-29T23:53:00.904Z] LiveUpdateForge: session reset, allowLiveUpdate = false
[2026-07-29T23:53:00.905Z] MemoryForge: detached all listeners
[2026-07-29T23:53:00.905Z] ResumeDiffForge: no read_memory in history, backfilling forge
[2026-07-29T23:53:01.004Z] recordForgedToolExchange: toolName=read_memory callId=resume-forge-read-memory-backfill
[2026-07-29T23:53:01.038Z] recordForgedToolExchange: recordMessage + recordToolCalls persisted
[2026-07-29T23:53:01.039Z] injectForgedHistory: role=user preview=""
[2026-07-29T23:53:01.057Z] injectForgedHistory: recordMessage persisted
[2026-07-29T23:53:01.063Z] ResumeDiffForge: backfilled read_memory and baseline for 2 raw + 2 provider file(s)
[2026-07-29T23:53:01.064Z] LiveUpdateForge: session reset, allowLiveUpdate = false
[2026-07-29T23:53:01.064Z] NudgeForge: ResumeComplete — restoring count from history
[2026-07-29T23:53:01.064Z] restoreNudgeCountFromHistory: no reset point found, count=0
[2026-07-29T23:53:01.084Z] LiveUpdateForge: allowLiveUpdate = true (first real BeforeSend)
[2026-07-29T23:53:01.085Z] InitialReadForge.onBeforeSend: SKIP (fr=false syn=false hasRead=true)
[2026-07-29T23:53:04.802Z] LiveUpdateForge: EndTurn fallback flush
[2026-07-29T23:53:04.803Z] onEndTurn: naturalStop=false toolCalls=0 nudgeMsg=no
[2026-07-29T23:53:39.822Z] LiveUpdateForge: AfterToolExec flush
[2026-07-29T23:53:39.847Z] InitialReadForge.onBeforeSend: SKIP (fr=true syn=false hasRead=true)
[2026-07-29T23:53:43.403Z] LiveUpdateForge: EndTurn fallback flush
[2026-07-29T23:53:43.403Z] onEndTurn: naturalStop=false toolCalls=1 nudgeMsg=no
[2026-07-29T23:53:43.412Z] LiveUpdateForge: AfterToolExec flush
[2026-07-29T23:53:43.433Z] InitialReadForge.onBeforeSend: SKIP (fr=true syn=false hasRead=true)
[2026-07-29T23:53:45.094Z] LiveUpdateForge: EndTurn fallback flush
[2026-07-29T23:53:45.094Z] onEndTurn: naturalStop=false toolCalls=2 nudgeMsg=no
[2026-07-29T23:53:45.155Z] LiveUpdateForge: AfterToolExec flush
[2026-07-29T23:53:45.174Z] InitialReadForge.onBeforeSend: SKIP (fr=true syn=false hasRead=true)
[2026-07-29T23:53:46.341Z] LiveUpdateForge: EndTurn fallback flush
[2026-07-29T23:53:46.341Z] onEndTurn: naturalStop=false toolCalls=3 nudgeMsg=no
[2026-07-29T23:53:59.481Z] LiveUpdateForge: AfterToolExec flush
[2026-07-29T23:53:59.531Z] InitialReadForge.onBeforeSend: SKIP (fr=true syn=false hasRead=true)
[2026-07-29T23:54:00.881Z] LiveUpdateForge: EndTurn fallback flush
[2026-07-29T23:54:00.882Z] onEndTurn: naturalStop=true toolCalls=4 nudgeMsg=no
[2026-07-29T23:56:00.835Z] MemoryForge: attached 5 listener(s)
[2026-07-29T23:56:00.836Z] InitialReadForge: armed one-shot BeforeSend after NewSessionStart
[2026-07-29T23:56:00.836Z] LiveUpdateForge: session reset, allowLiveUpdate = false
[2026-07-29T23:56:00.902Z] LiveUpdateForge: session reset, allowLiveUpdate = false
[2026-07-29T23:56:00.906Z] ResumeDiffForge: running checkResumeConsistency
[2026-07-29T23:56:00.907Z] checkResumeConsistency: forgedTimestamps=[]
[2026-07-29T23:56:00.917Z] checkResumeConsistency: no changes detected
[2026-07-29T23:56:00.917Z] LiveUpdateForge: session reset, allowLiveUpdate = false
[2026-07-29T23:56:00.918Z] NudgeForge: ResumeComplete — restoring count from history
[2026-07-29T23:56:00.918Z] restoreNudgeCountFromHistory: no reset point found, count=4
[2026-07-29T23:56:01.691Z] MemoryForge: attached 5 listener(s)
[2026-07-29T23:56:01.691Z] InitialReadForge: armed one-shot BeforeSend after NewSessionStart
[2026-07-29T23:56:01.691Z] LiveUpdateForge: session reset, allowLiveUpdate = false
[2026-07-29T23:56:01.693Z] MemoryForge: detached all listeners
[2026-07-29T23:56:01.694Z] ResumeDiffForge: running checkResumeConsistency
[2026-07-29T23:56:01.694Z] checkResumeConsistency: forgedTimestamps=[]
[2026-07-29T23:56:01.720Z] checkResumeConsistency: no changes detected
[2026-07-29T23:56:01.721Z] LiveUpdateForge: session reset, allowLiveUpdate = false
[2026-07-29T23:56:01.721Z] NudgeForge: ResumeComplete — restoring count from history
[2026-07-29T23:56:01.722Z] restoreNudgeCountFromHistory: no reset point found, count=4
[2026-07-29T23:56:01.772Z] ResumeDiffForge: running checkResumeConsistency
[2026-07-29T23:56:01.773Z] checkResumeConsistency: forgedTimestamps=[]
[2026-07-29T23:56:01.779Z] checkResumeConsistency: no changes detected
[2026-07-29T23:56:01.779Z] LiveUpdateForge: session reset, allowLiveUpdate = false
[2026-07-29T23:56:01.779Z] NudgeForge: ResumeComplete — restoring count from history
[2026-07-29T23:56:01.780Z] restoreNudgeCountFromHistory: no reset point found, count=4
[2026-07-29T23:56:01.822Z] ResumeDiffForge: running checkResumeConsistency
[2026-07-29T23:56:01.822Z] checkResumeConsistency: forgedTimestamps=[]
[2026-07-29T23:56:01.828Z] checkResumeConsistency: no changes detected
[2026-07-29T23:56:01.828Z] LiveUpdateForge: session reset, allowLiveUpdate = false
[2026-07-29T23:56:01.829Z] NudgeForge: ResumeComplete — restoring count from history
[2026-07-29T23:56:01.829Z] restoreNudgeCountFromHistory: no reset point found, count=4
[2026-07-29T23:56:01.889Z] MemoryForge: attached 5 listener(s)
[2026-07-29T23:56:01.889Z] InitialReadForge: armed one-shot BeforeSend after NewSessionStart
[2026-07-29T23:56:01.890Z] LiveUpdateForge: session reset, allowLiveUpdate = false
[2026-07-29T23:56:01.891Z] MemoryForge: detached all listeners
[2026-07-29T23:56:01.891Z] ResumeDiffForge: running checkResumeConsistency
[2026-07-29T23:56:01.892Z] checkResumeConsistency: forgedTimestamps=[]
[2026-07-29T23:56:01.915Z] checkResumeConsistency: no changes detected
[2026-07-29T23:56:01.915Z] LiveUpdateForge: session reset, allowLiveUpdate = false
[2026-07-29T23:56:01.915Z] NudgeForge: ResumeComplete — restoring count from history
[2026-07-29T23:56:01.916Z] restoreNudgeCountFromHistory: no reset point found, count=4
[2026-07-29T23:56:01.936Z] LiveUpdateForge: allowLiveUpdate = true (first real BeforeSend)
[2026-07-29T23:56:01.937Z] InitialReadForge.onBeforeSend: SKIP (fr=false syn=false hasRead=true)
[2026-07-29T23:56:06.509Z] LiveUpdateForge: EndTurn fallback flush
[2026-07-29T23:56:06.510Z] onEndTurn: naturalStop=false toolCalls=4 nudgeMsg=no
[2026-07-29T23:56:06.612Z] LiveUpdateForge: AfterToolExec flush
[2026-07-29T23:56:21.684Z] LiveUpdateForge: AfterToolExec flush
[2026-07-29T23:56:21.723Z] InitialReadForge.onBeforeSend: SKIP (fr=true syn=false hasRead=true)
[2026-07-29T23:56:24.728Z] LiveUpdateForge: EndTurn fallback flush
[2026-07-29T23:56:24.729Z] onEndTurn: naturalStop=false toolCalls=6 nudgeMsg=no
[2026-07-29T23:56:25.285Z] LiveUpdateForge: AfterToolExec flush
[2026-07-29T23:56:25.304Z] InitialReadForge.onBeforeSend: SKIP (fr=true syn=false hasRead=true)
[2026-07-29T23:56:27.864Z] LiveUpdateForge: EndTurn fallback flush
[2026-07-29T23:56:27.864Z] onEndTurn: naturalStop=false toolCalls=7 nudgeMsg=no
[2026-07-29T23:56:27.876Z] LiveUpdateForge: AfterToolExec flush
[2026-07-29T23:56:27.897Z] LiveUpdateForge: AfterToolExec flush
[2026-07-29T23:56:27.920Z] InitialReadForge.onBeforeSend: SKIP (fr=true syn=false hasRead=true)
[2026-07-29T23:56:42.144Z] LiveUpdateForge: EndTurn fallback flush
[2026-07-29T23:56:42.145Z] onEndTurn: naturalStop=false toolCalls=9 nudgeMsg=no
[2026-07-29T23:56:42.152Z] LiveUpdateForge: AfterToolExec flush
[2026-07-29T23:56:42.176Z] InitialReadForge.onBeforeSend: SKIP (fr=true syn=false hasRead=true)
[2026-07-29T23:56:45.084Z] LiveUpdateForge: EndTurn fallback flush
[2026-07-29T23:56:45.084Z] onEndTurn: naturalStop=false toolCalls=10 nudgeMsg=no
[2026-07-29T23:56:45.182Z] LiveUpdateForge: AfterToolExec flush
[2026-07-29T23:56:45.207Z] InitialReadForge.onBeforeSend: SKIP (fr=true syn=false hasRead=true)
[2026-07-29T23:56:53.030Z] LiveUpdateForge: EndTurn fallback flush
[2026-07-29T23:56:53.031Z] onEndTurn: naturalStop=false toolCalls=11 nudgeMsg=no
[2026-07-29T23:56:53.054Z] LiveUpdateForge: AfterToolExec flush
[2026-07-29T23:56:53.077Z] InitialReadForge.onBeforeSend: SKIP (fr=true syn=false hasRead=true)
[2026-07-29T23:56:59.576Z] LiveUpdateForge: EndTurn fallback flush
[2026-07-29T23:56:59.577Z] onEndTurn: naturalStop=false toolCalls=12 nudgeMsg=no
[2026-07-29T23:56:59.592Z] LiveUpdateForge: AfterToolExec flush
[2026-07-29T23:56:59.618Z] InitialReadForge.onBeforeSend: SKIP (fr=true syn=false hasRead=true)
[2026-07-29T23:57:25.201Z] LiveUpdateForge: EndTurn fallback flush
[2026-07-29T23:57:25.202Z] onEndTurn: naturalStop=false toolCalls=13 nudgeMsg=no
[2026-07-29T23:57:25.243Z] LiveUpdateForge: AfterToolExec flush
[2026-07-29T23:57:25.270Z] InitialReadForge.onBeforeSend: SKIP (fr=true syn=false hasRead=true)
[2026-07-29T23:57:27.472Z] LiveUpdateForge: EndTurn fallback flush
[2026-07-29T23:57:27.473Z] onEndTurn: naturalStop=false toolCalls=14 nudgeMsg=no
[2026-07-29T23:57:37.664Z] LiveUpdateForge: AfterToolExec flush
[2026-07-29T23:57:37.692Z] InitialReadForge.onBeforeSend: SKIP (fr=true syn=false hasRead=true)
[2026-07-29T23:57:39.942Z] LiveUpdateForge: EndTurn fallback flush
[2026-07-29T23:57:39.942Z] onEndTurn: naturalStop=false toolCalls=15 nudgeMsg=no
[2026-07-29T23:57:40.998Z] LiveUpdateForge: AfterToolExec flush
[2026-07-29T23:57:41.025Z] InitialReadForge.onBeforeSend: SKIP (fr=true syn=false hasRead=true)
[2026-07-29T23:57:43.098Z] LiveUpdateForge: EndTurn fallback flush
[2026-07-29T23:57:43.099Z] onEndTurn: naturalStop=false toolCalls=16 nudgeMsg=no
[2026-07-29T23:57:43.236Z] LiveUpdateForge: AfterToolExec flush
[2026-07-29T23:57:43.264Z] InitialReadForge.onBeforeSend: SKIP (fr=true syn=false hasRead=true)
[2026-07-29T23:57:46.150Z] LiveUpdateForge: EndTurn fallback flush
[2026-07-29T23:57:46.150Z] onEndTurn: naturalStop=false toolCalls=17 nudgeMsg=no
[2026-07-29T23:58:03.050Z] LiveUpdateForge: AfterToolExec flush
[2026-07-29T23:58:03.090Z] InitialReadForge.onBeforeSend: SKIP (fr=true syn=false hasRead=true)
[2026-07-29T23:58:12.137Z] LiveUpdateForge: EndTurn fallback flush
[2026-07-29T23:58:12.137Z] onEndTurn: naturalStop=false toolCalls=18 nudgeMsg=no
[2026-07-29T23:58:12.154Z] LiveUpdateForge: AfterToolExec flush
[2026-07-29T23:58:12.180Z] InitialReadForge.onBeforeSend: SKIP (fr=true syn=false hasRead=true)
[2026-07-29T23:58:14.269Z] LiveUpdateForge: EndTurn fallback flush
[2026-07-29T23:58:14.269Z] onEndTurn: naturalStop=false toolCalls=19 nudgeMsg=no
[2026-07-29T23:58:14.289Z] LiveUpdateForge: AfterToolExec flush
[2026-07-29T23:58:14.314Z] InitialReadForge.onBeforeSend: SKIP (fr=true syn=false hasRead=true)
[2026-07-29T23:58:16.270Z] LiveUpdateForge: EndTurn fallback flush
[2026-07-29T23:58:16.271Z] onEndTurn: naturalStop=false toolCalls=20 nudgeMsg=no
[2026-07-29T23:58:16.847Z] LiveUpdateForge: AfterToolExec flush
[2026-07-29T23:58:16.869Z] InitialReadForge.onBeforeSend: SKIP (fr=true syn=false hasRead=true)
[2026-07-29T23:58:18.773Z] LiveUpdateForge: EndTurn fallback flush
[2026-07-29T23:58:18.774Z] onEndTurn: naturalStop=false toolCalls=21 nudgeMsg=no
[2026-07-29T23:58:29.000Z] LiveUpdateForge: AfterToolExec flush
[2026-07-29T23:58:29.027Z] InitialReadForge.onBeforeSend: SKIP (fr=true syn=false hasRead=true)
[2026-07-29T23:58:31.801Z] LiveUpdateForge: EndTurn fallback flush
[2026-07-29T23:58:31.801Z] onEndTurn: naturalStop=false toolCalls=22 nudgeMsg=no
[2026-07-29T23:58:31.901Z] LiveUpdateForge: AfterToolExec flush
[2026-07-29T23:58:31.928Z] InitialReadForge.onBeforeSend: SKIP (fr=true syn=false hasRead=true)
[2026-07-29T23:58:34.789Z] LiveUpdateForge: EndTurn fallback flush
[2026-07-29T23:58:34.789Z] onEndTurn: naturalStop=false toolCalls=23 nudgeMsg=no
[2026-07-29T23:58:35.717Z] LiveUpdateForge: AfterToolExec flush
[2026-07-29T23:58:35.746Z] InitialReadForge.onBeforeSend: SKIP (fr=true syn=false hasRead=true)
[2026-07-29T23:58:38.265Z] LiveUpdateForge: EndTurn fallback flush
[2026-07-29T23:58:38.266Z] onEndTurn: naturalStop=false toolCalls=24 nudgeMsg=no
[2026-07-29T23:58:38.412Z] LiveUpdateForge: AfterToolExec flush
[2026-07-29T23:58:38.438Z] InitialReadForge.onBeforeSend: SKIP (fr=true syn=false hasRead=true)
[2026-07-29T23:58:41.801Z] LiveUpdateForge: EndTurn fallback flush
[2026-07-29T23:58:41.801Z] onEndTurn: naturalStop=false toolCalls=25 nudgeMsg=no
[2026-07-29T23:58:53.368Z] LiveUpdateForge: AfterToolExec flush
[2026-07-29T23:58:53.395Z] InitialReadForge.onBeforeSend: SKIP (fr=true syn=false hasRead=true)
[2026-07-29T23:59:12.326Z] LiveUpdateForge: EndTurn fallback flush
[2026-07-29T23:59:12.327Z] onEndTurn: naturalStop=false toolCalls=26 nudgeMsg=no
[2026-07-29T23:59:12.933Z] LiveUpdateForge: AfterToolExec flush
[2026-07-29T23:59:12.967Z] InitialReadForge.onBeforeSend: SKIP (fr=true syn=false hasRead=true)
[2026-07-29T23:59:15.179Z] LiveUpdateForge: EndTurn fallback flush
[2026-07-29T23:59:15.180Z] onEndTurn: naturalStop=false toolCalls=27 nudgeMsg=no
[2026-07-29T23:59:15.196Z] LiveUpdateForge: AfterToolExec flush
[2026-07-29T23:59:15.226Z] InitialReadForge.onBeforeSend: SKIP (fr=true syn=false hasRead=true)
[2026-07-29T23:59:17.238Z] LiveUpdateForge: EndTurn fallback flush
[2026-07-29T23:59:17.239Z] onEndTurn: naturalStop=false toolCalls=28 nudgeMsg=no
[2026-07-29T23:59:17.740Z] LiveUpdateForge: AfterToolExec flush
[2026-07-29T23:59:17.770Z] InitialReadForge.onBeforeSend: SKIP (fr=true syn=false hasRead=true)
[2026-07-29T23:59:19.802Z] LiveUpdateForge: EndTurn fallback flush
[2026-07-29T23:59:19.803Z] onEndTurn: naturalStop=false toolCalls=29 nudgeMsg=no
[2026-07-29T23:59:19.925Z] LiveUpdateForge: AfterToolExec flush
[2026-07-29T23:59:19.952Z] InitialReadForge.onBeforeSend: SKIP (fr=true syn=false hasRead=true)
[2026-07-29T23:59:23.527Z] LiveUpdateForge: EndTurn fallback flush
[2026-07-29T23:59:23.528Z] onEndTurn: naturalStop=false toolCalls=30 nudgeMsg=no
[2026-07-29T23:59:33.486Z] LiveUpdateForge: AfterToolExec flush
[2026-07-29T23:59:33.518Z] InitialReadForge.onBeforeSend: SKIP (fr=true syn=false hasRead=true)
[2026-07-29T23:59:46.037Z] LiveUpdateForge: EndTurn fallback flush
[2026-07-29T23:59:46.037Z] onEndTurn: naturalStop=false toolCalls=31 nudgeMsg=no
[2026-07-29T23:59:46.580Z] LiveUpdateForge: AfterToolExec flush
[2026-07-29T23:59:46.607Z] InitialReadForge.onBeforeSend: SKIP (fr=true syn=false hasRead=true)
[2026-07-30T00:00:06.161Z] LiveUpdateForge: EndTurn fallback flush
[2026-07-30T00:00:06.161Z] onEndTurn: naturalStop=false toolCalls=32 nudgeMsg=no
[2026-07-30T00:00:06.179Z] LiveUpdateForge: AfterToolExec flush
[2026-07-30T00:00:06.212Z] InitialReadForge.onBeforeSend: SKIP (fr=true syn=false hasRead=true)
[2026-07-30T00:00:10.201Z] LiveUpdateForge: EndTurn fallback flush
[2026-07-30T00:00:10.202Z] onEndTurn: naturalStop=false toolCalls=33 nudgeMsg=no
[2026-07-30T00:00:10.748Z] LiveUpdateForge: AfterToolExec flush
[2026-07-30T00:00:10.781Z] InitialReadForge.onBeforeSend: SKIP (fr=true syn=false hasRead=true)
[2026-07-30T00:00:15.261Z] LiveUpdateForge: EndTurn fallback flush
[2026-07-30T00:00:15.261Z] onEndTurn: naturalStop=false toolCalls=34 nudgeMsg=no
[2026-07-30T00:00:19.610Z] LiveUpdateForge: AfterToolExec flush
[2026-07-30T00:00:19.657Z] InitialReadForge.onBeforeSend: SKIP (fr=true syn=false hasRead=true)
[2026-07-30T00:00:26.702Z] LiveUpdateForge: EndTurn fallback flush
[2026-07-30T00:00:26.703Z] onEndTurn: naturalStop=false toolCalls=35 nudgeMsg=no
[2026-07-30T00:00:27.282Z] LiveUpdateForge: AfterToolExec flush
[2026-07-30T00:00:27.317Z] InitialReadForge.onBeforeSend: SKIP (fr=true syn=false hasRead=true)
[2026-07-30T00:00:29.955Z] LiveUpdateForge: EndTurn fallback flush
[2026-07-30T00:00:29.955Z] onEndTurn: naturalStop=false toolCalls=36 nudgeMsg=no
[2026-07-30T00:00:30.419Z] LiveUpdateForge: AfterToolExec flush
[2026-07-30T00:00:30.458Z] InitialReadForge.onBeforeSend: SKIP (fr=true syn=false hasRead=true)
[2026-07-30T00:00:32.336Z] LiveUpdateForge: EndTurn fallback flush
[2026-07-30T00:00:32.337Z] onEndTurn: naturalStop=false toolCalls=37 nudgeMsg=no
[2026-07-30T00:00:32.458Z] LiveUpdateForge: AfterToolExec flush
[2026-07-30T00:00:32.497Z] InitialReadForge.onBeforeSend: SKIP (fr=true syn=false hasRead=true)
[2026-07-30T00:00:35.652Z] LiveUpdateForge: EndTurn fallback flush
[2026-07-30T00:00:35.653Z] onEndTurn: naturalStop=false toolCalls=38 nudgeMsg=no
[2026-07-30T00:00:41.971Z] LiveUpdateForge: AfterToolExec flush
[2026-07-30T00:00:42.010Z] InitialReadForge.onBeforeSend: SKIP (fr=true syn=false hasRead=true)
[2026-07-30T00:00:45.407Z] LiveUpdateForge: EndTurn fallback flush
[2026-07-30T00:00:45.408Z] onEndTurn: naturalStop=true toolCalls=39 nudgeMsg=no
[2026-07-30T00:00:48.746Z] ResumeDiffForge: running checkResumeConsistency
[2026-07-30T00:00:48.746Z] checkResumeConsistency: forgedTimestamps=[]
[2026-07-30T00:00:48.753Z] checkResumeConsistency: no changes detected
[2026-07-30T00:00:48.754Z] LiveUpdateForge: session reset, allowLiveUpdate = false
[2026-07-30T00:00:48.754Z] NudgeForge: ResumeComplete — restoring count from history
[2026-07-30T00:00:48.755Z] restoreNudgeCountFromHistory: no reset point found, count=39
[2026-07-30T00:00:48.774Z] LiveUpdateForge: allowLiveUpdate = true (first real BeforeSend)
[2026-07-30T00:00:48.774Z] InitialReadForge.onBeforeSend: SKIP (fr=false syn=false hasRead=true)
[2026-07-30T00:00:59.300Z] LiveUpdateForge: EndTurn fallback flush
[2026-07-30T00:00:59.301Z] onEndTurn: naturalStop=false toolCalls=39 nudgeMsg=no
[2026-07-30T00:00:59.310Z] LiveUpdateForge: AfterToolExec flush
[2026-07-30T00:00:59.338Z] InitialReadForge.onBeforeSend: SKIP (fr=true syn=false hasRead=true)
[2026-07-30T00:01:18.167Z] LiveUpdateForge: EndTurn fallback flush
[2026-07-30T00:01:18.167Z] onEndTurn: naturalStop=false toolCalls=40 nudgeMsg=no
[2026-07-30T00:01:18.175Z] LiveUpdateForge: AfterToolExec flush
[2026-07-30T00:01:18.208Z] InitialReadForge.onBeforeSend: SKIP (fr=true syn=false hasRead=true)
[2026-07-30T00:01:20.906Z] LiveUpdateForge: EndTurn fallback flush
[2026-07-30T00:01:20.907Z] onEndTurn: naturalStop=false toolCalls=41 nudgeMsg=no
[2026-07-30T00:01:20.913Z] LiveUpdateForge: AfterToolExec flush
[2026-07-30T00:01:20.942Z] InitialReadForge.onBeforeSend: SKIP (fr=true syn=false hasRead=true)
[2026-07-30T00:01:24.864Z] LiveUpdateForge: EndTurn fallback flush
[2026-07-30T00:01:24.865Z] onEndTurn: naturalStop=false toolCalls=42 nudgeMsg=no
[2026-07-30T00:01:24.916Z] LiveUpdateForge: AfterToolExec flush
[2026-07-30T00:01:24.944Z] InitialReadForge.onBeforeSend: SKIP (fr=true syn=false hasRead=true)
[2026-07-30T00:01:36.080Z] LiveUpdateForge: EndTurn fallback flush
[2026-07-30T00:01:36.080Z] onEndTurn: naturalStop=false toolCalls=43 nudgeMsg=no
[2026-07-30T00:01:36.104Z] LiveUpdateForge: AfterToolExec flush
[2026-07-30T00:01:36.136Z] InitialReadForge.onBeforeSend: SKIP (fr=true syn=false hasRead=true)
[2026-07-30T00:01:39.752Z] LiveUpdateForge: EndTurn fallback flush
[2026-07-30T00:01:39.753Z] onEndTurn: naturalStop=false toolCalls=44 nudgeMsg=no
[2026-07-30T00:01:39.772Z] LiveUpdateForge: AfterToolExec flush
[2026-07-30T00:01:39.802Z] InitialReadForge.onBeforeSend: SKIP (fr=true syn=false hasRead=true)
[2026-07-30T00:02:01.623Z] LiveUpdateForge: EndTurn fallback flush
[2026-07-30T00:02:01.623Z] onEndTurn: naturalStop=false toolCalls=45 nudgeMsg=no
[2026-07-30T00:02:01.717Z] LiveUpdateForge: AfterToolExec flush
[2026-07-30T00:02:01.746Z] InitialReadForge.onBeforeSend: SKIP (fr=true syn=false hasRead=true)
[2026-07-30T00:02:03.500Z] LiveUpdateForge: EndTurn fallback flush
[2026-07-30T00:02:03.500Z] onEndTurn: naturalStop=false toolCalls=46 nudgeMsg=no
[2026-07-30T00:02:03.524Z] LiveUpdateForge: AfterToolExec flush
[2026-07-30T00:02:03.564Z] InitialReadForge.onBeforeSend: SKIP (fr=true syn=false hasRead=true)
[2026-07-30T00:02:05.541Z] LiveUpdateForge: EndTurn fallback flush
[2026-07-30T00:02:05.541Z] onEndTurn: naturalStop=false toolCalls=47 nudgeMsg=no
[2026-07-30T00:02:05.581Z] LiveUpdateForge: AfterToolExec flush
[2026-07-30T00:02:05.609Z] InitialReadForge.onBeforeSend: SKIP (fr=true syn=false hasRead=true)
[2026-07-30T00:02:07.461Z] LiveUpdateForge: EndTurn fallback flush
[2026-07-30T00:02:07.461Z] onEndTurn: naturalStop=false toolCalls=48 nudgeMsg=no
[2026-07-30T00:02:08.009Z] LiveUpdateForge: AfterToolExec flush
[2026-07-30T00:02:08.038Z] InitialReadForge.onBeforeSend: SKIP (fr=true syn=false hasRead=true)
[2026-07-30T00:02:10.059Z] LiveUpdateForge: EndTurn fallback flush
[2026-07-30T00:02:10.060Z] onEndTurn: naturalStop=false toolCalls=49 nudgeMsg=no
[2026-07-30T00:02:11.806Z] LiveUpdateForge: AfterToolExec flush
[2026-07-30T00:02:11.837Z] InitialReadForge.onBeforeSend: SKIP (fr=true syn=false hasRead=true)
[2026-07-30T00:02:16.402Z] LiveUpdateForge: EndTurn fallback flush
[2026-07-30T00:02:16.403Z] onEndTurn: naturalStop=false toolCalls=50 nudgeMsg=no
[2026-07-30T00:02:16.433Z] LiveUpdateForge: AfterToolExec flush
[2026-07-30T00:02:16.459Z] InitialReadForge.onBeforeSend: SKIP (fr=true syn=false hasRead=true)
[2026-07-30T00:02:19.898Z] LiveUpdateForge: EndTurn fallback flush
[2026-07-30T00:02:19.898Z] onEndTurn: naturalStop=false toolCalls=51 nudgeMsg=no
[2026-07-30T00:02:31.728Z] LiveUpdateForge: AfterToolExec flush
[2026-07-30T00:02:31.766Z] InitialReadForge.onBeforeSend: SKIP (fr=true syn=false hasRead=true)
[2026-07-30T00:02:35.244Z] LiveUpdateForge: EndTurn fallback flush
[2026-07-30T00:02:35.244Z] onEndTurn: naturalStop=false toolCalls=52 nudgeMsg=no
[2026-07-30T00:02:36.727Z] LiveUpdateForge: AfterToolExec flush
[2026-07-30T00:02:36.798Z] InitialReadForge.onBeforeSend: SKIP (fr=true syn=false hasRead=true)
[2026-07-30T00:02:39.675Z] LiveUpdateForge: EndTurn fallback flush
[2026-07-30T00:02:39.675Z] onEndTurn: naturalStop=false toolCalls=53 nudgeMsg=no
[2026-07-30T00:02:39.847Z] LiveUpdateForge: AfterToolExec flush
[2026-07-30T00:02:39.878Z] InitialReadForge.onBeforeSend: SKIP (fr=true syn=false hasRead=true)
[2026-07-30T00:02:42.837Z] LiveUpdateForge: EndTurn fallback flush
[2026-07-30T00:02:42.838Z] onEndTurn: naturalStop=false toolCalls=54 nudgeMsg=no
[2026-07-30T00:02:57.735Z] LiveUpdateForge: AfterToolExec flush
[2026-07-30T00:02:57.778Z] InitialReadForge.onBeforeSend: SKIP (fr=true syn=false hasRead=true)
[2026-07-30T00:03:02.396Z] LiveUpdateForge: EndTurn fallback flush
[2026-07-30T00:03:02.397Z] onEndTurn: naturalStop=false toolCalls=55 nudgeMsg=no
[2026-07-30T00:03:04.510Z] LiveUpdateForge: AfterToolExec flush
[2026-07-30T00:03:04.541Z] InitialReadForge.onBeforeSend: SKIP (fr=true syn=false hasRead=true)
[2026-07-30T00:03:07.343Z] LiveUpdateForge: EndTurn fallback flush
[2026-07-30T00:03:07.344Z] onEndTurn: naturalStop=false toolCalls=56 nudgeMsg=no
[2026-07-30T00:03:08.256Z] LiveUpdateForge: AfterToolExec flush
[2026-07-30T00:03:08.286Z] InitialReadForge.onBeforeSend: SKIP (fr=true syn=false hasRead=true)
[2026-07-30T00:03:10.277Z] LiveUpdateForge: EndTurn fallback flush
[2026-07-30T00:03:10.277Z] onEndTurn: naturalStop=false toolCalls=57 nudgeMsg=no
[2026-07-30T00:03:10.402Z] LiveUpdateForge: AfterToolExec flush
[2026-07-30T00:03:10.436Z] InitialReadForge.onBeforeSend: SKIP (fr=true syn=false hasRead=true)
[2026-07-30T00:03:13.190Z] LiveUpdateForge: EndTurn fallback flush
[2026-07-30T00:03:13.191Z] onEndTurn: naturalStop=false toolCalls=58 nudgeMsg=no
[2026-07-30T00:03:30.613Z] LiveUpdateForge: AfterToolExec flush
[2026-07-30T00:03:30.647Z] InitialReadForge.onBeforeSend: SKIP (fr=true syn=false hasRead=true)
[2026-07-30T00:03:47.706Z] LiveUpdateForge: EndTurn fallback flush
[2026-07-30T00:03:47.707Z] onEndTurn: naturalStop=false toolCalls=59 nudgeMsg=no
[2026-07-30T00:03:48.322Z] LiveUpdateForge: AfterToolExec flush
[2026-07-30T00:03:48.361Z] InitialReadForge.onBeforeSend: SKIP (fr=true syn=false hasRead=true)
[2026-07-30T00:03:51.648Z] LiveUpdateForge: EndTurn fallback flush
[2026-07-30T00:03:51.648Z] onEndTurn: naturalStop=false toolCalls=60 nudgeMsg=no
[2026-07-30T00:03:52.092Z] LiveUpdateForge: AfterToolExec flush
[2026-07-30T00:03:52.124Z] InitialReadForge.onBeforeSend: SKIP (fr=true syn=false hasRead=true)
[2026-07-30T00:03:56.684Z] LiveUpdateForge: EndTurn fallback flush
[2026-07-30T00:03:56.684Z] onEndTurn: naturalStop=false toolCalls=61 nudgeMsg=no
[2026-07-30T00:03:57.331Z] LiveUpdateForge: AfterToolExec flush
[2026-07-30T00:03:57.361Z] InitialReadForge.onBeforeSend: SKIP (fr=true syn=false hasRead=true)
[2026-07-30T00:04:09.390Z] LiveUpdateForge: EndTurn fallback flush
[2026-07-30T00:04:09.390Z] onEndTurn: naturalStop=false toolCalls=62 nudgeMsg=no
[2026-07-30T00:04:09.410Z] LiveUpdateForge: AfterToolExec flush
[2026-07-30T00:04:09.446Z] InitialReadForge.onBeforeSend: SKIP (fr=true syn=false hasRead=true)
[2026-07-30T00:04:12.426Z] LiveUpdateForge: EndTurn fallback flush
[2026-07-30T00:04:12.427Z] onEndTurn: naturalStop=false toolCalls=63 nudgeMsg=no
[2026-07-30T00:04:23.550Z] LiveUpdateForge: AfterToolExec flush
[2026-07-30T00:04:23.594Z] InitialReadForge.onBeforeSend: SKIP (fr=true syn=false hasRead=true)
[2026-07-30T00:04:25.853Z] LiveUpdateForge: EndTurn fallback flush
[2026-07-30T00:04:25.853Z] onEndTurn: naturalStop=false toolCalls=64 nudgeMsg=no
[2026-07-30T00:04:27.030Z] LiveUpdateForge: AfterToolExec flush
[2026-07-30T00:04:27.074Z] InitialReadForge.onBeforeSend: SKIP (fr=true syn=false hasRead=true)
[2026-07-30T00:04:29.445Z] LiveUpdateForge: EndTurn fallback flush
[2026-07-30T00:04:29.446Z] onEndTurn: naturalStop=false toolCalls=65 nudgeMsg=no
[2026-07-30T00:04:31.711Z] LiveUpdateForge: AfterToolExec flush
[2026-07-30T00:04:31.751Z] InitialReadForge.onBeforeSend: SKIP (fr=true syn=false hasRead=true)
[2026-07-30T00:04:33.634Z] LiveUpdateForge: EndTurn fallback flush
[2026-07-30T00:04:33.634Z] onEndTurn: naturalStop=false toolCalls=66 nudgeMsg=no
[2026-07-30T00:04:33.766Z] LiveUpdateForge: AfterToolExec flush
[2026-07-30T00:04:33.805Z] InitialReadForge.onBeforeSend: SKIP (fr=true syn=false hasRead=true)
[2026-07-30T00:04:36.622Z] LiveUpdateForge: EndTurn fallback flush
[2026-07-30T00:04:36.622Z] onEndTurn: naturalStop=false toolCalls=67 nudgeMsg=no
[2026-07-30T00:04:47.717Z] LiveUpdateForge: AfterToolExec flush
[2026-07-30T00:04:47.764Z] InitialReadForge.onBeforeSend: SKIP (fr=true syn=false hasRead=true)
[2026-07-30T00:04:54.310Z] LiveUpdateForge: EndTurn fallback flush
[2026-07-30T00:04:54.311Z] onEndTurn: naturalStop=false toolCalls=68 nudgeMsg=no
[2026-07-30T00:04:54.983Z] LiveUpdateForge: AfterToolExec flush
[2026-07-30T00:04:55.033Z] InitialReadForge.onBeforeSend: SKIP (fr=true syn=false hasRead=true)
[2026-07-30T00:05:31.957Z] LiveUpdateForge: EndTurn fallback flush
[2026-07-30T00:05:31.957Z] onEndTurn: naturalStop=false toolCalls=69 nudgeMsg=no
[2026-07-30T00:05:32.388Z] LiveUpdateForge: AfterToolExec flush
[2026-07-30T00:05:32.437Z] InitialReadForge.onBeforeSend: SKIP (fr=true syn=false hasRead=true)
[2026-07-30T00:05:53.852Z] LiveUpdateForge: EndTurn fallback flush
[2026-07-30T00:05:53.853Z] onEndTurn: naturalStop=false toolCalls=70 nudgeMsg=no
[2026-07-30T00:05:54.266Z] LiveUpdateForge: AfterToolExec flush
[2026-07-30T00:05:54.320Z] InitialReadForge.onBeforeSend: SKIP (fr=true syn=false hasRead=true)
[2026-07-30T00:05:57.319Z] LiveUpdateForge: EndTurn fallback flush
[2026-07-30T00:05:57.320Z] onEndTurn: naturalStop=false toolCalls=71 nudgeMsg=no
[2026-07-30T00:05:57.475Z] LiveUpdateForge: AfterToolExec flush
[2026-07-30T00:05:57.526Z] InitialReadForge.onBeforeSend: SKIP (fr=true syn=false hasRead=true)
[2026-07-30T00:06:00.466Z] LiveUpdateForge: EndTurn fallback flush
[2026-07-30T00:06:00.467Z] onEndTurn: naturalStop=false toolCalls=72 nudgeMsg=no
[2026-07-30T00:06:13.068Z] LiveUpdateForge: AfterToolExec flush
[2026-07-30T00:06:13.123Z] InitialReadForge.onBeforeSend: SKIP (fr=true syn=false hasRead=true)
[2026-07-30T00:06:22.085Z] LiveUpdateForge: EndTurn fallback flush
[2026-07-30T00:06:22.086Z] onEndTurn: naturalStop=false toolCalls=73 nudgeMsg=no
[2026-07-30T00:06:22.721Z] LiveUpdateForge: AfterToolExec flush
[2026-07-30T00:06:22.766Z] InitialReadForge.onBeforeSend: SKIP (fr=true syn=false hasRead=true)
[2026-07-30T00:06:27.362Z] LiveUpdateForge: EndTurn fallback flush
[2026-07-30T00:06:27.362Z] onEndTurn: naturalStop=false toolCalls=74 nudgeMsg=no
[2026-07-30T00:06:27.367Z] LiveUpdateForge: AfterToolExec flush
[2026-07-30T00:06:27.419Z] InitialReadForge.onBeforeSend: SKIP (fr=true syn=false hasRead=true)
[2026-07-30T00:06:29.670Z] LiveUpdateForge: EndTurn fallback flush
[2026-07-30T00:06:29.671Z] onEndTurn: naturalStop=false toolCalls=75 nudgeMsg=no
[2026-07-30T00:06:29.850Z] LiveUpdateForge: AfterToolExec flush
[2026-07-30T00:06:29.897Z] InitialReadForge.onBeforeSend: SKIP (fr=true syn=false hasRead=true)
[2026-07-30T00:06:32.501Z] LiveUpdateForge: EndTurn fallback flush
[2026-07-30T00:06:32.502Z] onEndTurn: naturalStop=false toolCalls=76 nudgeMsg=no
[2026-07-30T00:06:32.513Z] LiveUpdateForge: AfterToolExec flush
[2026-07-30T00:06:32.575Z] InitialReadForge.onBeforeSend: SKIP (fr=true syn=false hasRead=true)
[2026-07-30T00:06:36.290Z] LiveUpdateForge: EndTurn fallback flush
[2026-07-30T00:06:36.291Z] onEndTurn: naturalStop=false toolCalls=77 nudgeMsg=no
[2026-07-30T00:06:36.305Z] LiveUpdateForge: AfterToolExec flush
[2026-07-30T00:06:36.355Z] InitialReadForge.onBeforeSend: SKIP (fr=true syn=false hasRead=true)
[2026-07-30T00:06:38.300Z] LiveUpdateForge: EndTurn fallback flush
[2026-07-30T00:06:38.300Z] onEndTurn: naturalStop=false toolCalls=78 nudgeMsg=no
[2026-07-30T00:06:49.585Z] LiveUpdateForge: AfterToolExec flush
[2026-07-30T00:06:49.636Z] InitialReadForge.onBeforeSend: SKIP (fr=true syn=false hasRead=true)
[2026-07-30T00:06:52.498Z] LiveUpdateForge: EndTurn fallback flush
[2026-07-30T00:06:52.499Z] onEndTurn: naturalStop=false toolCalls=79 nudgeMsg=no
[2026-07-30T00:06:53.500Z] LiveUpdateForge: AfterToolExec flush
[2026-07-30T00:06:53.551Z] InitialReadForge.onBeforeSend: SKIP (fr=true syn=false hasRead=true)
[2026-07-30T00:06:56.529Z] LiveUpdateForge: EndTurn fallback flush
[2026-07-30T00:06:56.530Z] onEndTurn: naturalStop=false toolCalls=80 nudgeMsg=no
[2026-07-30T00:06:58.540Z] LiveUpdateForge: AfterToolExec flush
[2026-07-30T00:06:58.588Z] InitialReadForge.onBeforeSend: SKIP (fr=true syn=false hasRead=true)
[2026-07-30T00:07:00.818Z] LiveUpdateForge: EndTurn fallback flush
[2026-07-30T00:07:00.819Z] onEndTurn: naturalStop=false toolCalls=81 nudgeMsg=no
[2026-07-30T00:07:00.944Z] LiveUpdateForge: AfterToolExec flush
[2026-07-30T00:07:00.998Z] InitialReadForge.onBeforeSend: SKIP (fr=true syn=false hasRead=true)
[2026-07-30T00:07:03.837Z] LiveUpdateForge: EndTurn fallback flush
[2026-07-30T00:07:03.837Z] onEndTurn: naturalStop=false toolCalls=82 nudgeMsg=no
[2026-07-30T00:07:10.062Z] LiveUpdateForge: AfterToolExec flush
[2026-07-30T00:07:10.113Z] InitialReadForge.onBeforeSend: SKIP (fr=true syn=false hasRead=true)
[2026-07-30T00:07:16.743Z] LiveUpdateForge: EndTurn fallback flush
[2026-07-30T00:07:16.743Z] onEndTurn: naturalStop=false toolCalls=83 nudgeMsg=no
[2026-07-30T00:07:17.290Z] LiveUpdateForge: AfterToolExec flush
[2026-07-30T00:07:17.344Z] InitialReadForge.onBeforeSend: SKIP (fr=true syn=false hasRead=true)
[2026-07-30T00:07:32.819Z] LiveUpdateForge: EndTurn fallback flush
[2026-07-30T00:07:32.820Z] onEndTurn: naturalStop=false toolCalls=84 nudgeMsg=no
[2026-07-30T00:07:33.381Z] LiveUpdateForge: AfterToolExec flush
[2026-07-30T00:07:33.425Z] InitialReadForge.onBeforeSend: SKIP (fr=true syn=false hasRead=true)
[2026-07-30T00:07:36.666Z] LiveUpdateForge: EndTurn fallback flush
[2026-07-30T00:07:36.667Z] onEndTurn: naturalStop=false toolCalls=85 nudgeMsg=no
[2026-07-30T00:07:36.682Z] LiveUpdateForge: AfterToolExec flush
[2026-07-30T00:07:36.732Z] InitialReadForge.onBeforeSend: SKIP (fr=true syn=false hasRead=true)
[2026-07-30T00:07:39.053Z] LiveUpdateForge: EndTurn fallback flush
[2026-07-30T00:07:39.054Z] onEndTurn: naturalStop=false toolCalls=86 nudgeMsg=no
[2026-07-30T00:07:49.481Z] LiveUpdateForge: AfterToolExec flush
[2026-07-30T00:07:49.551Z] InitialReadForge.onBeforeSend: SKIP (fr=true syn=false hasRead=true)
[2026-07-30T00:07:51.837Z] LiveUpdateForge: EndTurn fallback flush
[2026-07-30T00:07:51.838Z] onEndTurn: naturalStop=false toolCalls=87 nudgeMsg=no
[2026-07-30T00:07:52.819Z] LiveUpdateForge: AfterToolExec flush
[2026-07-30T00:07:52.878Z] InitialReadForge.onBeforeSend: SKIP (fr=true syn=false hasRead=true)
[2026-07-30T00:07:55.332Z] LiveUpdateForge: EndTurn fallback flush
[2026-07-30T00:07:55.332Z] onEndTurn: naturalStop=false toolCalls=88 nudgeMsg=no
[2026-07-30T00:07:57.378Z] LiveUpdateForge: AfterToolExec flush
[2026-07-30T00:07:57.450Z] InitialReadForge.onBeforeSend: SKIP (fr=true syn=false hasRead=true)
[2026-07-30T00:07:59.815Z] LiveUpdateForge: EndTurn fallback flush
[2026-07-30T00:07:59.816Z] onEndTurn: naturalStop=false toolCalls=89 nudgeMsg=no
[2026-07-30T00:07:59.953Z] LiveUpdateForge: AfterToolExec flush
[2026-07-30T00:08:00.005Z] InitialReadForge.onBeforeSend: SKIP (fr=true syn=false hasRead=true)
[2026-07-30T00:08:02.968Z] LiveUpdateForge: EndTurn fallback flush
[2026-07-30T00:08:02.968Z] onEndTurn: naturalStop=false toolCalls=90 nudgeMsg=no
[2026-07-30T00:08:10.786Z] LiveUpdateForge: AfterToolExec flush
[2026-07-30T00:08:10.849Z] InitialReadForge.onBeforeSend: SKIP (fr=true syn=false hasRead=true)
[2026-07-30T00:08:13.565Z] LiveUpdateForge: EndTurn fallback flush
[2026-07-30T00:08:13.566Z] onEndTurn: naturalStop=false toolCalls=91 nudgeMsg=no
[2026-07-30T00:08:14.014Z] LiveUpdateForge: AfterToolExec flush
[2026-07-30T00:08:14.081Z] InitialReadForge.onBeforeSend: SKIP (fr=true syn=false hasRead=true)
[2026-07-30T00:08:15.937Z] LiveUpdateForge: EndTurn fallback flush
[2026-07-30T00:08:15.938Z] onEndTurn: naturalStop=false toolCalls=92 nudgeMsg=no
[2026-07-30T00:08:16.071Z] LiveUpdateForge: AfterToolExec flush
[2026-07-30T00:08:16.119Z] InitialReadForge.onBeforeSend: SKIP (fr=true syn=false hasRead=true)
[2026-07-30T00:08:18.919Z] LiveUpdateForge: EndTurn fallback flush
[2026-07-30T00:08:18.919Z] onEndTurn: naturalStop=false toolCalls=93 nudgeMsg=no
[2026-07-30T00:08:30.258Z] LiveUpdateForge: AfterToolExec flush
[2026-07-30T00:08:30.313Z] InitialReadForge.onBeforeSend: SKIP (fr=true syn=false hasRead=true)
[2026-07-30T00:08:33.634Z] LiveUpdateForge: EndTurn fallback flush
[2026-07-30T00:08:33.634Z] onEndTurn: naturalStop=false toolCalls=94 nudgeMsg=no
[2026-07-30T00:08:34.036Z] LiveUpdateForge: AfterToolExec flush
[2026-07-30T00:08:34.080Z] InitialReadForge.onBeforeSend: SKIP (fr=true syn=false hasRead=true)
[2026-07-30T00:08:37.075Z] LiveUpdateForge: EndTurn fallback flush
[2026-07-30T00:08:37.076Z] onEndTurn: naturalStop=false toolCalls=95 nudgeMsg=no
[2026-07-30T00:08:37.134Z] InitialReadForge.onBeforeSend: SKIP (fr=true syn=false hasRead=true)
[2026-07-30T00:08:39.142Z] LiveUpdateForge: EndTurn fallback flush
[2026-07-30T00:08:39.143Z] onEndTurn: naturalStop=false toolCalls=95 nudgeMsg=no
[2026-07-30T00:08:39.266Z] LiveUpdateForge: AfterToolExec flush
[2026-07-30T00:08:39.319Z] InitialReadForge.onBeforeSend: SKIP (fr=true syn=false hasRead=true)
[2026-07-30T00:08:42.806Z] LiveUpdateForge: EndTurn fallback flush
[2026-07-30T00:08:42.807Z] onEndTurn: naturalStop=false toolCalls=96 nudgeMsg=no
[2026-07-30T00:09:16.185Z] LiveUpdateForge: AfterToolExec flush
[2026-07-30T00:09:16.242Z] InitialReadForge.onBeforeSend: SKIP (fr=true syn=false hasRead=true)
[2026-07-30T00:09:19.793Z] LiveUpdateForge: EndTurn fallback flush
[2026-07-30T00:09:19.794Z] onEndTurn: naturalStop=false toolCalls=97 nudgeMsg=no
[2026-07-30T00:09:20.408Z] LiveUpdateForge: AfterToolExec flush
[2026-07-30T00:09:20.456Z] InitialReadForge.onBeforeSend: SKIP (fr=true syn=false hasRead=true)
[2026-07-30T00:09:22.526Z] LiveUpdateForge: EndTurn fallback flush
[2026-07-30T00:09:22.526Z] onEndTurn: naturalStop=false toolCalls=98 nudgeMsg=no
[2026-07-30T00:09:22.533Z] LiveUpdateForge: AfterToolExec flush
[2026-07-30T00:09:22.586Z] InitialReadForge.onBeforeSend: SKIP (fr=true syn=false hasRead=true)
[2026-07-30T00:09:25.931Z] LiveUpdateForge: EndTurn fallback flush
[2026-07-30T00:09:25.931Z] onEndTurn: naturalStop=true toolCalls=0 nudgeMsg=YES
[2026-07-30T00:09:25.940Z] InitialReadForge.onBeforeSend: SKIP (fr=false syn=false hasRead=true)
[2026-07-30T00:09:32.115Z] LiveUpdateForge: EndTurn fallback flush
[2026-07-30T00:09:32.116Z] onEndTurn: naturalStop=false toolCalls=0 nudgeMsg=no
[2026-07-30T00:09:32.186Z] LiveUpdateForge: self-write on D:\unity\mowang\CODELY.md, baseline aligned
[2026-07-30T00:09:32.187Z] LiveUpdateForge: AfterToolExec flush
[2026-07-30T00:09:32.236Z] InitialReadForge.onBeforeSend: SKIP (fr=true syn=false hasRead=true)
[2026-07-30T00:09:32.763Z] LiveUpdateForge: pending external change on D:\unity\mowang\CODELY.md
[2026-07-30T00:09:33.893Z] LiveUpdateForge: EndTurn fallback flush
[2026-07-30T00:09:33.893Z] onEndTurn: naturalStop=true toolCalls=0 nudgeMsg=no
