[2026-07-31T00:02:42.115Z] MemoryForge: attached 5 listener(s)
[2026-07-31T00:02:42.116Z] InitialReadForge: armed one-shot BeforeSend after NewSessionStart
[2026-07-31T00:02:42.117Z] LiveUpdateForge: session reset, allowLiveUpdate = false
[2026-07-31T00:03:04.999Z] MemoryForge: attached 5 listener(s)
[2026-07-31T00:03:05.000Z] InitialReadForge: armed one-shot BeforeSend after NewSessionStart
[2026-07-31T00:03:05.000Z] LiveUpdateForge: session reset, allowLiveUpdate = false
[2026-07-31T00:03:05.572Z] MemoryForge: attached 5 listener(s)
[2026-07-31T00:03:05.572Z] InitialReadForge: armed one-shot BeforeSend after NewSessionStart
[2026-07-31T00:03:05.573Z] LiveUpdateForge: session reset, allowLiveUpdate = false
[2026-07-31T00:03:05.574Z] MemoryForge: detached all listeners
[2026-07-31T00:03:05.575Z] ResumeDiffForge: no read_memory in history, backfilling forge
[2026-07-31T00:03:05.696Z] recordForgedToolExchange: toolName=read_memory callId=resume-forge-read-memory-backfill
[2026-07-31T00:03:05.743Z] recordForgedToolExchange: recordMessage + recordToolCalls persisted
[2026-07-31T00:03:05.744Z] injectForgedHistory: role=user preview=""
[2026-07-31T00:03:05.766Z] injectForgedHistory: recordMessage persisted
[2026-07-31T00:03:05.776Z] ResumeDiffForge: backfilled read_memory and baseline for 2 raw + 2 provider file(s)
[2026-07-31T00:03:05.776Z] LiveUpdateForge: session reset, allowLiveUpdate = false
[2026-07-31T00:03:05.776Z] NudgeForge: ResumeComplete — restoring count from history
[2026-07-31T00:03:05.777Z] restoreNudgeCountFromHistory: no reset point found, count=0
[2026-07-31T00:03:05.806Z] LiveUpdateForge: allowLiveUpdate = true (first real BeforeSend)
[2026-07-31T00:03:05.806Z] InitialReadForge.onBeforeSend: SKIP (fr=false syn=false hasRead=true)
[2026-07-31T00:03:22.850Z] LiveUpdateForge: EndTurn fallback flush
[2026-07-31T00:03:22.851Z] onEndTurn: naturalStop=false toolCalls=0 nudgeMsg=no
[2026-07-31T00:03:22.858Z] LiveUpdateForge: AfterToolExec flush
[2026-07-31T00:03:22.880Z] InitialReadForge.onBeforeSend: SKIP (fr=true syn=false hasRead=true)
[2026-07-31T00:03:25.674Z] LiveUpdateForge: EndTurn fallback flush
[2026-07-31T00:03:25.675Z] onEndTurn: naturalStop=false toolCalls=1 nudgeMsg=no
[2026-07-31T00:03:25.679Z] LiveUpdateForge: AfterToolExec flush
[2026-07-31T00:03:25.701Z] InitialReadForge.onBeforeSend: SKIP (fr=true syn=false hasRead=true)
[2026-07-31T00:03:39.998Z] LiveUpdateForge: EndTurn fallback flush
[2026-07-31T00:03:39.998Z] onEndTurn: naturalStop=false toolCalls=2 nudgeMsg=no
[2026-07-31T00:03:40.126Z] LiveUpdateForge: AfterToolExec flush
[2026-07-31T00:05:16.182Z] LiveUpdateForge: AfterToolExec flush
[2026-07-31T00:05:16.213Z] InitialReadForge.onBeforeSend: SKIP (fr=true syn=false hasRead=true)
[2026-07-31T00:05:20.192Z] LiveUpdateForge: EndTurn fallback flush
[2026-07-31T00:05:20.193Z] onEndTurn: naturalStop=false toolCalls=4 nudgeMsg=no
[2026-07-31T00:05:20.801Z] LiveUpdateForge: AfterToolExec flush
[2026-07-31T00:05:20.822Z] InitialReadForge.onBeforeSend: SKIP (fr=true syn=false hasRead=true)
[2026-07-31T00:05:22.891Z] LiveUpdateForge: EndTurn fallback flush
[2026-07-31T00:05:22.891Z] onEndTurn: naturalStop=false toolCalls=5 nudgeMsg=no
[2026-07-31T00:05:23.186Z] LiveUpdateForge: AfterToolExec flush
[2026-07-31T00:05:23.221Z] InitialReadForge.onBeforeSend: SKIP (fr=true syn=false hasRead=true)
[2026-07-31T00:05:28.003Z] LiveUpdateForge: EndTurn fallback flush
[2026-07-31T00:05:28.004Z] onEndTurn: naturalStop=false toolCalls=6 nudgeMsg=no
[2026-07-31T00:05:29.112Z] LiveUpdateForge: AfterToolExec flush
[2026-07-31T00:07:41.567Z] MemoryForge: attached 5 listener(s)
[2026-07-31T00:07:41.569Z] InitialReadForge: armed one-shot BeforeSend after NewSessionStart
[2026-07-31T00:07:41.569Z] LiveUpdateForge: session reset, allowLiveUpdate = false
[2026-07-31T00:07:42.992Z] LiveUpdateForge: session reset, allowLiveUpdate = false
[2026-07-31T00:07:43.031Z] ResumeDiffForge: running checkResumeConsistency
[2026-07-31T00:07:43.032Z] checkResumeConsistency: forgedTimestamps=[]
[2026-07-31T00:07:43.040Z] checkResumeConsistency: no changes detected
[2026-07-31T00:07:43.041Z] LiveUpdateForge: session reset, allowLiveUpdate = false
[2026-07-31T00:07:43.041Z] NudgeForge: ResumeComplete — restoring count from history
[2026-07-31T00:07:43.042Z] restoreNudgeCountFromHistory: no reset point found, count=119
[2026-07-31T00:07:43.532Z] MemoryForge: attached 5 listener(s)
[2026-07-31T00:07:43.532Z] InitialReadForge: armed one-shot BeforeSend after NewSessionStart
[2026-07-31T00:07:43.533Z] LiveUpdateForge: session reset, allowLiveUpdate = false
[2026-07-31T00:08:11.747Z] LiveUpdateForge: AfterToolExec flush
[2026-07-31T00:08:11.912Z] InitialReadForge.onBeforeSend: SKIP (fr=true syn=false hasRead=true)
[2026-07-31T00:08:16.516Z] LiveUpdateForge: EndTurn fallback flush
[2026-07-31T00:08:16.516Z] onEndTurn: naturalStop=false toolCalls=8 nudgeMsg=no
[2026-07-31T00:08:16.550Z] LiveUpdateForge: AfterToolExec flush
[2026-07-31T00:08:16.554Z] LiveUpdateForge: AfterToolExec flush
[2026-07-31T00:08:16.578Z] InitialReadForge.onBeforeSend: SKIP (fr=true syn=false hasRead=true)
[2026-07-31T00:08:20.211Z] LiveUpdateForge: EndTurn fallback flush
[2026-07-31T00:08:20.211Z] onEndTurn: naturalStop=false toolCalls=10 nudgeMsg=no
[2026-07-31T00:08:20.228Z] LiveUpdateForge: AfterToolExec flush
[2026-07-31T00:08:20.238Z] LiveUpdateForge: AfterToolExec flush
[2026-07-31T00:08:20.279Z] LiveUpdateForge: AfterToolExec flush
[2026-07-31T00:08:20.309Z] InitialReadForge.onBeforeSend: SKIP (fr=true syn=false hasRead=true)
[2026-07-31T00:08:25.862Z] LiveUpdateForge: EndTurn fallback flush
[2026-07-31T00:08:25.862Z] onEndTurn: naturalStop=false toolCalls=13 nudgeMsg=no
[2026-07-31T00:08:25.885Z] LiveUpdateForge: AfterToolExec flush
[2026-07-31T00:08:25.911Z] InitialReadForge.onBeforeSend: SKIP (fr=true syn=false hasRead=true)
[2026-07-31T00:08:27.742Z] LiveUpdateForge: EndTurn fallback flush
[2026-07-31T00:08:27.743Z] onEndTurn: naturalStop=false toolCalls=14 nudgeMsg=no
[2026-07-31T00:08:27.760Z] LiveUpdateForge: AfterToolExec flush
[2026-07-31T00:08:27.785Z] InitialReadForge.onBeforeSend: SKIP (fr=true syn=false hasRead=true)
[2026-07-31T00:08:30.237Z] LiveUpdateForge: EndTurn fallback flush
[2026-07-31T00:08:30.237Z] onEndTurn: naturalStop=false toolCalls=15 nudgeMsg=no
[2026-07-31T00:08:30.637Z] LiveUpdateForge: AfterToolExec flush
[2026-07-31T00:08:30.659Z] InitialReadForge.onBeforeSend: SKIP (fr=true syn=false hasRead=true)
[2026-07-31T00:08:32.857Z] LiveUpdateForge: EndTurn fallback flush
[2026-07-31T00:08:32.857Z] onEndTurn: naturalStop=false toolCalls=16 nudgeMsg=no
[2026-07-31T00:08:32.932Z] LiveUpdateForge: AfterToolExec flush
[2026-07-31T00:08:32.953Z] InitialReadForge.onBeforeSend: SKIP (fr=true syn=false hasRead=true)
[2026-07-31T00:08:35.208Z] LiveUpdateForge: EndTurn fallback flush
[2026-07-31T00:08:35.208Z] onEndTurn: naturalStop=false toolCalls=17 nudgeMsg=no
[2026-07-31T00:08:35.322Z] LiveUpdateForge: AfterToolExec flush
[2026-07-31T00:08:35.341Z] InitialReadForge.onBeforeSend: SKIP (fr=true syn=false hasRead=true)
[2026-07-31T00:08:37.488Z] LiveUpdateForge: pending external change on D:\unity\mowang\CODELY.md
[2026-07-31T00:08:37.490Z] LiveUpdateForge: pending external change on D:\unity\mowang\CODELY.md
[2026-07-31T00:08:37.502Z] LiveUpdateForge: pending external change on D:\unity\mowang\CODELY.md
[2026-07-31T00:08:37.630Z] LiveUpdateForge: EndTurn fallback flush
[2026-07-31T00:08:37.631Z] LiveUpdateForge: enqueuing 1 diff notification(s)
[2026-07-31T00:08:37.631Z] onEndTurn: naturalStop=false toolCalls=18 nudgeMsg=no
[2026-07-31T00:08:38.202Z] LiveUpdateForge: AfterToolExec flush
[2026-07-31T00:08:38.225Z] InitialReadForge.onBeforeSend: SKIP (fr=true syn=false hasRead=true)
[2026-07-31T00:08:40.058Z] LiveUpdateForge: pending external change on D:\unity\mowang\CODELY.md
[2026-07-31T00:08:40.058Z] LiveUpdateForge: pending external change on D:\unity\mowang\CODELY.md
[2026-07-31T00:08:40.063Z] LiveUpdateForge: pending external change on D:\unity\mowang\CODELY.md
[2026-07-31T00:08:40.543Z] LiveUpdateForge: EndTurn fallback flush
[2026-07-31T00:08:40.544Z] LiveUpdateForge: enqueuing 1 diff notification(s)
[2026-07-31T00:08:40.544Z] onEndTurn: naturalStop=false toolCalls=19 nudgeMsg=no
[2026-07-31T00:08:40.651Z] LiveUpdateForge: AfterToolExec flush
[2026-07-31T00:08:40.674Z] InitialReadForge.onBeforeSend: SKIP (fr=true syn=false hasRead=true)
[2026-07-31T00:08:42.257Z] LiveUpdateForge: pending external change on D:\unity\mowang\CODELY.md
[2026-07-31T00:08:42.256Z] LiveUpdateForge: pending external change on D:\unity\mowang\CODELY.md
[2026-07-31T00:08:42.257Z] LiveUpdateForge: pending external change on D:\unity\mowang\CODELY.md
[2026-07-31T00:08:45.368Z] LiveUpdateForge: EndTurn fallback flush
[2026-07-31T00:08:45.369Z] LiveUpdateForge: enqueuing 1 diff notification(s)
[2026-07-31T00:08:45.369Z] onEndTurn: naturalStop=false toolCalls=20 nudgeMsg=no
[2026-07-31T00:08:45.441Z] LiveUpdateForge: AfterToolExec flush
[2026-07-31T00:08:45.547Z] LiveUpdateForge: AfterToolExec flush
[2026-07-31T00:08:45.560Z] LiveUpdateForge: AfterToolExec flush
[2026-07-31T00:08:45.585Z] InitialReadForge.onBeforeSend: SKIP (fr=true syn=false hasRead=true)
[2026-07-31T00:09:00.271Z] LiveUpdateForge: EndTurn fallback flush
[2026-07-31T00:09:00.271Z] onEndTurn: naturalStop=false toolCalls=23 nudgeMsg=no
[2026-07-31T00:09:02.693Z] LiveUpdateForge: pending external change on D:\unity\mowang\CODELY.md
[2026-07-31T00:09:02.696Z] LiveUpdateForge: pending external change on D:\unity\mowang\CODELY.md
[2026-07-31T00:09:02.696Z] LiveUpdateForge: pending external change on D:\unity\mowang\CODELY.md
[2026-07-31T00:09:43.098Z] LiveUpdateForge: AfterToolExec flush
[2026-07-31T00:09:43.099Z] LiveUpdateForge: enqueuing 1 diff notification(s)
[2026-07-31T00:09:43.101Z] LiveUpdateForge: AfterToolExec flush
[2026-07-31T00:09:43.101Z] LiveUpdateForge: AfterToolExec flush
[2026-07-31T00:09:43.126Z] LiveUpdateForge: AfterToolExec flush
[2026-07-31T00:09:43.127Z] LiveUpdateForge: AfterToolExec flush
[2026-07-31T00:09:43.163Z] InitialReadForge.onBeforeSend: SKIP (fr=true syn=false hasRead=true)
[2026-07-31T00:09:51.462Z] LiveUpdateForge: EndTurn fallback flush
[2026-07-31T00:09:51.463Z] onEndTurn: naturalStop=false toolCalls=28 nudgeMsg=no
[2026-07-31T00:09:51.476Z] LiveUpdateForge: AfterToolExec flush
[2026-07-31T00:09:51.552Z] LiveUpdateForge: AfterToolExec flush
[2026-07-31T00:09:51.586Z] InitialReadForge.onBeforeSend: SKIP (fr=true syn=false hasRead=true)
[2026-07-31T00:10:00.322Z] LiveUpdateForge: EndTurn fallback flush
[2026-07-31T00:10:00.322Z] onEndTurn: naturalStop=false toolCalls=30 nudgeMsg=no
[2026-07-31T00:10:00.389Z] LiveUpdateForge: AfterToolExec flush
[2026-07-31T00:10:00.390Z] LiveUpdateForge: AfterToolExec flush
[2026-07-31T00:10:00.390Z] LiveUpdateForge: AfterToolExec flush
[2026-07-31T00:10:00.391Z] LiveUpdateForge: AfterToolExec flush
[2026-07-31T00:10:00.391Z] LiveUpdateForge: AfterToolExec flush
[2026-07-31T00:10:00.426Z] InitialReadForge.onBeforeSend: SKIP (fr=true syn=false hasRead=true)
[2026-07-31T00:10:04.361Z] LiveUpdateForge: EndTurn fallback flush
[2026-07-31T00:10:04.361Z] onEndTurn: naturalStop=false toolCalls=35 nudgeMsg=no
[2026-07-31T00:10:04.365Z] LiveUpdateForge: AfterToolExec flush
[2026-07-31T00:10:04.395Z] InitialReadForge.onBeforeSend: SKIP (fr=true syn=false hasRead=true)
[2026-07-31T00:10:07.658Z] LiveUpdateForge: EndTurn fallback flush
[2026-07-31T00:10:07.658Z] onEndTurn: naturalStop=false toolCalls=36 nudgeMsg=no
[2026-07-31T00:10:07.690Z] InitialReadForge.onBeforeSend: SKIP (fr=true syn=false hasRead=true)
[2026-07-31T00:10:10.420Z] LiveUpdateForge: EndTurn fallback flush
[2026-07-31T00:10:10.420Z] onEndTurn: naturalStop=false toolCalls=36 nudgeMsg=no
[2026-07-31T00:10:10.626Z] LiveUpdateForge: AfterToolExec flush
[2026-07-31T00:10:10.657Z] InitialReadForge.onBeforeSend: SKIP (fr=true syn=false hasRead=true)
[2026-07-31T00:10:13.547Z] LiveUpdateForge: EndTurn fallback flush
[2026-07-31T00:10:13.547Z] onEndTurn: naturalStop=false toolCalls=37 nudgeMsg=no
[2026-07-31T00:10:13.566Z] LiveUpdateForge: AfterToolExec flush
[2026-07-31T00:10:13.567Z] LiveUpdateForge: AfterToolExec flush
[2026-07-31T00:10:13.598Z] InitialReadForge.onBeforeSend: SKIP (fr=true syn=false hasRead=true)
[2026-07-31T00:10:15.728Z] LiveUpdateForge: EndTurn fallback flush
[2026-07-31T00:10:15.729Z] onEndTurn: naturalStop=false toolCalls=39 nudgeMsg=no
[2026-07-31T00:10:16.927Z] LiveUpdateForge: AfterToolExec flush
[2026-07-31T00:10:16.965Z] InitialReadForge.onBeforeSend: SKIP (fr=true syn=false hasRead=true)
[2026-07-31T00:10:24.458Z] MemoryForge: attached 5 listener(s)
[2026-07-31T00:10:24.459Z] InitialReadForge: armed one-shot BeforeSend after NewSessionStart
[2026-07-31T00:10:24.461Z] LiveUpdateForge: session reset, allowLiveUpdate = false
[2026-07-31T00:10:24.542Z] LiveUpdateForge: EndTurn fallback flush
[2026-07-31T00:10:24.542Z] onEndTurn: naturalStop=false toolCalls=40 nudgeMsg=no
[2026-07-31T00:10:24.627Z] LiveUpdateForge: AfterToolExec flush
[2026-07-31T00:10:24.708Z] InitialReadForge.onBeforeSend: SKIP (fr=true syn=false hasRead=true)
[2026-07-31T00:10:25.689Z] LiveUpdateForge: session reset, allowLiveUpdate = false
[2026-07-31T00:10:25.733Z] ResumeDiffForge: running checkResumeConsistency
[2026-07-31T00:10:25.734Z] checkResumeConsistency: forgedTimestamps=[]
[2026-07-31T00:10:25.772Z] checkResumeConsistency: no changes detected
[2026-07-31T00:10:25.773Z] LiveUpdateForge: session reset, allowLiveUpdate = false
[2026-07-31T00:10:25.773Z] NudgeForge: ResumeComplete — restoring count from history
[2026-07-31T00:10:25.774Z] restoreNudgeCountFromHistory: no reset point found, count=119
[2026-07-31T00:10:25.888Z] MemoryForge: attached 5 listener(s)
[2026-07-31T00:10:25.888Z] InitialReadForge: armed one-shot BeforeSend after NewSessionStart
[2026-07-31T00:10:25.889Z] LiveUpdateForge: session reset, allowLiveUpdate = false
[2026-07-31T00:10:26.137Z] LiveUpdateForge: session reset, allowLiveUpdate = false
[2026-07-31T00:10:26.159Z] ResumeDiffForge: running checkResumeConsistency
[2026-07-31T00:10:26.165Z] checkResumeConsistency: forgedTimestamps=[]
[2026-07-31T00:10:26.178Z] checkResumeConsistency: no changes detected
[2026-07-31T00:10:26.179Z] LiveUpdateForge: session reset, allowLiveUpdate = false
[2026-07-31T00:10:26.179Z] NudgeForge: ResumeComplete — restoring count from history
[2026-07-31T00:10:26.180Z] restoreNudgeCountFromHistory: found last write at idx=239 count=0
[2026-07-31T00:10:28.022Z] MemoryForge: attached 5 listener(s)
[2026-07-31T00:10:28.023Z] InitialReadForge: armed one-shot BeforeSend after NewSessionStart
[2026-07-31T00:10:28.023Z] LiveUpdateForge: session reset, allowLiveUpdate = false
[2026-07-31T00:10:28.031Z] MemoryForge: detached all listeners
[2026-07-31T00:10:28.032Z] ResumeDiffForge: running checkResumeConsistency
[2026-07-31T00:10:28.032Z] checkResumeConsistency: forgedTimestamps=[]
[2026-07-31T00:10:28.065Z] checkResumeConsistency: no changes detected
[2026-07-31T00:10:28.066Z] LiveUpdateForge: session reset, allowLiveUpdate = false
[2026-07-31T00:10:28.066Z] NudgeForge: ResumeComplete — restoring count from history
[2026-07-31T00:10:28.066Z] restoreNudgeCountFromHistory: found last write at idx=239 count=0
[2026-07-31T00:10:28.653Z] LiveUpdateForge: EndTurn fallback flush
[2026-07-31T00:10:28.653Z] onEndTurn: naturalStop=false toolCalls=41 nudgeMsg=no
[2026-07-31T00:10:28.670Z] LiveUpdateForge: AfterToolExec flush
[2026-07-31T00:10:28.673Z] LiveUpdateForge: AfterToolExec flush
[2026-07-31T00:10:28.706Z] InitialReadForge.onBeforeSend: SKIP (fr=true syn=false hasRead=true)
[2026-07-31T00:10:31.664Z] LiveUpdateForge: EndTurn fallback flush
[2026-07-31T00:10:31.664Z] onEndTurn: naturalStop=false toolCalls=43 nudgeMsg=no
[2026-07-31T00:10:31.702Z] LiveUpdateForge: AfterToolExec flush
[2026-07-31T00:10:31.736Z] InitialReadForge.onBeforeSend: SKIP (fr=true syn=false hasRead=true)
[2026-07-31T00:10:34.655Z] LiveUpdateForge: EndTurn fallback flush
[2026-07-31T00:10:34.656Z] onEndTurn: naturalStop=false toolCalls=44 nudgeMsg=no
[2026-07-31T00:10:34.682Z] LiveUpdateForge: AfterToolExec flush
[2026-07-31T00:10:34.718Z] InitialReadForge.onBeforeSend: SKIP (fr=true syn=false hasRead=true)
[2026-07-31T00:10:39.872Z] LiveUpdateForge: EndTurn fallback flush
[2026-07-31T00:10:39.873Z] onEndTurn: naturalStop=false toolCalls=45 nudgeMsg=no
[2026-07-31T00:10:39.891Z] LiveUpdateForge: AfterToolExec flush
[2026-07-31T00:10:39.925Z] InitialReadForge.onBeforeSend: SKIP (fr=true syn=false hasRead=true)
[2026-07-31T00:10:42.105Z] LiveUpdateForge: EndTurn fallback flush
[2026-07-31T00:10:42.105Z] onEndTurn: naturalStop=false toolCalls=46 nudgeMsg=no
[2026-07-31T00:10:42.865Z] LiveUpdateForge: AfterToolExec flush
[2026-07-31T00:10:42.899Z] InitialReadForge.onBeforeSend: SKIP (fr=true syn=false hasRead=true)
[2026-07-31T00:10:48.964Z] LiveUpdateForge: EndTurn fallback flush
[2026-07-31T00:10:48.964Z] onEndTurn: naturalStop=false toolCalls=47 nudgeMsg=no
[2026-07-31T00:10:48.976Z] LiveUpdateForge: AfterToolExec flush
[2026-07-31T00:10:48.983Z] LiveUpdateForge: AfterToolExec flush
[2026-07-31T00:10:49.037Z] InitialReadForge.onBeforeSend: SKIP (fr=true syn=false hasRead=true)
[2026-07-31T00:10:51.660Z] LiveUpdateForge: EndTurn fallback flush
[2026-07-31T00:10:51.660Z] onEndTurn: naturalStop=false toolCalls=49 nudgeMsg=no
[2026-07-31T00:10:51.676Z] LiveUpdateForge: AfterToolExec flush
[2026-07-31T00:10:51.707Z] InitialReadForge.onBeforeSend: SKIP (fr=true syn=false hasRead=true)
[2026-07-31T00:10:55.757Z] LiveUpdateForge: EndTurn fallback flush
[2026-07-31T00:10:55.757Z] onEndTurn: naturalStop=false toolCalls=50 nudgeMsg=no
[2026-07-31T00:10:55.776Z] LiveUpdateForge: AfterToolExec flush
[2026-07-31T00:10:55.776Z] LiveUpdateForge: AfterToolExec flush
[2026-07-31T00:10:55.813Z] InitialReadForge.onBeforeSend: SKIP (fr=true syn=false hasRead=true)
[2026-07-31T00:10:58.180Z] LiveUpdateForge: EndTurn fallback flush
[2026-07-31T00:10:58.181Z] onEndTurn: naturalStop=false toolCalls=52 nudgeMsg=no
[2026-07-31T00:10:58.194Z] LiveUpdateForge: AfterToolExec flush
[2026-07-31T00:10:58.229Z] InitialReadForge.onBeforeSend: SKIP (fr=true syn=false hasRead=true)
[2026-07-31T00:11:00.815Z] LiveUpdateForge: EndTurn fallback flush
[2026-07-31T00:11:00.816Z] onEndTurn: naturalStop=false toolCalls=53 nudgeMsg=no
[2026-07-31T00:11:01.580Z] LiveUpdateForge: AfterToolExec flush
[2026-07-31T00:11:01.618Z] InitialReadForge.onBeforeSend: SKIP (fr=true syn=false hasRead=true)
[2026-07-31T00:11:04.387Z] LiveUpdateForge: EndTurn fallback flush
[2026-07-31T00:11:04.387Z] onEndTurn: naturalStop=false toolCalls=54 nudgeMsg=no
[2026-07-31T00:11:04.394Z] LiveUpdateForge: AfterToolExec flush
[2026-07-31T00:11:04.431Z] InitialReadForge.onBeforeSend: SKIP (fr=true syn=false hasRead=true)
[2026-07-31T00:11:08.993Z] LiveUpdateForge: EndTurn fallback flush
[2026-07-31T00:11:08.994Z] onEndTurn: naturalStop=false toolCalls=55 nudgeMsg=no
[2026-07-31T00:11:08.999Z] LiveUpdateForge: AfterToolExec flush
[2026-07-31T00:11:08.999Z] LiveUpdateForge: AfterToolExec flush
[2026-07-31T00:11:09.039Z] InitialReadForge.onBeforeSend: SKIP (fr=true syn=false hasRead=true)
[2026-07-31T00:11:12.178Z] LiveUpdateForge: EndTurn fallback flush
[2026-07-31T00:11:12.178Z] onEndTurn: naturalStop=false toolCalls=57 nudgeMsg=no
[2026-07-31T00:11:12.373Z] LiveUpdateForge: AfterToolExec flush
[2026-07-31T00:11:12.405Z] InitialReadForge.onBeforeSend: SKIP (fr=true syn=false hasRead=true)
[2026-07-31T00:11:16.380Z] LiveUpdateForge: EndTurn fallback flush
[2026-07-31T00:11:16.381Z] onEndTurn: naturalStop=false toolCalls=58 nudgeMsg=no
[2026-07-31T00:11:16.400Z] LiveUpdateForge: AfterToolExec flush
[2026-07-31T00:11:16.437Z] InitialReadForge.onBeforeSend: SKIP (fr=true syn=false hasRead=true)
[2026-07-31T00:11:34.210Z] LiveUpdateForge: EndTurn fallback flush
[2026-07-31T00:11:34.211Z] onEndTurn: naturalStop=false toolCalls=59 nudgeMsg=no
[2026-07-31T00:11:34.220Z] LiveUpdateForge: AfterToolExec flush
[2026-07-31T00:11:34.253Z] InitialReadForge.onBeforeSend: SKIP (fr=true syn=false hasRead=true)
[2026-07-31T00:11:37.346Z] LiveUpdateForge: EndTurn fallback flush
[2026-07-31T00:11:37.346Z] onEndTurn: naturalStop=false toolCalls=60 nudgeMsg=no
[2026-07-31T00:12:01.156Z] LiveUpdateForge: AfterToolExec flush
[2026-07-31T00:12:01.195Z] InitialReadForge.onBeforeSend: SKIP (fr=true syn=false hasRead=true)
[2026-07-31T00:12:09.332Z] LiveUpdateForge: EndTurn fallback flush
[2026-07-31T00:12:09.333Z] onEndTurn: naturalStop=false toolCalls=61 nudgeMsg=no
[2026-07-31T00:12:09.361Z] LiveUpdateForge: AfterToolExec flush
[2026-07-31T00:12:09.419Z] InitialReadForge.onBeforeSend: SKIP (fr=true syn=false hasRead=true)
[2026-07-31T00:12:14.832Z] LiveUpdateForge: EndTurn fallback flush
[2026-07-31T00:12:14.833Z] onEndTurn: naturalStop=false toolCalls=62 nudgeMsg=no
[2026-07-31T00:12:14.840Z] LiveUpdateForge: AfterToolExec flush
[2026-07-31T00:12:14.841Z] LiveUpdateForge: AfterToolExec flush
[2026-07-31T00:12:14.883Z] InitialReadForge.onBeforeSend: SKIP (fr=true syn=false hasRead=true)
[2026-07-31T00:12:17.530Z] LiveUpdateForge: EndTurn fallback flush
[2026-07-31T00:12:17.530Z] onEndTurn: naturalStop=false toolCalls=64 nudgeMsg=no
[2026-07-31T00:13:29.439Z] LiveUpdateForge: AfterToolExec flush
[2026-07-31T00:13:29.484Z] InitialReadForge.onBeforeSend: SKIP (fr=true syn=false hasRead=true)
[2026-07-31T00:13:33.597Z] LiveUpdateForge: EndTurn fallback flush
[2026-07-31T00:13:33.597Z] onEndTurn: naturalStop=false toolCalls=65 nudgeMsg=no
[2026-07-31T00:13:33.627Z] LiveUpdateForge: AfterToolExec flush
[2026-07-31T00:13:33.665Z] InitialReadForge.onBeforeSend: SKIP (fr=true syn=false hasRead=true)
[2026-07-31T00:13:36.655Z] LiveUpdateForge: EndTurn fallback flush
[2026-07-31T00:13:36.656Z] onEndTurn: naturalStop=false toolCalls=66 nudgeMsg=no
[2026-07-31T00:13:36.678Z] LiveUpdateForge: AfterToolExec flush
[2026-07-31T00:13:36.679Z] LiveUpdateForge: AfterToolExec flush
[2026-07-31T00:13:36.722Z] InitialReadForge.onBeforeSend: SKIP (fr=true syn=false hasRead=true)
[2026-07-31T00:13:43.375Z] LiveUpdateForge: EndTurn fallback flush
[2026-07-31T00:13:43.375Z] onEndTurn: naturalStop=true toolCalls=0 nudgeMsg=YES
[2026-07-31T00:13:43.387Z] InitialReadForge.onBeforeSend: SKIP (fr=false syn=false hasRead=true)
[2026-07-31T00:13:50.506Z] LiveUpdateForge: EndTurn fallback flush
[2026-07-31T00:13:50.507Z] onEndTurn: naturalStop=true toolCalls=0 nudgeMsg=no
[2026-07-31T00:13:55.494Z] MemoryForge: attached 5 listener(s)
[2026-07-31T00:13:55.494Z] InitialReadForge: armed one-shot BeforeSend after NewSessionStart
[2026-07-31T00:13:55.495Z] LiveUpdateForge: session reset, allowLiveUpdate = false
[2026-07-31T00:13:55.622Z] LiveUpdateForge: session reset, allowLiveUpdate = false
[2026-07-31T00:13:55.661Z] ResumeDiffForge: running checkResumeConsistency
[2026-07-31T00:13:55.663Z] checkResumeConsistency: forgedTimestamps=[]
[2026-07-31T00:13:55.671Z] checkResumeConsistency: no changes detected
[2026-07-31T00:13:55.671Z] LiveUpdateForge: session reset, allowLiveUpdate = false
[2026-07-31T00:13:55.672Z] NudgeForge: ResumeComplete — restoring count from history
[2026-07-31T00:13:55.672Z] restoreNudgeCountFromHistory: found nudge message at idx=99 count=0
[2026-07-31T00:13:56.205Z] MemoryForge: attached 5 listener(s)
[2026-07-31T00:13:56.206Z] InitialReadForge: armed one-shot BeforeSend after NewSessionStart
[2026-07-31T00:13:56.206Z] LiveUpdateForge: session reset, allowLiveUpdate = false
[2026-07-31T00:13:56.215Z] MemoryForge: detached all listeners
[2026-07-31T00:13:56.216Z] ResumeDiffForge: running checkResumeConsistency
[2026-07-31T00:13:56.216Z] checkResumeConsistency: forgedTimestamps=[]
[2026-07-31T00:13:56.255Z] checkResumeConsistency: no changes detected
[2026-07-31T00:13:56.256Z] LiveUpdateForge: session reset, allowLiveUpdate = false
[2026-07-31T00:13:56.256Z] NudgeForge: ResumeComplete — restoring count from history
[2026-07-31T00:13:56.257Z] restoreNudgeCountFromHistory: found nudge message at idx=99 count=0
[2026-07-31T00:15:07.539Z] ResumeDiffForge: running checkResumeConsistency
[2026-07-31T00:15:07.542Z] checkResumeConsistency: forgedTimestamps=[]
[2026-07-31T00:15:07.554Z] checkResumeConsistency: no changes detected
[2026-07-31T00:15:07.555Z] LiveUpdateForge: session reset, allowLiveUpdate = false
[2026-07-31T00:15:07.555Z] NudgeForge: ResumeComplete — restoring count from history
[2026-07-31T00:15:07.556Z] restoreNudgeCountFromHistory: found last write at idx=239 count=0
[2026-07-31T00:15:07.649Z] ResumeDiffForge: running checkResumeConsistency
[2026-07-31T00:15:07.650Z] checkResumeConsistency: forgedTimestamps=[]
[2026-07-31T00:15:07.656Z] checkResumeConsistency: no changes detected
[2026-07-31T00:15:07.657Z] LiveUpdateForge: session reset, allowLiveUpdate = false
[2026-07-31T00:15:07.657Z] NudgeForge: ResumeComplete — restoring count from history
[2026-07-31T00:15:07.658Z] restoreNudgeCountFromHistory: found last write at idx=239 count=0
[2026-07-31T00:15:07.754Z] MemoryForge: attached 5 listener(s)
[2026-07-31T00:15:07.754Z] InitialReadForge: armed one-shot BeforeSend after NewSessionStart
[2026-07-31T00:15:07.755Z] LiveUpdateForge: session reset, allowLiveUpdate = false
[2026-07-31T00:15:07.759Z] MemoryForge: detached all listeners
[2026-07-31T00:15:07.760Z] ResumeDiffForge: running checkResumeConsistency
[2026-07-31T00:15:07.761Z] checkResumeConsistency: forgedTimestamps=[]
[2026-07-31T00:15:07.791Z] checkResumeConsistency: no changes detected
[2026-07-31T00:15:07.791Z] LiveUpdateForge: session reset, allowLiveUpdate = false
[2026-07-31T00:15:07.791Z] NudgeForge: ResumeComplete — restoring count from history
[2026-07-31T00:15:07.792Z] restoreNudgeCountFromHistory: found last write at idx=239 count=0
[2026-07-31T00:15:07.823Z] LiveUpdateForge: allowLiveUpdate = true (first real BeforeSend)
[2026-07-31T00:15:07.824Z] InitialReadForge.onBeforeSend: SKIP (fr=false syn=false hasRead=true)
[2026-07-31T00:15:20.223Z] LiveUpdateForge: EndTurn fallback flush
[2026-07-31T00:15:20.224Z] onEndTurn: naturalStop=false toolCalls=0 nudgeMsg=no
[2026-07-31T00:15:20.314Z] LiveUpdateForge: AfterToolExec flush
[2026-07-31T00:15:20.476Z] LiveUpdateForge: AfterToolExec flush
[2026-07-31T00:15:20.509Z] InitialReadForge.onBeforeSend: SKIP (fr=true syn=false hasRead=true)
[2026-07-31T00:15:24.679Z] LiveUpdateForge: EndTurn fallback flush
[2026-07-31T00:15:24.679Z] onEndTurn: naturalStop=false toolCalls=2 nudgeMsg=no
[2026-07-31T00:15:24.698Z] LiveUpdateForge: AfterToolExec flush
[2026-07-31T00:15:24.709Z] LiveUpdateForge: AfterToolExec flush
[2026-07-31T00:15:24.735Z] InitialReadForge.onBeforeSend: SKIP (fr=true syn=false hasRead=true)
[2026-07-31T00:15:29.020Z] LiveUpdateForge: EndTurn fallback flush
[2026-07-31T00:15:29.020Z] onEndTurn: naturalStop=false toolCalls=4 nudgeMsg=no
[2026-07-31T00:15:34.965Z] LiveUpdateForge: AfterToolExec flush
[2026-07-31T00:15:35.005Z] InitialReadForge.onBeforeSend: SKIP (fr=true syn=false hasRead=true)
[2026-07-31T00:15:45.012Z] LiveUpdateForge: EndTurn fallback flush
[2026-07-31T00:15:45.013Z] onEndTurn: naturalStop=false toolCalls=5 nudgeMsg=no
[2026-07-31T00:15:45.070Z] LiveUpdateForge: AfterToolExec flush
[2026-07-31T00:15:45.073Z] LiveUpdateForge: AfterToolExec flush
[2026-07-31T00:15:45.143Z] LiveUpdateForge: AfterToolExec flush
[2026-07-31T00:15:45.183Z] InitialReadForge.onBeforeSend: SKIP (fr=true syn=false hasRead=true)
[2026-07-31T00:15:50.333Z] LiveUpdateForge: EndTurn fallback flush
[2026-07-31T00:15:50.334Z] onEndTurn: naturalStop=false toolCalls=8 nudgeMsg=no
[2026-07-31T00:15:50.419Z] LiveUpdateForge: AfterToolExec flush
[2026-07-31T00:15:50.457Z] LiveUpdateForge: AfterToolExec flush
[2026-07-31T00:16:04.016Z] LiveUpdateForge: AfterToolExec flush
[2026-07-31T00:16:04.072Z] InitialReadForge.onBeforeSend: SKIP (fr=true syn=false hasRead=true)
[2026-07-31T00:16:09.849Z] LiveUpdateForge: EndTurn fallback flush
[2026-07-31T00:16:09.850Z] onEndTurn: naturalStop=false toolCalls=11 nudgeMsg=no
[2026-07-31T00:16:09.882Z] LiveUpdateForge: AfterToolExec flush
[2026-07-31T00:16:09.932Z] InitialReadForge.onBeforeSend: SKIP (fr=true syn=false hasRead=true)
[2026-07-31T00:16:15.031Z] LiveUpdateForge: EndTurn fallback flush
[2026-07-31T00:16:15.032Z] onEndTurn: naturalStop=false toolCalls=12 nudgeMsg=no
[2026-07-31T00:16:34.815Z] LiveUpdateForge: AfterToolExec flush
[2026-07-31T00:16:34.854Z] InitialReadForge.onBeforeSend: SKIP (fr=true syn=false hasRead=true)
[2026-07-31T00:16:38.110Z] LiveUpdateForge: EndTurn fallback flush
[2026-07-31T00:16:38.110Z] onEndTurn: naturalStop=false toolCalls=13 nudgeMsg=no
[2026-07-31T00:16:38.119Z] LiveUpdateForge: AfterToolExec flush
[2026-07-31T00:16:38.155Z] InitialReadForge.onBeforeSend: SKIP (fr=true syn=false hasRead=true)
[2026-07-31T00:16:51.681Z] LiveUpdateForge: EndTurn fallback flush
[2026-07-31T00:16:51.681Z] onEndTurn: naturalStop=true toolCalls=14 nudgeMsg=no
[2026-07-31T00:18:21.554Z] MemoryForge: attached 5 listener(s)
[2026-07-31T00:18:21.555Z] InitialReadForge: armed one-shot BeforeSend after NewSessionStart
[2026-07-31T00:18:21.555Z] LiveUpdateForge: session reset, allowLiveUpdate = false
[2026-07-31T00:18:21.794Z] LiveUpdateForge: session reset, allowLiveUpdate = false
[2026-07-31T00:18:21.824Z] ResumeDiffForge: running checkResumeConsistency
[2026-07-31T00:18:21.825Z] checkResumeConsistency: forgedTimestamps=[]
[2026-07-31T00:18:21.835Z] checkResumeConsistency: no changes detected
[2026-07-31T00:18:21.836Z] LiveUpdateForge: session reset, allowLiveUpdate = false
[2026-07-31T00:18:21.836Z] NudgeForge: ResumeComplete — restoring count from history
[2026-07-31T00:18:21.837Z] restoreNudgeCountFromHistory: found last write at idx=239 count=14
[2026-07-31T00:18:22.544Z] MemoryForge: attached 5 listener(s)
[2026-07-31T00:18:22.545Z] InitialReadForge: armed one-shot BeforeSend after NewSessionStart
[2026-07-31T00:18:22.545Z] LiveUpdateForge: session reset, allowLiveUpdate = false
[2026-07-31T00:18:22.556Z] MemoryForge: detached all listeners
[2026-07-31T00:18:22.556Z] ResumeDiffForge: running checkResumeConsistency
[2026-07-31T00:18:22.557Z] checkResumeConsistency: forgedTimestamps=[]
[2026-07-31T00:18:22.598Z] checkResumeConsistency: no changes detected
[2026-07-31T00:18:22.598Z] LiveUpdateForge: session reset, allowLiveUpdate = false
[2026-07-31T00:18:22.598Z] NudgeForge: ResumeComplete — restoring count from history
[2026-07-31T00:18:22.599Z] restoreNudgeCountFromHistory: found last write at idx=239 count=14
[2026-07-31T00:18:22.701Z] ResumeDiffForge: running checkResumeConsistency
[2026-07-31T00:18:22.701Z] checkResumeConsistency: forgedTimestamps=[]
[2026-07-31T00:18:22.708Z] checkResumeConsistency: no changes detected
[2026-07-31T00:18:22.708Z] LiveUpdateForge: session reset, allowLiveUpdate = false
[2026-07-31T00:18:22.709Z] NudgeForge: ResumeComplete — restoring count from history
[2026-07-31T00:18:22.709Z] restoreNudgeCountFromHistory: found last write at idx=239 count=14
[2026-07-31T00:18:22.816Z] ResumeDiffForge: running checkResumeConsistency
[2026-07-31T00:18:22.817Z] checkResumeConsistency: forgedTimestamps=[]
[2026-07-31T00:18:22.826Z] checkResumeConsistency: no changes detected
[2026-07-31T00:18:22.827Z] LiveUpdateForge: session reset, allowLiveUpdate = false
[2026-07-31T00:18:22.828Z] NudgeForge: ResumeComplete — restoring count from history
[2026-07-31T00:18:22.828Z] restoreNudgeCountFromHistory: found last write at idx=239 count=14
[2026-07-31T00:18:22.932Z] MemoryForge: attached 5 listener(s)
[2026-07-31T00:18:22.933Z] InitialReadForge: armed one-shot BeforeSend after NewSessionStart
[2026-07-31T00:18:22.933Z] LiveUpdateForge: session reset, allowLiveUpdate = false
[2026-07-31T00:18:22.939Z] MemoryForge: detached all listeners
[2026-07-31T00:18:22.939Z] ResumeDiffForge: running checkResumeConsistency
[2026-07-31T00:18:22.940Z] checkResumeConsistency: forgedTimestamps=[]
[2026-07-31T00:18:22.973Z] checkResumeConsistency: no changes detected
[2026-07-31T00:18:22.974Z] LiveUpdateForge: session reset, allowLiveUpdate = false
[2026-07-31T00:18:22.974Z] NudgeForge: ResumeComplete — restoring count from history
[2026-07-31T00:18:22.974Z] restoreNudgeCountFromHistory: found last write at idx=239 count=14
[2026-07-31T00:18:23.001Z] LiveUpdateForge: allowLiveUpdate = true (first real BeforeSend)
[2026-07-31T00:18:23.002Z] InitialReadForge.onBeforeSend: SKIP (fr=false syn=false hasRead=true)
[2026-07-31T00:18:35.544Z] LiveUpdateForge: EndTurn fallback flush
[2026-07-31T00:18:35.544Z] onEndTurn: naturalStop=false toolCalls=14 nudgeMsg=no
[2026-07-31T00:18:35.609Z] LiveUpdateForge: AfterToolExec flush
[2026-07-31T00:18:35.617Z] LiveUpdateForge: AfterToolExec flush
[2026-07-31T00:18:35.632Z] LiveUpdateForge: AfterToolExec flush
[2026-07-31T00:18:35.667Z] InitialReadForge.onBeforeSend: SKIP (fr=true syn=false hasRead=true)
[2026-07-31T00:18:40.819Z] LiveUpdateForge: EndTurn fallback flush
[2026-07-31T00:18:40.819Z] onEndTurn: naturalStop=false toolCalls=17 nudgeMsg=no
[2026-07-31T00:18:49.696Z] LiveUpdateForge: AfterToolExec flush
[2026-07-31T00:18:49.724Z] InitialReadForge.onBeforeSend: SKIP (fr=true syn=false hasRead=true)
[2026-07-31T00:18:53.830Z] LiveUpdateForge: EndTurn fallback flush
[2026-07-31T00:18:53.831Z] onEndTurn: naturalStop=false toolCalls=18 nudgeMsg=no
[2026-07-31T00:18:59.127Z] LiveUpdateForge: AfterToolExec flush
[2026-07-31T00:18:59.159Z] InitialReadForge.onBeforeSend: SKIP (fr=true syn=false hasRead=true)
[2026-07-31T00:19:06.678Z] LiveUpdateForge: EndTurn fallback flush
[2026-07-31T00:19:06.679Z] onEndTurn: naturalStop=false toolCalls=19 nudgeMsg=no
[2026-07-31T00:19:10.236Z] LiveUpdateForge: AfterToolExec flush
[2026-07-31T00:19:10.266Z] InitialReadForge.onBeforeSend: SKIP (fr=true syn=false hasRead=true)
[2026-07-31T00:19:13.042Z] LiveUpdateForge: EndTurn fallback flush
[2026-07-31T00:19:13.042Z] onEndTurn: naturalStop=false toolCalls=20 nudgeMsg=no
[2026-07-31T00:19:16.699Z] LiveUpdateForge: AfterToolExec flush
[2026-07-31T00:19:16.731Z] InitialReadForge.onBeforeSend: SKIP (fr=true syn=false hasRead=true)
[2026-07-31T00:19:19.437Z] LiveUpdateForge: EndTurn fallback flush
[2026-07-31T00:19:19.437Z] onEndTurn: naturalStop=false toolCalls=21 nudgeMsg=no
[2026-07-31T00:19:20.174Z] LiveUpdateForge: AfterToolExec flush
[2026-07-31T00:19:20.203Z] InitialReadForge.onBeforeSend: SKIP (fr=true syn=false hasRead=true)
[2026-07-31T00:19:25.463Z] LiveUpdateForge: EndTurn fallback flush
[2026-07-31T00:19:25.463Z] onEndTurn: naturalStop=false toolCalls=22 nudgeMsg=no
[2026-07-31T00:19:25.473Z] LiveUpdateForge: AfterToolExec flush
[2026-07-31T00:19:25.505Z] InitialReadForge.onBeforeSend: SKIP (fr=true syn=false hasRead=true)
[2026-07-31T00:19:27.851Z] LiveUpdateForge: EndTurn fallback flush
[2026-07-31T00:19:27.851Z] onEndTurn: naturalStop=false toolCalls=23 nudgeMsg=no
[2026-07-31T00:19:28.164Z] LiveUpdateForge: AfterToolExec flush
[2026-07-31T00:19:28.193Z] InitialReadForge.onBeforeSend: SKIP (fr=true syn=false hasRead=true)
[2026-07-31T00:19:30.676Z] LiveUpdateForge: EndTurn fallback flush
[2026-07-31T00:19:30.676Z] onEndTurn: naturalStop=false toolCalls=24 nudgeMsg=no
[2026-07-31T00:19:30.688Z] LiveUpdateForge: AfterToolExec flush
[2026-07-31T00:19:30.719Z] InitialReadForge.onBeforeSend: SKIP (fr=true syn=false hasRead=true)
[2026-07-31T00:19:32.773Z] LiveUpdateForge: EndTurn fallback flush
[2026-07-31T00:19:32.773Z] onEndTurn: naturalStop=false toolCalls=25 nudgeMsg=no
[2026-07-31T00:19:33.304Z] LiveUpdateForge: AfterToolExec flush
[2026-07-31T00:19:33.329Z] InitialReadForge.onBeforeSend: SKIP (fr=true syn=false hasRead=true)
[2026-07-31T00:19:37.066Z] LiveUpdateForge: EndTurn fallback flush
[2026-07-31T00:19:37.066Z] onEndTurn: naturalStop=false toolCalls=26 nudgeMsg=no
[2026-07-31T00:19:38.365Z] LiveUpdateForge: AfterToolExec flush
[2026-07-31T00:19:38.395Z] InitialReadForge.onBeforeSend: SKIP (fr=true syn=false hasRead=true)
[2026-07-31T00:19:42.086Z] LiveUpdateForge: EndTurn fallback flush
[2026-07-31T00:19:42.086Z] onEndTurn: naturalStop=false toolCalls=27 nudgeMsg=no
[2026-07-31T00:19:42.536Z] LiveUpdateForge: AfterToolExec flush
[2026-07-31T00:19:42.567Z] InitialReadForge.onBeforeSend: SKIP (fr=true syn=false hasRead=true)
[2026-07-31T00:19:45.102Z] LiveUpdateForge: EndTurn fallback flush
[2026-07-31T00:19:45.102Z] onEndTurn: naturalStop=false toolCalls=28 nudgeMsg=no
[2026-07-31T00:19:45.147Z] LiveUpdateForge: AfterToolExec flush
[2026-07-31T00:19:45.182Z] InitialReadForge.onBeforeSend: SKIP (fr=true syn=false hasRead=true)
[2026-07-31T00:19:47.291Z] LiveUpdateForge: EndTurn fallback flush
[2026-07-31T00:19:47.291Z] onEndTurn: naturalStop=false toolCalls=29 nudgeMsg=no
[2026-07-31T00:19:53.103Z] LiveUpdateForge: AfterToolExec flush
[2026-07-31T00:19:53.135Z] InitialReadForge.onBeforeSend: SKIP (fr=true syn=false hasRead=true)
[2026-07-31T00:19:58.009Z] LiveUpdateForge: EndTurn fallback flush
[2026-07-31T00:19:58.010Z] onEndTurn: naturalStop=false toolCalls=30 nudgeMsg=no
[2026-07-31T00:19:58.452Z] LiveUpdateForge: AfterToolExec flush
[2026-07-31T00:19:58.480Z] InitialReadForge.onBeforeSend: SKIP (fr=true syn=false hasRead=true)
[2026-07-31T00:20:06.999Z] LiveUpdateForge: EndTurn fallback flush
[2026-07-31T00:20:07.000Z] onEndTurn: naturalStop=false toolCalls=31 nudgeMsg=no
[2026-07-31T00:20:07.401Z] LiveUpdateForge: AfterToolExec flush
[2026-07-31T00:20:07.432Z] InitialReadForge.onBeforeSend: SKIP (fr=true syn=false hasRead=true)
[2026-07-31T00:20:09.782Z] LiveUpdateForge: EndTurn fallback flush
[2026-07-31T00:20:09.783Z] onEndTurn: naturalStop=false toolCalls=32 nudgeMsg=no
[2026-07-31T00:20:10.504Z] LiveUpdateForge: AfterToolExec flush
[2026-07-31T00:20:10.535Z] InitialReadForge.onBeforeSend: SKIP (fr=true syn=false hasRead=true)
[2026-07-31T00:20:13.977Z] LiveUpdateForge: EndTurn fallback flush
[2026-07-31T00:20:13.977Z] onEndTurn: naturalStop=false toolCalls=33 nudgeMsg=no
[2026-07-31T00:20:14.499Z] LiveUpdateForge: AfterToolExec flush
[2026-07-31T00:20:14.527Z] InitialReadForge.onBeforeSend: SKIP (fr=true syn=false hasRead=true)
[2026-07-31T00:20:17.252Z] LiveUpdateForge: EndTurn fallback flush
[2026-07-31T00:20:17.253Z] onEndTurn: naturalStop=false toolCalls=34 nudgeMsg=no
[2026-07-31T00:20:17.679Z] LiveUpdateForge: AfterToolExec flush
[2026-07-31T00:20:17.710Z] InitialReadForge.onBeforeSend: SKIP (fr=true syn=false hasRead=true)
[2026-07-31T00:20:20.575Z] LiveUpdateForge: EndTurn fallback flush
[2026-07-31T00:20:20.576Z] onEndTurn: naturalStop=false toolCalls=35 nudgeMsg=no
[2026-07-31T00:20:21.093Z] LiveUpdateForge: AfterToolExec flush
[2026-07-31T00:20:21.126Z] InitialReadForge.onBeforeSend: SKIP (fr=true syn=false hasRead=true)
[2026-07-31T00:20:23.881Z] LiveUpdateForge: EndTurn fallback flush
[2026-07-31T00:20:23.881Z] onEndTurn: naturalStop=false toolCalls=36 nudgeMsg=no
[2026-07-31T00:20:24.422Z] LiveUpdateForge: AfterToolExec flush
[2026-07-31T00:20:24.451Z] InitialReadForge.onBeforeSend: SKIP (fr=true syn=false hasRead=true)
[2026-07-31T00:20:26.418Z] LiveUpdateForge: EndTurn fallback flush
[2026-07-31T00:20:26.419Z] onEndTurn: naturalStop=false toolCalls=37 nudgeMsg=no
[2026-07-31T00:20:26.731Z] LiveUpdateForge: AfterToolExec flush
[2026-07-31T00:20:26.760Z] InitialReadForge.onBeforeSend: SKIP (fr=true syn=false hasRead=true)
[2026-07-31T00:20:31.656Z] LiveUpdateForge: EndTurn fallback flush
[2026-07-31T00:20:31.656Z] onEndTurn: naturalStop=false toolCalls=38 nudgeMsg=no
[2026-07-31T00:20:32.154Z] LiveUpdateForge: AfterToolExec flush
[2026-07-31T00:20:32.184Z] InitialReadForge.onBeforeSend: SKIP (fr=true syn=false hasRead=true)
[2026-07-31T00:20:36.077Z] LiveUpdateForge: EndTurn fallback flush
[2026-07-31T00:20:36.077Z] onEndTurn: naturalStop=false toolCalls=39 nudgeMsg=no
[2026-07-31T00:20:36.089Z] LiveUpdateForge: AfterToolExec flush
[2026-07-31T00:20:36.120Z] InitialReadForge.onBeforeSend: SKIP (fr=true syn=false hasRead=true)
[2026-07-31T00:20:37.832Z] LiveUpdateForge: EndTurn fallback flush
[2026-07-31T00:20:37.833Z] onEndTurn: naturalStop=false toolCalls=40 nudgeMsg=no
[2026-07-31T00:20:38.845Z] LiveUpdateForge: AfterToolExec flush
[2026-07-31T00:20:38.877Z] InitialReadForge.onBeforeSend: SKIP (fr=true syn=false hasRead=true)
[2026-07-31T00:20:43.328Z] LiveUpdateForge: EndTurn fallback flush
[2026-07-31T00:20:43.329Z] onEndTurn: naturalStop=false toolCalls=41 nudgeMsg=no
[2026-07-31T00:20:43.897Z] LiveUpdateForge: AfterToolExec flush
[2026-07-31T00:20:43.927Z] InitialReadForge.onBeforeSend: SKIP (fr=true syn=false hasRead=true)
[2026-07-31T00:20:47.944Z] LiveUpdateForge: EndTurn fallback flush
[2026-07-31T00:20:47.945Z] onEndTurn: naturalStop=false toolCalls=42 nudgeMsg=no
[2026-07-31T00:20:48.340Z] LiveUpdateForge: AfterToolExec flush
[2026-07-31T00:20:48.371Z] InitialReadForge.onBeforeSend: SKIP (fr=true syn=false hasRead=true)
[2026-07-31T00:20:53.786Z] LiveUpdateForge: EndTurn fallback flush
[2026-07-31T00:20:53.787Z] onEndTurn: naturalStop=false toolCalls=43 nudgeMsg=no
[2026-07-31T00:20:54.280Z] LiveUpdateForge: AfterToolExec flush
[2026-07-31T00:20:54.313Z] InitialReadForge.onBeforeSend: SKIP (fr=true syn=false hasRead=true)
[2026-07-31T00:20:56.778Z] LiveUpdateForge: EndTurn fallback flush
[2026-07-31T00:20:56.778Z] onEndTurn: naturalStop=false toolCalls=44 nudgeMsg=no
[2026-07-31T00:20:57.370Z] LiveUpdateForge: AfterToolExec flush
[2026-07-31T00:20:57.401Z] InitialReadForge.onBeforeSend: SKIP (fr=true syn=false hasRead=true)
[2026-07-31T00:21:02.103Z] LiveUpdateForge: EndTurn fallback flush
[2026-07-31T00:21:02.104Z] onEndTurn: naturalStop=false toolCalls=45 nudgeMsg=no
[2026-07-31T00:21:02.607Z] LiveUpdateForge: AfterToolExec flush
[2026-07-31T00:21:02.637Z] InitialReadForge.onBeforeSend: SKIP (fr=true syn=false hasRead=true)
[2026-07-31T00:21:07.870Z] LiveUpdateForge: EndTurn fallback flush
[2026-07-31T00:21:07.870Z] onEndTurn: naturalStop=false toolCalls=46 nudgeMsg=no
[2026-07-31T00:21:08.291Z] LiveUpdateForge: AfterToolExec flush
[2026-07-31T00:21:08.323Z] InitialReadForge.onBeforeSend: SKIP (fr=true syn=false hasRead=true)
[2026-07-31T00:21:12.071Z] LiveUpdateForge: EndTurn fallback flush
[2026-07-31T00:21:12.072Z] onEndTurn: naturalStop=false toolCalls=47 nudgeMsg=no
[2026-07-31T00:21:12.670Z] LiveUpdateForge: AfterToolExec flush
[2026-07-31T00:21:12.710Z] InitialReadForge.onBeforeSend: SKIP (fr=true syn=false hasRead=true)
[2026-07-31T00:21:17.431Z] LiveUpdateForge: EndTurn fallback flush
[2026-07-31T00:21:17.431Z] onEndTurn: naturalStop=false toolCalls=48 nudgeMsg=no
[2026-07-31T00:21:18.209Z] LiveUpdateForge: AfterToolExec flush
[2026-07-31T00:21:18.242Z] InitialReadForge.onBeforeSend: SKIP (fr=true syn=false hasRead=true)
[2026-07-31T00:21:21.633Z] LiveUpdateForge: EndTurn fallback flush
[2026-07-31T00:21:21.634Z] onEndTurn: naturalStop=false toolCalls=49 nudgeMsg=no
[2026-07-31T00:21:22.054Z] LiveUpdateForge: AfterToolExec flush
[2026-07-31T00:21:22.087Z] InitialReadForge.onBeforeSend: SKIP (fr=true syn=false hasRead=true)
[2026-07-31T00:21:25.998Z] LiveUpdateForge: EndTurn fallback flush
[2026-07-31T00:21:25.999Z] onEndTurn: naturalStop=false toolCalls=50 nudgeMsg=no
[2026-07-31T00:21:26.677Z] LiveUpdateForge: AfterToolExec flush
[2026-07-31T00:21:26.707Z] InitialReadForge.onBeforeSend: SKIP (fr=true syn=false hasRead=true)
[2026-07-31T00:21:30.466Z] LiveUpdateForge: EndTurn fallback flush
[2026-07-31T00:21:30.466Z] onEndTurn: naturalStop=false toolCalls=51 nudgeMsg=no
[2026-07-31T00:21:32.683Z] LiveUpdateForge: AfterToolExec flush
[2026-07-31T00:21:32.717Z] InitialReadForge.onBeforeSend: SKIP (fr=true syn=false hasRead=true)
[2026-07-31T00:21:37.963Z] LiveUpdateForge: EndTurn fallback flush
[2026-07-31T00:21:37.963Z] onEndTurn: naturalStop=false toolCalls=52 nudgeMsg=no
[2026-07-31T00:21:37.990Z] LiveUpdateForge: AfterToolExec flush
[2026-07-31T00:21:38.026Z] InitialReadForge.onBeforeSend: SKIP (fr=true syn=false hasRead=true)
[2026-07-31T00:21:39.767Z] LiveUpdateForge: EndTurn fallback flush
[2026-07-31T00:21:39.767Z] onEndTurn: naturalStop=false toolCalls=53 nudgeMsg=no
[2026-07-31T00:21:40.851Z] LiveUpdateForge: AfterToolExec flush
[2026-07-31T00:21:40.889Z] InitialReadForge.onBeforeSend: SKIP (fr=true syn=false hasRead=true)
[2026-07-31T00:21:43.548Z] LiveUpdateForge: EndTurn fallback flush
[2026-07-31T00:21:43.549Z] onEndTurn: naturalStop=false toolCalls=54 nudgeMsg=no
[2026-07-31T00:21:43.927Z] LiveUpdateForge: AfterToolExec flush
[2026-07-31T00:21:43.958Z] InitialReadForge.onBeforeSend: SKIP (fr=true syn=false hasRead=true)
[2026-07-31T00:21:46.890Z] LiveUpdateForge: EndTurn fallback flush
[2026-07-31T00:21:46.891Z] onEndTurn: naturalStop=false toolCalls=55 nudgeMsg=no
[2026-07-31T00:21:47.504Z] LiveUpdateForge: AfterToolExec flush
[2026-07-31T00:21:47.532Z] InitialReadForge.onBeforeSend: SKIP (fr=true syn=false hasRead=true)
[2026-07-31T00:21:50.899Z] LiveUpdateForge: EndTurn fallback flush
[2026-07-31T00:21:50.899Z] onEndTurn: naturalStop=false toolCalls=56 nudgeMsg=no
[2026-07-31T00:21:51.798Z] LiveUpdateForge: AfterToolExec flush
[2026-07-31T00:21:51.833Z] InitialReadForge.onBeforeSend: SKIP (fr=true syn=false hasRead=true)
[2026-07-31T00:21:54.601Z] LiveUpdateForge: EndTurn fallback flush
[2026-07-31T00:21:54.602Z] onEndTurn: naturalStop=false toolCalls=57 nudgeMsg=no
[2026-07-31T00:21:54.627Z] LiveUpdateForge: AfterToolExec flush
[2026-07-31T00:21:54.657Z] InitialReadForge.onBeforeSend: SKIP (fr=true syn=false hasRead=true)
[2026-07-31T00:21:56.889Z] LiveUpdateForge: EndTurn fallback flush
[2026-07-31T00:21:56.890Z] onEndTurn: naturalStop=false toolCalls=58 nudgeMsg=no
[2026-07-31T00:21:57.895Z] LiveUpdateForge: AfterToolExec flush
[2026-07-31T00:21:57.926Z] InitialReadForge.onBeforeSend: SKIP (fr=true syn=false hasRead=true)
[2026-07-31T00:22:01.048Z] LiveUpdateForge: EndTurn fallback flush
[2026-07-31T00:22:01.048Z] onEndTurn: naturalStop=false toolCalls=59 nudgeMsg=no
[2026-07-31T00:22:01.411Z] LiveUpdateForge: AfterToolExec flush
[2026-07-31T00:22:01.455Z] InitialReadForge.onBeforeSend: SKIP (fr=true syn=false hasRead=true)
[2026-07-31T00:22:03.860Z] LiveUpdateForge: EndTurn fallback flush
[2026-07-31T00:22:03.861Z] onEndTurn: naturalStop=false toolCalls=60 nudgeMsg=no
[2026-07-31T00:22:04.469Z] LiveUpdateForge: AfterToolExec flush
[2026-07-31T00:22:04.496Z] InitialReadForge.onBeforeSend: SKIP (fr=true syn=false hasRead=true)
[2026-07-31T00:22:08.362Z] LiveUpdateForge: EndTurn fallback flush
[2026-07-31T00:22:08.363Z] onEndTurn: naturalStop=false toolCalls=61 nudgeMsg=no
[2026-07-31T00:22:08.873Z] LiveUpdateForge: AfterToolExec flush
[2026-07-31T00:22:08.904Z] InitialReadForge.onBeforeSend: SKIP (fr=true syn=false hasRead=true)
[2026-07-31T00:22:23.308Z] LiveUpdateForge: EndTurn fallback flush
[2026-07-31T00:22:23.308Z] onEndTurn: naturalStop=false toolCalls=62 nudgeMsg=no
[2026-07-31T00:22:23.670Z] LiveUpdateForge: AfterToolExec flush
[2026-07-31T00:22:23.700Z] InitialReadForge.onBeforeSend: SKIP (fr=true syn=false hasRead=true)
[2026-07-31T00:22:40.004Z] LiveUpdateForge: EndTurn fallback flush
[2026-07-31T00:22:40.005Z] onEndTurn: naturalStop=false toolCalls=63 nudgeMsg=no
[2026-07-31T00:22:43.807Z] LiveUpdateForge: AfterToolExec flush
[2026-07-31T00:22:43.845Z] InitialReadForge.onBeforeSend: SKIP (fr=true syn=false hasRead=true)
[2026-07-31T00:22:57.540Z] LiveUpdateForge: EndTurn fallback flush
[2026-07-31T00:22:57.541Z] onEndTurn: naturalStop=false toolCalls=64 nudgeMsg=no
[2026-07-31T00:22:57.547Z] LiveUpdateForge: AfterToolExec flush
[2026-07-31T00:22:57.581Z] InitialReadForge.onBeforeSend: SKIP (fr=true syn=false hasRead=true)
[2026-07-31T00:23:01.168Z] LiveUpdateForge: EndTurn fallback flush
[2026-07-31T00:23:01.168Z] onEndTurn: naturalStop=false toolCalls=65 nudgeMsg=no
[2026-07-31T00:23:02.435Z] LiveUpdateForge: AfterToolExec flush
[2026-07-31T00:23:02.472Z] InitialReadForge.onBeforeSend: SKIP (fr=true syn=false hasRead=true)
[2026-07-31T00:23:17.033Z] LiveUpdateForge: EndTurn fallback flush
[2026-07-31T00:23:17.034Z] onEndTurn: naturalStop=false toolCalls=66 nudgeMsg=no
[2026-07-31T00:23:17.399Z] LiveUpdateForge: AfterToolExec flush
[2026-07-31T00:23:17.431Z] InitialReadForge.onBeforeSend: SKIP (fr=true syn=false hasRead=true)
[2026-07-31T00:23:21.478Z] LiveUpdateForge: EndTurn fallback flush
[2026-07-31T00:23:21.478Z] onEndTurn: naturalStop=false toolCalls=67 nudgeMsg=no
[2026-07-31T00:23:21.834Z] LiveUpdateForge: AfterToolExec flush
[2026-07-31T00:23:21.864Z] InitialReadForge.onBeforeSend: SKIP (fr=true syn=false hasRead=true)
[2026-07-31T00:23:25.275Z] LiveUpdateForge: EndTurn fallback flush
[2026-07-31T00:23:25.275Z] onEndTurn: naturalStop=false toolCalls=68 nudgeMsg=no
[2026-07-31T00:23:25.922Z] LiveUpdateForge: AfterToolExec flush
[2026-07-31T00:23:25.951Z] InitialReadForge.onBeforeSend: SKIP (fr=true syn=false hasRead=true)
[2026-07-31T00:23:28.255Z] LiveUpdateForge: EndTurn fallback flush
[2026-07-31T00:23:28.255Z] onEndTurn: naturalStop=false toolCalls=69 nudgeMsg=no
[2026-07-31T00:23:28.270Z] LiveUpdateForge: AfterToolExec flush
[2026-07-31T00:23:28.299Z] InitialReadForge.onBeforeSend: SKIP (fr=true syn=false hasRead=true)
[2026-07-31T00:23:30.316Z] LiveUpdateForge: EndTurn fallback flush
[2026-07-31T00:23:30.316Z] onEndTurn: naturalStop=false toolCalls=70 nudgeMsg=no
[2026-07-31T00:23:31.359Z] LiveUpdateForge: AfterToolExec flush
[2026-07-31T00:23:31.388Z] InitialReadForge.onBeforeSend: SKIP (fr=true syn=false hasRead=true)
[2026-07-31T00:23:36.418Z] LiveUpdateForge: EndTurn fallback flush
[2026-07-31T00:23:36.418Z] onEndTurn: naturalStop=false toolCalls=71 nudgeMsg=no
[2026-07-31T00:23:36.772Z] LiveUpdateForge: AfterToolExec flush
[2026-07-31T00:23:36.816Z] InitialReadForge.onBeforeSend: SKIP (fr=true syn=false hasRead=true)
[2026-07-31T00:23:46.233Z] LiveUpdateForge: EndTurn fallback flush
[2026-07-31T00:23:46.233Z] onEndTurn: naturalStop=false toolCalls=72 nudgeMsg=no
[2026-07-31T00:23:46.827Z] LiveUpdateForge: AfterToolExec flush
[2026-07-31T00:23:46.860Z] InitialReadForge.onBeforeSend: SKIP (fr=true syn=false hasRead=true)
[2026-07-31T00:24:02.189Z] LiveUpdateForge: EndTurn fallback flush
[2026-07-31T00:24:02.189Z] onEndTurn: naturalStop=false toolCalls=73 nudgeMsg=no
[2026-07-31T00:24:02.247Z] LiveUpdateForge: AfterToolExec flush
[2026-07-31T00:24:02.280Z] InitialReadForge.onBeforeSend: SKIP (fr=true syn=false hasRead=true)
[2026-07-31T00:24:18.458Z] LiveUpdateForge: EndTurn fallback flush
[2026-07-31T00:24:18.458Z] onEndTurn: naturalStop=false toolCalls=74 nudgeMsg=no
[2026-07-31T00:24:18.486Z] LiveUpdateForge: AfterToolExec flush
[2026-07-31T00:24:18.516Z] InitialReadForge.onBeforeSend: SKIP (fr=true syn=false hasRead=true)
[2026-07-31T00:24:21.895Z] LiveUpdateForge: EndTurn fallback flush
[2026-07-31T00:24:21.896Z] onEndTurn: naturalStop=false toolCalls=75 nudgeMsg=no
[2026-07-31T00:24:21.967Z] LiveUpdateForge: AfterToolExec flush
[2026-07-31T00:24:22.003Z] InitialReadForge.onBeforeSend: SKIP (fr=true syn=false hasRead=true)
[2026-07-31T00:24:27.807Z] LiveUpdateForge: EndTurn fallback flush
[2026-07-31T00:24:27.807Z] onEndTurn: naturalStop=false toolCalls=76 nudgeMsg=no
[2026-07-31T00:24:28.453Z] LiveUpdateForge: AfterToolExec flush
[2026-07-31T00:24:28.505Z] InitialReadForge.onBeforeSend: SKIP (fr=true syn=false hasRead=true)
[2026-07-31T00:24:32.203Z] LiveUpdateForge: EndTurn fallback flush
[2026-07-31T00:24:32.203Z] onEndTurn: naturalStop=false toolCalls=77 nudgeMsg=no
[2026-07-31T00:24:32.276Z] LiveUpdateForge: AfterToolExec flush
[2026-07-31T00:24:32.314Z] InitialReadForge.onBeforeSend: SKIP (fr=true syn=false hasRead=true)
[2026-07-31T00:24:35.180Z] LiveUpdateForge: EndTurn fallback flush
[2026-07-31T00:24:35.180Z] onEndTurn: naturalStop=false toolCalls=78 nudgeMsg=no
[2026-07-31T00:24:35.198Z] LiveUpdateForge: AfterToolExec flush
[2026-07-31T00:24:35.234Z] InitialReadForge.onBeforeSend: SKIP (fr=true syn=false hasRead=true)
[2026-07-31T00:24:38.238Z] LiveUpdateForge: EndTurn fallback flush
[2026-07-31T00:24:38.238Z] onEndTurn: naturalStop=false toolCalls=79 nudgeMsg=no
[2026-07-31T00:24:39.259Z] LiveUpdateForge: AfterToolExec flush
[2026-07-31T00:24:39.294Z] InitialReadForge.onBeforeSend: SKIP (fr=true syn=false hasRead=true)
[2026-07-31T00:24:43.169Z] LiveUpdateForge: EndTurn fallback flush
[2026-07-31T00:24:43.170Z] onEndTurn: naturalStop=false toolCalls=80 nudgeMsg=no
[2026-07-31T00:24:43.526Z] LiveUpdateForge: AfterToolExec flush
[2026-07-31T00:24:43.574Z] InitialReadForge.onBeforeSend: SKIP (fr=true syn=false hasRead=true)
[2026-07-31T00:24:52.710Z] LiveUpdateForge: EndTurn fallback flush
[2026-07-31T00:24:52.711Z] onEndTurn: naturalStop=false toolCalls=81 nudgeMsg=no
[2026-07-31T00:24:53.325Z] LiveUpdateForge: AfterToolExec flush
[2026-07-31T00:24:53.358Z] InitialReadForge.onBeforeSend: SKIP (fr=true syn=false hasRead=true)
[2026-07-31T00:24:58.557Z] LiveUpdateForge: EndTurn fallback flush
[2026-07-31T00:24:58.558Z] onEndTurn: naturalStop=false toolCalls=82 nudgeMsg=no
[2026-07-31T00:25:01.455Z] LiveUpdateForge: AfterToolExec flush
[2026-07-31T00:25:01.492Z] InitialReadForge.onBeforeSend: SKIP (fr=true syn=false hasRead=true)
[2026-07-31T00:25:06.278Z] LiveUpdateForge: EndTurn fallback flush
[2026-07-31T00:25:06.279Z] onEndTurn: naturalStop=false toolCalls=83 nudgeMsg=no
[2026-07-31T00:25:06.345Z] LiveUpdateForge: AfterToolExec flush
[2026-07-31T00:25:06.382Z] InitialReadForge.onBeforeSend: SKIP (fr=true syn=false hasRead=true)
[2026-07-31T00:25:09.598Z] LiveUpdateForge: EndTurn fallback flush
[2026-07-31T00:25:09.598Z] onEndTurn: naturalStop=false toolCalls=84 nudgeMsg=no
[2026-07-31T00:25:09.624Z] LiveUpdateForge: AfterToolExec flush
[2026-07-31T00:25:09.660Z] InitialReadForge.onBeforeSend: SKIP (fr=true syn=false hasRead=true)
[2026-07-31T00:25:12.035Z] LiveUpdateForge: EndTurn fallback flush
[2026-07-31T00:25:12.035Z] onEndTurn: naturalStop=false toolCalls=85 nudgeMsg=no
[2026-07-31T00:25:13.326Z] LiveUpdateForge: AfterToolExec flush
[2026-07-31T00:25:13.367Z] InitialReadForge.onBeforeSend: SKIP (fr=true syn=false hasRead=true)
[2026-07-31T00:25:16.302Z] LiveUpdateForge: EndTurn fallback flush
[2026-07-31T00:25:16.303Z] onEndTurn: naturalStop=false toolCalls=86 nudgeMsg=no
[2026-07-31T00:25:16.671Z] LiveUpdateForge: AfterToolExec flush
[2026-07-31T00:25:16.704Z] InitialReadForge.onBeforeSend: SKIP (fr=true syn=false hasRead=true)
[2026-07-31T00:25:26.951Z] LiveUpdateForge: EndTurn fallback flush
[2026-07-31T00:25:26.951Z] onEndTurn: naturalStop=false toolCalls=87 nudgeMsg=no
[2026-07-31T00:25:27.338Z] LiveUpdateForge: AfterToolExec flush
[2026-07-31T00:25:27.375Z] InitialReadForge.onBeforeSend: SKIP (fr=true syn=false hasRead=true)
[2026-07-31T00:25:31.330Z] LiveUpdateForge: EndTurn fallback flush
[2026-07-31T00:25:31.330Z] onEndTurn: naturalStop=false toolCalls=88 nudgeMsg=no
[2026-07-31T00:25:31.910Z] LiveUpdateForge: AfterToolExec flush
[2026-07-31T00:25:31.957Z] InitialReadForge.onBeforeSend: SKIP (fr=true syn=false hasRead=true)
[2026-07-31T00:25:34.635Z] LiveUpdateForge: EndTurn fallback flush
[2026-07-31T00:25:34.636Z] onEndTurn: naturalStop=false toolCalls=89 nudgeMsg=no
[2026-07-31T00:25:34.808Z] LiveUpdateForge: AfterToolExec flush
[2026-07-31T00:25:34.839Z] InitialReadForge.onBeforeSend: SKIP (fr=true syn=false hasRead=true)
[2026-07-31T00:25:37.717Z] LiveUpdateForge: EndTurn fallback flush
[2026-07-31T00:25:37.718Z] onEndTurn: naturalStop=false toolCalls=90 nudgeMsg=no
[2026-07-31T00:25:37.727Z] LiveUpdateForge: AfterToolExec flush
[2026-07-31T00:25:37.761Z] InitialReadForge.onBeforeSend: SKIP (fr=true syn=false hasRead=true)
[2026-07-31T00:25:47.857Z] LiveUpdateForge: EndTurn fallback flush
[2026-07-31T00:25:47.857Z] onEndTurn: naturalStop=false toolCalls=91 nudgeMsg=no
[2026-07-31T00:25:47.874Z] LiveUpdateForge: AfterToolExec flush
[2026-07-31T00:25:47.911Z] InitialReadForge.onBeforeSend: SKIP (fr=true syn=false hasRead=true)
[2026-07-31T00:25:52.643Z] LiveUpdateForge: EndTurn fallback flush
[2026-07-31T00:25:52.643Z] onEndTurn: naturalStop=false toolCalls=92 nudgeMsg=no
[2026-07-31T00:25:53.121Z] LiveUpdateForge: AfterToolExec flush
[2026-07-31T00:25:53.156Z] InitialReadForge.onBeforeSend: SKIP (fr=true syn=false hasRead=true)
[2026-07-31T00:25:55.958Z] LiveUpdateForge: EndTurn fallback flush
[2026-07-31T00:25:55.959Z] onEndTurn: naturalStop=false toolCalls=93 nudgeMsg=no
[2026-07-31T00:25:56.007Z] LiveUpdateForge: AfterToolExec flush
[2026-07-31T00:25:56.039Z] InitialReadForge.onBeforeSend: SKIP (fr=true syn=false hasRead=true)
[2026-07-31T00:26:01.379Z] LiveUpdateForge: EndTurn fallback flush
[2026-07-31T00:26:01.379Z] onEndTurn: naturalStop=false toolCalls=94 nudgeMsg=no
[2026-07-31T00:26:01.906Z] LiveUpdateForge: AfterToolExec flush
[2026-07-31T00:26:01.945Z] InitialReadForge.onBeforeSend: SKIP (fr=true syn=false hasRead=true)
[2026-07-31T00:26:07.202Z] LiveUpdateForge: EndTurn fallback flush
[2026-07-31T00:26:07.202Z] onEndTurn: naturalStop=false toolCalls=95 nudgeMsg=no
[2026-07-31T00:26:08.034Z] LiveUpdateForge: AfterToolExec flush
[2026-07-31T00:26:08.075Z] InitialReadForge.onBeforeSend: SKIP (fr=true syn=false hasRead=true)
[2026-07-31T00:26:15.663Z] LiveUpdateForge: EndTurn fallback flush
[2026-07-31T00:26:15.664Z] onEndTurn: naturalStop=false toolCalls=96 nudgeMsg=no
[2026-07-31T00:26:18.474Z] LiveUpdateForge: AfterToolExec flush
[2026-07-31T00:26:18.520Z] InitialReadForge.onBeforeSend: SKIP (fr=true syn=false hasRead=true)
[2026-07-31T00:26:23.201Z] LiveUpdateForge: EndTurn fallback flush
[2026-07-31T00:26:23.202Z] onEndTurn: naturalStop=false toolCalls=97 nudgeMsg=no
[2026-07-31T00:26:24.000Z] LiveUpdateForge: AfterToolExec flush
[2026-07-31T00:26:24.043Z] InitialReadForge.onBeforeSend: SKIP (fr=true syn=false hasRead=true)
[2026-07-31T00:26:27.304Z] LiveUpdateForge: EndTurn fallback flush
[2026-07-31T00:26:27.305Z] onEndTurn: naturalStop=false toolCalls=98 nudgeMsg=no
[2026-07-31T00:26:27.316Z] LiveUpdateForge: AfterToolExec flush
[2026-07-31T00:26:27.356Z] InitialReadForge.onBeforeSend: SKIP (fr=true syn=false hasRead=true)
[2026-07-31T00:26:29.638Z] LiveUpdateForge: EndTurn fallback flush
[2026-07-31T00:26:29.638Z] onEndTurn: naturalStop=false toolCalls=99 nudgeMsg=no
[2026-07-31T00:26:30.850Z] LiveUpdateForge: AfterToolExec flush
[2026-07-31T00:26:30.900Z] InitialReadForge.onBeforeSend: SKIP (fr=true syn=false hasRead=true)
[2026-07-31T00:26:33.891Z] LiveUpdateForge: EndTurn fallback flush
[2026-07-31T00:26:33.892Z] onEndTurn: naturalStop=false toolCalls=100 nudgeMsg=no
[2026-07-31T00:26:34.276Z] LiveUpdateForge: AfterToolExec flush
[2026-07-31T00:26:34.315Z] InitialReadForge.onBeforeSend: SKIP (fr=true syn=false hasRead=true)
[2026-07-31T00:26:37.944Z] LiveUpdateForge: EndTurn fallback flush
[2026-07-31T00:26:37.945Z] onEndTurn: naturalStop=false toolCalls=101 nudgeMsg=no
[2026-07-31T00:26:38.729Z] LiveUpdateForge: AfterToolExec flush
[2026-07-31T00:26:38.785Z] InitialReadForge.onBeforeSend: SKIP (fr=true syn=false hasRead=true)
[2026-07-31T00:26:42.768Z] LiveUpdateForge: EndTurn fallback flush
[2026-07-31T00:26:42.769Z] onEndTurn: naturalStop=false toolCalls=102 nudgeMsg=no
[2026-07-31T00:26:43.438Z] LiveUpdateForge: AfterToolExec flush
[2026-07-31T00:26:43.478Z] InitialReadForge.onBeforeSend: SKIP (fr=true syn=false hasRead=true)
[2026-07-31T00:26:47.001Z] LiveUpdateForge: EndTurn fallback flush
[2026-07-31T00:26:47.001Z] onEndTurn: naturalStop=false toolCalls=103 nudgeMsg=no
[2026-07-31T00:26:47.017Z] LiveUpdateForge: AfterToolExec flush
[2026-07-31T00:26:47.061Z] InitialReadForge.onBeforeSend: SKIP (fr=true syn=false hasRead=true)
[2026-07-31T00:26:50.005Z] LiveUpdateForge: EndTurn fallback flush
[2026-07-31T00:26:50.006Z] onEndTurn: naturalStop=false toolCalls=104 nudgeMsg=no
[2026-07-31T00:26:51.252Z] LiveUpdateForge: AfterToolExec flush
[2026-07-31T00:26:51.295Z] InitialReadForge.onBeforeSend: SKIP (fr=true syn=false hasRead=true)
[2026-07-31T00:26:55.297Z] LiveUpdateForge: EndTurn fallback flush
[2026-07-31T00:26:55.297Z] onEndTurn: naturalStop=false toolCalls=105 nudgeMsg=no
[2026-07-31T00:26:55.666Z] LiveUpdateForge: AfterToolExec flush
[2026-07-31T00:26:55.709Z] InitialReadForge.onBeforeSend: SKIP (fr=true syn=false hasRead=true)
[2026-07-31T00:27:04.306Z] LiveUpdateForge: EndTurn fallback flush
[2026-07-31T00:27:04.306Z] onEndTurn: naturalStop=false toolCalls=106 nudgeMsg=no
[2026-07-31T00:27:04.970Z] LiveUpdateForge: AfterToolExec flush
[2026-07-31T00:27:05.009Z] InitialReadForge.onBeforeSend: SKIP (fr=true syn=false hasRead=true)
[2026-07-31T00:27:11.085Z] LiveUpdateForge: EndTurn fallback flush
[2026-07-31T00:27:11.085Z] onEndTurn: naturalStop=false toolCalls=107 nudgeMsg=no
[2026-07-31T00:27:13.823Z] LiveUpdateForge: AfterToolExec flush
[2026-07-31T00:27:13.862Z] InitialReadForge.onBeforeSend: SKIP (fr=true syn=false hasRead=true)
[2026-07-31T00:27:20.562Z] LiveUpdateForge: EndTurn fallback flush
[2026-07-31T00:27:20.563Z] onEndTurn: naturalStop=false toolCalls=108 nudgeMsg=no
[2026-07-31T00:27:20.631Z] LiveUpdateForge: AfterToolExec flush
[2026-07-31T00:27:20.685Z] InitialReadForge.onBeforeSend: SKIP (fr=true syn=false hasRead=true)
[2026-07-31T00:27:35.232Z] LiveUpdateForge: EndTurn fallback flush
[2026-07-31T00:27:35.233Z] onEndTurn: naturalStop=false toolCalls=109 nudgeMsg=no
[2026-07-31T00:27:36.030Z] LiveUpdateForge: AfterToolExec flush
[2026-07-31T00:27:36.082Z] InitialReadForge.onBeforeSend: SKIP (fr=true syn=false hasRead=true)
[2026-07-31T00:27:39.303Z] LiveUpdateForge: EndTurn fallback flush
[2026-07-31T00:27:39.303Z] onEndTurn: naturalStop=false toolCalls=110 nudgeMsg=no
[2026-07-31T00:27:39.316Z] LiveUpdateForge: AfterToolExec flush
[2026-07-31T00:27:39.361Z] InitialReadForge.onBeforeSend: SKIP (fr=true syn=false hasRead=true)
[2026-07-31T00:27:41.627Z] LiveUpdateForge: EndTurn fallback flush
[2026-07-31T00:27:41.627Z] onEndTurn: naturalStop=false toolCalls=111 nudgeMsg=no
[2026-07-31T00:27:42.799Z] LiveUpdateForge: AfterToolExec flush
[2026-07-31T00:27:42.847Z] InitialReadForge.onBeforeSend: SKIP (fr=true syn=false hasRead=true)
[2026-07-31T00:27:47.645Z] LiveUpdateForge: EndTurn fallback flush
[2026-07-31T00:27:47.645Z] onEndTurn: naturalStop=false toolCalls=112 nudgeMsg=no
[2026-07-31T00:27:48.071Z] LiveUpdateForge: AfterToolExec flush
[2026-07-31T00:27:48.113Z] InitialReadForge.onBeforeSend: SKIP (fr=true syn=false hasRead=true)
[2026-07-31T00:27:55.131Z] LiveUpdateForge: EndTurn fallback flush
[2026-07-31T00:27:55.132Z] onEndTurn: naturalStop=false toolCalls=113 nudgeMsg=no
[2026-07-31T00:28:09.772Z] LiveUpdateForge: AfterToolExec flush
[2026-07-31T00:28:09.814Z] InitialReadForge.onBeforeSend: SKIP (fr=true syn=false hasRead=true)
[2026-07-31T00:28:13.217Z] LiveUpdateForge: EndTurn fallback flush
[2026-07-31T00:28:13.217Z] onEndTurn: naturalStop=false toolCalls=114 nudgeMsg=no
[2026-07-31T00:28:13.226Z] LiveUpdateForge: AfterToolExec flush
[2026-07-31T00:28:13.268Z] InitialReadForge.onBeforeSend: SKIP (fr=true syn=false hasRead=true)
[2026-07-31T00:28:19.802Z] LiveUpdateForge: EndTurn fallback flush
[2026-07-31T00:28:19.803Z] onEndTurn: naturalStop=false toolCalls=115 nudgeMsg=no
[2026-07-31T00:28:20.245Z] LiveUpdateForge: AfterToolExec flush
[2026-07-31T00:28:20.292Z] InitialReadForge.onBeforeSend: SKIP (fr=true syn=false hasRead=true)
[2026-07-31T00:28:23.036Z] LiveUpdateForge: EndTurn fallback flush
[2026-07-31T00:28:23.037Z] onEndTurn: naturalStop=false toolCalls=116 nudgeMsg=no
[2026-07-31T00:28:23.048Z] LiveUpdateForge: AfterToolExec flush
[2026-07-31T00:28:23.092Z] InitialReadForge.onBeforeSend: SKIP (fr=true syn=false hasRead=true)
[2026-07-31T00:28:27.646Z] LiveUpdateForge: EndTurn fallback flush
[2026-07-31T00:28:27.646Z] onEndTurn: naturalStop=false toolCalls=117 nudgeMsg=no
[2026-07-31T00:28:28.042Z] LiveUpdateForge: AfterToolExec flush
[2026-07-31T00:28:28.082Z] InitialReadForge.onBeforeSend: SKIP (fr=true syn=false hasRead=true)
[2026-07-31T00:28:34.911Z] LiveUpdateForge: EndTurn fallback flush
[2026-07-31T00:28:34.912Z] onEndTurn: naturalStop=false toolCalls=118 nudgeMsg=no
[2026-07-31T00:28:35.293Z] LiveUpdateForge: AfterToolExec flush
[2026-07-31T00:28:35.335Z] InitialReadForge.onBeforeSend: SKIP (fr=true syn=false hasRead=true)
[2026-07-31T00:28:39.070Z] LiveUpdateForge: EndTurn fallback flush
[2026-07-31T00:28:39.070Z] onEndTurn: naturalStop=false toolCalls=119 nudgeMsg=no
[2026-07-31T00:28:39.446Z] LiveUpdateForge: AfterToolExec flush
[2026-07-31T00:28:39.491Z] InitialReadForge.onBeforeSend: SKIP (fr=true syn=false hasRead=true)
[2026-07-31T00:28:43.907Z] LiveUpdateForge: EndTurn fallback flush
[2026-07-31T00:28:43.908Z] onEndTurn: naturalStop=false toolCalls=120 nudgeMsg=no
[2026-07-31T00:28:44.280Z] LiveUpdateForge: AfterToolExec flush
[2026-07-31T00:28:44.323Z] InitialReadForge.onBeforeSend: SKIP (fr=true syn=false hasRead=true)
[2026-07-31T00:28:53.901Z] LiveUpdateForge: EndTurn fallback flush
[2026-07-31T00:28:53.902Z] onEndTurn: naturalStop=false toolCalls=121 nudgeMsg=no
[2026-07-31T00:28:54.277Z] LiveUpdateForge: AfterToolExec flush
[2026-07-31T00:28:54.320Z] InitialReadForge.onBeforeSend: SKIP (fr=true syn=false hasRead=true)
[2026-07-31T00:28:58.944Z] LiveUpdateForge: EndTurn fallback flush
[2026-07-31T00:28:58.944Z] onEndTurn: naturalStop=false toolCalls=122 nudgeMsg=no
[2026-07-31T00:28:59.858Z] LiveUpdateForge: AfterToolExec flush
[2026-07-31T00:28:59.902Z] InitialReadForge.onBeforeSend: SKIP (fr=true syn=false hasRead=true)
[2026-07-31T00:29:05.635Z] LiveUpdateForge: EndTurn fallback flush
[2026-07-31T00:29:05.636Z] onEndTurn: naturalStop=false toolCalls=123 nudgeMsg=no
[2026-07-31T00:29:08.636Z] LiveUpdateForge: AfterToolExec flush
[2026-07-31T00:29:08.681Z] InitialReadForge.onBeforeSend: SKIP (fr=true syn=false hasRead=true)
[2026-07-31T00:29:12.062Z] LiveUpdateForge: EndTurn fallback flush
[2026-07-31T00:29:12.063Z] onEndTurn: naturalStop=false toolCalls=124 nudgeMsg=no
[2026-07-31T00:29:12.930Z] LiveUpdateForge: AfterToolExec flush
[2026-07-31T00:29:12.974Z] InitialReadForge.onBeforeSend: SKIP (fr=true syn=false hasRead=true)
[2026-07-31T00:29:15.832Z] LiveUpdateForge: EndTurn fallback flush
[2026-07-31T00:29:15.833Z] onEndTurn: naturalStop=false toolCalls=125 nudgeMsg=no
[2026-07-31T00:29:16.849Z] LiveUpdateForge: AfterToolExec flush
[2026-07-31T00:29:16.904Z] InitialReadForge.onBeforeSend: SKIP (fr=true syn=false hasRead=true)
[2026-07-31T00:29:20.683Z] LiveUpdateForge: EndTurn fallback flush
[2026-07-31T00:29:20.683Z] onEndTurn: naturalStop=false toolCalls=126 nudgeMsg=no
[2026-07-31T00:29:21.098Z] LiveUpdateForge: AfterToolExec flush
[2026-07-31T00:29:21.148Z] InitialReadForge.onBeforeSend: SKIP (fr=true syn=false hasRead=true)
[2026-07-31T00:29:27.537Z] LiveUpdateForge: EndTurn fallback flush
[2026-07-31T00:29:27.538Z] onEndTurn: naturalStop=false toolCalls=127 nudgeMsg=no
[2026-07-31T00:29:28.237Z] LiveUpdateForge: AfterToolExec flush
[2026-07-31T00:29:28.285Z] InitialReadForge.onBeforeSend: SKIP (fr=true syn=false hasRead=true)
[2026-07-31T00:29:33.444Z] LiveUpdateForge: EndTurn fallback flush
[2026-07-31T00:29:33.444Z] onEndTurn: naturalStop=false toolCalls=128 nudgeMsg=no
[2026-07-31T00:29:33.685Z] LiveUpdateForge: AfterToolExec flush
[2026-07-31T00:29:33.739Z] InitialReadForge.onBeforeSend: SKIP (fr=true syn=false hasRead=true)
[2026-07-31T00:29:40.080Z] LiveUpdateForge: EndTurn fallback flush
[2026-07-31T00:29:40.081Z] onEndTurn: naturalStop=false toolCalls=129 nudgeMsg=no
[2026-07-31T00:29:40.334Z] LiveUpdateForge: AfterToolExec flush
[2026-07-31T00:29:40.382Z] InitialReadForge.onBeforeSend: SKIP (fr=true syn=false hasRead=true)
[2026-07-31T00:29:47.677Z] LiveUpdateForge: EndTurn fallback flush
[2026-07-31T00:29:47.677Z] onEndTurn: naturalStop=false toolCalls=130 nudgeMsg=no
[2026-07-31T00:29:48.122Z] LiveUpdateForge: AfterToolExec flush
[2026-07-31T00:29:48.174Z] InitialReadForge.onBeforeSend: SKIP (fr=true syn=false hasRead=true)
[2026-07-31T00:29:52.029Z] LiveUpdateForge: EndTurn fallback flush
[2026-07-31T00:29:52.030Z] onEndTurn: naturalStop=false toolCalls=131 nudgeMsg=no
[2026-07-31T00:29:52.247Z] LiveUpdateForge: AfterToolExec flush
[2026-07-31T00:29:52.290Z] InitialReadForge.onBeforeSend: SKIP (fr=true syn=false hasRead=true)
[2026-07-31T00:29:56.674Z] LiveUpdateForge: EndTurn fallback flush
[2026-07-31T00:29:56.675Z] onEndTurn: naturalStop=false toolCalls=132 nudgeMsg=no
[2026-07-31T00:29:56.879Z] LiveUpdateForge: AfterToolExec flush
[2026-07-31T00:29:56.923Z] InitialReadForge.onBeforeSend: SKIP (fr=true syn=false hasRead=true)
[2026-07-31T00:30:04.190Z] LiveUpdateForge: EndTurn fallback flush
[2026-07-31T00:30:04.190Z] onEndTurn: naturalStop=false toolCalls=133 nudgeMsg=no
[2026-07-31T00:30:04.454Z] LiveUpdateForge: AfterToolExec flush
[2026-07-31T00:30:04.511Z] InitialReadForge.onBeforeSend: SKIP (fr=true syn=false hasRead=true)
[2026-07-31T00:30:13.502Z] LiveUpdateForge: EndTurn fallback flush
[2026-07-31T00:30:13.502Z] onEndTurn: naturalStop=false toolCalls=134 nudgeMsg=no
[2026-07-31T00:30:13.731Z] LiveUpdateForge: AfterToolExec flush
[2026-07-31T00:30:13.780Z] InitialReadForge.onBeforeSend: SKIP (fr=true syn=false hasRead=true)
[2026-07-31T00:30:19.103Z] LiveUpdateForge: EndTurn fallback flush
[2026-07-31T00:30:19.104Z] onEndTurn: naturalStop=false toolCalls=135 nudgeMsg=no
[2026-07-31T00:30:19.121Z] LiveUpdateForge: AfterToolExec flush
[2026-07-31T00:30:19.179Z] InitialReadForge.onBeforeSend: SKIP (fr=true syn=false hasRead=true)
[2026-07-31T00:30:22.452Z] LiveUpdateForge: EndTurn fallback flush
[2026-07-31T00:30:22.452Z] onEndTurn: naturalStop=false toolCalls=136 nudgeMsg=no
[2026-07-31T00:30:24.304Z] LiveUpdateForge: AfterToolExec flush
[2026-07-31T00:30:24.360Z] InitialReadForge.onBeforeSend: SKIP (fr=true syn=false hasRead=true)
[2026-07-31T00:30:28.363Z] LiveUpdateForge: EndTurn fallback flush
[2026-07-31T00:30:28.363Z] onEndTurn: naturalStop=false toolCalls=137 nudgeMsg=no
[2026-07-31T00:30:29.070Z] LiveUpdateForge: AfterToolExec flush
[2026-07-31T00:30:29.131Z] InitialReadForge.onBeforeSend: SKIP (fr=true syn=false hasRead=true)
[2026-07-31T00:30:34.620Z] LiveUpdateForge: EndTurn fallback flush
[2026-07-31T00:30:34.621Z] onEndTurn: naturalStop=false toolCalls=138 nudgeMsg=no
[2026-07-31T00:30:35.098Z] LiveUpdateForge: AfterToolExec flush
[2026-07-31T00:30:35.170Z] InitialReadForge.onBeforeSend: SKIP (fr=true syn=false hasRead=true)
[2026-07-31T00:30:42.095Z] LiveUpdateForge: EndTurn fallback flush
[2026-07-31T00:30:42.095Z] onEndTurn: naturalStop=false toolCalls=139 nudgeMsg=no
[2026-07-31T00:30:42.434Z] LiveUpdateForge: AfterToolExec flush
[2026-07-31T00:30:42.491Z] InitialReadForge.onBeforeSend: SKIP (fr=true syn=false hasRead=true)
[2026-07-31T00:30:49.814Z] LiveUpdateForge: EndTurn fallback flush
[2026-07-31T00:30:49.814Z] onEndTurn: naturalStop=false toolCalls=140 nudgeMsg=no
[2026-07-31T00:30:50.017Z] LiveUpdateForge: AfterToolExec flush
[2026-07-31T00:30:50.069Z] InitialReadForge.onBeforeSend: SKIP (fr=true syn=false hasRead=true)
[2026-07-31T00:31:03.013Z] LiveUpdateForge: EndTurn fallback flush
[2026-07-31T00:31:03.013Z] onEndTurn: naturalStop=false toolCalls=141 nudgeMsg=no
[2026-07-31T00:31:03.260Z] LiveUpdateForge: AfterToolExec flush
[2026-07-31T00:31:03.306Z] InitialReadForge.onBeforeSend: SKIP (fr=true syn=false hasRead=true)
[2026-07-31T00:31:06.534Z] LiveUpdateForge: EndTurn fallback flush
[2026-07-31T00:31:06.535Z] onEndTurn: naturalStop=false toolCalls=142 nudgeMsg=no
[2026-07-31T00:31:06.758Z] LiveUpdateForge: AfterToolExec flush
[2026-07-31T00:31:06.807Z] InitialReadForge.onBeforeSend: SKIP (fr=true syn=false hasRead=true)
[2026-07-31T00:31:09.732Z] LiveUpdateForge: EndTurn fallback flush
[2026-07-31T00:31:09.733Z] onEndTurn: naturalStop=false toolCalls=143 nudgeMsg=no
[2026-07-31T00:31:09.953Z] LiveUpdateForge: AfterToolExec flush
[2026-07-31T00:31:10.003Z] InitialReadForge.onBeforeSend: SKIP (fr=true syn=false hasRead=true)
[2026-07-31T00:31:12.859Z] LiveUpdateForge: EndTurn fallback flush
[2026-07-31T00:31:12.860Z] onEndTurn: naturalStop=false toolCalls=144 nudgeMsg=no
[2026-07-31T00:31:13.075Z] LiveUpdateForge: AfterToolExec flush
[2026-07-31T00:31:13.142Z] InitialReadForge.onBeforeSend: SKIP (fr=true syn=false hasRead=true)
[2026-07-31T00:31:17.434Z] LiveUpdateForge: EndTurn fallback flush
[2026-07-31T00:31:17.435Z] onEndTurn: naturalStop=false toolCalls=145 nudgeMsg=no
[2026-07-31T00:31:17.884Z] LiveUpdateForge: AfterToolExec flush
[2026-07-31T00:31:17.937Z] InitialReadForge.onBeforeSend: SKIP (fr=true syn=false hasRead=true)
[2026-07-31T00:31:20.866Z] LiveUpdateForge: EndTurn fallback flush
[2026-07-31T00:31:20.866Z] onEndTurn: naturalStop=false toolCalls=146 nudgeMsg=no
[2026-07-31T00:31:20.878Z] LiveUpdateForge: AfterToolExec flush
[2026-07-31T00:31:20.929Z] InitialReadForge.onBeforeSend: SKIP (fr=true syn=false hasRead=true)
[2026-07-31T00:31:26.322Z] LiveUpdateForge: EndTurn fallback flush
[2026-07-31T00:31:26.322Z] onEndTurn: naturalStop=false toolCalls=147 nudgeMsg=no
[2026-07-31T00:31:26.332Z] LiveUpdateForge: AfterToolExec flush
[2026-07-31T00:31:26.376Z] InitialReadForge.onBeforeSend: SKIP (fr=true syn=false hasRead=true)
[2026-07-31T00:31:32.240Z] LiveUpdateForge: EndTurn fallback flush
[2026-07-31T00:31:32.241Z] onEndTurn: naturalStop=false toolCalls=148 nudgeMsg=no
[2026-07-31T00:31:32.645Z] LiveUpdateForge: AfterToolExec flush
[2026-07-31T00:31:32.693Z] InitialReadForge.onBeforeSend: SKIP (fr=true syn=false hasRead=true)
[2026-07-31T00:31:35.945Z] LiveUpdateForge: EndTurn fallback flush
[2026-07-31T00:31:35.945Z] onEndTurn: naturalStop=false toolCalls=149 nudgeMsg=no
[2026-07-31T00:31:36.153Z] LiveUpdateForge: AfterToolExec flush
[2026-07-31T00:31:36.199Z] InitialReadForge.onBeforeSend: SKIP (fr=true syn=false hasRead=true)
[2026-07-31T00:31:38.704Z] LiveUpdateForge: EndTurn fallback flush
[2026-07-31T00:31:38.704Z] onEndTurn: naturalStop=false toolCalls=150 nudgeMsg=no
[2026-07-31T00:31:38.713Z] LiveUpdateForge: AfterToolExec flush
[2026-07-31T00:31:38.761Z] InitialReadForge.onBeforeSend: SKIP (fr=true syn=false hasRead=true)
[2026-07-31T00:31:46.529Z] LiveUpdateForge: EndTurn fallback flush
[2026-07-31T00:31:46.530Z] onEndTurn: naturalStop=false toolCalls=151 nudgeMsg=no
[2026-07-31T00:31:46.725Z] LiveUpdateForge: AfterToolExec flush
[2026-07-31T00:31:46.774Z] InitialReadForge.onBeforeSend: SKIP (fr=true syn=false hasRead=true)
[2026-07-31T00:31:52.980Z] LiveUpdateForge: EndTurn fallback flush
[2026-07-31T00:31:52.980Z] onEndTurn: naturalStop=false toolCalls=152 nudgeMsg=no
[2026-07-31T00:31:53.167Z] LiveUpdateForge: AfterToolExec flush
[2026-07-31T00:31:53.214Z] InitialReadForge.onBeforeSend: SKIP (fr=true syn=false hasRead=true)
[2026-07-31T00:31:58.787Z] LiveUpdateForge: EndTurn fallback flush
[2026-07-31T00:31:58.787Z] onEndTurn: naturalStop=false toolCalls=153 nudgeMsg=no
[2026-07-31T00:31:59.398Z] LiveUpdateForge: AfterToolExec flush
[2026-07-31T00:31:59.453Z] InitialReadForge.onBeforeSend: SKIP (fr=true syn=false hasRead=true)
[2026-07-31T00:32:03.343Z] LiveUpdateForge: EndTurn fallback flush
[2026-07-31T00:32:03.344Z] onEndTurn: naturalStop=false toolCalls=154 nudgeMsg=no
[2026-07-31T00:32:03.715Z] LiveUpdateForge: AfterToolExec flush
[2026-07-31T00:32:03.767Z] InitialReadForge.onBeforeSend: SKIP (fr=true syn=false hasRead=true)
[2026-07-31T00:32:07.256Z] LiveUpdateForge: EndTurn fallback flush
[2026-07-31T00:32:07.256Z] onEndTurn: naturalStop=false toolCalls=155 nudgeMsg=no
[2026-07-31T00:32:07.606Z] LiveUpdateForge: AfterToolExec flush
[2026-07-31T00:32:07.655Z] InitialReadForge.onBeforeSend: SKIP (fr=true syn=false hasRead=true)
[2026-07-31T00:32:11.202Z] LiveUpdateForge: EndTurn fallback flush
[2026-07-31T00:32:11.202Z] onEndTurn: naturalStop=false toolCalls=156 nudgeMsg=no
[2026-07-31T00:32:11.626Z] LiveUpdateForge: AfterToolExec flush
[2026-07-31T00:32:11.678Z] InitialReadForge.onBeforeSend: SKIP (fr=true syn=false hasRead=true)
[2026-07-31T00:32:17.208Z] LiveUpdateForge: EndTurn fallback flush
[2026-07-31T00:32:17.209Z] onEndTurn: naturalStop=false toolCalls=157 nudgeMsg=no
[2026-07-31T00:32:17.907Z] LiveUpdateForge: AfterToolExec flush
[2026-07-31T00:32:17.960Z] InitialReadForge.onBeforeSend: SKIP (fr=true syn=false hasRead=true)
[2026-07-31T00:32:23.971Z] LiveUpdateForge: EndTurn fallback flush
[2026-07-31T00:32:23.972Z] onEndTurn: naturalStop=false toolCalls=158 nudgeMsg=no
[2026-07-31T00:32:24.816Z] LiveUpdateForge: AfterToolExec flush
[2026-07-31T00:32:24.867Z] InitialReadForge.onBeforeSend: SKIP (fr=true syn=false hasRead=true)
[2026-07-31T00:32:31.636Z] LiveUpdateForge: EndTurn fallback flush
[2026-07-31T00:32:31.636Z] onEndTurn: naturalStop=false toolCalls=159 nudgeMsg=no
[2026-07-31T00:32:34.131Z] LiveUpdateForge: AfterToolExec flush
[2026-07-31T00:32:34.185Z] InitialReadForge.onBeforeSend: SKIP (fr=true syn=false hasRead=true)
[2026-07-31T00:32:52.769Z] LiveUpdateForge: EndTurn fallback flush
[2026-07-31T00:32:52.770Z] onEndTurn: naturalStop=false toolCalls=160 nudgeMsg=no
[2026-07-31T00:32:53.663Z] LiveUpdateForge: AfterToolExec flush
[2026-07-31T00:32:53.723Z] InitialReadForge.onBeforeSend: SKIP (fr=true syn=false hasRead=true)
[2026-07-31T00:33:01.260Z] LiveUpdateForge: EndTurn fallback flush
[2026-07-31T00:33:01.260Z] onEndTurn: naturalStop=true toolCalls=0 nudgeMsg=YES
[2026-07-31T00:33:01.268Z] InitialReadForge.onBeforeSend: SKIP (fr=false syn=false hasRead=true)
[2026-07-31T00:33:13.579Z] LiveUpdateForge: EndTurn fallback flush
[2026-07-31T00:33:13.580Z] onEndTurn: naturalStop=false toolCalls=0 nudgeMsg=no
[2026-07-31T00:33:13.620Z] LiveUpdateForge: self-write on D:\unity\mowang\CODELY.md, baseline aligned
[2026-07-31T00:33:13.621Z] LiveUpdateForge: AfterToolExec flush
[2026-07-31T00:33:13.674Z] InitialReadForge.onBeforeSend: SKIP (fr=true syn=false hasRead=true)
[2026-07-31T00:33:17.478Z] LiveUpdateForge: EndTurn fallback flush
[2026-07-31T00:33:17.478Z] onEndTurn: naturalStop=false toolCalls=0 nudgeMsg=no
[2026-07-31T00:33:17.488Z] LiveUpdateForge: self-write on D:\unity\mowang\CODELY.md, baseline aligned
[2026-07-31T00:33:17.489Z] LiveUpdateForge: AfterToolExec flush
[2026-07-31T00:33:17.538Z] InitialReadForge.onBeforeSend: SKIP (fr=true syn=false hasRead=true)
[2026-07-31T00:33:31.401Z] LiveUpdateForge: EndTurn fallback flush
[2026-07-31T00:33:31.402Z] onEndTurn: naturalStop=false toolCalls=0 nudgeMsg=no
[2026-07-31T00:33:31.412Z] LiveUpdateForge: self-write on D:\unity\mowang\CODELY.md, baseline aligned
[2026-07-31T00:33:31.413Z] LiveUpdateForge: AfterToolExec flush
[2026-07-31T00:33:31.466Z] InitialReadForge.onBeforeSend: SKIP (fr=true syn=false hasRead=true)
[2026-07-31T00:33:34.357Z] LiveUpdateForge: EndTurn fallback flush
[2026-07-31T00:33:34.357Z] onEndTurn: naturalStop=false toolCalls=0 nudgeMsg=no
[2026-07-31T00:33:34.367Z] LiveUpdateForge: self-write on D:\unity\mowang\CODELY.md, baseline aligned
[2026-07-31T00:33:34.368Z] LiveUpdateForge: AfterToolExec flush
[2026-07-31T00:33:34.414Z] InitialReadForge.onBeforeSend: SKIP (fr=true syn=false hasRead=true)
[2026-07-31T00:33:37.980Z] LiveUpdateForge: EndTurn fallback flush
[2026-07-31T00:33:37.981Z] onEndTurn: naturalStop=false toolCalls=0 nudgeMsg=no
[2026-07-31T00:33:37.992Z] LiveUpdateForge: self-write on D:\unity\mowang\CODELY.md, baseline aligned
[2026-07-31T00:33:37.992Z] LiveUpdateForge: AfterToolExec flush
[2026-07-31T00:33:38.041Z] InitialReadForge.onBeforeSend: SKIP (fr=true syn=false hasRead=true)
[2026-07-31T00:33:49.021Z] LiveUpdateForge: EndTurn fallback flush
[2026-07-31T00:33:49.022Z] onEndTurn: naturalStop=true toolCalls=0 nudgeMsg=no
[2026-07-31T00:43:55.592Z] MemoryForge: attached 5 listener(s)
[2026-07-31T00:43:55.593Z] InitialReadForge: armed one-shot BeforeSend after NewSessionStart
[2026-07-31T00:43:55.593Z] LiveUpdateForge: session reset, allowLiveUpdate = false
[2026-07-31T00:43:55.814Z] LiveUpdateForge: session reset, allowLiveUpdate = false
[2026-07-31T00:43:55.830Z] ResumeDiffForge: running checkResumeConsistency
[2026-07-31T00:43:55.831Z] checkResumeConsistency: forgedTimestamps=[]
[2026-07-31T00:43:55.836Z] checkResumeConsistency: no changes detected
[2026-07-31T00:43:55.836Z] LiveUpdateForge: session reset, allowLiveUpdate = false
[2026-07-31T00:43:55.836Z] NudgeForge: ResumeComplete — restoring count from history
[2026-07-31T00:43:55.837Z] restoreNudgeCountFromHistory: found last write at idx=157 count=32
[2026-07-31T00:43:56.242Z] MemoryForge: attached 5 listener(s)
[2026-07-31T00:43:56.242Z] InitialReadForge: armed one-shot BeforeSend after NewSessionStart
[2026-07-31T00:43:56.242Z] LiveUpdateForge: session reset, allowLiveUpdate = false
[2026-07-31T00:43:56.574Z] LiveUpdateForge: session reset, allowLiveUpdate = false
[2026-07-31T00:43:56.662Z] ResumeDiffForge: running checkResumeConsistency
[2026-07-31T00:43:56.667Z] checkResumeConsistency: forgedTimestamps=[]
[2026-07-31T00:43:56.684Z] checkResumeConsistency: no changes detected
[2026-07-31T00:43:56.685Z] LiveUpdateForge: session reset, allowLiveUpdate = false
[2026-07-31T00:43:56.688Z] NudgeForge: ResumeComplete — restoring count from history
[2026-07-31T00:43:56.689Z] restoreNudgeCountFromHistory: found last write at idx=563 count=0
[2026-07-31T00:43:57.283Z] MemoryForge: attached 5 listener(s)
[2026-07-31T00:43:57.284Z] InitialReadForge: armed one-shot BeforeSend after NewSessionStart
[2026-07-31T00:43:57.284Z] LiveUpdateForge: session reset, allowLiveUpdate = false
[2026-07-31T00:43:57.401Z] LiveUpdateForge: session reset, allowLiveUpdate = false
[2026-07-31T00:43:57.420Z] ResumeDiffForge: running checkResumeConsistency
[2026-07-31T00:43:57.421Z] checkResumeConsistency: forgedTimestamps=[]
[2026-07-31T00:43:57.432Z] checkResumeConsistency: no changes detected
[2026-07-31T00:43:57.432Z] LiveUpdateForge: session reset, allowLiveUpdate = false
[2026-07-31T00:43:57.433Z] NudgeForge: ResumeComplete — restoring count from history
[2026-07-31T00:43:57.433Z] restoreNudgeCountFromHistory: found nudge message at idx=99 count=0
[2026-07-31T00:46:53.257Z] MemoryForge: attached 5 listener(s)
[2026-07-31T00:46:53.258Z] InitialReadForge: armed one-shot BeforeSend after NewSessionStart
[2026-07-31T00:46:53.258Z] LiveUpdateForge: session reset, allowLiveUpdate = false
[2026-07-31T00:46:53.552Z] LiveUpdateForge: session reset, allowLiveUpdate = false
[2026-07-31T00:46:53.593Z] ResumeDiffForge: running checkResumeConsistency
[2026-07-31T00:46:53.594Z] checkResumeConsistency: forgedTimestamps=[]
[2026-07-31T00:46:53.600Z] checkResumeConsistency: no changes detected
[2026-07-31T00:46:53.601Z] LiveUpdateForge: session reset, allowLiveUpdate = false
[2026-07-31T00:46:53.601Z] NudgeForge: ResumeComplete — restoring count from history
[2026-07-31T00:46:53.602Z] restoreNudgeCountFromHistory: found last write at idx=563 count=0
[2026-07-31T00:46:53.999Z] ResumeDiffForge: running checkResumeConsistency
[2026-07-31T00:46:54.000Z] checkResumeConsistency: forgedTimestamps=[]
[2026-07-31T00:46:54.006Z] checkResumeConsistency: no changes detected
[2026-07-31T00:46:54.006Z] LiveUpdateForge: session reset, allowLiveUpdate = false
[2026-07-31T00:46:54.006Z] NudgeForge: ResumeComplete — restoring count from history
[2026-07-31T00:46:54.006Z] restoreNudgeCountFromHistory: found last write at idx=563 count=0
[2026-07-31T00:46:54.140Z] ResumeDiffForge: running checkResumeConsistency
[2026-07-31T00:46:54.140Z] checkResumeConsistency: forgedTimestamps=[]
[2026-07-31T00:46:54.145Z] checkResumeConsistency: no changes detected
[2026-07-31T00:46:54.145Z] LiveUpdateForge: session reset, allowLiveUpdate = false
[2026-07-31T00:46:54.146Z] NudgeForge: ResumeComplete — restoring count from history
[2026-07-31T00:46:54.146Z] restoreNudgeCountFromHistory: found last write at idx=563 count=0
[2026-07-31T00:46:54.482Z] MemoryForge: attached 5 listener(s)
[2026-07-31T00:46:54.482Z] InitialReadForge: armed one-shot BeforeSend after NewSessionStart
[2026-07-31T00:46:54.482Z] LiveUpdateForge: session reset, allowLiveUpdate = false
[2026-07-31T00:46:54.491Z] MemoryForge: detached all listeners
[2026-07-31T00:46:54.491Z] ResumeDiffForge: running checkResumeConsistency
[2026-07-31T00:46:54.492Z] checkResumeConsistency: forgedTimestamps=[]
[2026-07-31T00:46:54.528Z] checkResumeConsistency: no changes detected
[2026-07-31T00:46:54.528Z] LiveUpdateForge: session reset, allowLiveUpdate = false
[2026-07-31T00:46:54.528Z] NudgeForge: ResumeComplete — restoring count from history
[2026-07-31T00:46:54.529Z] restoreNudgeCountFromHistory: found last write at idx=563 count=0
[2026-07-31T00:46:54.551Z] LiveUpdateForge: allowLiveUpdate = true (first real BeforeSend)
[2026-07-31T00:46:54.552Z] InitialReadForge.onBeforeSend: SKIP (fr=false syn=false hasRead=true)
[2026-07-31T00:47:18.620Z] LiveUpdateForge: EndTurn fallback flush
[2026-07-31T00:47:18.620Z] onEndTurn: naturalStop=false toolCalls=0 nudgeMsg=no
[2026-07-31T00:47:22.227Z] LiveUpdateForge: AfterToolExec flush
[2026-07-31T00:47:22.271Z] InitialReadForge.onBeforeSend: SKIP (fr=true syn=false hasRead=true)
[2026-07-31T00:47:28.770Z] LiveUpdateForge: EndTurn fallback flush
[2026-07-31T00:47:28.771Z] onEndTurn: naturalStop=false toolCalls=1 nudgeMsg=no
[2026-07-31T00:47:29.586Z] LiveUpdateForge: AfterToolExec flush
[2026-07-31T00:47:29.622Z] InitialReadForge.onBeforeSend: SKIP (fr=true syn=false hasRead=true)
[2026-07-31T00:47:34.381Z] LiveUpdateForge: EndTurn fallback flush
[2026-07-31T00:47:34.382Z] onEndTurn: naturalStop=false toolCalls=2 nudgeMsg=no
[2026-07-31T00:47:34.408Z] LiveUpdateForge: AfterToolExec flush
[2026-07-31T00:47:34.446Z] InitialReadForge.onBeforeSend: SKIP (fr=true syn=false hasRead=true)
[2026-07-31T00:47:37.422Z] LiveUpdateForge: EndTurn fallback flush
[2026-07-31T00:47:37.423Z] onEndTurn: naturalStop=false toolCalls=3 nudgeMsg=no
[2026-07-31T00:47:38.595Z] LiveUpdateForge: AfterToolExec flush
[2026-07-31T00:47:38.646Z] InitialReadForge.onBeforeSend: SKIP (fr=true syn=false hasRead=true)
[2026-07-31T00:47:42.846Z] LiveUpdateForge: EndTurn fallback flush
[2026-07-31T00:47:42.846Z] onEndTurn: naturalStop=false toolCalls=4 nudgeMsg=no
[2026-07-31T00:50:04.067Z] MemoryForge: attached 5 listener(s)
[2026-07-31T00:50:04.068Z] InitialReadForge: armed one-shot BeforeSend after NewSessionStart
[2026-07-31T00:50:04.068Z] LiveUpdateForge: session reset, allowLiveUpdate = false
[2026-07-31T00:50:04.291Z] LiveUpdateForge: session reset, allowLiveUpdate = false
[2026-07-31T00:50:04.327Z] ResumeDiffForge: running checkResumeConsistency
[2026-07-31T00:50:04.328Z] checkResumeConsistency: forgedTimestamps=[]
[2026-07-31T00:50:04.336Z] checkResumeConsistency: no changes detected
[2026-07-31T00:50:04.336Z] LiveUpdateForge: session reset, allowLiveUpdate = false
[2026-07-31T00:50:04.337Z] NudgeForge: ResumeComplete — restoring count from history
[2026-07-31T00:50:04.338Z] restoreNudgeCountFromHistory: found last write at idx=157 count=32
[2026-07-31T00:50:04.844Z] MemoryForge: attached 5 listener(s)
[2026-07-31T00:50:04.845Z] InitialReadForge: armed one-shot BeforeSend after NewSessionStart
[2026-07-31T00:50:04.845Z] LiveUpdateForge: session reset, allowLiveUpdate = false
[2026-07-31T00:50:04.972Z] LiveUpdateForge: session reset, allowLiveUpdate = false
[2026-07-31T00:50:04.996Z] ResumeDiffForge: running checkResumeConsistency
[2026-07-31T00:50:04.997Z] checkResumeConsistency: forgedTimestamps=[]
[2026-07-31T00:50:05.004Z] checkResumeConsistency: no changes detected
[2026-07-31T00:50:05.005Z] LiveUpdateForge: session reset, allowLiveUpdate = false
[2026-07-31T00:50:05.005Z] NudgeForge: ResumeComplete — restoring count from history
[2026-07-31T00:50:05.005Z] restoreNudgeCountFromHistory: found nudge message at idx=99 count=0
[2026-07-31T00:52:42.863Z] LiveUpdateForge: AfterToolExec flush
[2026-07-31T00:52:42.908Z] InitialReadForge.onBeforeSend: SKIP (fr=true syn=false hasRead=true)
[2026-07-31T00:52:47.392Z] LiveUpdateForge: EndTurn fallback flush
[2026-07-31T00:52:47.393Z] onEndTurn: naturalStop=false toolCalls=5 nudgeMsg=no
[2026-07-31T00:52:48.017Z] LiveUpdateForge: AfterToolExec flush
[2026-07-31T00:52:48.058Z] InitialReadForge.onBeforeSend: SKIP (fr=true syn=false hasRead=true)
[2026-07-31T00:52:52.334Z] LiveUpdateForge: EndTurn fallback flush
[2026-07-31T00:52:52.334Z] onEndTurn: naturalStop=false toolCalls=6 nudgeMsg=no
[2026-07-31T00:57:52.348Z] LiveUpdateForge: AfterToolExec flush
[2026-07-31T00:57:52.390Z] InitialReadForge.onBeforeSend: SKIP (fr=true syn=false hasRead=true)
[2026-07-31T00:58:05.961Z] LiveUpdateForge: EndTurn fallback flush
[2026-07-31T00:58:05.961Z] onEndTurn: naturalStop=false toolCalls=7 nudgeMsg=no
[2026-07-31T00:58:06.587Z] LiveUpdateForge: AfterToolExec flush
[2026-07-31T00:58:06.627Z] InitialReadForge.onBeforeSend: SKIP (fr=true syn=false hasRead=true)
[2026-07-31T00:58:10.788Z] LiveUpdateForge: EndTurn fallback flush
[2026-07-31T00:58:10.788Z] onEndTurn: naturalStop=false toolCalls=8 nudgeMsg=no
[2026-07-31T00:58:10.796Z] LiveUpdateForge: AfterToolExec flush
[2026-07-31T00:58:10.833Z] InitialReadForge.onBeforeSend: SKIP (fr=true syn=false hasRead=true)
[2026-07-31T00:58:13.450Z] LiveUpdateForge: EndTurn fallback flush
[2026-07-31T00:58:13.450Z] onEndTurn: naturalStop=false toolCalls=9 nudgeMsg=no
[2026-07-31T00:58:14.634Z] LiveUpdateForge: AfterToolExec flush
[2026-07-31T00:58:14.670Z] InitialReadForge.onBeforeSend: SKIP (fr=true syn=false hasRead=true)
[2026-07-31T00:58:17.934Z] LiveUpdateForge: EndTurn fallback flush
[2026-07-31T00:58:17.934Z] onEndTurn: naturalStop=false toolCalls=10 nudgeMsg=no
[2026-07-31T00:58:18.334Z] LiveUpdateForge: AfterToolExec flush
[2026-07-31T00:58:18.372Z] InitialReadForge.onBeforeSend: SKIP (fr=true syn=false hasRead=true)
[2026-07-31T00:58:23.907Z] LiveUpdateForge: EndTurn fallback flush
[2026-07-31T00:58:23.907Z] onEndTurn: naturalStop=false toolCalls=11 nudgeMsg=no
[2026-07-31T00:58:23.923Z] LiveUpdateForge: AfterToolExec flush
[2026-07-31T00:58:23.964Z] InitialReadForge.onBeforeSend: SKIP (fr=true syn=false hasRead=true)
[2026-07-31T00:58:27.831Z] LiveUpdateForge: EndTurn fallback flush
[2026-07-31T00:58:27.832Z] onEndTurn: naturalStop=false toolCalls=12 nudgeMsg=no
[2026-07-31T00:58:28.365Z] LiveUpdateForge: AfterToolExec flush
[2026-07-31T00:58:28.419Z] InitialReadForge.onBeforeSend: SKIP (fr=true syn=false hasRead=true)
[2026-07-31T00:58:34.540Z] LiveUpdateForge: EndTurn fallback flush
[2026-07-31T00:58:34.541Z] onEndTurn: naturalStop=false toolCalls=13 nudgeMsg=no
[2026-07-31T00:58:35.167Z] LiveUpdateForge: AfterToolExec flush
[2026-07-31T00:58:35.214Z] InitialReadForge.onBeforeSend: SKIP (fr=true syn=false hasRead=true)
[2026-07-31T00:58:39.692Z] LiveUpdateForge: EndTurn fallback flush
[2026-07-31T00:58:39.692Z] onEndTurn: naturalStop=false toolCalls=14 nudgeMsg=no
[2026-07-31T00:58:40.073Z] LiveUpdateForge: AfterToolExec flush
[2026-07-31T00:58:40.114Z] InitialReadForge.onBeforeSend: SKIP (fr=true syn=false hasRead=true)
[2026-07-31T00:58:43.572Z] LiveUpdateForge: EndTurn fallback flush
[2026-07-31T00:58:43.572Z] onEndTurn: naturalStop=false toolCalls=15 nudgeMsg=no
[2026-07-31T00:58:44.069Z] LiveUpdateForge: AfterToolExec flush
[2026-07-31T00:58:44.115Z] InitialReadForge.onBeforeSend: SKIP (fr=true syn=false hasRead=true)
[2026-07-31T00:58:49.050Z] LiveUpdateForge: EndTurn fallback flush
[2026-07-31T00:58:49.050Z] onEndTurn: naturalStop=false toolCalls=16 nudgeMsg=no
[2026-07-31T00:58:49.523Z] LiveUpdateForge: AfterToolExec flush
[2026-07-31T00:58:49.566Z] InitialReadForge.onBeforeSend: SKIP (fr=true syn=false hasRead=true)
[2026-07-31T00:58:55.105Z] LiveUpdateForge: EndTurn fallback flush
[2026-07-31T00:58:55.105Z] onEndTurn: naturalStop=false toolCalls=17 nudgeMsg=no
[2026-07-31T00:58:55.590Z] LiveUpdateForge: AfterToolExec flush
[2026-07-31T00:58:55.646Z] InitialReadForge.onBeforeSend: SKIP (fr=true syn=false hasRead=true)
[2026-07-31T00:58:59.110Z] LiveUpdateForge: EndTurn fallback flush
[2026-07-31T00:58:59.111Z] onEndTurn: naturalStop=false toolCalls=18 nudgeMsg=no
[2026-07-31T00:58:59.631Z] LiveUpdateForge: AfterToolExec flush
[2026-07-31T00:58:59.681Z] InitialReadForge.onBeforeSend: SKIP (fr=true syn=false hasRead=true)
[2026-07-31T00:59:04.396Z] LiveUpdateForge: EndTurn fallback flush
[2026-07-31T00:59:04.396Z] onEndTurn: naturalStop=false toolCalls=19 nudgeMsg=no
[2026-07-31T00:59:04.879Z] LiveUpdateForge: AfterToolExec flush
[2026-07-31T00:59:04.914Z] InitialReadForge.onBeforeSend: SKIP (fr=true syn=false hasRead=true)
[2026-07-31T00:59:09.664Z] LiveUpdateForge: EndTurn fallback flush
[2026-07-31T00:59:09.665Z] onEndTurn: naturalStop=false toolCalls=20 nudgeMsg=no
[2026-07-31T00:59:10.022Z] LiveUpdateForge: AfterToolExec flush
[2026-07-31T00:59:10.063Z] InitialReadForge.onBeforeSend: SKIP (fr=true syn=false hasRead=true)
[2026-07-31T00:59:14.069Z] LiveUpdateForge: EndTurn fallback flush
[2026-07-31T00:59:14.070Z] onEndTurn: naturalStop=false toolCalls=21 nudgeMsg=no
[2026-07-31T00:59:14.515Z] LiveUpdateForge: AfterToolExec flush
[2026-07-31T00:59:14.566Z] InitialReadForge.onBeforeSend: SKIP (fr=true syn=false hasRead=true)
[2026-07-31T00:59:20.846Z] LiveUpdateForge: EndTurn fallback flush
[2026-07-31T00:59:20.846Z] onEndTurn: naturalStop=false toolCalls=22 nudgeMsg=no
[2026-07-31T00:59:21.494Z] LiveUpdateForge: AfterToolExec flush
[2026-07-31T00:59:21.531Z] InitialReadForge.onBeforeSend: SKIP (fr=true syn=false hasRead=true)
[2026-07-31T00:59:25.354Z] LiveUpdateForge: EndTurn fallback flush
[2026-07-31T00:59:25.355Z] onEndTurn: naturalStop=false toolCalls=23 nudgeMsg=no
[2026-07-31T00:59:25.388Z] LiveUpdateForge: AfterToolExec flush
[2026-07-31T00:59:25.430Z] InitialReadForge.onBeforeSend: SKIP (fr=true syn=false hasRead=true)
[2026-07-31T00:59:28.293Z] LiveUpdateForge: EndTurn fallback flush
[2026-07-31T00:59:28.294Z] onEndTurn: naturalStop=false toolCalls=24 nudgeMsg=no
[2026-07-31T00:59:29.488Z] LiveUpdateForge: AfterToolExec flush
[2026-07-31T00:59:29.529Z] InitialReadForge.onBeforeSend: SKIP (fr=true syn=false hasRead=true)
[2026-07-31T00:59:33.529Z] LiveUpdateForge: EndTurn fallback flush
[2026-07-31T00:59:33.529Z] onEndTurn: naturalStop=false toolCalls=25 nudgeMsg=no
[2026-07-31T00:59:33.900Z] LiveUpdateForge: AfterToolExec flush
[2026-07-31T00:59:33.949Z] InitialReadForge.onBeforeSend: SKIP (fr=true syn=false hasRead=true)
[2026-07-31T00:59:37.789Z] LiveUpdateForge: EndTurn fallback flush
[2026-07-31T00:59:37.790Z] onEndTurn: naturalStop=false toolCalls=26 nudgeMsg=no
[2026-07-31T00:59:38.163Z] LiveUpdateForge: AfterToolExec flush
[2026-07-31T00:59:38.202Z] InitialReadForge.onBeforeSend: SKIP (fr=true syn=false hasRead=true)
[2026-07-31T00:59:43.662Z] LiveUpdateForge: EndTurn fallback flush
[2026-07-31T00:59:43.662Z] onEndTurn: naturalStop=false toolCalls=27 nudgeMsg=no
[2026-07-31T00:59:44.016Z] LiveUpdateForge: AfterToolExec flush
[2026-07-31T00:59:44.052Z] InitialReadForge.onBeforeSend: SKIP (fr=true syn=false hasRead=true)
[2026-07-31T00:59:47.196Z] LiveUpdateForge: EndTurn fallback flush
[2026-07-31T00:59:47.197Z] onEndTurn: naturalStop=false toolCalls=28 nudgeMsg=no
[2026-07-31T00:59:47.767Z] LiveUpdateForge: AfterToolExec flush
[2026-07-31T00:59:47.802Z] InitialReadForge.onBeforeSend: SKIP (fr=true syn=false hasRead=true)
[2026-07-31T00:59:51.835Z] LiveUpdateForge: EndTurn fallback flush
[2026-07-31T00:59:51.836Z] onEndTurn: naturalStop=true toolCalls=29 nudgeMsg=no
[2026-07-31T03:27:10.614Z] MemoryForge: attached 5 listener(s)
[2026-07-31T03:27:10.617Z] InitialReadForge: armed one-shot BeforeSend after NewSessionStart
[2026-07-31T03:27:10.617Z] LiveUpdateForge: session reset, allowLiveUpdate = false
[2026-07-31T03:27:13.437Z] MemoryForge: attached 5 listener(s)
[2026-07-31T03:27:13.437Z] InitialReadForge: armed one-shot BeforeSend after NewSessionStart
[2026-07-31T03:27:13.438Z] LiveUpdateForge: session reset, allowLiveUpdate = false
[2026-07-31T03:28:25.351Z] MemoryForge: attached 5 listener(s)
[2026-07-31T03:28:25.352Z] InitialReadForge: armed one-shot BeforeSend after NewSessionStart
[2026-07-31T03:28:25.352Z] LiveUpdateForge: session reset, allowLiveUpdate = false
[2026-07-31T03:28:25.622Z] LiveUpdateForge: session reset, allowLiveUpdate = false
[2026-07-31T03:28:25.660Z] ResumeDiffForge: running checkResumeConsistency
[2026-07-31T03:28:25.661Z] checkResumeConsistency: forgedTimestamps=[]
[2026-07-31T03:28:25.668Z] checkResumeConsistency: no changes detected
[2026-07-31T03:28:25.668Z] LiveUpdateForge: session reset, allowLiveUpdate = false
[2026-07-31T03:28:25.668Z] NudgeForge: ResumeComplete — restoring count from history
[2026-07-31T03:28:25.669Z] restoreNudgeCountFromHistory: found last write at idx=563 count=29
[2026-07-31T03:30:50.873Z] MemoryForge: attached 5 listener(s)
[2026-07-31T03:30:50.874Z] InitialReadForge: armed one-shot BeforeSend after NewSessionStart
[2026-07-31T03:30:50.874Z] LiveUpdateForge: session reset, allowLiveUpdate = false
[2026-07-31T03:30:51.181Z] LiveUpdateForge: session reset, allowLiveUpdate = false
[2026-07-31T03:30:51.215Z] ResumeDiffForge: running checkResumeConsistency
[2026-07-31T03:30:51.216Z] checkResumeConsistency: forgedTimestamps=[]
[2026-07-31T03:30:51.222Z] checkResumeConsistency: no changes detected
[2026-07-31T03:30:51.223Z] LiveUpdateForge: session reset, allowLiveUpdate = false
[2026-07-31T03:30:51.223Z] NudgeForge: ResumeComplete — restoring count from history
[2026-07-31T03:30:51.224Z] restoreNudgeCountFromHistory: found last write at idx=563 count=29
[2026-07-31T03:30:51.587Z] ResumeDiffForge: running checkResumeConsistency
[2026-07-31T03:30:51.587Z] checkResumeConsistency: forgedTimestamps=[]
[2026-07-31T03:30:51.596Z] checkResumeConsistency: no changes detected
[2026-07-31T03:30:51.597Z] LiveUpdateForge: session reset, allowLiveUpdate = false
[2026-07-31T03:30:51.597Z] NudgeForge: ResumeComplete — restoring count from history
[2026-07-31T03:30:51.598Z] restoreNudgeCountFromHistory: found last write at idx=563 count=29
[2026-07-31T03:30:51.730Z] ResumeDiffForge: running checkResumeConsistency
[2026-07-31T03:30:51.731Z] checkResumeConsistency: forgedTimestamps=[]
[2026-07-31T03:30:51.736Z] checkResumeConsistency: no changes detected
[2026-07-31T03:30:51.736Z] LiveUpdateForge: session reset, allowLiveUpdate = false
[2026-07-31T03:30:51.736Z] NudgeForge: ResumeComplete — restoring count from history
[2026-07-31T03:30:51.737Z] restoreNudgeCountFromHistory: found last write at idx=563 count=29
[2026-07-31T03:30:52.032Z] MemoryForge: attached 5 listener(s)
[2026-07-31T03:30:52.032Z] InitialReadForge: armed one-shot BeforeSend after NewSessionStart
[2026-07-31T03:30:52.033Z] LiveUpdateForge: session reset, allowLiveUpdate = false
[2026-07-31T03:30:52.040Z] MemoryForge: detached all listeners
[2026-07-31T03:30:52.040Z] ResumeDiffForge: running checkResumeConsistency
[2026-07-31T03:30:52.041Z] checkResumeConsistency: forgedTimestamps=[]
[2026-07-31T03:30:52.075Z] checkResumeConsistency: no changes detected
[2026-07-31T03:30:52.075Z] LiveUpdateForge: session reset, allowLiveUpdate = false
[2026-07-31T03:30:52.075Z] NudgeForge: ResumeComplete — restoring count from history
[2026-07-31T03:30:52.076Z] restoreNudgeCountFromHistory: found last write at idx=563 count=29
[2026-07-31T03:30:52.107Z] LiveUpdateForge: allowLiveUpdate = true (first real BeforeSend)
[2026-07-31T03:30:52.108Z] InitialReadForge.onBeforeSend: SKIP (fr=false syn=false hasRead=true)
[2026-07-31T03:31:31.174Z] LiveUpdateForge: EndTurn fallback flush
[2026-07-31T03:31:31.174Z] onEndTurn: naturalStop=false toolCalls=29 nudgeMsg=no
[2026-07-31T03:31:31.222Z] LiveUpdateForge: AfterToolExec flush
[2026-07-31T03:31:31.223Z] LiveUpdateForge: AfterToolExec flush
[2026-07-31T03:31:31.223Z] LiveUpdateForge: AfterToolExec flush
[2026-07-31T03:31:31.224Z] LiveUpdateForge: AfterToolExec flush
[2026-07-31T03:31:31.225Z] LiveUpdateForge: AfterToolExec flush
[2026-07-31T03:31:31.225Z] LiveUpdateForge: AfterToolExec flush
[2026-07-31T03:31:31.225Z] LiveUpdateForge: AfterToolExec flush
[2026-07-31T03:31:31.226Z] LiveUpdateForge: AfterToolExec flush
[2026-07-31T03:31:31.259Z] InitialReadForge.onBeforeSend: SKIP (fr=true syn=false hasRead=true)
[2026-07-31T03:32:10.184Z] LiveUpdateForge: EndTurn fallback flush
[2026-07-31T03:32:10.184Z] onEndTurn: naturalStop=false toolCalls=37 nudgeMsg=no
[2026-07-31T03:32:10.250Z] LiveUpdateForge: AfterToolExec flush
[2026-07-31T03:32:10.297Z] LiveUpdateForge: AfterToolExec flush
[2026-07-31T03:32:10.336Z] InitialReadForge.onBeforeSend: SKIP (fr=true syn=false hasRead=true)
[2026-07-31T03:32:36.604Z] LiveUpdateForge: EndTurn fallback flush
[2026-07-31T03:32:36.604Z] onEndTurn: naturalStop=false toolCalls=39 nudgeMsg=no
[2026-07-31T03:32:36.669Z] LiveUpdateForge: AfterToolExec flush
[2026-07-31T03:32:36.702Z] InitialReadForge.onBeforeSend: SKIP (fr=true syn=false hasRead=true)
[2026-07-31T03:32:56.668Z] LiveUpdateForge: EndTurn fallback flush
[2026-07-31T03:32:56.668Z] onEndTurn: naturalStop=false toolCalls=40 nudgeMsg=no
[2026-07-31T03:32:56.687Z] LiveUpdateForge: AfterToolExec flush
[2026-07-31T03:32:56.721Z] InitialReadForge.onBeforeSend: SKIP (fr=true syn=false hasRead=true)
[2026-07-31T03:33:28.904Z] LiveUpdateForge: EndTurn fallback flush
[2026-07-31T03:33:28.904Z] onEndTurn: naturalStop=false toolCalls=41 nudgeMsg=no
[2026-07-31T03:33:30.115Z] LiveUpdateForge: AfterToolExec flush
[2026-07-31T03:33:30.148Z] InitialReadForge.onBeforeSend: SKIP (fr=true syn=false hasRead=true)
[2026-07-31T03:34:50.037Z] LiveUpdateForge: EndTurn fallback flush
[2026-07-31T03:34:50.037Z] onEndTurn: naturalStop=false toolCalls=42 nudgeMsg=no
[2026-07-31T03:35:18.251Z] LiveUpdateForge: AfterToolExec flush
[2026-07-31T03:35:18.295Z] InitialReadForge.onBeforeSend: SKIP (fr=true syn=false hasRead=true)
[2026-07-31T03:35:54.370Z] LiveUpdateForge: EndTurn fallback flush
[2026-07-31T03:35:54.370Z] onEndTurn: naturalStop=false toolCalls=43 nudgeMsg=no
[2026-07-31T03:35:54.404Z] LiveUpdateForge: AfterToolExec flush
[2026-07-31T03:35:54.438Z] InitialReadForge.onBeforeSend: SKIP (fr=true syn=false hasRead=true)
[2026-07-31T03:36:01.208Z] LiveUpdateForge: EndTurn fallback flush
[2026-07-31T03:36:01.208Z] onEndTurn: naturalStop=false toolCalls=44 nudgeMsg=no
[2026-07-31T03:36:01.241Z] LiveUpdateForge: AfterToolExec flush
[2026-07-31T03:36:01.277Z] InitialReadForge.onBeforeSend: SKIP (fr=true syn=false hasRead=true)
[2026-07-31T03:36:16.419Z] LiveUpdateForge: EndTurn fallback flush
[2026-07-31T03:36:16.419Z] onEndTurn: naturalStop=false toolCalls=45 nudgeMsg=no
[2026-07-31T03:36:16.448Z] LiveUpdateForge: AfterToolExec flush
[2026-07-31T03:36:16.493Z] InitialReadForge.onBeforeSend: SKIP (fr=true syn=false hasRead=true)
[2026-07-31T03:36:38.414Z] MemoryForge: attached 5 listener(s)
[2026-07-31T03:36:38.415Z] InitialReadForge: armed one-shot BeforeSend after NewSessionStart
[2026-07-31T03:36:38.415Z] LiveUpdateForge: session reset, allowLiveUpdate = false
[2026-07-31T03:36:39.706Z] LiveUpdateForge: EndTurn fallback flush
[2026-07-31T03:36:39.706Z] onEndTurn: naturalStop=false toolCalls=46 nudgeMsg=no
[2026-07-31T03:36:39.717Z] LiveUpdateForge: AfterToolExec flush
[2026-07-31T03:36:39.755Z] InitialReadForge.onBeforeSend: SKIP (fr=true syn=false hasRead=true)
[2026-07-31T03:36:56.009Z] MemoryForge: attached 5 listener(s)
[2026-07-31T03:36:56.009Z] InitialReadForge: armed one-shot BeforeSend after NewSessionStart
[2026-07-31T03:36:56.010Z] LiveUpdateForge: session reset, allowLiveUpdate = false
[2026-07-31T03:36:56.011Z] MemoryForge: detached all listeners
[2026-07-31T03:36:56.011Z] ResumeDiffForge: no read_memory in history, backfilling forge
[2026-07-31T03:36:56.131Z] recordForgedToolExchange: toolName=read_memory callId=resume-forge-read-memory-backfill
[2026-07-31T03:36:56.170Z] recordForgedToolExchange: recordMessage + recordToolCalls persisted
[2026-07-31T03:36:56.171Z] injectForgedHistory: role=user preview=""
[2026-07-31T03:36:56.188Z] injectForgedHistory: recordMessage persisted
[2026-07-31T03:36:56.194Z] ResumeDiffForge: backfilled read_memory and baseline for 2 raw + 2 provider file(s)
[2026-07-31T03:36:56.195Z] LiveUpdateForge: session reset, allowLiveUpdate = false
[2026-07-31T03:36:56.195Z] NudgeForge: ResumeComplete — restoring count from history
[2026-07-31T03:36:56.195Z] restoreNudgeCountFromHistory: no reset point found, count=0
[2026-07-31T03:36:56.217Z] LiveUpdateForge: allowLiveUpdate = true (first real BeforeSend)
[2026-07-31T03:36:56.218Z] InitialReadForge.onBeforeSend: SKIP (fr=false syn=false hasRead=true)
[2026-07-31T03:37:00.350Z] LiveUpdateForge: EndTurn fallback flush
[2026-07-31T03:37:00.351Z] onEndTurn: naturalStop=false toolCalls=0 nudgeMsg=no
[2026-07-31T03:37:00.569Z] LiveUpdateForge: AfterToolExec flush
[2026-07-31T03:37:00.590Z] InitialReadForge.onBeforeSend: SKIP (fr=true syn=false hasRead=true)
[2026-07-31T03:37:06.451Z] LiveUpdateForge: EndTurn fallback flush
[2026-07-31T03:37:06.451Z] onEndTurn: naturalStop=false toolCalls=1 nudgeMsg=no
[2026-07-31T03:37:09.725Z] MemoryForge: attached 5 listener(s)
[2026-07-31T03:37:09.726Z] InitialReadForge: armed one-shot BeforeSend after NewSessionStart
[2026-07-31T03:37:09.726Z] LiveUpdateForge: session reset, allowLiveUpdate = false
[2026-07-31T03:37:12.496Z] LiveUpdateForge: EndTurn fallback flush
[2026-07-31T03:37:12.496Z] onEndTurn: naturalStop=false toolCalls=47 nudgeMsg=no
[2026-07-31T03:37:12.504Z] LiveUpdateForge: AfterToolExec flush
[2026-07-31T03:37:12.540Z] InitialReadForge.onBeforeSend: SKIP (fr=true syn=false hasRead=true)
[2026-07-31T03:37:18.449Z] LiveUpdateForge: AfterToolExec flush
[2026-07-31T03:37:18.475Z] InitialReadForge.onBeforeSend: SKIP (fr=true syn=false hasRead=true)
[2026-07-31T03:37:20.915Z] LiveUpdateForge: EndTurn fallback flush
[2026-07-31T03:37:20.915Z] onEndTurn: naturalStop=true toolCalls=2 nudgeMsg=no
[2026-07-31T03:37:31.002Z] LiveUpdateForge: EndTurn fallback flush
[2026-07-31T03:37:31.003Z] onEndTurn: naturalStop=false toolCalls=48 nudgeMsg=no
[2026-07-31T03:37:31.021Z] LiveUpdateForge: AfterToolExec flush
[2026-07-31T03:37:31.062Z] InitialReadForge.onBeforeSend: SKIP (fr=true syn=false hasRead=true)
[2026-07-31T03:37:49.097Z] LiveUpdateForge: EndTurn fallback flush
[2026-07-31T03:37:49.098Z] onEndTurn: naturalStop=false toolCalls=49 nudgeMsg=no
[2026-07-31T03:37:49.148Z] LiveUpdateForge: AfterToolExec flush
[2026-07-31T03:37:49.189Z] InitialReadForge.onBeforeSend: SKIP (fr=true syn=false hasRead=true)
[2026-07-31T03:38:09.785Z] LiveUpdateForge: EndTurn fallback flush
[2026-07-31T03:38:09.785Z] onEndTurn: naturalStop=false toolCalls=50 nudgeMsg=no
[2026-07-31T03:38:12.314Z] LiveUpdateForge: AfterToolExec flush
[2026-07-31T03:38:12.355Z] InitialReadForge.onBeforeSend: SKIP (fr=true syn=false hasRead=true)
[2026-07-31T03:38:22.031Z] LiveUpdateForge: EndTurn fallback flush
[2026-07-31T03:38:22.032Z] onEndTurn: naturalStop=false toolCalls=51 nudgeMsg=no
[2026-07-31T03:38:22.710Z] LiveUpdateForge: AfterToolExec flush
[2026-07-31T03:38:22.752Z] InitialReadForge.onBeforeSend: SKIP (fr=true syn=false hasRead=true)
[2026-07-31T03:38:38.133Z] LiveUpdateForge: EndTurn fallback flush
[2026-07-31T03:38:38.134Z] onEndTurn: naturalStop=true toolCalls=0 nudgeMsg=YES
[2026-07-31T03:38:38.139Z] InitialReadForge.onBeforeSend: SKIP (fr=false syn=false hasRead=true)
[2026-07-31T03:38:55.282Z] ResumeDiffForge: running checkResumeConsistency
[2026-07-31T03:38:55.283Z] checkResumeConsistency: forgedTimestamps=[]
[2026-07-31T03:38:55.315Z] checkResumeConsistency: no changes detected
[2026-07-31T03:38:55.316Z] LiveUpdateForge: session reset, allowLiveUpdate = false
[2026-07-31T03:38:55.316Z] NudgeForge: ResumeComplete — restoring count from history
[2026-07-31T03:38:55.317Z] restoreNudgeCountFromHistory: no reset point found, count=2
[2026-07-31T03:38:55.340Z] LiveUpdateForge: allowLiveUpdate = true (first real BeforeSend)
[2026-07-31T03:38:55.341Z] InitialReadForge.onBeforeSend: SKIP (fr=false syn=false hasRead=true)
[2026-07-31T03:38:58.779Z] LiveUpdateForge: EndTurn fallback flush
[2026-07-31T03:38:58.780Z] onEndTurn: naturalStop=false toolCalls=0 nudgeMsg=no
[2026-07-31T03:38:58.797Z] LiveUpdateForge: self-write on D:\unity\mowang\CODELY.md, baseline aligned
[2026-07-31T03:38:58.798Z] LiveUpdateForge: AfterToolExec flush
[2026-07-31T03:38:58.842Z] InitialReadForge.onBeforeSend: SKIP (fr=true syn=false hasRead=true)
[2026-07-31T03:38:59.313Z] LiveUpdateForge: pending external change on D:\unity\mowang\CODELY.md
[2026-07-31T03:38:59.312Z] LiveUpdateForge: pending external change on D:\unity\mowang\CODELY.md
[2026-07-31T03:39:02.405Z] LiveUpdateForge: EndTurn fallback flush
[2026-07-31T03:39:02.406Z] LiveUpdateForge: enqueuing 1 diff notification(s)
[2026-07-31T03:39:02.407Z] onEndTurn: naturalStop=false toolCalls=2 nudgeMsg=no
[2026-07-31T03:39:05.512Z] LiveUpdateForge: AfterToolExec flush
[2026-07-31T03:39:05.536Z] InitialReadForge.onBeforeSend: SKIP (fr=true syn=false hasRead=true)
[2026-07-31T03:39:07.218Z] LiveUpdateForge: EndTurn fallback flush
[2026-07-31T03:39:07.219Z] onEndTurn: naturalStop=false toolCalls=0 nudgeMsg=no
[2026-07-31T03:39:07.230Z] LiveUpdateForge: self-write on D:\unity\mowang\CODELY.md, baseline aligned
[2026-07-31T03:39:07.231Z] LiveUpdateForge: AfterToolExec flush
[2026-07-31T03:39:07.272Z] InitialReadForge.onBeforeSend: SKIP (fr=true syn=false hasRead=true)
[2026-07-31T03:39:07.742Z] LiveUpdateForge: pending external change on D:\unity\mowang\CODELY.md
[2026-07-31T03:39:07.744Z] LiveUpdateForge: pending external change on D:\unity\mowang\CODELY.md
[2026-07-31T03:39:17.118Z] LiveUpdateForge: EndTurn fallback flush
[2026-07-31T03:39:17.120Z] LiveUpdateForge: enqueuing 1 diff notification(s)
[2026-07-31T03:39:17.121Z] onEndTurn: naturalStop=false toolCalls=3 nudgeMsg=no
[2026-07-31T03:39:19.656Z] LiveUpdateForge: AfterToolExec flush
[2026-07-31T03:39:19.682Z] InitialReadForge.onBeforeSend: SKIP (fr=true syn=false hasRead=true)
[2026-07-31T03:39:19.926Z] LiveUpdateForge: EndTurn fallback flush
[2026-07-31T03:39:19.926Z] onEndTurn: naturalStop=true toolCalls=0 nudgeMsg=no
[2026-07-31T03:39:23.049Z] LiveUpdateForge: EndTurn fallback flush
[2026-07-31T03:39:23.050Z] onEndTurn: naturalStop=false toolCalls=4 nudgeMsg=no
[2026-07-31T03:39:25.407Z] LiveUpdateForge: AfterToolExec flush
[2026-07-31T03:39:25.434Z] InitialReadForge.onBeforeSend: SKIP (fr=true syn=false hasRead=true)
[2026-07-31T03:39:32.846Z] LiveUpdateForge: EndTurn fallback flush
[2026-07-31T03:39:32.847Z] onEndTurn: naturalStop=true toolCalls=5 nudgeMsg=no
[2026-07-31T03:43:25.797Z] MemoryForge: attached 5 listener(s)
[2026-07-31T03:43:25.798Z] InitialReadForge: armed one-shot BeforeSend after NewSessionStart
[2026-07-31T03:43:25.798Z] LiveUpdateForge: session reset, allowLiveUpdate = false
[2026-07-31T03:43:26.395Z] MemoryForge: attached 5 listener(s)
[2026-07-31T03:43:26.396Z] InitialReadForge: armed one-shot BeforeSend after NewSessionStart
[2026-07-31T03:43:26.396Z] LiveUpdateForge: session reset, allowLiveUpdate = false
[2026-07-31T03:43:26.397Z] MemoryForge: detached all listeners
[2026-07-31T03:43:26.397Z] ResumeDiffForge: no read_memory in history, backfilling forge
[2026-07-31T03:43:26.534Z] recordForgedToolExchange: toolName=read_memory callId=resume-forge-read-memory-backfill
[2026-07-31T03:43:26.575Z] recordForgedToolExchange: recordMessage + recordToolCalls persisted
[2026-07-31T03:43:26.575Z] injectForgedHistory: role=user preview=""
[2026-07-31T03:43:26.593Z] injectForgedHistory: recordMessage persisted
[2026-07-31T03:43:26.598Z] ResumeDiffForge: backfilled read_memory and baseline for 2 raw + 2 provider file(s)
[2026-07-31T03:43:26.599Z] LiveUpdateForge: session reset, allowLiveUpdate = false
[2026-07-31T03:43:26.599Z] NudgeForge: ResumeComplete — restoring count from history
[2026-07-31T03:43:26.600Z] restoreNudgeCountFromHistory: no reset point found, count=0
[2026-07-31T03:43:26.620Z] LiveUpdateForge: allowLiveUpdate = true (first real BeforeSend)
[2026-07-31T03:43:26.621Z] InitialReadForge.onBeforeSend: SKIP (fr=false syn=false hasRead=true)
[2026-07-31T03:43:37.384Z] LiveUpdateForge: EndTurn fallback flush
[2026-07-31T03:43:37.385Z] onEndTurn: naturalStop=false toolCalls=0 nudgeMsg=no
[2026-07-31T03:43:37.560Z] LiveUpdateForge: AfterToolExec flush
[2026-07-31T03:45:39.325Z] LiveUpdateForge: AfterToolExec flush
[2026-07-31T03:46:11.167Z] LiveUpdateForge: AfterToolExec flush
[2026-07-31T03:46:11.207Z] InitialReadForge.onBeforeSend: SKIP (fr=true syn=false hasRead=true)
[2026-07-31T03:46:26.373Z] LiveUpdateForge: EndTurn fallback flush
[2026-07-31T03:46:26.373Z] onEndTurn: naturalStop=false toolCalls=3 nudgeMsg=no
[2026-07-31T03:46:26.437Z] LiveUpdateForge: AfterToolExec flush
[2026-07-31T03:46:26.624Z] LiveUpdateForge: AfterToolExec flush
[2026-07-31T03:46:26.714Z] LiveUpdateForge: AfterToolExec flush
[2026-07-31T03:46:26.741Z] InitialReadForge.onBeforeSend: SKIP (fr=true syn=false hasRead=true)
[2026-07-31T03:46:40.901Z] LiveUpdateForge: EndTurn fallback flush
[2026-07-31T03:46:40.901Z] onEndTurn: naturalStop=false toolCalls=6 nudgeMsg=no
[2026-07-31T03:46:40.915Z] LiveUpdateForge: AfterToolExec flush
[2026-07-31T03:46:40.952Z] LiveUpdateForge: AfterToolExec flush
[2026-07-31T03:46:40.984Z] InitialReadForge.onBeforeSend: SKIP (fr=true syn=false hasRead=true)
[2026-07-31T03:46:47.861Z] LiveUpdateForge: EndTurn fallback flush
[2026-07-31T03:46:47.861Z] onEndTurn: naturalStop=false toolCalls=8 nudgeMsg=no
[2026-07-31T03:46:47.869Z] LiveUpdateForge: AfterToolExec flush
[2026-07-31T03:46:47.897Z] InitialReadForge.onBeforeSend: SKIP (fr=true syn=false hasRead=true)
[2026-07-31T03:47:03.413Z] LiveUpdateForge: EndTurn fallback flush
[2026-07-31T03:47:03.413Z] onEndTurn: naturalStop=false toolCalls=9 nudgeMsg=no
[2026-07-31T03:47:03.423Z] LiveUpdateForge: AfterToolExec flush
[2026-07-31T03:47:03.534Z] LiveUpdateForge: AfterToolExec flush
[2026-07-31T03:47:03.557Z] InitialReadForge.onBeforeSend: SKIP (fr=true syn=false hasRead=true)
[2026-07-31T03:47:33.280Z] LiveUpdateForge: EndTurn fallback flush
[2026-07-31T03:47:33.281Z] onEndTurn: naturalStop=false toolCalls=11 nudgeMsg=no
[2026-07-31T03:47:33.429Z] LiveUpdateForge: AfterToolExec flush
[2026-07-31T03:47:33.488Z] LiveUpdateForge: AfterToolExec flush
[2026-07-31T03:47:33.513Z] InitialReadForge.onBeforeSend: SKIP (fr=true syn=false hasRead=true)
[2026-07-31T03:47:55.245Z] LiveUpdateForge: EndTurn fallback flush
[2026-07-31T03:47:55.245Z] onEndTurn: naturalStop=false toolCalls=13 nudgeMsg=no
[2026-07-31T03:47:55.286Z] LiveUpdateForge: AfterToolExec flush
[2026-07-31T03:47:55.312Z] InitialReadForge.onBeforeSend: SKIP (fr=true syn=false hasRead=true)
[2026-07-31T03:48:37.731Z] LiveUpdateForge: EndTurn fallback flush
[2026-07-31T03:48:37.731Z] onEndTurn: naturalStop=false toolCalls=14 nudgeMsg=no
[2026-07-31T03:48:37.958Z] LiveUpdateForge: AfterToolExec flush
[2026-07-31T03:48:37.970Z] LiveUpdateForge: AfterToolExec flush
[2026-07-31T03:48:38.001Z] InitialReadForge.onBeforeSend: SKIP (fr=true syn=false hasRead=true)
[2026-07-31T03:48:51.236Z] LiveUpdateForge: EndTurn fallback flush
[2026-07-31T03:48:51.237Z] onEndTurn: naturalStop=false toolCalls=16 nudgeMsg=no
[2026-07-31T03:48:51.245Z] LiveUpdateForge: AfterToolExec flush
[2026-07-31T03:48:51.250Z] LiveUpdateForge: AfterToolExec flush
[2026-07-31T03:48:51.393Z] LiveUpdateForge: AfterToolExec flush
[2026-07-31T03:48:51.426Z] InitialReadForge.onBeforeSend: SKIP (fr=true syn=false hasRead=true)
[2026-07-31T03:49:00.049Z] LiveUpdateForge: EndTurn fallback flush
[2026-07-31T03:49:00.049Z] onEndTurn: naturalStop=false toolCalls=19 nudgeMsg=no
[2026-07-31T03:49:00.060Z] LiveUpdateForge: AfterToolExec flush
[2026-07-31T03:49:20.578Z] LiveUpdateForge: AfterToolExec flush
[2026-07-31T03:49:20.607Z] InitialReadForge.onBeforeSend: SKIP (fr=true syn=false hasRead=true)
[2026-07-31T03:49:29.509Z] LiveUpdateForge: EndTurn fallback flush
[2026-07-31T03:49:29.509Z] onEndTurn: naturalStop=false toolCalls=21 nudgeMsg=no
[2026-07-31T03:49:29.859Z] LiveUpdateForge: AfterToolExec flush
[2026-07-31T03:49:32.627Z] LiveUpdateForge: AfterToolExec flush
[2026-07-31T03:49:32.659Z] InitialReadForge.onBeforeSend: SKIP (fr=true syn=false hasRead=true)
[2026-07-31T03:49:50.353Z] LiveUpdateForge: EndTurn fallback flush
[2026-07-31T03:49:50.353Z] onEndTurn: naturalStop=true toolCalls=23 nudgeMsg=no
[2026-07-31T03:50:10.925Z] ResumeDiffForge: running checkResumeConsistency
[2026-07-31T03:50:10.926Z] checkResumeConsistency: forgedTimestamps=[]
[2026-07-31T03:50:10.949Z] checkResumeConsistency: no changes detected
[2026-07-31T03:50:10.949Z] LiveUpdateForge: session reset, allowLiveUpdate = false
[2026-07-31T03:50:10.950Z] NudgeForge: ResumeComplete — restoring count from history
[2026-07-31T03:50:10.950Z] restoreNudgeCountFromHistory: no reset point found, count=23
[2026-07-31T03:50:10.986Z] LiveUpdateForge: allowLiveUpdate = true (first real BeforeSend)
[2026-07-31T03:50:10.987Z] InitialReadForge.onBeforeSend: SKIP (fr=false syn=false hasRead=true)
[2026-07-31T03:51:13.116Z] LiveUpdateForge: EndTurn fallback flush
[2026-07-31T03:51:13.118Z] onEndTurn: naturalStop=false toolCalls=23 nudgeMsg=no
[2026-07-31T03:51:13.184Z] LiveUpdateForge: AfterToolExec flush
[2026-07-31T03:51:14.708Z] LiveUpdateForge: AfterToolExec flush
[2026-07-31T03:51:14.737Z] InitialReadForge.onBeforeSend: SKIP (fr=true syn=false hasRead=true)
[2026-07-31T03:51:18.610Z] LiveUpdateForge: EndTurn fallback flush
[2026-07-31T03:51:18.611Z] onEndTurn: naturalStop=false toolCalls=25 nudgeMsg=no
[2026-07-31T03:51:18.658Z] LiveUpdateForge: AfterToolExec flush
[2026-07-31T03:51:18.864Z] LiveUpdateForge: AfterToolExec flush
[2026-07-31T03:51:18.891Z] InitialReadForge.onBeforeSend: SKIP (fr=true syn=false hasRead=true)
[2026-07-31T03:51:21.693Z] LiveUpdateForge: EndTurn fallback flush
[2026-07-31T03:51:21.694Z] onEndTurn: naturalStop=false toolCalls=27 nudgeMsg=no
[2026-07-31T03:51:21.831Z] LiveUpdateForge: AfterToolExec flush
[2026-07-31T03:51:21.859Z] InitialReadForge.onBeforeSend: SKIP (fr=true syn=false hasRead=true)
[2026-07-31T03:51:25.956Z] LiveUpdateForge: EndTurn fallback flush
[2026-07-31T03:51:25.957Z] onEndTurn: naturalStop=false toolCalls=28 nudgeMsg=no
[2026-07-31T03:51:26.094Z] LiveUpdateForge: AfterToolExec flush
[2026-07-31T03:51:26.121Z] InitialReadForge.onBeforeSend: SKIP (fr=true syn=false hasRead=true)
[2026-07-31T03:51:29.249Z] LiveUpdateForge: EndTurn fallback flush
[2026-07-31T03:51:29.250Z] onEndTurn: naturalStop=false toolCalls=29 nudgeMsg=no
[2026-07-31T03:51:29.386Z] LiveUpdateForge: AfterToolExec flush
[2026-07-31T03:51:29.412Z] InitialReadForge.onBeforeSend: SKIP (fr=true syn=false hasRead=true)
[2026-07-31T03:51:32.978Z] LiveUpdateForge: EndTurn fallback flush
[2026-07-31T03:51:32.979Z] onEndTurn: naturalStop=false toolCalls=30 nudgeMsg=no
[2026-07-31T03:51:33.178Z] LiveUpdateForge: AfterToolExec flush
[2026-07-31T03:51:33.203Z] InitialReadForge.onBeforeSend: SKIP (fr=true syn=false hasRead=true)
[2026-07-31T03:51:36.205Z] LiveUpdateForge: EndTurn fallback flush
[2026-07-31T03:51:36.206Z] onEndTurn: naturalStop=false toolCalls=31 nudgeMsg=no
[2026-07-31T03:51:36.412Z] LiveUpdateForge: AfterToolExec flush
[2026-07-31T03:51:36.438Z] InitialReadForge.onBeforeSend: SKIP (fr=true syn=false hasRead=true)
[2026-07-31T03:51:39.157Z] LiveUpdateForge: EndTurn fallback flush
[2026-07-31T03:51:39.158Z] onEndTurn: naturalStop=false toolCalls=32 nudgeMsg=no
[2026-07-31T03:51:39.290Z] LiveUpdateForge: AfterToolExec flush
[2026-07-31T03:51:39.318Z] InitialReadForge.onBeforeSend: SKIP (fr=true syn=false hasRead=true)
[2026-07-31T03:51:41.912Z] LiveUpdateForge: EndTurn fallback flush
[2026-07-31T03:51:41.913Z] onEndTurn: naturalStop=false toolCalls=33 nudgeMsg=no
[2026-07-31T03:51:41.921Z] LiveUpdateForge: AfterToolExec flush
[2026-07-31T03:51:41.952Z] InitialReadForge.onBeforeSend: SKIP (fr=true syn=false hasRead=true)
[2026-07-31T03:51:46.859Z] LiveUpdateForge: EndTurn fallback flush
[2026-07-31T03:51:46.859Z] onEndTurn: naturalStop=false toolCalls=34 nudgeMsg=no
[2026-07-31T03:51:46.867Z] LiveUpdateForge: AfterToolExec flush
[2026-07-31T03:51:46.897Z] InitialReadForge.onBeforeSend: SKIP (fr=true syn=false hasRead=true)
[2026-07-31T03:52:00.640Z] LiveUpdateForge: EndTurn fallback flush
[2026-07-31T03:52:00.640Z] onEndTurn: naturalStop=false toolCalls=35 nudgeMsg=no
[2026-07-31T03:52:00.681Z] LiveUpdateForge: AfterToolExec flush
[2026-07-31T03:52:00.681Z] LiveUpdateForge: AfterToolExec flush
[2026-07-31T03:52:00.682Z] LiveUpdateForge: AfterToolExec flush
[2026-07-31T03:52:00.716Z] InitialReadForge.onBeforeSend: SKIP (fr=true syn=false hasRead=true)
[2026-07-31T03:52:02.374Z] LiveUpdateForge: EndTurn fallback flush
[2026-07-31T03:52:02.374Z] onEndTurn: naturalStop=false toolCalls=38 nudgeMsg=no
[2026-07-31T03:52:02.378Z] LiveUpdateForge: AfterToolExec flush
[2026-07-31T03:52:02.409Z] InitialReadForge.onBeforeSend: SKIP (fr=true syn=false hasRead=true)
[2026-07-31T03:52:14.599Z] LiveUpdateForge: EndTurn fallback flush
[2026-07-31T03:52:14.599Z] onEndTurn: naturalStop=false toolCalls=39 nudgeMsg=no
[2026-07-31T03:52:41.316Z] LiveUpdateForge: AfterToolExec flush
[2026-07-31T03:52:41.345Z] InitialReadForge.onBeforeSend: SKIP (fr=true syn=false hasRead=true)
[2026-07-31T03:52:55.724Z] LiveUpdateForge: EndTurn fallback flush
[2026-07-31T03:52:55.725Z] onEndTurn: naturalStop=false toolCalls=40 nudgeMsg=no
[2026-07-31T03:52:56.494Z] LiveUpdateForge: AfterToolExec flush
[2026-07-31T03:52:56.527Z] InitialReadForge.onBeforeSend: SKIP (fr=true syn=false hasRead=true)
[2026-07-31T03:52:58.605Z] LiveUpdateForge: EndTurn fallback flush
[2026-07-31T03:52:58.605Z] onEndTurn: naturalStop=false toolCalls=41 nudgeMsg=no
[2026-07-31T03:52:58.611Z] LiveUpdateForge: AfterToolExec flush
[2026-07-31T03:52:58.611Z] LiveUpdateForge: AfterToolExec flush
[2026-07-31T03:52:58.641Z] InitialReadForge.onBeforeSend: SKIP (fr=true syn=false hasRead=true)
[2026-07-31T03:53:04.993Z] LiveUpdateForge: EndTurn fallback flush
[2026-07-31T03:53:04.994Z] onEndTurn: naturalStop=false toolCalls=43 nudgeMsg=no
[2026-07-31T03:53:05.074Z] LiveUpdateForge: AfterToolExec flush
[2026-07-31T03:53:05.102Z] InitialReadForge.onBeforeSend: SKIP (fr=true syn=false hasRead=true)
[2026-07-31T03:53:11.509Z] LiveUpdateForge: EndTurn fallback flush
[2026-07-31T03:53:11.509Z] onEndTurn: naturalStop=false toolCalls=44 nudgeMsg=no
[2026-07-31T03:53:11.524Z] LiveUpdateForge: AfterToolExec flush
[2026-07-31T03:53:11.550Z] InitialReadForge.onBeforeSend: SKIP (fr=true syn=false hasRead=true)
[2026-07-31T03:53:19.168Z] LiveUpdateForge: EndTurn fallback flush
[2026-07-31T03:53:19.168Z] onEndTurn: naturalStop=false toolCalls=45 nudgeMsg=no
[2026-07-31T03:53:19.176Z] LiveUpdateForge: AfterToolExec flush
[2026-07-31T03:53:19.204Z] InitialReadForge.onBeforeSend: SKIP (fr=true syn=false hasRead=true)
[2026-07-31T03:53:21.880Z] LiveUpdateForge: EndTurn fallback flush
[2026-07-31T03:53:21.881Z] onEndTurn: naturalStop=false toolCalls=46 nudgeMsg=no
[2026-07-31T03:53:21.890Z] LiveUpdateForge: AfterToolExec flush
[2026-07-31T03:53:21.924Z] InitialReadForge.onBeforeSend: SKIP (fr=true syn=false hasRead=true)
[2026-07-31T03:53:26.024Z] LiveUpdateForge: EndTurn fallback flush
[2026-07-31T03:53:26.025Z] onEndTurn: naturalStop=false toolCalls=47 nudgeMsg=no
[2026-07-31T03:53:26.072Z] LiveUpdateForge: AfterToolExec flush
[2026-07-31T03:53:26.102Z] InitialReadForge.onBeforeSend: SKIP (fr=true syn=false hasRead=true)
[2026-07-31T03:53:27.894Z] LiveUpdateForge: EndTurn fallback flush
[2026-07-31T03:53:27.894Z] onEndTurn: naturalStop=false toolCalls=48 nudgeMsg=no
[2026-07-31T03:53:27.908Z] LiveUpdateForge: AfterToolExec flush
[2026-07-31T03:53:27.909Z] LiveUpdateForge: AfterToolExec flush
[2026-07-31T03:53:27.937Z] InitialReadForge.onBeforeSend: SKIP (fr=true syn=false hasRead=true)
[2026-07-31T03:53:30.510Z] LiveUpdateForge: EndTurn fallback flush
[2026-07-31T03:53:30.510Z] onEndTurn: naturalStop=false toolCalls=50 nudgeMsg=no
[2026-07-31T03:53:43.380Z] LiveUpdateForge: AfterToolExec flush
[2026-07-31T03:53:43.410Z] InitialReadForge.onBeforeSend: SKIP (fr=true syn=false hasRead=true)
[2026-07-31T03:53:49.102Z] LiveUpdateForge: EndTurn fallback flush
[2026-07-31T03:53:49.102Z] onEndTurn: naturalStop=false toolCalls=51 nudgeMsg=no
[2026-07-31T03:53:49.129Z] LiveUpdateForge: AfterToolExec flush
[2026-07-31T03:53:49.159Z] InitialReadForge.onBeforeSend: SKIP (fr=true syn=false hasRead=true)
[2026-07-31T03:53:51.896Z] LiveUpdateForge: EndTurn fallback flush
[2026-07-31T03:53:51.897Z] onEndTurn: naturalStop=false toolCalls=52 nudgeMsg=no
[2026-07-31T03:53:51.922Z] LiveUpdateForge: AfterToolExec flush
[2026-07-31T03:53:51.952Z] InitialReadForge.onBeforeSend: SKIP (fr=true syn=false hasRead=true)
[2026-07-31T03:53:53.926Z] LiveUpdateForge: EndTurn fallback flush
[2026-07-31T03:53:53.926Z] onEndTurn: naturalStop=false toolCalls=53 nudgeMsg=no
[2026-07-31T03:53:55.108Z] LiveUpdateForge: AfterToolExec flush
[2026-07-31T03:53:55.137Z] InitialReadForge.onBeforeSend: SKIP (fr=true syn=false hasRead=true)
[2026-07-31T03:53:58.757Z] LiveUpdateForge: EndTurn fallback flush
[2026-07-31T03:53:58.757Z] onEndTurn: naturalStop=false toolCalls=54 nudgeMsg=no
[2026-07-31T03:54:00.656Z] LiveUpdateForge: AfterToolExec flush
[2026-07-31T03:54:00.686Z] InitialReadForge.onBeforeSend: SKIP (fr=true syn=false hasRead=true)
[2026-07-31T03:54:11.598Z] LiveUpdateForge: EndTurn fallback flush
[2026-07-31T03:54:11.598Z] onEndTurn: naturalStop=false toolCalls=55 nudgeMsg=no
[2026-07-31T03:54:12.218Z] LiveUpdateForge: AfterToolExec flush
[2026-07-31T03:54:12.248Z] InitialReadForge.onBeforeSend: SKIP (fr=true syn=false hasRead=true)
[2026-07-31T03:54:18.273Z] LiveUpdateForge: EndTurn fallback flush
[2026-07-31T03:54:18.273Z] onEndTurn: naturalStop=false toolCalls=56 nudgeMsg=no
[2026-07-31T03:54:19.935Z] LiveUpdateForge: AfterToolExec flush
[2026-07-31T03:54:19.971Z] InitialReadForge.onBeforeSend: SKIP (fr=true syn=false hasRead=true)
[2026-07-31T03:54:24.924Z] LiveUpdateForge: EndTurn fallback flush
[2026-07-31T03:54:24.924Z] onEndTurn: naturalStop=false toolCalls=57 nudgeMsg=no
[2026-07-31T03:54:25.551Z] LiveUpdateForge: AfterToolExec flush
[2026-07-31T03:54:25.580Z] InitialReadForge.onBeforeSend: SKIP (fr=true syn=false hasRead=true)
[2026-07-31T03:54:28.332Z] LiveUpdateForge: EndTurn fallback flush
[2026-07-31T03:54:28.332Z] onEndTurn: naturalStop=false toolCalls=58 nudgeMsg=no
[2026-07-31T03:54:28.677Z] LiveUpdateForge: AfterToolExec flush
[2026-07-31T03:54:28.707Z] InitialReadForge.onBeforeSend: SKIP (fr=true syn=false hasRead=true)
[2026-07-31T03:54:30.343Z] LiveUpdateForge: EndTurn fallback flush
[2026-07-31T03:54:30.343Z] onEndTurn: naturalStop=false toolCalls=59 nudgeMsg=no
[2026-07-31T03:54:30.358Z] LiveUpdateForge: AfterToolExec flush
[2026-07-31T03:54:30.389Z] InitialReadForge.onBeforeSend: SKIP (fr=true syn=false hasRead=true)
[2026-07-31T03:54:39.543Z] LiveUpdateForge: EndTurn fallback flush
[2026-07-31T03:54:39.543Z] onEndTurn: naturalStop=false toolCalls=60 nudgeMsg=no
[2026-07-31T03:54:40.076Z] LiveUpdateForge: AfterToolExec flush
[2026-07-31T03:54:40.105Z] InitialReadForge.onBeforeSend: SKIP (fr=true syn=false hasRead=true)
[2026-07-31T03:54:41.678Z] LiveUpdateForge: EndTurn fallback flush
[2026-07-31T03:54:41.678Z] onEndTurn: naturalStop=false toolCalls=61 nudgeMsg=no
[2026-07-31T03:54:41.771Z] LiveUpdateForge: AfterToolExec flush
[2026-07-31T03:54:41.798Z] InitialReadForge.onBeforeSend: SKIP (fr=true syn=false hasRead=true)
[2026-07-31T03:54:54.523Z] LiveUpdateForge: EndTurn fallback flush
[2026-07-31T03:54:54.523Z] onEndTurn: naturalStop=false toolCalls=62 nudgeMsg=no
[2026-07-31T03:54:54.527Z] LiveUpdateForge: AfterToolExec flush
[2026-07-31T03:54:54.559Z] InitialReadForge.onBeforeSend: SKIP (fr=true syn=false hasRead=true)
[2026-07-31T03:55:01.405Z] LiveUpdateForge: EndTurn fallback flush
[2026-07-31T03:55:01.406Z] onEndTurn: naturalStop=true toolCalls=0 nudgeMsg=YES
[2026-07-31T03:55:01.410Z] InitialReadForge.onBeforeSend: SKIP (fr=false syn=false hasRead=true)
[2026-07-31T03:55:09.888Z] LiveUpdateForge: EndTurn fallback flush
[2026-07-31T03:55:09.888Z] onEndTurn: naturalStop=false toolCalls=0 nudgeMsg=no
[2026-07-31T03:55:09.912Z] LiveUpdateForge: self-write on D:\unity\mowang\CODELY.md, baseline aligned
[2026-07-31T03:55:09.913Z] LiveUpdateForge: AfterToolExec flush
[2026-07-31T03:55:09.948Z] InitialReadForge.onBeforeSend: SKIP (fr=true syn=false hasRead=true)
[2026-07-31T03:55:12.215Z] LiveUpdateForge: EndTurn fallback flush
[2026-07-31T03:55:12.216Z] onEndTurn: naturalStop=true toolCalls=0 nudgeMsg=no
[2026-07-31T05:04:31.292Z] MemoryForge: attached 5 listener(s)
[2026-07-31T05:04:31.294Z] InitialReadForge: armed one-shot BeforeSend after NewSessionStart
[2026-07-31T05:04:31.294Z] LiveUpdateForge: session reset, allowLiveUpdate = false
[2026-07-31T05:04:48.497Z] MemoryForge: attached 5 listener(s)
[2026-07-31T05:04:48.497Z] InitialReadForge: armed one-shot BeforeSend after NewSessionStart
[2026-07-31T05:04:48.498Z] LiveUpdateForge: session reset, allowLiveUpdate = false
[2026-07-31T05:04:48.499Z] MemoryForge: detached all listeners
[2026-07-31T05:04:48.500Z] ResumeDiffForge: no read_memory in history, backfilling forge
[2026-07-31T05:04:48.645Z] recordForgedToolExchange: toolName=read_memory callId=resume-forge-read-memory-backfill
[2026-07-31T05:04:48.693Z] recordForgedToolExchange: recordMessage + recordToolCalls persisted
[2026-07-31T05:04:48.694Z] injectForgedHistory: role=user preview=""
[2026-07-31T05:04:48.714Z] injectForgedHistory: recordMessage persisted
[2026-07-31T05:04:48.721Z] ResumeDiffForge: backfilled read_memory and baseline for 2 raw + 2 provider file(s)
[2026-07-31T05:04:48.721Z] LiveUpdateForge: session reset, allowLiveUpdate = false
[2026-07-31T05:04:48.721Z] NudgeForge: ResumeComplete — restoring count from history
[2026-07-31T05:04:48.722Z] restoreNudgeCountFromHistory: no reset point found, count=0
[2026-07-31T05:04:48.755Z] LiveUpdateForge: allowLiveUpdate = true (first real BeforeSend)
[2026-07-31T05:04:48.756Z] InitialReadForge.onBeforeSend: SKIP (fr=false syn=false hasRead=true)
[2026-07-31T05:04:52.924Z] LiveUpdateForge: EndTurn fallback flush
[2026-07-31T05:04:52.924Z] onEndTurn: naturalStop=false toolCalls=0 nudgeMsg=no
[2026-07-31T05:06:31.043Z] LiveUpdateForge: AfterToolExec flush
[2026-07-31T05:06:31.081Z] InitialReadForge.onBeforeSend: SKIP (fr=true syn=false hasRead=true)
[2026-07-31T05:06:34.496Z] LiveUpdateForge: EndTurn fallback flush
[2026-07-31T05:06:34.497Z] onEndTurn: naturalStop=false toolCalls=1 nudgeMsg=no
[2026-07-31T05:06:34.510Z] LiveUpdateForge: AfterToolExec flush
[2026-07-31T05:06:34.557Z] LiveUpdateForge: AfterToolExec flush
[2026-07-31T05:06:34.584Z] InitialReadForge.onBeforeSend: SKIP (fr=true syn=false hasRead=true)
[2026-07-31T05:06:43.771Z] LiveUpdateForge: EndTurn fallback flush
[2026-07-31T05:06:43.772Z] onEndTurn: naturalStop=true toolCalls=3 nudgeMsg=no
[2026-07-31T05:07:11.795Z] ResumeDiffForge: running checkResumeConsistency
[2026-07-31T05:07:11.796Z] checkResumeConsistency: forgedTimestamps=[]
[2026-07-31T05:07:11.807Z] checkResumeConsistency: no changes detected
[2026-07-31T05:07:11.808Z] LiveUpdateForge: session reset, allowLiveUpdate = false
[2026-07-31T05:07:11.808Z] NudgeForge: ResumeComplete — restoring count from history
[2026-07-31T05:07:11.809Z] restoreNudgeCountFromHistory: no reset point found, count=3
[2026-07-31T05:07:11.829Z] LiveUpdateForge: allowLiveUpdate = true (first real BeforeSend)
[2026-07-31T05:07:11.829Z] InitialReadForge.onBeforeSend: SKIP (fr=false syn=false hasRead=true)
[2026-07-31T05:07:16.096Z] LiveUpdateForge: EndTurn fallback flush
[2026-07-31T05:07:16.097Z] onEndTurn: naturalStop=false toolCalls=3 nudgeMsg=no
[2026-07-31T05:07:16.227Z] LiveUpdateForge: AfterToolExec flush
[2026-07-31T05:07:16.253Z] InitialReadForge.onBeforeSend: SKIP (fr=true syn=false hasRead=true)
[2026-07-31T05:07:19.416Z] LiveUpdateForge: EndTurn fallback flush
[2026-07-31T05:07:19.417Z] onEndTurn: naturalStop=false toolCalls=4 nudgeMsg=no
[2026-07-31T05:07:19.436Z] LiveUpdateForge: AfterToolExec flush
[2026-07-31T05:07:19.462Z] InitialReadForge.onBeforeSend: SKIP (fr=true syn=false hasRead=true)
[2026-07-31T05:07:21.254Z] LiveUpdateForge: EndTurn fallback flush
[2026-07-31T05:07:21.254Z] onEndTurn: naturalStop=false toolCalls=5 nudgeMsg=no
[2026-07-31T05:07:21.274Z] LiveUpdateForge: AfterToolExec flush
[2026-07-31T05:07:21.301Z] InitialReadForge.onBeforeSend: SKIP (fr=true syn=false hasRead=true)
[2026-07-31T05:07:24.406Z] LiveUpdateForge: EndTurn fallback flush
[2026-07-31T05:07:24.406Z] onEndTurn: naturalStop=false toolCalls=6 nudgeMsg=no
[2026-07-31T05:07:24.426Z] LiveUpdateForge: AfterToolExec flush
[2026-07-31T05:07:24.454Z] InitialReadForge.onBeforeSend: SKIP (fr=true syn=false hasRead=true)
[2026-07-31T05:07:27.089Z] LiveUpdateForge: EndTurn fallback flush
[2026-07-31T05:07:27.090Z] onEndTurn: naturalStop=false toolCalls=7 nudgeMsg=no
[2026-07-31T05:07:27.110Z] LiveUpdateForge: AfterToolExec flush
[2026-07-31T05:07:27.136Z] InitialReadForge.onBeforeSend: SKIP (fr=true syn=false hasRead=true)
[2026-07-31T05:07:30.965Z] LiveUpdateForge: EndTurn fallback flush
[2026-07-31T05:07:30.965Z] onEndTurn: naturalStop=false toolCalls=8 nudgeMsg=no
[2026-07-31T05:07:31.325Z] LiveUpdateForge: AfterToolExec flush
[2026-07-31T05:07:31.349Z] InitialReadForge.onBeforeSend: SKIP (fr=true syn=false hasRead=true)
[2026-07-31T05:07:33.972Z] LiveUpdateForge: EndTurn fallback flush
[2026-07-31T05:07:33.972Z] onEndTurn: naturalStop=false toolCalls=9 nudgeMsg=no
[2026-07-31T05:07:33.990Z] LiveUpdateForge: AfterToolExec flush
[2026-07-31T05:07:34.017Z] InitialReadForge.onBeforeSend: SKIP (fr=true syn=false hasRead=true)
[2026-07-31T05:07:36.048Z] LiveUpdateForge: EndTurn fallback flush
[2026-07-31T05:07:36.048Z] onEndTurn: naturalStop=false toolCalls=10 nudgeMsg=no
[2026-07-31T05:08:04.340Z] LiveUpdateForge: AfterToolExec flush
[2026-07-31T05:08:04.370Z] InitialReadForge.onBeforeSend: SKIP (fr=true syn=false hasRead=true)
[2026-07-31T05:08:07.127Z] LiveUpdateForge: EndTurn fallback flush
[2026-07-31T05:08:07.128Z] onEndTurn: naturalStop=true toolCalls=11 nudgeMsg=no
[2026-07-31T05:08:21.414Z] MemoryForge: attached 5 listener(s)
[2026-07-31T05:08:21.415Z] InitialReadForge: armed one-shot BeforeSend after NewSessionStart
[2026-07-31T05:08:21.416Z] LiveUpdateForge: session reset, allowLiveUpdate = false
[2026-07-31T05:08:22.785Z] LiveUpdateForge: session reset, allowLiveUpdate = false
[2026-07-31T05:08:22.820Z] ResumeDiffForge: running checkResumeConsistency
[2026-07-31T05:08:22.820Z] checkResumeConsistency: forgedTimestamps=[]
[2026-07-31T05:08:22.828Z] checkResumeConsistency: no changes detected
[2026-07-31T05:08:22.828Z] LiveUpdateForge: session reset, allowLiveUpdate = false
[2026-07-31T05:08:22.829Z] NudgeForge: ResumeComplete — restoring count from history
[2026-07-31T05:08:22.830Z] restoreNudgeCountFromHistory: no reset point found, count=119
[2026-07-31T05:08:22.871Z] MemoryForge: attached 5 listener(s)
[2026-07-31T05:08:22.871Z] InitialReadForge: armed one-shot BeforeSend after NewSessionStart
[2026-07-31T05:08:22.871Z] LiveUpdateForge: session reset, allowLiveUpdate = false
[2026-07-31T05:09:33.564Z] ResumeDiffForge: running checkResumeConsistency
[2026-07-31T05:09:33.565Z] checkResumeConsistency: forgedTimestamps=[]
[2026-07-31T05:09:33.574Z] checkResumeConsistency: no changes detected
[2026-07-31T05:09:33.577Z] LiveUpdateForge: session reset, allowLiveUpdate = false
[2026-07-31T05:09:33.577Z] NudgeForge: ResumeComplete — restoring count from history
[2026-07-31T05:09:33.578Z] restoreNudgeCountFromHistory: no reset point found, count=11
[2026-07-31T05:09:33.599Z] LiveUpdateForge: allowLiveUpdate = true (first real BeforeSend)
[2026-07-31T05:09:33.600Z] InitialReadForge.onBeforeSend: SKIP (fr=false syn=false hasRead=true)
[2026-07-31T05:09:46.514Z] LiveUpdateForge: EndTurn fallback flush
[2026-07-31T05:09:46.515Z] onEndTurn: naturalStop=false toolCalls=11 nudgeMsg=no
[2026-07-31T05:09:47.102Z] LiveUpdateForge: AfterToolExec flush
[2026-07-31T05:09:47.104Z] LiveUpdateForge: AfterToolExec flush
[2026-07-31T05:09:47.133Z] InitialReadForge.onBeforeSend: SKIP (fr=true syn=false hasRead=true)
[2026-07-31T05:09:49.323Z] LiveUpdateForge: EndTurn fallback flush
[2026-07-31T05:09:49.324Z] onEndTurn: naturalStop=false toolCalls=13 nudgeMsg=no
[2026-07-31T05:09:49.333Z] LiveUpdateForge: AfterToolExec flush
[2026-07-31T05:09:49.359Z] InitialReadForge.onBeforeSend: SKIP (fr=true syn=false hasRead=true)
[2026-07-31T05:09:57.892Z] LiveUpdateForge: EndTurn fallback flush
[2026-07-31T05:09:57.892Z] onEndTurn: naturalStop=false toolCalls=14 nudgeMsg=no
[2026-07-31T05:09:57.947Z] LiveUpdateForge: AfterToolExec flush
[2026-07-31T05:09:58.256Z] LiveUpdateForge: AfterToolExec flush
[2026-07-31T05:09:58.287Z] InitialReadForge.onBeforeSend: SKIP (fr=true syn=false hasRead=true)
[2026-07-31T05:10:03.587Z] LiveUpdateForge: EndTurn fallback flush
[2026-07-31T05:10:03.588Z] onEndTurn: naturalStop=false toolCalls=16 nudgeMsg=no
[2026-07-31T05:10:03.595Z] LiveUpdateForge: AfterToolExec flush
[2026-07-31T05:10:03.596Z] LiveUpdateForge: AfterToolExec flush
[2026-07-31T05:10:03.623Z] InitialReadForge.onBeforeSend: SKIP (fr=true syn=false hasRead=true)
[2026-07-31T05:10:15.209Z] LiveUpdateForge: EndTurn fallback flush
[2026-07-31T05:10:15.209Z] onEndTurn: naturalStop=false toolCalls=18 nudgeMsg=no
[2026-07-31T05:10:15.259Z] LiveUpdateForge: AfterToolExec flush
[2026-07-31T05:10:15.287Z] InitialReadForge.onBeforeSend: SKIP (fr=true syn=false hasRead=true)
[2026-07-31T05:10:16.707Z] LiveUpdateForge: EndTurn fallback flush
[2026-07-31T05:10:16.707Z] onEndTurn: naturalStop=false toolCalls=19 nudgeMsg=no
[2026-07-31T05:10:16.736Z] LiveUpdateForge: AfterToolExec flush
[2026-07-31T05:10:16.764Z] InitialReadForge.onBeforeSend: SKIP (fr=true syn=false hasRead=true)
[2026-07-31T05:10:18.680Z] LiveUpdateForge: EndTurn fallback flush
[2026-07-31T05:10:18.681Z] onEndTurn: naturalStop=false toolCalls=20 nudgeMsg=no
[2026-07-31T05:10:20.371Z] LiveUpdateForge: AfterToolExec flush
[2026-07-31T05:10:20.400Z] InitialReadForge.onBeforeSend: SKIP (fr=true syn=false hasRead=true)
[2026-07-31T05:10:21.859Z] LiveUpdateForge: EndTurn fallback flush
[2026-07-31T05:10:21.859Z] onEndTurn: naturalStop=false toolCalls=21 nudgeMsg=no
[2026-07-31T05:11:27.430Z] LiveUpdateForge: AfterToolExec flush
[2026-07-31T05:11:27.461Z] InitialReadForge.onBeforeSend: SKIP (fr=true syn=false hasRead=true)
[2026-07-31T05:11:30.013Z] LiveUpdateForge: EndTurn fallback flush
[2026-07-31T05:11:30.013Z] onEndTurn: naturalStop=true toolCalls=22 nudgeMsg=no
[2026-07-31T05:11:40.590Z] ResumeDiffForge: running checkResumeConsistency
[2026-07-31T05:11:40.591Z] checkResumeConsistency: forgedTimestamps=[]
[2026-07-31T05:11:40.621Z] checkResumeConsistency: no changes detected
[2026-07-31T05:11:40.622Z] LiveUpdateForge: session reset, allowLiveUpdate = false
[2026-07-31T05:11:40.622Z] NudgeForge: ResumeComplete — restoring count from history
[2026-07-31T05:11:40.623Z] restoreNudgeCountFromHistory: no reset point found, count=22
[2026-07-31T05:13:45.590Z] MemoryForge: attached 5 listener(s)
[2026-07-31T05:13:45.591Z] InitialReadForge: armed one-shot BeforeSend after NewSessionStart
[2026-07-31T05:13:45.591Z] LiveUpdateForge: session reset, allowLiveUpdate = false
[2026-07-31T05:13:46.633Z] LiveUpdateForge: session reset, allowLiveUpdate = false
[2026-07-31T05:13:46.671Z] ResumeDiffForge: running checkResumeConsistency
[2026-07-31T05:13:46.714Z] checkResumeConsistency: forgedTimestamps=[]
[2026-07-31T05:13:46.724Z] checkResumeConsistency: no changes detected
[2026-07-31T05:13:46.753Z] LiveUpdateForge: session reset, allowLiveUpdate = false
[2026-07-31T05:13:46.754Z] NudgeForge: ResumeComplete — restoring count from history
[2026-07-31T05:13:46.755Z] restoreNudgeCountFromHistory: no reset point found, count=119
[2026-07-31T05:13:47.330Z] MemoryForge: attached 5 listener(s)
[2026-07-31T05:13:47.330Z] InitialReadForge: armed one-shot BeforeSend after NewSessionStart
[2026-07-31T05:13:47.331Z] LiveUpdateForge: session reset, allowLiveUpdate = false
[2026-07-31T05:15:54.095Z] MemoryForge: attached 5 listener(s)
[2026-07-31T05:15:54.096Z] InitialReadForge: armed one-shot BeforeSend after NewSessionStart
[2026-07-31T05:15:54.096Z] LiveUpdateForge: session reset, allowLiveUpdate = false
[2026-07-31T05:15:55.671Z] MemoryForge: attached 5 listener(s)
[2026-07-31T05:15:55.672Z] InitialReadForge: armed one-shot BeforeSend after NewSessionStart
[2026-07-31T05:15:55.672Z] LiveUpdateForge: session reset, allowLiveUpdate = false
[2026-07-31T05:15:57.593Z] LiveUpdateForge: session reset, allowLiveUpdate = false
[2026-07-31T05:15:57.651Z] ResumeDiffForge: running checkResumeConsistency
[2026-07-31T05:15:57.653Z] checkResumeConsistency: forgedTimestamps=[]
[2026-07-31T05:15:57.671Z] checkResumeConsistency: no changes detected
[2026-07-31T05:15:57.672Z] LiveUpdateForge: session reset, allowLiveUpdate = false
[2026-07-31T05:15:57.673Z] NudgeForge: ResumeComplete — restoring count from history
[2026-07-31T05:15:57.674Z] restoreNudgeCountFromHistory: no reset point found, count=119
[2026-07-31T05:15:58.222Z] MemoryForge: attached 5 listener(s)
[2026-07-31T05:15:58.222Z] InitialReadForge: armed one-shot BeforeSend after NewSessionStart
[2026-07-31T05:15:58.223Z] LiveUpdateForge: session reset, allowLiveUpdate = false
[2026-07-31T05:16:06.507Z] MemoryForge: attached 5 listener(s)
[2026-07-31T05:16:06.508Z] InitialReadForge: armed one-shot BeforeSend after NewSessionStart
[2026-07-31T05:16:06.508Z] LiveUpdateForge: session reset, allowLiveUpdate = false
[2026-07-31T05:16:07.398Z] LiveUpdateForge: session reset, allowLiveUpdate = false
[2026-07-31T05:16:07.438Z] ResumeDiffForge: running checkResumeConsistency
[2026-07-31T05:16:07.439Z] checkResumeConsistency: forgedTimestamps=[]
[2026-07-31T05:16:07.448Z] checkResumeConsistency: no changes detected
[2026-07-31T05:16:07.449Z] LiveUpdateForge: session reset, allowLiveUpdate = false
[2026-07-31T05:16:07.449Z] NudgeForge: ResumeComplete — restoring count from history
[2026-07-31T05:16:07.450Z] restoreNudgeCountFromHistory: no reset point found, count=119
[2026-07-31T05:16:07.644Z] MemoryForge: attached 5 listener(s)
[2026-07-31T05:16:07.645Z] InitialReadForge: armed one-shot BeforeSend after NewSessionStart
[2026-07-31T05:16:07.645Z] LiveUpdateForge: session reset, allowLiveUpdate = false
[2026-07-31T05:17:08.517Z] MemoryForge: attached 5 listener(s)
[2026-07-31T05:17:08.517Z] InitialReadForge: armed one-shot BeforeSend after NewSessionStart
[2026-07-31T05:17:08.518Z] LiveUpdateForge: session reset, allowLiveUpdate = false
[2026-07-31T05:17:09.185Z] MemoryForge: attached 5 listener(s)
[2026-07-31T05:17:09.186Z] InitialReadForge: armed one-shot BeforeSend after NewSessionStart
[2026-07-31T05:17:09.186Z] LiveUpdateForge: session reset, allowLiveUpdate = false
[2026-07-31T05:17:09.187Z] MemoryForge: detached all listeners
[2026-07-31T05:17:09.188Z] ResumeDiffForge: no read_memory in history, backfilling forge
[2026-07-31T05:17:09.326Z] recordForgedToolExchange: toolName=read_memory callId=resume-forge-read-memory-backfill
[2026-07-31T05:17:09.370Z] recordForgedToolExchange: recordMessage + recordToolCalls persisted
[2026-07-31T05:17:09.371Z] injectForgedHistory: role=user preview=""
[2026-07-31T05:17:09.393Z] injectForgedHistory: recordMessage persisted
[2026-07-31T05:17:09.401Z] ResumeDiffForge: backfilled read_memory and baseline for 2 raw + 2 provider file(s)
[2026-07-31T05:17:09.401Z] LiveUpdateForge: session reset, allowLiveUpdate = false
[2026-07-31T05:17:09.401Z] NudgeForge: ResumeComplete — restoring count from history
[2026-07-31T05:17:09.402Z] restoreNudgeCountFromHistory: no reset point found, count=0
[2026-07-31T05:17:09.433Z] LiveUpdateForge: allowLiveUpdate = true (first real BeforeSend)
[2026-07-31T05:17:09.434Z] InitialReadForge.onBeforeSend: SKIP (fr=false syn=false hasRead=true)
[2026-07-31T05:17:15.753Z] LiveUpdateForge: EndTurn fallback flush
[2026-07-31T05:17:15.754Z] onEndTurn: naturalStop=undefined toolCalls=0 nudgeMsg=no
[2026-07-31T05:17:15.754Z] LiveUpdateForge: EndTurn fallback flush
[2026-07-31T05:17:15.755Z] onEndTurn: naturalStop=false toolCalls=0 nudgeMsg=no
[2026-07-31T05:17:15.868Z] LiveUpdateForge: AfterToolExec flush
[2026-07-31T05:17:23.221Z] MemoryForge: attached 5 listener(s)
[2026-07-31T05:17:23.222Z] InitialReadForge: armed one-shot BeforeSend after NewSessionStart
[2026-07-31T05:17:23.222Z] LiveUpdateForge: session reset, allowLiveUpdate = false
[2026-07-31T05:18:40.534Z] MemoryForge: attached 5 listener(s)
[2026-07-31T05:18:40.534Z] InitialReadForge: armed one-shot BeforeSend after NewSessionStart
[2026-07-31T05:18:40.534Z] LiveUpdateForge: session reset, allowLiveUpdate = false
[2026-07-31T05:18:40.535Z] MemoryForge: detached all listeners
[2026-07-31T05:18:40.535Z] ResumeDiffForge: no read_memory in history, backfilling forge
[2026-07-31T05:18:40.655Z] recordForgedToolExchange: toolName=read_memory callId=resume-forge-read-memory-backfill
[2026-07-31T05:18:40.696Z] recordForgedToolExchange: recordMessage + recordToolCalls persisted
[2026-07-31T05:18:40.697Z] injectForgedHistory: role=user preview=""
[2026-07-31T05:18:40.719Z] injectForgedHistory: recordMessage persisted
[2026-07-31T05:18:40.724Z] ResumeDiffForge: backfilled read_memory and baseline for 2 raw + 2 provider file(s)
[2026-07-31T05:18:40.725Z] LiveUpdateForge: session reset, allowLiveUpdate = false
[2026-07-31T05:18:40.725Z] NudgeForge: ResumeComplete — restoring count from history
[2026-07-31T05:18:40.726Z] restoreNudgeCountFromHistory: no reset point found, count=0
[2026-07-31T05:18:40.749Z] LiveUpdateForge: allowLiveUpdate = true (first real BeforeSend)
[2026-07-31T05:18:40.750Z] InitialReadForge.onBeforeSend: SKIP (fr=false syn=false hasRead=true)
[2026-07-31T05:18:46.880Z] LiveUpdateForge: EndTurn fallback flush
[2026-07-31T05:18:46.881Z] onEndTurn: naturalStop=undefined toolCalls=0 nudgeMsg=no
[2026-07-31T05:18:46.881Z] LiveUpdateForge: EndTurn fallback flush
[2026-07-31T05:18:46.881Z] onEndTurn: naturalStop=false toolCalls=0 nudgeMsg=no
[2026-07-31T05:18:47.046Z] LiveUpdateForge: AfterToolExec flush
[2026-07-31T05:18:47.117Z] LiveUpdateForge: AfterToolExec flush
[2026-07-31T05:18:47.320Z] LiveUpdateForge: AfterToolExec flush
[2026-07-31T05:18:47.351Z] InitialReadForge.onBeforeSend: SKIP (fr=true syn=false hasRead=true)
[2026-07-31T05:18:53.074Z] LiveUpdateForge: EndTurn fallback flush
[2026-07-31T05:18:53.074Z] onEndTurn: naturalStop=undefined toolCalls=3 nudgeMsg=no
[2026-07-31T05:18:53.075Z] LiveUpdateForge: EndTurn fallback flush
[2026-07-31T05:18:53.075Z] onEndTurn: naturalStop=false toolCalls=3 nudgeMsg=no
[2026-07-31T05:18:53.652Z] LiveUpdateForge: AfterToolExec flush
[2026-07-31T05:19:19.063Z] LiveUpdateForge: AfterToolExec flush
[2026-07-31T05:19:19.108Z] InitialReadForge.onBeforeSend: SKIP (fr=true syn=false hasRead=true)
[2026-07-31T05:19:23.543Z] LiveUpdateForge: EndTurn fallback flush
[2026-07-31T05:19:23.543Z] onEndTurn: naturalStop=undefined toolCalls=2 nudgeMsg=no
[2026-07-31T05:19:23.544Z] LiveUpdateForge: EndTurn fallback flush
[2026-07-31T05:19:23.544Z] onEndTurn: naturalStop=false toolCalls=2 nudgeMsg=no
[2026-07-31T05:19:23.571Z] LiveUpdateForge: AfterToolExec flush
[2026-07-31T05:19:23.732Z] LiveUpdateForge: AfterToolExec flush
[2026-07-31T05:19:23.760Z] InitialReadForge.onBeforeSend: SKIP (fr=true syn=false hasRead=true)
[2026-07-31T05:19:27.762Z] LiveUpdateForge: EndTurn fallback flush
[2026-07-31T05:19:27.762Z] onEndTurn: naturalStop=undefined toolCalls=4 nudgeMsg=no
[2026-07-31T05:19:27.763Z] LiveUpdateForge: EndTurn fallback flush
[2026-07-31T05:19:27.763Z] onEndTurn: naturalStop=false toolCalls=4 nudgeMsg=no
[2026-07-31T05:19:28.037Z] LiveUpdateForge: AfterToolExec flush
[2026-07-31T05:19:28.039Z] LiveUpdateForge: AfterToolExec flush
[2026-07-31T05:19:28.048Z] LiveUpdateForge: AfterToolExec flush
[2026-07-31T05:19:28.065Z] LiveUpdateForge: AfterToolExec flush
[2026-07-31T05:19:28.068Z] LiveUpdateForge: AfterToolExec flush
[2026-07-31T05:19:28.097Z] InitialReadForge.onBeforeSend: SKIP (fr=true syn=false hasRead=true)
[2026-07-31T05:19:37.755Z] LiveUpdateForge: EndTurn fallback flush
[2026-07-31T05:19:37.755Z] onEndTurn: naturalStop=undefined toolCalls=9 nudgeMsg=no
[2026-07-31T05:19:37.756Z] LiveUpdateForge: EndTurn fallback flush
[2026-07-31T05:19:37.756Z] onEndTurn: naturalStop=false toolCalls=9 nudgeMsg=no
[2026-07-31T05:19:38.002Z] LiveUpdateForge: AfterToolExec flush
[2026-07-31T05:19:48.039Z] LiveUpdateForge: AfterToolExec flush
[2026-07-31T05:19:48.040Z] LiveUpdateForge: AfterToolExec flush
[2026-07-31T05:19:48.070Z] InitialReadForge.onBeforeSend: SKIP (fr=true syn=false hasRead=true)
[2026-07-31T05:19:52.614Z] LiveUpdateForge: EndTurn fallback flush
[2026-07-31T05:19:52.615Z] onEndTurn: naturalStop=undefined toolCalls=12 nudgeMsg=no
[2026-07-31T05:19:52.616Z] LiveUpdateForge: EndTurn fallback flush
[2026-07-31T05:19:52.616Z] onEndTurn: naturalStop=false toolCalls=12 nudgeMsg=no
[2026-07-31T05:19:52.674Z] LiveUpdateForge: AfterToolExec flush
[2026-07-31T05:19:52.678Z] LiveUpdateForge: AfterToolExec flush
[2026-07-31T05:19:52.737Z] InitialReadForge.onBeforeSend: SKIP (fr=true syn=false hasRead=true)
[2026-07-31T05:19:56.876Z] LiveUpdateForge: EndTurn fallback flush
[2026-07-31T05:19:56.876Z] onEndTurn: naturalStop=undefined toolCalls=14 nudgeMsg=no
[2026-07-31T05:19:56.877Z] LiveUpdateForge: EndTurn fallback flush
[2026-07-31T05:19:56.877Z] onEndTurn: naturalStop=false toolCalls=14 nudgeMsg=no
[2026-07-31T05:19:58.784Z] LiveUpdateForge: AfterToolExec flush
[2026-07-31T05:19:58.818Z] InitialReadForge.onBeforeSend: SKIP (fr=true syn=false hasRead=true)
[2026-07-31T05:20:00.972Z] LiveUpdateForge: EndTurn fallback flush
[2026-07-31T05:20:00.979Z] onEndTurn: naturalStop=undefined toolCalls=15 nudgeMsg=no
[2026-07-31T05:20:00.980Z] LiveUpdateForge: EndTurn fallback flush
[2026-07-31T05:20:00.981Z] onEndTurn: naturalStop=false toolCalls=15 nudgeMsg=no
[2026-07-31T05:20:01.317Z] LiveUpdateForge: AfterToolExec flush
[2026-07-31T05:20:01.382Z] InitialReadForge.onBeforeSend: SKIP (fr=true syn=false hasRead=true)
[2026-07-31T05:20:03.380Z] LiveUpdateForge: EndTurn fallback flush
[2026-07-31T05:20:03.381Z] onEndTurn: naturalStop=undefined toolCalls=16 nudgeMsg=no
[2026-07-31T05:20:03.381Z] LiveUpdateForge: EndTurn fallback flush
[2026-07-31T05:20:03.381Z] onEndTurn: naturalStop=false toolCalls=16 nudgeMsg=no
[2026-07-31T05:20:31.346Z] LiveUpdateForge: AfterToolExec flush
[2026-07-31T05:20:31.374Z] InitialReadForge.onBeforeSend: SKIP (fr=true syn=false hasRead=true)
[2026-07-31T05:20:33.940Z] LiveUpdateForge: EndTurn fallback flush
[2026-07-31T05:20:33.940Z] onEndTurn: naturalStop=undefined toolCalls=17 nudgeMsg=no
[2026-07-31T05:20:33.941Z] LiveUpdateForge: EndTurn fallback flush
[2026-07-31T05:20:33.941Z] onEndTurn: naturalStop=false toolCalls=17 nudgeMsg=no
[2026-07-31T05:20:34.480Z] LiveUpdateForge: AfterToolExec flush
[2026-07-31T05:20:34.522Z] InitialReadForge.onBeforeSend: SKIP (fr=true syn=false hasRead=true)
[2026-07-31T05:20:35.743Z] LiveUpdateForge: EndTurn fallback flush
[2026-07-31T05:20:35.743Z] onEndTurn: naturalStop=undefined toolCalls=18 nudgeMsg=no
[2026-07-31T05:20:35.743Z] LiveUpdateForge: EndTurn fallback flush
[2026-07-31T05:20:35.744Z] onEndTurn: naturalStop=false toolCalls=18 nudgeMsg=no
[2026-07-31T05:20:35.786Z] LiveUpdateForge: AfterToolExec flush
[2026-07-31T05:20:35.814Z] InitialReadForge.onBeforeSend: SKIP (fr=true syn=false hasRead=true)
[2026-07-31T05:20:38.098Z] LiveUpdateForge: EndTurn fallback flush
[2026-07-31T05:20:38.098Z] onEndTurn: naturalStop=undefined toolCalls=19 nudgeMsg=no
[2026-07-31T05:20:38.099Z] LiveUpdateForge: EndTurn fallback flush
[2026-07-31T05:20:38.099Z] onEndTurn: naturalStop=false toolCalls=19 nudgeMsg=no
[2026-07-31T05:21:11.972Z] LiveUpdateForge: AfterToolExec flush
[2026-07-31T05:21:12.012Z] InitialReadForge.onBeforeSend: SKIP (fr=true syn=false hasRead=true)
[2026-07-31T05:21:13.537Z] LiveUpdateForge: EndTurn fallback flush
[2026-07-31T05:21:13.538Z] onEndTurn: naturalStop=undefined toolCalls=20 nudgeMsg=no
[2026-07-31T05:21:13.539Z] LiveUpdateForge: EndTurn fallback flush
[2026-07-31T05:21:13.539Z] onEndTurn: naturalStop=false toolCalls=20 nudgeMsg=no
[2026-07-31T05:21:13.598Z] LiveUpdateForge: AfterToolExec flush
[2026-07-31T05:21:13.627Z] InitialReadForge.onBeforeSend: SKIP (fr=true syn=false hasRead=true)
[2026-07-31T05:21:15.409Z] LiveUpdateForge: EndTurn fallback flush
[2026-07-31T05:21:15.410Z] onEndTurn: naturalStop=undefined toolCalls=21 nudgeMsg=no
[2026-07-31T05:21:15.410Z] LiveUpdateForge: EndTurn fallback flush
[2026-07-31T05:21:15.410Z] onEndTurn: naturalStop=false toolCalls=21 nudgeMsg=no
[2026-07-31T05:21:30.542Z] LiveUpdateForge: AfterToolExec flush
[2026-07-31T05:21:30.579Z] InitialReadForge.onBeforeSend: SKIP (fr=true syn=false hasRead=true)
[2026-07-31T05:21:34.685Z] LiveUpdateForge: EndTurn fallback flush
[2026-07-31T05:21:34.686Z] onEndTurn: naturalStop=undefined toolCalls=5 nudgeMsg=no
[2026-07-31T05:21:34.686Z] LiveUpdateForge: EndTurn fallback flush
[2026-07-31T05:21:34.686Z] onEndTurn: naturalStop=false toolCalls=5 nudgeMsg=no
[2026-07-31T05:21:34.703Z] LiveUpdateForge: AfterToolExec flush
[2026-07-31T05:21:34.722Z] LiveUpdateForge: AfterToolExec flush
[2026-07-31T05:21:34.754Z] InitialReadForge.onBeforeSend: SKIP (fr=true syn=false hasRead=true)
[2026-07-31T05:21:45.927Z] LiveUpdateForge: EndTurn fallback flush
[2026-07-31T05:21:45.927Z] onEndTurn: naturalStop=undefined toolCalls=7 nudgeMsg=no
[2026-07-31T05:21:45.928Z] LiveUpdateForge: EndTurn fallback flush
[2026-07-31T05:21:45.928Z] onEndTurn: naturalStop=false toolCalls=7 nudgeMsg=no
[2026-07-31T05:21:45.958Z] LiveUpdateForge: AfterToolExec flush
[2026-07-31T05:21:45.986Z] InitialReadForge.onBeforeSend: SKIP (fr=true syn=false hasRead=true)
[2026-07-31T05:21:47.308Z] LiveUpdateForge: EndTurn fallback flush
[2026-07-31T05:21:47.309Z] onEndTurn: naturalStop=undefined toolCalls=8 nudgeMsg=no
[2026-07-31T05:21:47.309Z] LiveUpdateForge: EndTurn fallback flush
[2026-07-31T05:21:47.310Z] onEndTurn: naturalStop=false toolCalls=8 nudgeMsg=no
[2026-07-31T05:21:47.801Z] LiveUpdateForge: AfterToolExec flush
[2026-07-31T05:21:47.829Z] InitialReadForge.onBeforeSend: SKIP (fr=true syn=false hasRead=true)
[2026-07-31T05:21:49.948Z] LiveUpdateForge: EndTurn fallback flush
[2026-07-31T05:21:49.948Z] onEndTurn: naturalStop=undefined toolCalls=9 nudgeMsg=no
[2026-07-31T05:21:49.949Z] LiveUpdateForge: EndTurn fallback flush
[2026-07-31T05:21:49.949Z] onEndTurn: naturalStop=false toolCalls=9 nudgeMsg=no
[2026-07-31T05:21:49.965Z] LiveUpdateForge: AfterToolExec flush
[2026-07-31T05:21:49.996Z] InitialReadForge.onBeforeSend: SKIP (fr=true syn=false hasRead=true)
[2026-07-31T05:21:56.866Z] LiveUpdateForge: EndTurn fallback flush
[2026-07-31T05:21:56.867Z] onEndTurn: naturalStop=undefined toolCalls=10 nudgeMsg=no
[2026-07-31T05:21:56.867Z] LiveUpdateForge: EndTurn fallback flush
[2026-07-31T05:21:56.868Z] onEndTurn: naturalStop=false toolCalls=10 nudgeMsg=no
[2026-07-31T05:21:56.929Z] LiveUpdateForge: AfterToolExec flush
[2026-07-31T05:21:56.936Z] LiveUpdateForge: AfterToolExec flush
[2026-07-31T05:21:56.966Z] InitialReadForge.onBeforeSend: SKIP (fr=true syn=false hasRead=true)
[2026-07-31T05:22:06.630Z] LiveUpdateForge: EndTurn fallback flush
[2026-07-31T05:22:06.631Z] onEndTurn: naturalStop=undefined toolCalls=12 nudgeMsg=no
[2026-07-31T05:22:06.631Z] LiveUpdateForge: EndTurn fallback flush
[2026-07-31T05:22:06.632Z] onEndTurn: naturalStop=false toolCalls=12 nudgeMsg=no
[2026-07-31T05:22:06.641Z] LiveUpdateForge: AfterToolExec flush
[2026-07-31T05:22:06.641Z] LiveUpdateForge: AfterToolExec flush
[2026-07-31T05:22:06.675Z] InitialReadForge.onBeforeSend: SKIP (fr=true syn=false hasRead=true)
[2026-07-31T05:22:19.548Z] LiveUpdateForge: EndTurn fallback flush
[2026-07-31T05:22:19.548Z] onEndTurn: naturalStop=undefined toolCalls=14 nudgeMsg=no
[2026-07-31T05:22:19.549Z] LiveUpdateForge: EndTurn fallback flush
[2026-07-31T05:22:19.549Z] onEndTurn: naturalStop=false toolCalls=14 nudgeMsg=no
[2026-07-31T05:22:19.568Z] LiveUpdateForge: AfterToolExec flush
[2026-07-31T05:22:19.571Z] LiveUpdateForge: AfterToolExec flush
[2026-07-31T05:22:19.612Z] LiveUpdateForge: AfterToolExec flush
[2026-07-31T05:22:19.648Z] InitialReadForge.onBeforeSend: SKIP (fr=true syn=false hasRead=true)
[2026-07-31T05:22:27.051Z] LiveUpdateForge: AfterToolExec flush
[2026-07-31T05:22:27.081Z] InitialReadForge.onBeforeSend: SKIP (fr=true syn=false hasRead=true)
[2026-07-31T05:22:29.270Z] LiveUpdateForge: EndTurn fallback flush
[2026-07-31T05:22:29.271Z] onEndTurn: naturalStop=undefined toolCalls=22 nudgeMsg=no
[2026-07-31T05:22:29.271Z] LiveUpdateForge: EndTurn fallback flush
[2026-07-31T05:22:29.271Z] onEndTurn: naturalStop=false toolCalls=22 nudgeMsg=no
[2026-07-31T05:22:29.990Z] LiveUpdateForge: AfterToolExec flush
[2026-07-31T05:22:30.016Z] InitialReadForge.onBeforeSend: SKIP (fr=true syn=false hasRead=true)
[2026-07-31T05:22:32.108Z] LiveUpdateForge: EndTurn fallback flush
[2026-07-31T05:22:32.109Z] onEndTurn: naturalStop=undefined toolCalls=23 nudgeMsg=no
[2026-07-31T05:22:32.109Z] LiveUpdateForge: EndTurn fallback flush
[2026-07-31T05:22:32.109Z] onEndTurn: naturalStop=false toolCalls=23 nudgeMsg=no
[2026-07-31T05:22:32.166Z] LiveUpdateForge: AfterToolExec flush
[2026-07-31T05:22:32.196Z] InitialReadForge.onBeforeSend: SKIP (fr=true syn=false hasRead=true)
[2026-07-31T05:22:33.936Z] LiveUpdateForge: EndTurn fallback flush
[2026-07-31T05:22:33.936Z] onEndTurn: naturalStop=undefined toolCalls=24 nudgeMsg=no
[2026-07-31T05:22:33.937Z] LiveUpdateForge: EndTurn fallback flush
[2026-07-31T05:22:33.937Z] onEndTurn: naturalStop=false toolCalls=24 nudgeMsg=no
[2026-07-31T05:22:37.926Z] LiveUpdateForge: EndTurn fallback flush
[2026-07-31T05:22:37.926Z] onEndTurn: naturalStop=undefined toolCalls=17 nudgeMsg=no
[2026-07-31T05:22:37.927Z] LiveUpdateForge: EndTurn fallback flush
[2026-07-31T05:22:37.927Z] onEndTurn: naturalStop=false toolCalls=17 nudgeMsg=no
[2026-07-31T05:22:38.195Z] LiveUpdateForge: AfterToolExec flush
[2026-07-31T05:22:38.233Z] InitialReadForge.onBeforeSend: SKIP (fr=true syn=false hasRead=true)
[2026-07-31T05:22:40.386Z] LiveUpdateForge: EndTurn fallback flush
[2026-07-31T05:22:40.386Z] onEndTurn: naturalStop=undefined toolCalls=18 nudgeMsg=no
[2026-07-31T05:22:40.387Z] LiveUpdateForge: EndTurn fallback flush
[2026-07-31T05:22:40.387Z] onEndTurn: naturalStop=false toolCalls=18 nudgeMsg=no
[2026-07-31T05:23:20.526Z] LiveUpdateForge: AfterToolExec flush
[2026-07-31T05:23:20.556Z] InitialReadForge.onBeforeSend: SKIP (fr=true syn=false hasRead=true)
[2026-07-31T05:23:22.812Z] LiveUpdateForge: AfterToolExec flush
[2026-07-31T05:23:22.864Z] InitialReadForge.onBeforeSend: SKIP (fr=true syn=false hasRead=true)
[2026-07-31T05:23:23.751Z] LiveUpdateForge: EndTurn fallback flush
[2026-07-31T05:23:23.752Z] onEndTurn: naturalStop=undefined toolCalls=25 nudgeMsg=no
[2026-07-31T05:23:23.752Z] LiveUpdateForge: EndTurn fallback flush
[2026-07-31T05:23:23.752Z] onEndTurn: naturalStop=false toolCalls=25 nudgeMsg=no
[2026-07-31T05:23:24.271Z] LiveUpdateForge: AfterToolExec flush
[2026-07-31T05:23:24.301Z] InitialReadForge.onBeforeSend: SKIP (fr=true syn=false hasRead=true)
[2026-07-31T05:23:25.699Z] LiveUpdateForge: EndTurn fallback flush
[2026-07-31T05:23:25.700Z] onEndTurn: naturalStop=undefined toolCalls=26 nudgeMsg=no
[2026-07-31T05:23:25.701Z] LiveUpdateForge: EndTurn fallback flush
[2026-07-31T05:23:25.701Z] onEndTurn: naturalStop=false toolCalls=26 nudgeMsg=no
[2026-07-31T05:23:25.758Z] LiveUpdateForge: AfterToolExec flush
[2026-07-31T05:23:25.792Z] InitialReadForge.onBeforeSend: SKIP (fr=true syn=false hasRead=true)
[2026-07-31T05:23:26.746Z] LiveUpdateForge: EndTurn fallback flush
[2026-07-31T05:23:26.746Z] onEndTurn: naturalStop=undefined toolCalls=19 nudgeMsg=no
[2026-07-31T05:23:26.746Z] LiveUpdateForge: EndTurn fallback flush
[2026-07-31T05:23:26.747Z] onEndTurn: naturalStop=false toolCalls=19 nudgeMsg=no
[2026-07-31T05:23:27.301Z] LiveUpdateForge: EndTurn fallback flush
[2026-07-31T05:23:27.301Z] onEndTurn: naturalStop=undefined toolCalls=27 nudgeMsg=no
[2026-07-31T05:23:27.302Z] LiveUpdateForge: EndTurn fallback flush
[2026-07-31T05:23:27.302Z] onEndTurn: naturalStop=false toolCalls=27 nudgeMsg=no
[2026-07-31T05:23:30.740Z] LiveUpdateForge: AfterToolExec flush
[2026-07-31T05:23:30.777Z] InitialReadForge.onBeforeSend: SKIP (fr=true syn=false hasRead=true)
[2026-07-31T05:23:45.438Z] LiveUpdateForge: EndTurn fallback flush
[2026-07-31T05:23:45.438Z] onEndTurn: naturalStop=undefined toolCalls=20 nudgeMsg=no
[2026-07-31T05:23:45.439Z] LiveUpdateForge: EndTurn fallback flush
[2026-07-31T05:23:45.439Z] onEndTurn: naturalStop=false toolCalls=20 nudgeMsg=no
[2026-07-31T05:23:45.480Z] LiveUpdateForge: AfterToolExec flush
[2026-07-31T05:23:45.518Z] InitialReadForge.onBeforeSend: SKIP (fr=true syn=false hasRead=true)
[2026-07-31T05:23:47.264Z] LiveUpdateForge: EndTurn fallback flush
[2026-07-31T05:23:47.264Z] onEndTurn: naturalStop=undefined toolCalls=21 nudgeMsg=no
[2026-07-31T05:23:47.265Z] LiveUpdateForge: EndTurn fallback flush
[2026-07-31T05:23:47.265Z] onEndTurn: naturalStop=false toolCalls=21 nudgeMsg=no
[2026-07-31T05:23:52.040Z] LiveUpdateForge: AfterToolExec flush
[2026-07-31T05:23:52.076Z] InitialReadForge.onBeforeSend: SKIP (fr=true syn=false hasRead=true)
[2026-07-31T05:23:53.292Z] LiveUpdateForge: AfterToolExec flush
[2026-07-31T05:23:53.343Z] InitialReadForge.onBeforeSend: SKIP (fr=true syn=false hasRead=true)
[2026-07-31T05:23:54.749Z] LiveUpdateForge: EndTurn fallback flush
[2026-07-31T05:23:54.749Z] onEndTurn: naturalStop=undefined toolCalls=22 nudgeMsg=no
[2026-07-31T05:23:54.750Z] LiveUpdateForge: EndTurn fallback flush
[2026-07-31T05:23:54.750Z] onEndTurn: naturalStop=false toolCalls=22 nudgeMsg=no
[2026-07-31T05:23:54.758Z] LiveUpdateForge: AfterToolExec flush
[2026-07-31T05:23:54.827Z] InitialReadForge.onBeforeSend: SKIP (fr=true syn=false hasRead=true)
[2026-07-31T05:23:56.722Z] LiveUpdateForge: EndTurn fallback flush
[2026-07-31T05:23:56.722Z] onEndTurn: naturalStop=undefined toolCalls=28 nudgeMsg=no
[2026-07-31T05:23:56.723Z] LiveUpdateForge: EndTurn fallback flush
[2026-07-31T05:23:56.723Z] onEndTurn: naturalStop=false toolCalls=28 nudgeMsg=no
[2026-07-31T05:24:08.290Z] LiveUpdateForge: EndTurn fallback flush
[2026-07-31T05:24:08.291Z] onEndTurn: naturalStop=undefined toolCalls=23 nudgeMsg=no
[2026-07-31T05:24:08.292Z] LiveUpdateForge: EndTurn fallback flush
[2026-07-31T05:24:08.292Z] onEndTurn: naturalStop=false toolCalls=23 nudgeMsg=no
[2026-07-31T05:24:08.381Z] LiveUpdateForge: AfterToolExec flush
[2026-07-31T05:24:08.424Z] InitialReadForge.onBeforeSend: SKIP (fr=true syn=false hasRead=true)
[2026-07-31T05:24:12.180Z] LiveUpdateForge: EndTurn fallback flush
[2026-07-31T05:24:12.181Z] onEndTurn: naturalStop=undefined toolCalls=24 nudgeMsg=no
[2026-07-31T05:24:12.181Z] LiveUpdateForge: EndTurn fallback flush
[2026-07-31T05:24:12.181Z] onEndTurn: naturalStop=false toolCalls=24 nudgeMsg=no
[2026-07-31T05:24:12.227Z] LiveUpdateForge: AfterToolExec flush
[2026-07-31T05:24:12.279Z] InitialReadForge.onBeforeSend: SKIP (fr=true syn=false hasRead=true)
[2026-07-31T05:24:16.936Z] LiveUpdateForge: EndTurn fallback flush
[2026-07-31T05:24:16.938Z] onEndTurn: naturalStop=undefined toolCalls=25 nudgeMsg=no
[2026-07-31T05:24:16.938Z] LiveUpdateForge: EndTurn fallback flush
[2026-07-31T05:24:16.939Z] onEndTurn: naturalStop=false toolCalls=25 nudgeMsg=no
[2026-07-31T05:24:16.973Z] LiveUpdateForge: AfterToolExec flush
[2026-07-31T05:24:17.014Z] InitialReadForge.onBeforeSend: SKIP (fr=true syn=false hasRead=true)
[2026-07-31T05:24:21.178Z] LiveUpdateForge: AfterToolExec flush
[2026-07-31T05:24:21.215Z] InitialReadForge.onBeforeSend: SKIP (fr=true syn=false hasRead=true)
[2026-07-31T05:24:23.619Z] LiveUpdateForge: EndTurn fallback flush
[2026-07-31T05:24:23.620Z] onEndTurn: naturalStop=undefined toolCalls=26 nudgeMsg=no
[2026-07-31T05:24:23.620Z] LiveUpdateForge: EndTurn fallback flush
[2026-07-31T05:24:23.621Z] onEndTurn: naturalStop=false toolCalls=26 nudgeMsg=no
[2026-07-31T05:24:23.667Z] LiveUpdateForge: AfterToolExec flush
[2026-07-31T05:24:23.721Z] InitialReadForge.onBeforeSend: SKIP (fr=true syn=false hasRead=true)
[2026-07-31T05:24:26.111Z] LiveUpdateForge: EndTurn fallback flush
[2026-07-31T05:24:26.112Z] onEndTurn: naturalStop=undefined toolCalls=27 nudgeMsg=no
[2026-07-31T05:24:26.113Z] LiveUpdateForge: EndTurn fallback flush
[2026-07-31T05:24:26.113Z] onEndTurn: naturalStop=false toolCalls=27 nudgeMsg=no
[2026-07-31T05:24:26.124Z] LiveUpdateForge: AfterToolExec flush
[2026-07-31T05:24:26.176Z] InitialReadForge.onBeforeSend: SKIP (fr=true syn=false hasRead=true)
[2026-07-31T05:24:27.786Z] LiveUpdateForge: EndTurn fallback flush
[2026-07-31T05:24:27.787Z] onEndTurn: naturalStop=undefined toolCalls=29 nudgeMsg=no
[2026-07-31T05:24:27.787Z] LiveUpdateForge: EndTurn fallback flush
[2026-07-31T05:24:27.788Z] onEndTurn: naturalStop=false toolCalls=29 nudgeMsg=no
[2026-07-31T05:24:28.997Z] LiveUpdateForge: EndTurn fallback flush
[2026-07-31T05:24:28.998Z] onEndTurn: naturalStop=undefined toolCalls=28 nudgeMsg=no
[2026-07-31T05:24:28.998Z] LiveUpdateForge: EndTurn fallback flush
[2026-07-31T05:24:28.998Z] onEndTurn: naturalStop=false toolCalls=28 nudgeMsg=no
[2026-07-31T05:24:41.616Z] LiveUpdateForge: AfterToolExec flush
[2026-07-31T05:24:41.659Z] InitialReadForge.onBeforeSend: SKIP (fr=true syn=false hasRead=true)
[2026-07-31T05:24:43.591Z] LiveUpdateForge: EndTurn fallback flush
[2026-07-31T05:24:43.592Z] onEndTurn: naturalStop=undefined toolCalls=29 nudgeMsg=no
[2026-07-31T05:24:43.592Z] LiveUpdateForge: EndTurn fallback flush
[2026-07-31T05:24:43.593Z] onEndTurn: naturalStop=false toolCalls=29 nudgeMsg=no
[2026-07-31T05:24:43.643Z] LiveUpdateForge: AfterToolExec flush
[2026-07-31T05:24:43.700Z] InitialReadForge.onBeforeSend: SKIP (fr=true syn=false hasRead=true)
[2026-07-31T05:24:59.032Z] LiveUpdateForge: EndTurn fallback flush
[2026-07-31T05:24:59.032Z] onEndTurn: naturalStop=undefined toolCalls=30 nudgeMsg=no
[2026-07-31T05:24:59.033Z] LiveUpdateForge: EndTurn fallback flush
[2026-07-31T05:24:59.033Z] onEndTurn: naturalStop=false toolCalls=30 nudgeMsg=no
[2026-07-31T05:24:59.072Z] LiveUpdateForge: AfterToolExec flush
[2026-07-31T05:24:59.116Z] InitialReadForge.onBeforeSend: SKIP (fr=true syn=false hasRead=true)
[2026-07-31T05:25:01.160Z] LiveUpdateForge: EndTurn fallback flush
[2026-07-31T05:25:01.160Z] onEndTurn: naturalStop=undefined toolCalls=31 nudgeMsg=no
[2026-07-31T05:25:01.161Z] LiveUpdateForge: EndTurn fallback flush
[2026-07-31T05:25:01.161Z] onEndTurn: naturalStop=false toolCalls=31 nudgeMsg=no
[2026-07-31T05:25:01.174Z] LiveUpdateForge: AfterToolExec flush
[2026-07-31T05:25:01.219Z] InitialReadForge.onBeforeSend: SKIP (fr=true syn=false hasRead=true)
[2026-07-31T05:25:02.973Z] LiveUpdateForge: EndTurn fallback flush
[2026-07-31T05:25:02.974Z] onEndTurn: naturalStop=undefined toolCalls=32 nudgeMsg=no
[2026-07-31T05:25:02.974Z] LiveUpdateForge: EndTurn fallback flush
[2026-07-31T05:25:02.975Z] onEndTurn: naturalStop=false toolCalls=32 nudgeMsg=no
[2026-07-31T05:25:06.075Z] LiveUpdateForge: AfterToolExec flush
[2026-07-31T05:25:06.117Z] InitialReadForge.onBeforeSend: SKIP (fr=true syn=false hasRead=true)
[2026-07-31T05:25:08.233Z] LiveUpdateForge: EndTurn fallback flush
[2026-07-31T05:25:08.233Z] onEndTurn: naturalStop=undefined toolCalls=33 nudgeMsg=no
[2026-07-31T05:25:08.234Z] LiveUpdateForge: EndTurn fallback flush
[2026-07-31T05:25:08.234Z] onEndTurn: naturalStop=false toolCalls=33 nudgeMsg=no
[2026-07-31T05:25:08.259Z] LiveUpdateForge: AfterToolExec flush
[2026-07-31T05:25:08.565Z] LiveUpdateForge: AfterToolExec flush
[2026-07-31T05:25:08.638Z] InitialReadForge.onBeforeSend: SKIP (fr=true syn=false hasRead=true)
[2026-07-31T05:25:11.257Z] LiveUpdateForge: EndTurn fallback flush
[2026-07-31T05:25:11.257Z] onEndTurn: naturalStop=undefined toolCalls=35 nudgeMsg=no
[2026-07-31T05:25:11.258Z] LiveUpdateForge: EndTurn fallback flush
[2026-07-31T05:25:11.258Z] onEndTurn: naturalStop=false toolCalls=35 nudgeMsg=no
[2026-07-31T05:25:44.496Z] LiveUpdateForge: AfterToolExec flush
[2026-07-31T05:25:44.546Z] InitialReadForge.onBeforeSend: SKIP (fr=true syn=false hasRead=true)
[2026-07-31T05:25:51.548Z] LiveUpdateForge: EndTurn fallback flush
[2026-07-31T05:25:51.549Z] onEndTurn: naturalStop=undefined toolCalls=30 nudgeMsg=no
[2026-07-31T05:25:51.550Z] LiveUpdateForge: EndTurn fallback flush
[2026-07-31T05:25:51.550Z] onEndTurn: naturalStop=false toolCalls=30 nudgeMsg=no
[2026-07-31T05:25:51.613Z] LiveUpdateForge: AfterToolExec flush
[2026-07-31T05:25:51.614Z] LiveUpdateForge: AfterToolExec flush
[2026-07-31T05:25:51.614Z] LiveUpdateForge: AfterToolExec flush
[2026-07-31T05:25:51.615Z] LiveUpdateForge: AfterToolExec flush
[2026-07-31T05:25:51.650Z] InitialReadForge.onBeforeSend: SKIP (fr=true syn=false hasRead=true)
[2026-07-31T05:25:54.673Z] LiveUpdateForge: EndTurn fallback flush
[2026-07-31T05:25:54.673Z] onEndTurn: naturalStop=undefined toolCalls=34 nudgeMsg=no
[2026-07-31T05:25:54.674Z] LiveUpdateForge: EndTurn fallback flush
[2026-07-31T05:25:54.674Z] onEndTurn: naturalStop=false toolCalls=34 nudgeMsg=no
[2026-07-31T05:25:54.679Z] LiveUpdateForge: AfterToolExec flush
[2026-07-31T05:25:54.710Z] InitialReadForge.onBeforeSend: SKIP (fr=true syn=false hasRead=true)
[2026-07-31T05:25:58.364Z] LiveUpdateForge: EndTurn fallback flush
[2026-07-31T05:25:58.364Z] onEndTurn: naturalStop=undefined toolCalls=35 nudgeMsg=no
[2026-07-31T05:25:58.365Z] LiveUpdateForge: EndTurn fallback flush
[2026-07-31T05:25:58.365Z] onEndTurn: naturalStop=false toolCalls=35 nudgeMsg=no
[2026-07-31T05:25:58.383Z] LiveUpdateForge: AfterToolExec flush
[2026-07-31T05:25:58.418Z] InitialReadForge.onBeforeSend: SKIP (fr=true syn=false hasRead=true)
[2026-07-31T05:26:00.022Z] LiveUpdateForge: EndTurn fallback flush
[2026-07-31T05:26:00.022Z] onEndTurn: naturalStop=undefined toolCalls=36 nudgeMsg=no
[2026-07-31T05:26:00.022Z] LiveUpdateForge: EndTurn fallback flush
[2026-07-31T05:26:00.023Z] onEndTurn: naturalStop=false toolCalls=36 nudgeMsg=no
[2026-07-31T05:26:00.079Z] LiveUpdateForge: AfterToolExec flush
[2026-07-31T05:26:00.113Z] InitialReadForge.onBeforeSend: SKIP (fr=true syn=false hasRead=true)
[2026-07-31T05:26:01.423Z] LiveUpdateForge: EndTurn fallback flush
[2026-07-31T05:26:01.424Z] onEndTurn: naturalStop=undefined toolCalls=37 nudgeMsg=no
[2026-07-31T05:26:01.424Z] LiveUpdateForge: EndTurn fallback flush
[2026-07-31T05:26:01.424Z] onEndTurn: naturalStop=false toolCalls=37 nudgeMsg=no
[2026-07-31T05:26:02.244Z] LiveUpdateForge: AfterToolExec flush
[2026-07-31T05:26:02.274Z] InitialReadForge.onBeforeSend: SKIP (fr=true syn=false hasRead=true)
[2026-07-31T05:26:03.997Z] LiveUpdateForge: EndTurn fallback flush
[2026-07-31T05:26:03.997Z] onEndTurn: naturalStop=undefined toolCalls=38 nudgeMsg=no
[2026-07-31T05:26:03.998Z] LiveUpdateForge: EndTurn fallback flush
[2026-07-31T05:26:03.998Z] onEndTurn: naturalStop=false toolCalls=38 nudgeMsg=no
[2026-07-31T05:26:04.040Z] LiveUpdateForge: AfterToolExec flush
[2026-07-31T05:26:04.077Z] InitialReadForge.onBeforeSend: SKIP (fr=true syn=false hasRead=true)
[2026-07-31T05:26:07.956Z] LiveUpdateForge: EndTurn fallback flush
[2026-07-31T05:26:07.956Z] onEndTurn: naturalStop=undefined toolCalls=39 nudgeMsg=no
[2026-07-31T05:26:07.956Z] LiveUpdateForge: EndTurn fallback flush
[2026-07-31T05:26:07.957Z] onEndTurn: naturalStop=false toolCalls=39 nudgeMsg=no
[2026-07-31T05:26:14.249Z] LiveUpdateForge: AfterToolExec flush
[2026-07-31T05:26:14.279Z] InitialReadForge.onBeforeSend: SKIP (fr=true syn=false hasRead=true)
[2026-07-31T05:26:27.280Z] LiveUpdateForge: AfterToolExec flush
[2026-07-31T05:26:27.321Z] InitialReadForge.onBeforeSend: SKIP (fr=true syn=false hasRead=true)
[2026-07-31T05:26:34.213Z] LiveUpdateForge: EndTurn fallback flush
[2026-07-31T05:26:34.214Z] onEndTurn: naturalStop=undefined toolCalls=36 nudgeMsg=no
[2026-07-31T05:26:34.214Z] LiveUpdateForge: EndTurn fallback flush
[2026-07-31T05:26:34.214Z] onEndTurn: naturalStop=false toolCalls=36 nudgeMsg=no
[2026-07-31T05:26:34.250Z] LiveUpdateForge: AfterToolExec flush
[2026-07-31T05:26:34.293Z] InitialReadForge.onBeforeSend: SKIP (fr=true syn=false hasRead=true)
[2026-07-31T05:26:37.929Z] LiveUpdateForge: EndTurn fallback flush
[2026-07-31T05:26:37.930Z] onEndTurn: naturalStop=undefined toolCalls=37 nudgeMsg=no
[2026-07-31T05:26:37.931Z] LiveUpdateForge: EndTurn fallback flush
[2026-07-31T05:26:37.931Z] onEndTurn: naturalStop=false toolCalls=37 nudgeMsg=no
[2026-07-31T05:26:37.988Z] InitialReadForge.onBeforeSend: SKIP (fr=true syn=false hasRead=true)
[2026-07-31T05:26:40.638Z] LiveUpdateForge: EndTurn fallback flush
[2026-07-31T05:26:40.638Z] onEndTurn: naturalStop=undefined toolCalls=37 nudgeMsg=no
[2026-07-31T05:26:40.638Z] LiveUpdateForge: EndTurn fallback flush
[2026-07-31T05:26:40.639Z] onEndTurn: naturalStop=false toolCalls=37 nudgeMsg=no
[2026-07-31T05:26:40.672Z] LiveUpdateForge: AfterToolExec flush
[2026-07-31T05:26:40.710Z] InitialReadForge.onBeforeSend: SKIP (fr=true syn=false hasRead=true)
[2026-07-31T05:26:48.503Z] LiveUpdateForge: EndTurn fallback flush
[2026-07-31T05:26:48.503Z] onEndTurn: naturalStop=undefined toolCalls=38 nudgeMsg=no
[2026-07-31T05:26:48.504Z] LiveUpdateForge: EndTurn fallback flush
[2026-07-31T05:26:48.504Z] onEndTurn: naturalStop=true toolCalls=38 nudgeMsg=no
[2026-07-31T05:27:04.004Z] LiveUpdateForge: EndTurn fallback flush
[2026-07-31T05:27:04.005Z] onEndTurn: naturalStop=undefined toolCalls=40 nudgeMsg=no
[2026-07-31T05:27:04.005Z] LiveUpdateForge: EndTurn fallback flush
[2026-07-31T05:27:04.005Z] onEndTurn: naturalStop=false toolCalls=40 nudgeMsg=no
[2026-07-31T05:27:04.013Z] LiveUpdateForge: AfterToolExec flush
[2026-07-31T05:27:04.014Z] LiveUpdateForge: AfterToolExec flush
[2026-07-31T05:27:04.060Z] InitialReadForge.onBeforeSend: SKIP (fr=true syn=false hasRead=true)
[2026-07-31T05:27:32.009Z] MemoryForge: attached 5 listener(s)
[2026-07-31T05:27:32.010Z] InitialReadForge: armed one-shot BeforeSend after NewSessionStart
[2026-07-31T05:27:32.010Z] LiveUpdateForge: session reset, allowLiveUpdate = false
[2026-07-31T05:27:33.060Z] MemoryForge: attached 5 listener(s)
[2026-07-31T05:27:33.060Z] InitialReadForge: armed one-shot BeforeSend after NewSessionStart
[2026-07-31T05:27:33.060Z] LiveUpdateForge: session reset, allowLiveUpdate = false
[2026-07-31T05:27:35.098Z] MemoryForge: attached 5 listener(s)
[2026-07-31T05:27:35.099Z] InitialReadForge: armed one-shot BeforeSend after NewSessionStart
[2026-07-31T05:27:35.099Z] LiveUpdateForge: session reset, allowLiveUpdate = false
[2026-07-31T05:29:06.194Z] LiveUpdateForge: EndTurn fallback flush
[2026-07-31T05:29:06.194Z] onEndTurn: naturalStop=undefined toolCalls=42 nudgeMsg=no
[2026-07-31T05:29:06.195Z] LiveUpdateForge: EndTurn fallback flush
[2026-07-31T05:29:06.195Z] onEndTurn: naturalStop=false toolCalls=42 nudgeMsg=no
[2026-07-31T05:29:06.218Z] LiveUpdateForge: AfterToolExec flush
[2026-07-31T05:29:06.219Z] LiveUpdateForge: AfterToolExec flush
[2026-07-31T05:29:06.277Z] InitialReadForge.onBeforeSend: SKIP (fr=true syn=false hasRead=true)
[2026-07-31T05:29:53.083Z] LiveUpdateForge: EndTurn fallback flush
[2026-07-31T05:29:53.083Z] onEndTurn: naturalStop=undefined toolCalls=44 nudgeMsg=no
[2026-07-31T05:29:53.084Z] LiveUpdateForge: EndTurn fallback flush
[2026-07-31T05:29:53.084Z] onEndTurn: naturalStop=false toolCalls=44 nudgeMsg=no
[2026-07-31T05:29:53.160Z] InitialReadForge.onBeforeSend: SKIP (fr=true syn=false hasRead=true)
[2026-07-31T05:30:19.171Z] LiveUpdateForge: EndTurn fallback flush
[2026-07-31T05:30:19.171Z] onEndTurn: naturalStop=undefined toolCalls=44 nudgeMsg=no
[2026-07-31T05:30:19.172Z] LiveUpdateForge: EndTurn fallback flush
[2026-07-31T05:30:19.172Z] onEndTurn: naturalStop=true toolCalls=44 nudgeMsg=no
[2026-07-31T05:30:19.201Z] InitialReadForge.onBeforeSend: SKIP (fr=false syn=false hasRead=true)
[2026-07-31T05:32:52.084Z] MemoryForge: attached 5 listener(s)
[2026-07-31T05:32:52.084Z] InitialReadForge: armed one-shot BeforeSend after NewSessionStart
[2026-07-31T05:32:52.085Z] LiveUpdateForge: session reset, allowLiveUpdate = false
[2026-07-31T05:32:52.208Z] LiveUpdateForge: session reset, allowLiveUpdate = false
[2026-07-31T05:32:52.231Z] ResumeDiffForge: running checkResumeConsistency
[2026-07-31T05:32:52.233Z] checkResumeConsistency: forgedTimestamps=[]
[2026-07-31T05:32:52.242Z] checkResumeConsistency: no changes detected
[2026-07-31T05:32:52.243Z] LiveUpdateForge: session reset, allowLiveUpdate = false
[2026-07-31T05:32:52.243Z] NudgeForge: ResumeComplete — restoring count from history
[2026-07-31T05:32:52.245Z] restoreNudgeCountFromHistory: no reset point found, count=39
[2026-07-31T05:32:52.646Z] ResumeDiffForge: running checkResumeConsistency
[2026-07-31T05:32:52.646Z] checkResumeConsistency: forgedTimestamps=[]
[2026-07-31T05:32:52.656Z] checkResumeConsistency: no changes detected
[2026-07-31T05:32:52.657Z] LiveUpdateForge: session reset, allowLiveUpdate = false
[2026-07-31T05:32:52.657Z] NudgeForge: ResumeComplete — restoring count from history
[2026-07-31T05:32:52.658Z] restoreNudgeCountFromHistory: no reset point found, count=39
[2026-07-31T05:32:52.762Z] ResumeDiffForge: running checkResumeConsistency
[2026-07-31T05:32:52.762Z] checkResumeConsistency: forgedTimestamps=[]
[2026-07-31T05:32:52.769Z] checkResumeConsistency: no changes detected
[2026-07-31T05:32:52.770Z] LiveUpdateForge: session reset, allowLiveUpdate = false
[2026-07-31T05:32:52.770Z] NudgeForge: ResumeComplete — restoring count from history
[2026-07-31T05:32:52.771Z] restoreNudgeCountFromHistory: no reset point found, count=39
[2026-07-31T05:32:53.053Z] MemoryForge: attached 5 listener(s)
[2026-07-31T05:32:53.053Z] InitialReadForge: armed one-shot BeforeSend after NewSessionStart
[2026-07-31T05:32:53.054Z] LiveUpdateForge: session reset, allowLiveUpdate = false
[2026-07-31T05:32:53.060Z] MemoryForge: detached all listeners
[2026-07-31T05:32:53.060Z] ResumeDiffForge: running checkResumeConsistency
[2026-07-31T05:32:53.061Z] checkResumeConsistency: forgedTimestamps=[]
[2026-07-31T05:32:53.094Z] checkResumeConsistency: no changes detected
[2026-07-31T05:32:53.094Z] LiveUpdateForge: session reset, allowLiveUpdate = false
[2026-07-31T05:32:53.094Z] NudgeForge: ResumeComplete — restoring count from history
[2026-07-31T05:32:53.095Z] restoreNudgeCountFromHistory: no reset point found, count=39
[2026-07-31T05:32:53.132Z] LiveUpdateForge: allowLiveUpdate = true (first real BeforeSend)
[2026-07-31T05:32:53.132Z] InitialReadForge.onBeforeSend: SKIP (fr=false syn=false hasRead=true)
[2026-07-31T05:33:00.601Z] LiveUpdateForge: EndTurn fallback flush
[2026-07-31T05:33:00.602Z] onEndTurn: naturalStop=undefined toolCalls=39 nudgeMsg=no
[2026-07-31T05:33:00.602Z] LiveUpdateForge: EndTurn fallback flush
[2026-07-31T05:33:00.603Z] onEndTurn: naturalStop=false toolCalls=39 nudgeMsg=no
[2026-07-31T05:33:00.620Z] LiveUpdateForge: AfterToolExec flush
[2026-07-31T05:33:00.647Z] InitialReadForge.onBeforeSend: SKIP (fr=true syn=false hasRead=true)
[2026-07-31T05:33:02.675Z] LiveUpdateForge: EndTurn fallback flush
[2026-07-31T05:33:02.675Z] onEndTurn: naturalStop=undefined toolCalls=40 nudgeMsg=no
[2026-07-31T05:33:02.675Z] LiveUpdateForge: EndTurn fallback flush
[2026-07-31T05:33:02.676Z] onEndTurn: naturalStop=false toolCalls=40 nudgeMsg=no
[2026-07-31T05:33:02.699Z] LiveUpdateForge: AfterToolExec flush
[2026-07-31T05:33:02.725Z] InitialReadForge.onBeforeSend: SKIP (fr=true syn=false hasRead=true)
[2026-07-31T05:33:04.860Z] LiveUpdateForge: EndTurn fallback flush
[2026-07-31T05:33:04.860Z] onEndTurn: naturalStop=undefined toolCalls=41 nudgeMsg=no
[2026-07-31T05:33:04.861Z] LiveUpdateForge: EndTurn fallback flush
[2026-07-31T05:33:04.861Z] onEndTurn: naturalStop=false toolCalls=41 nudgeMsg=no
[2026-07-31T05:33:05.596Z] LiveUpdateForge: AfterToolExec flush
[2026-07-31T05:33:05.619Z] InitialReadForge.onBeforeSend: SKIP (fr=true syn=false hasRead=true)
[2026-07-31T05:33:07.007Z] LiveUpdateForge: EndTurn fallback flush
[2026-07-31T05:33:07.008Z] onEndTurn: naturalStop=undefined toolCalls=42 nudgeMsg=no
[2026-07-31T05:33:07.008Z] LiveUpdateForge: EndTurn fallback flush
[2026-07-31T05:33:07.009Z] onEndTurn: naturalStop=false toolCalls=42 nudgeMsg=no
[2026-07-31T05:33:07.036Z] LiveUpdateForge: AfterToolExec flush
[2026-07-31T05:33:07.058Z] InitialReadForge.onBeforeSend: SKIP (fr=true syn=false hasRead=true)
[2026-07-31T05:33:10.233Z] LiveUpdateForge: EndTurn fallback flush
[2026-07-31T05:33:10.234Z] onEndTurn: naturalStop=undefined toolCalls=43 nudgeMsg=no
[2026-07-31T05:33:10.235Z] LiveUpdateForge: EndTurn fallback flush
[2026-07-31T05:33:10.235Z] onEndTurn: naturalStop=false toolCalls=43 nudgeMsg=no
[2026-07-31T05:33:10.649Z] LiveUpdateForge: AfterToolExec flush
[2026-07-31T05:33:10.675Z] InitialReadForge.onBeforeSend: SKIP (fr=true syn=false hasRead=true)
[2026-07-31T05:33:13.959Z] LiveUpdateForge: EndTurn fallback flush
[2026-07-31T05:33:13.959Z] onEndTurn: naturalStop=undefined toolCalls=44 nudgeMsg=no
[2026-07-31T05:33:13.959Z] LiveUpdateForge: EndTurn fallback flush
[2026-07-31T05:33:13.960Z] onEndTurn: naturalStop=false toolCalls=44 nudgeMsg=no
[2026-07-31T05:33:14.052Z] LiveUpdateForge: AfterToolExec flush
[2026-07-31T05:33:14.067Z] LiveUpdateForge: AfterToolExec flush
[2026-07-31T05:35:14.612Z] LiveUpdateForge: AfterToolExec flush
[2026-07-31T05:35:14.649Z] InitialReadForge.onBeforeSend: SKIP (fr=true syn=false hasRead=true)
[2026-07-31T05:35:17.983Z] LiveUpdateForge: EndTurn fallback flush
[2026-07-31T05:35:17.984Z] onEndTurn: naturalStop=undefined toolCalls=47 nudgeMsg=no
[2026-07-31T05:35:17.984Z] LiveUpdateForge: EndTurn fallback flush
[2026-07-31T05:35:17.985Z] onEndTurn: naturalStop=false toolCalls=47 nudgeMsg=no
[2026-07-31T05:35:18.000Z] LiveUpdateForge: AfterToolExec flush
[2026-07-31T05:35:18.028Z] InitialReadForge.onBeforeSend: SKIP (fr=true syn=false hasRead=true)
[2026-07-31T05:35:21.860Z] LiveUpdateForge: EndTurn fallback flush
[2026-07-31T05:35:21.860Z] onEndTurn: naturalStop=undefined toolCalls=44 nudgeMsg=no
[2026-07-31T05:35:21.861Z] LiveUpdateForge: EndTurn fallback flush
[2026-07-31T05:35:21.861Z] onEndTurn: naturalStop=false toolCalls=44 nudgeMsg=no
[2026-07-31T05:35:21.932Z] InitialReadForge.onBeforeSend: SKIP (fr=false syn=false hasRead=true)
[2026-07-31T05:35:41.905Z] LiveUpdateForge: EndTurn fallback flush
[2026-07-31T05:35:41.906Z] onEndTurn: naturalStop=undefined toolCalls=48 nudgeMsg=no
[2026-07-31T05:35:41.906Z] LiveUpdateForge: EndTurn fallback flush
[2026-07-31T05:35:41.906Z] onEndTurn: naturalStop=false toolCalls=48 nudgeMsg=no
[2026-07-31T05:35:42.226Z] LiveUpdateForge: AfterToolExec flush
[2026-07-31T05:35:42.267Z] InitialReadForge.onBeforeSend: SKIP (fr=true syn=false hasRead=true)
[2026-07-31T05:35:56.839Z] LiveUpdateForge: EndTurn fallback flush
[2026-07-31T05:35:56.840Z] onEndTurn: naturalStop=undefined toolCalls=44 nudgeMsg=no
[2026-07-31T05:35:56.840Z] LiveUpdateForge: EndTurn fallback flush
[2026-07-31T05:35:56.841Z] onEndTurn: naturalStop=false toolCalls=44 nudgeMsg=no
[2026-07-31T05:35:56.971Z] LiveUpdateForge: AfterToolExec flush
[2026-07-31T05:35:57.036Z] InitialReadForge.onBeforeSend: SKIP (fr=true syn=false hasRead=true)
[2026-07-31T05:35:58.863Z] LiveUpdateForge: EndTurn fallback flush
[2026-07-31T05:35:58.863Z] onEndTurn: naturalStop=undefined toolCalls=45 nudgeMsg=no
[2026-07-31T05:35:58.863Z] LiveUpdateForge: EndTurn fallback flush
[2026-07-31T05:35:58.864Z] onEndTurn: naturalStop=false toolCalls=45 nudgeMsg=no
[2026-07-31T05:35:59.143Z] LiveUpdateForge: EndTurn fallback flush
[2026-07-31T05:35:59.143Z] onEndTurn: naturalStop=undefined toolCalls=49 nudgeMsg=no
[2026-07-31T05:35:59.143Z] LiveUpdateForge: EndTurn fallback flush
[2026-07-31T05:35:59.144Z] onEndTurn: naturalStop=false toolCalls=49 nudgeMsg=no
[2026-07-31T05:36:02.165Z] LiveUpdateForge: AfterToolExec flush
[2026-07-31T05:36:02.216Z] InitialReadForge.onBeforeSend: SKIP (fr=true syn=false hasRead=true)
[2026-07-31T05:36:04.521Z] LiveUpdateForge: EndTurn fallback flush
[2026-07-31T05:36:04.522Z] onEndTurn: naturalStop=undefined toolCalls=50 nudgeMsg=no
[2026-07-31T05:36:04.522Z] LiveUpdateForge: EndTurn fallback flush
[2026-07-31T05:36:04.522Z] onEndTurn: naturalStop=false toolCalls=50 nudgeMsg=no
[2026-07-31T05:36:04.682Z] LiveUpdateForge: AfterToolExec flush
[2026-07-31T05:36:04.721Z] InitialReadForge.onBeforeSend: SKIP (fr=true syn=false hasRead=true)
[2026-07-31T05:36:08.305Z] LiveUpdateForge: EndTurn fallback flush
[2026-07-31T05:36:08.306Z] onEndTurn: naturalStop=undefined toolCalls=51 nudgeMsg=no
[2026-07-31T05:36:08.306Z] LiveUpdateForge: EndTurn fallback flush
[2026-07-31T05:36:08.306Z] onEndTurn: naturalStop=false toolCalls=51 nudgeMsg=no
[2026-07-31T05:36:29.382Z] LiveUpdateForge: AfterToolExec flush
[2026-07-31T05:36:29.457Z] InitialReadForge.onBeforeSend: SKIP (fr=true syn=false hasRead=true)
[2026-07-31T05:36:31.375Z] LiveUpdateForge: EndTurn fallback flush
[2026-07-31T05:36:31.376Z] onEndTurn: naturalStop=undefined toolCalls=46 nudgeMsg=no
[2026-07-31T05:36:31.376Z] LiveUpdateForge: EndTurn fallback flush
[2026-07-31T05:36:31.376Z] onEndTurn: naturalStop=false toolCalls=46 nudgeMsg=no
[2026-07-31T05:36:32.003Z] LiveUpdateForge: AfterToolExec flush
[2026-07-31T05:36:32.095Z] InitialReadForge.onBeforeSend: SKIP (fr=true syn=false hasRead=true)
[2026-07-31T05:36:34.038Z] LiveUpdateForge: EndTurn fallback flush
[2026-07-31T05:36:34.039Z] onEndTurn: naturalStop=undefined toolCalls=47 nudgeMsg=no
[2026-07-31T05:36:34.040Z] LiveUpdateForge: EndTurn fallback flush
[2026-07-31T05:36:34.040Z] onEndTurn: naturalStop=false toolCalls=47 nudgeMsg=no
[2026-07-31T05:36:34.077Z] LiveUpdateForge: AfterToolExec flush
[2026-07-31T05:36:34.163Z] InitialReadForge.onBeforeSend: SKIP (fr=true syn=false hasRead=true)
[2026-07-31T05:36:36.665Z] LiveUpdateForge: EndTurn fallback flush
[2026-07-31T05:36:36.666Z] onEndTurn: naturalStop=undefined toolCalls=48 nudgeMsg=no
[2026-07-31T05:36:36.666Z] LiveUpdateForge: EndTurn fallback flush
[2026-07-31T05:36:36.666Z] onEndTurn: naturalStop=false toolCalls=48 nudgeMsg=no
[2026-07-31T05:36:36.674Z] LiveUpdateForge: AfterToolExec flush
[2026-07-31T05:36:36.675Z] LiveUpdateForge: AfterToolExec flush
[2026-07-31T05:36:36.744Z] InitialReadForge.onBeforeSend: SKIP (fr=true syn=false hasRead=true)
[2026-07-31T05:36:39.890Z] LiveUpdateForge: AfterToolExec flush
[2026-07-31T05:36:39.928Z] InitialReadForge.onBeforeSend: SKIP (fr=true syn=false hasRead=true)
[2026-07-31T05:36:40.315Z] LiveUpdateForge: EndTurn fallback flush
[2026-07-31T05:36:40.316Z] onEndTurn: naturalStop=undefined toolCalls=50 nudgeMsg=no
[2026-07-31T05:36:40.316Z] LiveUpdateForge: EndTurn fallback flush
[2026-07-31T05:36:40.316Z] onEndTurn: naturalStop=false toolCalls=50 nudgeMsg=no
[2026-07-31T05:36:43.974Z] LiveUpdateForge: AfterToolExec flush
[2026-07-31T05:36:44.053Z] InitialReadForge.onBeforeSend: SKIP (fr=true syn=false hasRead=true)
[2026-07-31T05:36:46.931Z] LiveUpdateForge: EndTurn fallback flush
[2026-07-31T05:36:46.932Z] onEndTurn: naturalStop=undefined toolCalls=51 nudgeMsg=no
[2026-07-31T05:36:46.932Z] LiveUpdateForge: EndTurn fallback flush
[2026-07-31T05:36:46.932Z] onEndTurn: naturalStop=false toolCalls=51 nudgeMsg=no
[2026-07-31T05:36:47.579Z] LiveUpdateForge: AfterToolExec flush
[2026-07-31T05:36:47.654Z] InitialReadForge.onBeforeSend: SKIP (fr=true syn=false hasRead=true)
[2026-07-31T05:36:49.092Z] LiveUpdateForge: EndTurn fallback flush
[2026-07-31T05:36:49.092Z] onEndTurn: naturalStop=undefined toolCalls=52 nudgeMsg=no
[2026-07-31T05:36:49.092Z] LiveUpdateForge: EndTurn fallback flush
[2026-07-31T05:36:49.093Z] onEndTurn: naturalStop=false toolCalls=52 nudgeMsg=no
[2026-07-31T05:36:49.997Z] LiveUpdateForge: AfterToolExec flush
[2026-07-31T05:36:50.031Z] InitialReadForge.onBeforeSend: SKIP (fr=true syn=false hasRead=true)
[2026-07-31T05:36:51.938Z] LiveUpdateForge: EndTurn fallback flush
[2026-07-31T05:36:51.939Z] onEndTurn: naturalStop=undefined toolCalls=52 nudgeMsg=no
[2026-07-31T05:36:51.939Z] LiveUpdateForge: EndTurn fallback flush
[2026-07-31T05:36:51.939Z] onEndTurn: naturalStop=false toolCalls=52 nudgeMsg=no
[2026-07-31T05:36:52.485Z] LiveUpdateForge: AfterToolExec flush
[2026-07-31T05:36:52.556Z] InitialReadForge.onBeforeSend: SKIP (fr=true syn=false hasRead=true)
[2026-07-31T05:36:53.326Z] LiveUpdateForge: EndTurn fallback flush
[2026-07-31T05:36:53.326Z] onEndTurn: naturalStop=undefined toolCalls=53 nudgeMsg=no
[2026-07-31T05:36:53.326Z] LiveUpdateForge: EndTurn fallback flush
[2026-07-31T05:36:53.327Z] onEndTurn: naturalStop=false toolCalls=53 nudgeMsg=no
[2026-07-31T05:36:53.357Z] LiveUpdateForge: AfterToolExec flush
[2026-07-31T05:36:53.398Z] InitialReadForge.onBeforeSend: SKIP (fr=true syn=false hasRead=true)
[2026-07-31T05:36:55.378Z] LiveUpdateForge: EndTurn fallback flush
[2026-07-31T05:36:55.379Z] onEndTurn: naturalStop=undefined toolCalls=54 nudgeMsg=no
[2026-07-31T05:36:55.379Z] LiveUpdateForge: EndTurn fallback flush
[2026-07-31T05:36:55.379Z] onEndTurn: naturalStop=false toolCalls=54 nudgeMsg=no
[2026-07-31T05:36:55.403Z] LiveUpdateForge: AfterToolExec flush
[2026-07-31T05:36:55.440Z] InitialReadForge.onBeforeSend: SKIP (fr=true syn=false hasRead=true)
[2026-07-31T05:36:55.614Z] LiveUpdateForge: EndTurn fallback flush
[2026-07-31T05:36:55.615Z] onEndTurn: naturalStop=undefined toolCalls=53 nudgeMsg=no
[2026-07-31T05:36:55.615Z] LiveUpdateForge: EndTurn fallback flush
[2026-07-31T05:36:55.615Z] onEndTurn: naturalStop=false toolCalls=53 nudgeMsg=no
[2026-07-31T05:36:57.016Z] LiveUpdateForge: AfterToolExec flush
[2026-07-31T05:36:57.084Z] InitialReadForge.onBeforeSend: SKIP (fr=true syn=false hasRead=true)
[2026-07-31T05:36:58.831Z] LiveUpdateForge: EndTurn fallback flush
[2026-07-31T05:36:58.831Z] onEndTurn: naturalStop=undefined toolCalls=54 nudgeMsg=no
[2026-07-31T05:36:58.831Z] LiveUpdateForge: EndTurn fallback flush
[2026-07-31T05:36:58.832Z] onEndTurn: naturalStop=false toolCalls=54 nudgeMsg=no
[2026-07-31T05:36:58.999Z] LiveUpdateForge: AfterToolExec flush
[2026-07-31T05:36:59.072Z] InitialReadForge.onBeforeSend: SKIP (fr=true syn=false hasRead=true)
[2026-07-31T05:37:00.263Z] LiveUpdateForge: EndTurn fallback flush
[2026-07-31T05:37:00.263Z] onEndTurn: naturalStop=undefined toolCalls=55 nudgeMsg=no
[2026-07-31T05:37:00.263Z] LiveUpdateForge: EndTurn fallback flush
[2026-07-31T05:37:00.264Z] onEndTurn: naturalStop=false toolCalls=55 nudgeMsg=no
[2026-07-31T05:37:00.833Z] LiveUpdateForge: AfterToolExec flush
[2026-07-31T05:37:00.875Z] InitialReadForge.onBeforeSend: SKIP (fr=true syn=false hasRead=true)
[2026-07-31T05:37:03.275Z] LiveUpdateForge: EndTurn fallback flush
[2026-07-31T05:37:03.275Z] onEndTurn: naturalStop=undefined toolCalls=56 nudgeMsg=no
[2026-07-31T05:37:03.276Z] LiveUpdateForge: EndTurn fallback flush
[2026-07-31T05:37:03.276Z] onEndTurn: naturalStop=false toolCalls=56 nudgeMsg=no
[2026-07-31T05:37:03.300Z] LiveUpdateForge: EndTurn fallback flush
[2026-07-31T05:37:03.300Z] onEndTurn: naturalStop=undefined toolCalls=55 nudgeMsg=no
[2026-07-31T05:37:03.300Z] LiveUpdateForge: EndTurn fallback flush
[2026-07-31T05:37:03.301Z] onEndTurn: naturalStop=false toolCalls=55 nudgeMsg=no
[2026-07-31T05:37:03.307Z] LiveUpdateForge: AfterToolExec flush
[2026-07-31T05:37:03.316Z] LiveUpdateForge: AfterToolExec flush
[2026-07-31T05:37:03.346Z] InitialReadForge.onBeforeSend: SKIP (fr=true syn=false hasRead=true)
[2026-07-31T05:37:03.382Z] InitialReadForge.onBeforeSend: SKIP (fr=true syn=false hasRead=true)
[2026-07-31T05:37:05.110Z] LiveUpdateForge: EndTurn fallback flush
[2026-07-31T05:37:05.111Z] onEndTurn: naturalStop=undefined toolCalls=56 nudgeMsg=no
[2026-07-31T05:37:05.111Z] LiveUpdateForge: EndTurn fallback flush
[2026-07-31T05:37:05.112Z] onEndTurn: naturalStop=false toolCalls=56 nudgeMsg=no
[2026-07-31T05:37:05.274Z] LiveUpdateForge: AfterToolExec flush
[2026-07-31T05:37:05.339Z] InitialReadForge.onBeforeSend: SKIP (fr=true syn=false hasRead=true)
[2026-07-31T05:37:09.677Z] LiveUpdateForge: EndTurn fallback flush
[2026-07-31T05:37:09.677Z] onEndTurn: naturalStop=undefined toolCalls=57 nudgeMsg=no
[2026-07-31T05:37:09.678Z] LiveUpdateForge: EndTurn fallback flush
[2026-07-31T05:37:09.678Z] onEndTurn: naturalStop=false toolCalls=57 nudgeMsg=no
[2026-07-31T05:37:09.903Z] LiveUpdateForge: EndTurn fallback flush
[2026-07-31T05:37:09.904Z] onEndTurn: naturalStop=undefined toolCalls=57 nudgeMsg=no
[2026-07-31T05:37:09.904Z] LiveUpdateForge: EndTurn fallback flush
[2026-07-31T05:37:09.904Z] onEndTurn: naturalStop=false toolCalls=57 nudgeMsg=no
[2026-07-31T05:37:10.229Z] LiveUpdateForge: AfterToolExec flush
[2026-07-31T05:37:10.292Z] InitialReadForge.onBeforeSend: SKIP (fr=true syn=false hasRead=true)
[2026-07-31T05:37:11.023Z] LiveUpdateForge: AfterToolExec flush
[2026-07-31T05:37:11.055Z] InitialReadForge.onBeforeSend: SKIP (fr=true syn=false hasRead=true)
[2026-07-31T05:37:13.459Z] LiveUpdateForge: EndTurn fallback flush
[2026-07-31T05:37:13.459Z] onEndTurn: naturalStop=undefined toolCalls=58 nudgeMsg=no
[2026-07-31T05:37:13.459Z] LiveUpdateForge: EndTurn fallback flush
[2026-07-31T05:37:13.460Z] onEndTurn: naturalStop=false toolCalls=58 nudgeMsg=no
[2026-07-31T05:37:13.469Z] LiveUpdateForge: AfterToolExec flush
[2026-07-31T05:37:13.508Z] InitialReadForge.onBeforeSend: SKIP (fr=true syn=false hasRead=true)
[2026-07-31T05:37:15.468Z] LiveUpdateForge: EndTurn fallback flush
[2026-07-31T05:37:15.469Z] onEndTurn: naturalStop=undefined toolCalls=58 nudgeMsg=no
[2026-07-31T05:37:15.469Z] LiveUpdateForge: EndTurn fallback flush
[2026-07-31T05:37:15.470Z] onEndTurn: naturalStop=false toolCalls=58 nudgeMsg=no
[2026-07-31T05:37:16.822Z] LiveUpdateForge: AfterToolExec flush
[2026-07-31T05:37:16.892Z] InitialReadForge.onBeforeSend: SKIP (fr=true syn=false hasRead=true)
[2026-07-31T05:37:19.397Z] LiveUpdateForge: EndTurn fallback flush
[2026-07-31T05:37:19.397Z] onEndTurn: naturalStop=undefined toolCalls=59 nudgeMsg=no
[2026-07-31T05:37:19.398Z] LiveUpdateForge: EndTurn fallback flush
[2026-07-31T05:37:19.398Z] onEndTurn: naturalStop=false toolCalls=59 nudgeMsg=no
[2026-07-31T05:37:19.482Z] LiveUpdateForge: AfterToolExec flush
[2026-07-31T05:37:19.517Z] InitialReadForge.onBeforeSend: SKIP (fr=true syn=false hasRead=true)
[2026-07-31T05:37:19.707Z] LiveUpdateForge: EndTurn fallback flush
[2026-07-31T05:37:19.708Z] onEndTurn: naturalStop=undefined toolCalls=59 nudgeMsg=no
[2026-07-31T05:37:19.708Z] LiveUpdateForge: EndTurn fallback flush
[2026-07-31T05:37:19.708Z] onEndTurn: naturalStop=false toolCalls=59 nudgeMsg=no
[2026-07-31T05:37:19.850Z] LiveUpdateForge: AfterToolExec flush
[2026-07-31T05:37:19.918Z] InitialReadForge.onBeforeSend: SKIP (fr=true syn=false hasRead=true)
[2026-07-31T05:37:22.131Z] LiveUpdateForge: EndTurn fallback flush
[2026-07-31T05:37:22.131Z] onEndTurn: naturalStop=undefined toolCalls=60 nudgeMsg=no
[2026-07-31T05:37:22.132Z] LiveUpdateForge: EndTurn fallback flush
[2026-07-31T05:37:22.133Z] onEndTurn: naturalStop=false toolCalls=60 nudgeMsg=no
[2026-07-31T05:37:22.151Z] LiveUpdateForge: AfterToolExec flush
[2026-07-31T05:37:22.193Z] InitialReadForge.onBeforeSend: SKIP (fr=true syn=false hasRead=true)
[2026-07-31T05:37:24.183Z] LiveUpdateForge: EndTurn fallback flush
[2026-07-31T05:37:24.183Z] onEndTurn: naturalStop=undefined toolCalls=60 nudgeMsg=no
[2026-07-31T05:37:24.184Z] LiveUpdateForge: EndTurn fallback flush
[2026-07-31T05:37:24.184Z] onEndTurn: naturalStop=false toolCalls=60 nudgeMsg=no
[2026-07-31T05:37:27.278Z] LiveUpdateForge: EndTurn fallback flush
[2026-07-31T05:37:27.279Z] onEndTurn: naturalStop=undefined toolCalls=61 nudgeMsg=no
[2026-07-31T05:37:27.279Z] LiveUpdateForge: EndTurn fallback flush
[2026-07-31T05:37:27.280Z] onEndTurn: naturalStop=false toolCalls=61 nudgeMsg=no
[2026-07-31T05:37:27.309Z] LiveUpdateForge: AfterToolExec flush
[2026-07-31T05:37:27.370Z] InitialReadForge.onBeforeSend: SKIP (fr=true syn=false hasRead=true)
[2026-07-31T05:37:32.619Z] LiveUpdateForge: EndTurn fallback flush
[2026-07-31T05:37:32.619Z] onEndTurn: naturalStop=undefined toolCalls=62 nudgeMsg=no
[2026-07-31T05:37:32.620Z] LiveUpdateForge: EndTurn fallback flush
[2026-07-31T05:37:32.620Z] onEndTurn: naturalStop=false toolCalls=62 nudgeMsg=no
[2026-07-31T05:37:32.670Z] LiveUpdateForge: AfterToolExec flush
[2026-07-31T05:37:32.709Z] InitialReadForge.onBeforeSend: SKIP (fr=true syn=false hasRead=true)
[2026-07-31T05:37:35.936Z] LiveUpdateForge: EndTurn fallback flush
[2026-07-31T05:37:35.936Z] onEndTurn: naturalStop=undefined toolCalls=63 nudgeMsg=no
[2026-07-31T05:37:35.937Z] LiveUpdateForge: EndTurn fallback flush
[2026-07-31T05:37:35.937Z] onEndTurn: naturalStop=false toolCalls=63 nudgeMsg=no
[2026-07-31T05:37:36.556Z] LiveUpdateForge: AfterToolExec flush
[2026-07-31T05:37:36.587Z] InitialReadForge.onBeforeSend: SKIP (fr=true syn=false hasRead=true)
[2026-07-31T05:37:38.311Z] LiveUpdateForge: EndTurn fallback flush
[2026-07-31T05:37:38.312Z] onEndTurn: naturalStop=undefined toolCalls=64 nudgeMsg=no
[2026-07-31T05:37:38.312Z] LiveUpdateForge: EndTurn fallback flush
[2026-07-31T05:37:38.313Z] onEndTurn: naturalStop=false toolCalls=64 nudgeMsg=no
[2026-07-31T05:37:38.352Z] LiveUpdateForge: AfterToolExec flush
[2026-07-31T05:37:38.386Z] InitialReadForge.onBeforeSend: SKIP (fr=true syn=false hasRead=true)
[2026-07-31T05:37:40.359Z] LiveUpdateForge: EndTurn fallback flush
[2026-07-31T05:37:40.360Z] onEndTurn: naturalStop=undefined toolCalls=65 nudgeMsg=no
[2026-07-31T05:37:40.360Z] LiveUpdateForge: EndTurn fallback flush
[2026-07-31T05:37:40.361Z] onEndTurn: naturalStop=false toolCalls=65 nudgeMsg=no
[2026-07-31T05:37:49.806Z] LiveUpdateForge: AfterToolExec flush
[2026-07-31T05:37:49.847Z] InitialReadForge.onBeforeSend: SKIP (fr=true syn=false hasRead=true)
[2026-07-31T05:37:52.566Z] LiveUpdateForge: EndTurn fallback flush
[2026-07-31T05:37:52.567Z] onEndTurn: naturalStop=undefined toolCalls=66 nudgeMsg=no
[2026-07-31T05:37:52.567Z] LiveUpdateForge: EndTurn fallback flush
[2026-07-31T05:37:52.567Z] onEndTurn: naturalStop=false toolCalls=66 nudgeMsg=no
[2026-07-31T05:37:52.608Z] LiveUpdateForge: AfterToolExec flush
[2026-07-31T05:37:52.653Z] InitialReadForge.onBeforeSend: SKIP (fr=true syn=false hasRead=true)
[2026-07-31T05:37:52.831Z] LiveUpdateForge: AfterToolExec flush
[2026-07-31T05:37:52.937Z] InitialReadForge.onBeforeSend: SKIP (fr=true syn=false hasRead=true)
[2026-07-31T05:37:55.772Z] LiveUpdateForge: EndTurn fallback flush
[2026-07-31T05:37:55.772Z] onEndTurn: naturalStop=undefined toolCalls=67 nudgeMsg=no
[2026-07-31T05:37:55.773Z] LiveUpdateForge: EndTurn fallback flush
[2026-07-31T05:37:55.773Z] onEndTurn: naturalStop=false toolCalls=67 nudgeMsg=no
[2026-07-31T05:37:55.914Z] LiveUpdateForge: AfterToolExec flush
[2026-07-31T05:37:55.966Z] InitialReadForge.onBeforeSend: SKIP (fr=true syn=false hasRead=true)
[2026-07-31T05:37:56.566Z] LiveUpdateForge: EndTurn fallback flush
[2026-07-31T05:37:56.567Z] onEndTurn: naturalStop=undefined toolCalls=61 nudgeMsg=no
[2026-07-31T05:37:56.568Z] LiveUpdateForge: EndTurn fallback flush
[2026-07-31T05:37:56.568Z] onEndTurn: naturalStop=false toolCalls=61 nudgeMsg=no
[2026-07-31T05:37:56.621Z] LiveUpdateForge: AfterToolExec flush
[2026-07-31T05:37:56.682Z] InitialReadForge.onBeforeSend: SKIP (fr=true syn=false hasRead=true)
[2026-07-31T05:37:58.202Z] LiveUpdateForge: EndTurn fallback flush
[2026-07-31T05:37:58.203Z] onEndTurn: naturalStop=undefined toolCalls=68 nudgeMsg=no
[2026-07-31T05:37:58.203Z] LiveUpdateForge: EndTurn fallback flush
[2026-07-31T05:37:58.203Z] onEndTurn: naturalStop=false toolCalls=68 nudgeMsg=no
[2026-07-31T05:37:59.674Z] LiveUpdateForge: EndTurn fallback flush
[2026-07-31T05:37:59.675Z] onEndTurn: naturalStop=undefined toolCalls=62 nudgeMsg=no
[2026-07-31T05:37:59.675Z] LiveUpdateForge: EndTurn fallback flush
[2026-07-31T05:37:59.676Z] onEndTurn: naturalStop=false toolCalls=62 nudgeMsg=no
[2026-07-31T05:37:59.713Z] LiveUpdateForge: AfterToolExec flush
[2026-07-31T05:37:59.774Z] InitialReadForge.onBeforeSend: SKIP (fr=true syn=false hasRead=true)
[2026-07-31T05:38:07.160Z] LiveUpdateForge: EndTurn fallback flush
[2026-07-31T05:38:07.161Z] onEndTurn: naturalStop=undefined toolCalls=63 nudgeMsg=no
[2026-07-31T05:38:07.161Z] LiveUpdateForge: EndTurn fallback flush
[2026-07-31T05:38:07.161Z] onEndTurn: naturalStop=false toolCalls=63 nudgeMsg=no
[2026-07-31T05:38:10.744Z] LiveUpdateForge: AfterToolExec flush
[2026-07-31T05:38:10.816Z] InitialReadForge.onBeforeSend: SKIP (fr=true syn=false hasRead=true)
[2026-07-31T05:38:15.726Z] LiveUpdateForge: AfterToolExec flush
[2026-07-31T05:38:15.772Z] InitialReadForge.onBeforeSend: SKIP (fr=true syn=false hasRead=true)
[2026-07-31T05:38:19.974Z] LiveUpdateForge: EndTurn fallback flush
[2026-07-31T05:38:19.975Z] onEndTurn: naturalStop=undefined toolCalls=69 nudgeMsg=no
[2026-07-31T05:38:19.975Z] LiveUpdateForge: EndTurn fallback flush
[2026-07-31T05:38:19.975Z] onEndTurn: naturalStop=false toolCalls=69 nudgeMsg=no
[2026-07-31T05:38:20.008Z] LiveUpdateForge: AfterToolExec flush
[2026-07-31T05:38:20.047Z] InitialReadForge.onBeforeSend: SKIP (fr=true syn=false hasRead=true)
[2026-07-31T05:38:21.709Z] LiveUpdateForge: EndTurn fallback flush
[2026-07-31T05:38:21.709Z] onEndTurn: naturalStop=undefined toolCalls=64 nudgeMsg=no
[2026-07-31T05:38:21.710Z] LiveUpdateForge: EndTurn fallback flush
[2026-07-31T05:38:21.710Z] onEndTurn: naturalStop=false toolCalls=64 nudgeMsg=no
[2026-07-31T05:38:22.652Z] LiveUpdateForge: EndTurn fallback flush
[2026-07-31T05:38:22.653Z] onEndTurn: naturalStop=undefined toolCalls=70 nudgeMsg=no
[2026-07-31T05:38:22.653Z] LiveUpdateForge: EndTurn fallback flush
[2026-07-31T05:38:22.654Z] onEndTurn: naturalStop=false toolCalls=70 nudgeMsg=no
[2026-07-31T05:38:23.439Z] LiveUpdateForge: AfterToolExec flush
[2026-07-31T05:38:23.492Z] InitialReadForge.onBeforeSend: SKIP (fr=true syn=false hasRead=true)
[2026-07-31T05:38:25.106Z] LiveUpdateForge: AfterToolExec flush
[2026-07-31T05:38:25.150Z] InitialReadForge.onBeforeSend: SKIP (fr=true syn=false hasRead=true)
[2026-07-31T05:38:26.885Z] LiveUpdateForge: EndTurn fallback flush
[2026-07-31T05:38:26.886Z] onEndTurn: naturalStop=undefined toolCalls=71 nudgeMsg=no
[2026-07-31T05:38:26.886Z] LiveUpdateForge: EndTurn fallback flush
[2026-07-31T05:38:26.886Z] onEndTurn: naturalStop=false toolCalls=71 nudgeMsg=no
[2026-07-31T05:38:27.138Z] LiveUpdateForge: AfterToolExec flush
[2026-07-31T05:38:27.178Z] InitialReadForge.onBeforeSend: SKIP (fr=true syn=false hasRead=true)
[2026-07-31T05:38:29.701Z] LiveUpdateForge: EndTurn fallback flush
[2026-07-31T05:38:29.702Z] onEndTurn: naturalStop=undefined toolCalls=72 nudgeMsg=no
[2026-07-31T05:38:29.702Z] LiveUpdateForge: EndTurn fallback flush
[2026-07-31T05:38:29.702Z] onEndTurn: naturalStop=false toolCalls=72 nudgeMsg=no
[2026-07-31T05:38:35.260Z] LiveUpdateForge: EndTurn fallback flush
[2026-07-31T05:38:35.261Z] onEndTurn: naturalStop=undefined toolCalls=65 nudgeMsg=no
[2026-07-31T05:38:35.261Z] LiveUpdateForge: EndTurn fallback flush
[2026-07-31T05:38:35.261Z] onEndTurn: naturalStop=false toolCalls=65 nudgeMsg=no
[2026-07-31T05:38:35.275Z] LiveUpdateForge: AfterToolExec flush
[2026-07-31T05:38:35.342Z] InitialReadForge.onBeforeSend: SKIP (fr=true syn=false hasRead=true)
[2026-07-31T05:38:37.288Z] LiveUpdateForge: EndTurn fallback flush
[2026-07-31T05:38:37.288Z] onEndTurn: naturalStop=undefined toolCalls=66 nudgeMsg=no
[2026-07-31T05:38:37.289Z] LiveUpdateForge: EndTurn fallback flush
[2026-07-31T05:38:37.289Z] onEndTurn: naturalStop=false toolCalls=66 nudgeMsg=no
[2026-07-31T05:38:37.335Z] LiveUpdateForge: AfterToolExec flush
[2026-07-31T05:38:37.390Z] InitialReadForge.onBeforeSend: SKIP (fr=true syn=false hasRead=true)
[2026-07-31T05:38:41.931Z] LiveUpdateForge: EndTurn fallback flush
[2026-07-31T05:38:41.931Z] onEndTurn: naturalStop=undefined toolCalls=67 nudgeMsg=no
[2026-07-31T05:38:41.931Z] LiveUpdateForge: EndTurn fallback flush
[2026-07-31T05:38:41.932Z] onEndTurn: naturalStop=false toolCalls=67 nudgeMsg=no
[2026-07-31T05:38:42.553Z] LiveUpdateForge: AfterToolExec flush
[2026-07-31T05:38:42.619Z] InitialReadForge.onBeforeSend: SKIP (fr=true syn=false hasRead=true)
[2026-07-31T05:38:44.411Z] LiveUpdateForge: EndTurn fallback flush
[2026-07-31T05:38:44.412Z] onEndTurn: naturalStop=undefined toolCalls=68 nudgeMsg=no
[2026-07-31T05:38:44.412Z] LiveUpdateForge: EndTurn fallback flush
[2026-07-31T05:38:44.413Z] onEndTurn: naturalStop=false toolCalls=68 nudgeMsg=no
[2026-07-31T05:38:44.450Z] LiveUpdateForge: AfterToolExec flush
[2026-07-31T05:38:44.509Z] InitialReadForge.onBeforeSend: SKIP (fr=true syn=false hasRead=true)
[2026-07-31T05:38:50.174Z] LiveUpdateForge: EndTurn fallback flush
[2026-07-31T05:38:50.174Z] onEndTurn: naturalStop=undefined toolCalls=69 nudgeMsg=no
[2026-07-31T05:38:50.175Z] LiveUpdateForge: EndTurn fallback flush
[2026-07-31T05:38:50.175Z] onEndTurn: naturalStop=false toolCalls=69 nudgeMsg=no
[2026-07-31T05:38:51.815Z] LiveUpdateForge: AfterToolExec flush
[2026-07-31T05:38:51.872Z] InitialReadForge.onBeforeSend: SKIP (fr=true syn=false hasRead=true)
[2026-07-31T05:38:55.506Z] LiveUpdateForge: EndTurn fallback flush
[2026-07-31T05:38:55.506Z] onEndTurn: naturalStop=undefined toolCalls=70 nudgeMsg=no
[2026-07-31T05:38:55.507Z] LiveUpdateForge: EndTurn fallback flush
[2026-07-31T05:38:55.507Z] onEndTurn: naturalStop=false toolCalls=70 nudgeMsg=no
[2026-07-31T05:38:55.560Z] LiveUpdateForge: AfterToolExec flush
[2026-07-31T05:38:55.633Z] InitialReadForge.onBeforeSend: SKIP (fr=true syn=false hasRead=true)
[2026-07-31T05:38:58.045Z] LiveUpdateForge: EndTurn fallback flush
[2026-07-31T05:38:58.046Z] onEndTurn: naturalStop=undefined toolCalls=71 nudgeMsg=no
[2026-07-31T05:38:58.046Z] LiveUpdateForge: EndTurn fallback flush
[2026-07-31T05:38:58.047Z] onEndTurn: naturalStop=false toolCalls=71 nudgeMsg=no
[2026-07-31T05:39:21.075Z] LiveUpdateForge: AfterToolExec flush
[2026-07-31T05:39:21.121Z] InitialReadForge.onBeforeSend: SKIP (fr=true syn=false hasRead=true)
[2026-07-31T05:39:25.820Z] LiveUpdateForge: EndTurn fallback flush
[2026-07-31T05:39:25.821Z] onEndTurn: naturalStop=undefined toolCalls=73 nudgeMsg=no
[2026-07-31T05:39:25.821Z] LiveUpdateForge: EndTurn fallback flush
[2026-07-31T05:39:25.821Z] onEndTurn: naturalStop=false toolCalls=73 nudgeMsg=no
[2026-07-31T05:39:25.854Z] LiveUpdateForge: AfterToolExec flush
[2026-07-31T05:39:25.890Z] InitialReadForge.onBeforeSend: SKIP (fr=true syn=false hasRead=true)
[2026-07-31T05:39:26.555Z] LiveUpdateForge: AfterToolExec flush
[2026-07-31T05:39:26.612Z] InitialReadForge.onBeforeSend: SKIP (fr=true syn=false hasRead=true)
[2026-07-31T05:39:27.731Z] LiveUpdateForge: EndTurn fallback flush
[2026-07-31T05:39:27.731Z] onEndTurn: naturalStop=undefined toolCalls=74 nudgeMsg=no
[2026-07-31T05:39:27.732Z] LiveUpdateForge: EndTurn fallback flush
[2026-07-31T05:39:27.732Z] onEndTurn: naturalStop=false toolCalls=74 nudgeMsg=no
[2026-07-31T05:39:27.766Z] LiveUpdateForge: AfterToolExec flush
[2026-07-31T05:39:27.808Z] InitialReadForge.onBeforeSend: SKIP (fr=true syn=false hasRead=true)
[2026-07-31T05:39:29.880Z] LiveUpdateForge: EndTurn fallback flush
[2026-07-31T05:39:29.881Z] onEndTurn: naturalStop=undefined toolCalls=75 nudgeMsg=no
[2026-07-31T05:39:29.881Z] LiveUpdateForge: EndTurn fallback flush
[2026-07-31T05:39:29.881Z] onEndTurn: naturalStop=false toolCalls=75 nudgeMsg=no
[2026-07-31T05:39:30.339Z] LiveUpdateForge: AfterToolExec flush
[2026-07-31T05:39:30.379Z] InitialReadForge.onBeforeSend: SKIP (fr=true syn=false hasRead=true)
[2026-07-31T05:39:30.557Z] LiveUpdateForge: EndTurn fallback flush
[2026-07-31T05:39:30.557Z] onEndTurn: naturalStop=undefined toolCalls=72 nudgeMsg=no
[2026-07-31T05:39:30.557Z] LiveUpdateForge: EndTurn fallback flush
[2026-07-31T05:39:30.558Z] onEndTurn: naturalStop=false toolCalls=72 nudgeMsg=no
[2026-07-31T05:39:31.356Z] LiveUpdateForge: AfterToolExec flush
[2026-07-31T05:39:31.428Z] InitialReadForge.onBeforeSend: SKIP (fr=true syn=false hasRead=true)
[2026-07-31T05:39:32.038Z] LiveUpdateForge: EndTurn fallback flush
[2026-07-31T05:39:32.038Z] onEndTurn: naturalStop=undefined toolCalls=76 nudgeMsg=no
[2026-07-31T05:39:32.038Z] LiveUpdateForge: EndTurn fallback flush
[2026-07-31T05:39:32.038Z] onEndTurn: naturalStop=false toolCalls=76 nudgeMsg=no
[2026-07-31T05:39:32.049Z] LiveUpdateForge: AfterToolExec flush
[2026-07-31T05:39:32.083Z] InitialReadForge.onBeforeSend: SKIP (fr=true syn=false hasRead=true)
[2026-07-31T05:39:33.851Z] LiveUpdateForge: EndTurn fallback flush
[2026-07-31T05:39:33.852Z] onEndTurn: naturalStop=undefined toolCalls=77 nudgeMsg=no
[2026-07-31T05:39:33.852Z] LiveUpdateForge: EndTurn fallback flush
[2026-07-31T05:39:33.853Z] onEndTurn: naturalStop=false toolCalls=77 nudgeMsg=no
[2026-07-31T05:39:34.516Z] LiveUpdateForge: AfterToolExec flush
[2026-07-31T05:39:34.550Z] InitialReadForge.onBeforeSend: SKIP (fr=true syn=false hasRead=true)
[2026-07-31T05:39:35.859Z] LiveUpdateForge: EndTurn fallback flush
[2026-07-31T05:39:35.859Z] onEndTurn: naturalStop=undefined toolCalls=73 nudgeMsg=no
[2026-07-31T05:39:35.860Z] LiveUpdateForge: EndTurn fallback flush
[2026-07-31T05:39:35.860Z] onEndTurn: naturalStop=false toolCalls=73 nudgeMsg=no
[2026-07-31T05:39:35.877Z] LiveUpdateForge: AfterToolExec flush
[2026-07-31T05:39:35.945Z] InitialReadForge.onBeforeSend: SKIP (fr=true syn=false hasRead=true)
[2026-07-31T05:39:37.380Z] LiveUpdateForge: EndTurn fallback flush
[2026-07-31T05:39:37.381Z] onEndTurn: naturalStop=undefined toolCalls=74 nudgeMsg=no
[2026-07-31T05:39:37.381Z] LiveUpdateForge: EndTurn fallback flush
[2026-07-31T05:39:37.381Z] onEndTurn: naturalStop=false toolCalls=74 nudgeMsg=no
[2026-07-31T05:39:37.911Z] LiveUpdateForge: AfterToolExec flush
[2026-07-31T05:39:37.988Z] InitialReadForge.onBeforeSend: SKIP (fr=true syn=false hasRead=true)
[2026-07-31T05:39:38.469Z] LiveUpdateForge: EndTurn fallback flush
[2026-07-31T05:39:38.470Z] onEndTurn: naturalStop=undefined toolCalls=78 nudgeMsg=no
[2026-07-31T05:39:38.470Z] LiveUpdateForge: EndTurn fallback flush
[2026-07-31T05:39:38.470Z] onEndTurn: naturalStop=false toolCalls=78 nudgeMsg=no
[2026-07-31T05:39:38.594Z] LiveUpdateForge: AfterToolExec flush
[2026-07-31T05:39:38.634Z] InitialReadForge.onBeforeSend: SKIP (fr=true syn=false hasRead=true)
[2026-07-31T05:39:40.554Z] LiveUpdateForge: EndTurn fallback flush
[2026-07-31T05:39:40.554Z] onEndTurn: naturalStop=undefined toolCalls=75 nudgeMsg=no
[2026-07-31T05:39:40.555Z] LiveUpdateForge: EndTurn fallback flush
[2026-07-31T05:39:40.555Z] onEndTurn: naturalStop=false toolCalls=75 nudgeMsg=no
[2026-07-31T05:39:40.585Z] LiveUpdateForge: AfterToolExec flush
[2026-07-31T05:39:40.643Z] InitialReadForge.onBeforeSend: SKIP (fr=true syn=false hasRead=true)
[2026-07-31T05:39:40.985Z] LiveUpdateForge: EndTurn fallback flush
[2026-07-31T05:39:40.986Z] onEndTurn: naturalStop=undefined toolCalls=79 nudgeMsg=no
[2026-07-31T05:39:40.986Z] LiveUpdateForge: EndTurn fallback flush
[2026-07-31T05:39:40.987Z] onEndTurn: naturalStop=false toolCalls=79 nudgeMsg=no
[2026-07-31T05:39:46.655Z] LiveUpdateForge: EndTurn fallback flush
[2026-07-31T05:39:46.656Z] onEndTurn: naturalStop=undefined toolCalls=76 nudgeMsg=no
[2026-07-31T05:39:46.656Z] LiveUpdateForge: EndTurn fallback flush
[2026-07-31T05:39:46.657Z] onEndTurn: naturalStop=false toolCalls=76 nudgeMsg=no
[2026-07-31T05:39:48.057Z] LiveUpdateForge: AfterToolExec flush
[2026-07-31T05:39:48.119Z] InitialReadForge.onBeforeSend: SKIP (fr=true syn=false hasRead=true)
[2026-07-31T05:39:56.676Z] LiveUpdateForge: EndTurn fallback flush
[2026-07-31T05:39:56.677Z] onEndTurn: naturalStop=undefined toolCalls=77 nudgeMsg=no
[2026-07-31T05:39:56.677Z] LiveUpdateForge: EndTurn fallback flush
[2026-07-31T05:39:56.677Z] onEndTurn: naturalStop=false toolCalls=77 nudgeMsg=no
[2026-07-31T05:39:57.756Z] LiveUpdateForge: AfterToolExec flush
[2026-07-31T05:39:57.815Z] InitialReadForge.onBeforeSend: SKIP (fr=true syn=false hasRead=true)
[2026-07-31T05:40:01.019Z] LiveUpdateForge: EndTurn fallback flush
[2026-07-31T05:40:01.019Z] onEndTurn: naturalStop=undefined toolCalls=78 nudgeMsg=no
[2026-07-31T05:40:01.020Z] LiveUpdateForge: EndTurn fallback flush
[2026-07-31T05:40:01.020Z] onEndTurn: naturalStop=false toolCalls=78 nudgeMsg=no
[2026-07-31T05:40:01.074Z] LiveUpdateForge: AfterToolExec flush
[2026-07-31T05:40:01.143Z] InitialReadForge.onBeforeSend: SKIP (fr=true syn=false hasRead=true)
[2026-07-31T05:40:03.415Z] LiveUpdateForge: EndTurn fallback flush
[2026-07-31T05:40:03.416Z] onEndTurn: naturalStop=undefined toolCalls=79 nudgeMsg=no
[2026-07-31T05:40:03.416Z] LiveUpdateForge: EndTurn fallback flush
[2026-07-31T05:40:03.417Z] onEndTurn: naturalStop=false toolCalls=79 nudgeMsg=no
[2026-07-31T05:40:07.704Z] LiveUpdateForge: AfterToolExec flush
[2026-07-31T05:40:07.743Z] InitialReadForge.onBeforeSend: SKIP (fr=true syn=false hasRead=true)
[2026-07-31T05:40:14.000Z] LiveUpdateForge: EndTurn fallback flush
[2026-07-31T05:40:14.001Z] onEndTurn: naturalStop=undefined toolCalls=80 nudgeMsg=no
[2026-07-31T05:40:14.001Z] LiveUpdateForge: EndTurn fallback flush
[2026-07-31T05:40:14.001Z] onEndTurn: naturalStop=false toolCalls=80 nudgeMsg=no
[2026-07-31T05:40:14.024Z] LiveUpdateForge: AfterToolExec flush
[2026-07-31T05:40:14.068Z] InitialReadForge.onBeforeSend: SKIP (fr=true syn=false hasRead=true)
[2026-07-31T05:40:18.112Z] LiveUpdateForge: EndTurn fallback flush
[2026-07-31T05:40:18.112Z] onEndTurn: naturalStop=undefined toolCalls=81 nudgeMsg=no
[2026-07-31T05:40:18.112Z] LiveUpdateForge: EndTurn fallback flush
[2026-07-31T05:40:18.113Z] onEndTurn: naturalStop=false toolCalls=81 nudgeMsg=no
[2026-07-31T05:40:18.232Z] LiveUpdateForge: AfterToolExec flush
[2026-07-31T05:40:18.271Z] InitialReadForge.onBeforeSend: SKIP (fr=true syn=false hasRead=true)
[2026-07-31T05:40:21.562Z] LiveUpdateForge: EndTurn fallback flush
[2026-07-31T05:40:21.562Z] onEndTurn: naturalStop=undefined toolCalls=82 nudgeMsg=no
[2026-07-31T05:40:21.563Z] LiveUpdateForge: EndTurn fallback flush
[2026-07-31T05:40:21.563Z] onEndTurn: naturalStop=false toolCalls=82 nudgeMsg=no
[2026-07-31T05:40:31.935Z] LiveUpdateForge: AfterToolExec flush
[2026-07-31T05:40:32.002Z] InitialReadForge.onBeforeSend: SKIP (fr=true syn=false hasRead=true)
[2026-07-31T05:40:36.837Z] LiveUpdateForge: EndTurn fallback flush
[2026-07-31T05:40:36.837Z] onEndTurn: naturalStop=undefined toolCalls=80 nudgeMsg=no
[2026-07-31T05:40:36.838Z] LiveUpdateForge: EndTurn fallback flush
[2026-07-31T05:40:36.838Z] onEndTurn: naturalStop=false toolCalls=80 nudgeMsg=no
[2026-07-31T05:40:38.045Z] LiveUpdateForge: AfterToolExec flush
[2026-07-31T05:40:38.113Z] InitialReadForge.onBeforeSend: SKIP (fr=true syn=false hasRead=true)
[2026-07-31T05:40:40.244Z] LiveUpdateForge: EndTurn fallback flush
[2026-07-31T05:40:40.245Z] onEndTurn: naturalStop=undefined toolCalls=81 nudgeMsg=no
[2026-07-31T05:40:40.245Z] LiveUpdateForge: EndTurn fallback flush
[2026-07-31T05:40:40.246Z] onEndTurn: naturalStop=false toolCalls=81 nudgeMsg=no
[2026-07-31T05:41:02.383Z] LiveUpdateForge: AfterToolExec flush
[2026-07-31T05:41:02.424Z] InitialReadForge.onBeforeSend: SKIP (fr=true syn=false hasRead=true)
[2026-07-31T05:41:07.902Z] LiveUpdateForge: EndTurn fallback flush
[2026-07-31T05:41:07.903Z] onEndTurn: naturalStop=undefined toolCalls=83 nudgeMsg=no
[2026-07-31T05:41:07.903Z] LiveUpdateForge: EndTurn fallback flush
[2026-07-31T05:41:07.904Z] onEndTurn: naturalStop=false toolCalls=83 nudgeMsg=no
[2026-07-31T05:41:07.925Z] LiveUpdateForge: AfterToolExec flush
[2026-07-31T05:41:07.968Z] InitialReadForge.onBeforeSend: SKIP (fr=true syn=false hasRead=true)
[2026-07-31T05:41:10.082Z] LiveUpdateForge: EndTurn fallback flush
[2026-07-31T05:41:10.083Z] onEndTurn: naturalStop=undefined toolCalls=84 nudgeMsg=no
[2026-07-31T05:41:10.083Z] LiveUpdateForge: EndTurn fallback flush
[2026-07-31T05:41:10.085Z] onEndTurn: naturalStop=false toolCalls=84 nudgeMsg=no
[2026-07-31T05:41:10.113Z] LiveUpdateForge: AfterToolExec flush
[2026-07-31T05:41:10.153Z] InitialReadForge.onBeforeSend: SKIP (fr=true syn=false hasRead=true)
[2026-07-31T05:41:11.531Z] LiveUpdateForge: AfterToolExec flush
[2026-07-31T05:41:11.613Z] InitialReadForge.onBeforeSend: SKIP (fr=true syn=false hasRead=true)
[2026-07-31T05:41:16.738Z] LiveUpdateForge: EndTurn fallback flush
[2026-07-31T05:41:16.739Z] onEndTurn: naturalStop=undefined toolCalls=85 nudgeMsg=no
[2026-07-31T05:41:16.739Z] LiveUpdateForge: EndTurn fallback flush
[2026-07-31T05:41:16.739Z] onEndTurn: naturalStop=false toolCalls=85 nudgeMsg=no
[2026-07-31T05:41:17.204Z] LiveUpdateForge: AfterToolExec flush
[2026-07-31T05:41:17.245Z] InitialReadForge.onBeforeSend: SKIP (fr=true syn=false hasRead=true)
[2026-07-31T05:41:17.385Z] LiveUpdateForge: EndTurn fallback flush
[2026-07-31T05:41:17.385Z] onEndTurn: naturalStop=undefined toolCalls=82 nudgeMsg=no
[2026-07-31T05:41:17.385Z] LiveUpdateForge: EndTurn fallback flush
[2026-07-31T05:41:17.386Z] onEndTurn: naturalStop=false toolCalls=82 nudgeMsg=no
[2026-07-31T05:41:19.094Z] LiveUpdateForge: EndTurn fallback flush
[2026-07-31T05:41:19.094Z] onEndTurn: naturalStop=undefined toolCalls=86 nudgeMsg=no
[2026-07-31T05:41:19.094Z] LiveUpdateForge: EndTurn fallback flush
[2026-07-31T05:41:19.095Z] onEndTurn: naturalStop=false toolCalls=86 nudgeMsg=no
[2026-07-31T05:41:19.132Z] LiveUpdateForge: AfterToolExec flush
[2026-07-31T05:41:19.169Z] InitialReadForge.onBeforeSend: SKIP (fr=true syn=false hasRead=true)
[2026-07-31T05:41:20.178Z] LiveUpdateForge: AfterToolExec flush
[2026-07-31T05:41:20.251Z] InitialReadForge.onBeforeSend: SKIP (fr=true syn=false hasRead=true)
[2026-07-31T05:41:22.616Z] LiveUpdateForge: EndTurn fallback flush
[2026-07-31T05:41:22.616Z] onEndTurn: naturalStop=undefined toolCalls=83 nudgeMsg=no
[2026-07-31T05:41:22.617Z] LiveUpdateForge: EndTurn fallback flush
[2026-07-31T05:41:22.617Z] onEndTurn: naturalStop=false toolCalls=83 nudgeMsg=no
[2026-07-31T05:41:22.850Z] LiveUpdateForge: EndTurn fallback flush
[2026-07-31T05:41:22.851Z] onEndTurn: naturalStop=undefined toolCalls=87 nudgeMsg=no
[2026-07-31T05:41:22.851Z] LiveUpdateForge: EndTurn fallback flush
[2026-07-31T05:41:22.851Z] onEndTurn: naturalStop=false toolCalls=87 nudgeMsg=no
[2026-07-31T05:41:42.761Z] LiveUpdateForge: AfterToolExec flush
[2026-07-31T05:41:42.809Z] LiveUpdateForge: AfterToolExec flush
[2026-07-31T05:41:42.836Z] InitialReadForge.onBeforeSend: SKIP (fr=true syn=false hasRead=true)
[2026-07-31T05:41:42.853Z] InitialReadForge.onBeforeSend: SKIP (fr=true syn=false hasRead=true)
[2026-07-31T05:41:46.183Z] LiveUpdateForge: EndTurn fallback flush
[2026-07-31T05:41:46.184Z] onEndTurn: naturalStop=undefined toolCalls=84 nudgeMsg=no
[2026-07-31T05:41:46.184Z] LiveUpdateForge: EndTurn fallback flush
[2026-07-31T05:41:46.185Z] onEndTurn: naturalStop=false toolCalls=84 nudgeMsg=no
[2026-07-31T05:41:46.195Z] LiveUpdateForge: AfterToolExec flush
[2026-07-31T05:41:46.282Z] InitialReadForge.onBeforeSend: SKIP (fr=true syn=false hasRead=true)
[2026-07-31T05:41:50.979Z] LiveUpdateForge: EndTurn fallback flush
[2026-07-31T05:41:50.980Z] onEndTurn: naturalStop=undefined toolCalls=88 nudgeMsg=no
[2026-07-31T05:41:50.980Z] LiveUpdateForge: EndTurn fallback flush
[2026-07-31T05:41:50.981Z] onEndTurn: naturalStop=true toolCalls=0 nudgeMsg=YES
[2026-07-31T05:41:50.985Z] InitialReadForge.onBeforeSend: SKIP (fr=false syn=false hasRead=true)
[2026-07-31T05:41:53.126Z] LiveUpdateForge: EndTurn fallback flush
[2026-07-31T05:41:53.127Z] onEndTurn: naturalStop=undefined toolCalls=85 nudgeMsg=no
[2026-07-31T05:41:53.127Z] LiveUpdateForge: EndTurn fallback flush
[2026-07-31T05:41:53.127Z] onEndTurn: naturalStop=false toolCalls=85 nudgeMsg=no
[2026-07-31T05:41:53.155Z] LiveUpdateForge: self-write on D:\unity\mowang\CODELY.md, baseline aligned
[2026-07-31T05:41:53.156Z] LiveUpdateForge: AfterToolExec flush
[2026-07-31T05:41:53.233Z] InitialReadForge.onBeforeSend: SKIP (fr=true syn=false hasRead=true)
[2026-07-31T05:41:53.677Z] LiveUpdateForge: pending external change on D:\unity\mowang\CODELY.md
[2026-07-31T05:41:55.327Z] LiveUpdateForge: EndTurn fallback flush
[2026-07-31T05:41:55.328Z] LiveUpdateForge: enqueuing 1 diff notification(s)
[2026-07-31T05:41:55.329Z] onEndTurn: naturalStop=undefined toolCalls=0 nudgeMsg=no
[2026-07-31T05:41:55.329Z] LiveUpdateForge: EndTurn fallback flush
[2026-07-31T05:41:55.330Z] onEndTurn: naturalStop=false toolCalls=0 nudgeMsg=no
[2026-07-31T05:41:55.346Z] LiveUpdateForge: AfterToolExec flush
[2026-07-31T05:41:55.347Z] nudge: read_memory called (does NOT reset counter)
[2026-07-31T05:42:00.459Z] LiveUpdateForge: EndTurn fallback flush
[2026-07-31T05:42:00.460Z] onEndTurn: naturalStop=undefined toolCalls=0 nudgeMsg=no
[2026-07-31T05:42:00.460Z] LiveUpdateForge: EndTurn fallback flush
[2026-07-31T05:42:00.460Z] onEndTurn: naturalStop=true toolCalls=0 nudgeMsg=no
[2026-07-31T05:42:03.707Z] LiveUpdateForge: EndTurn fallback flush
[2026-07-31T05:42:03.708Z] onEndTurn: naturalStop=undefined toolCalls=1 nudgeMsg=no
[2026-07-31T05:42:03.708Z] LiveUpdateForge: EndTurn fallback flush
[2026-07-31T05:42:03.708Z] onEndTurn: naturalStop=false toolCalls=1 nudgeMsg=no
[2026-07-31T05:42:03.720Z] LiveUpdateForge: self-write on D:\unity\mowang\CODELY.md, baseline aligned
[2026-07-31T05:42:03.721Z] LiveUpdateForge: AfterToolExec flush
[2026-07-31T05:42:04.239Z] LiveUpdateForge: pending external change on D:\unity\mowang\CODELY.md
[2026-07-31T05:42:08.507Z] LiveUpdateForge: EndTurn fallback flush
[2026-07-31T05:42:08.507Z] onEndTurn: naturalStop=undefined toolCalls=0 nudgeMsg=no
[2026-07-31T05:42:08.507Z] LiveUpdateForge: EndTurn fallback flush
[2026-07-31T05:42:08.508Z] onEndTurn: naturalStop=false toolCalls=0 nudgeMsg=no
[2026-07-31T05:42:08.516Z] LiveUpdateForge: self-write on D:\unity\mowang\CODELY.md, baseline aligned
[2026-07-31T05:42:08.517Z] LiveUpdateForge: AfterToolExec flush
[2026-07-31T05:42:09.036Z] LiveUpdateForge: pending external change on D:\unity\mowang\CODELY.md
[2026-07-31T05:42:12.024Z] LiveUpdateForge: EndTurn fallback flush
[2026-07-31T05:42:12.025Z] onEndTurn: naturalStop=undefined toolCalls=0 nudgeMsg=no
[2026-07-31T05:42:12.025Z] LiveUpdateForge: EndTurn fallback flush
[2026-07-31T05:42:12.026Z] onEndTurn: naturalStop=false toolCalls=0 nudgeMsg=no
[2026-07-31T05:42:12.034Z] LiveUpdateForge: self-write on D:\unity\mowang\CODELY.md, baseline aligned
[2026-07-31T05:42:12.035Z] LiveUpdateForge: AfterToolExec flush
[2026-07-31T05:42:12.552Z] LiveUpdateForge: pending external change on D:\unity\mowang\CODELY.md
[2026-07-31T05:42:15.423Z] LiveUpdateForge: EndTurn fallback flush
[2026-07-31T05:42:15.423Z] onEndTurn: naturalStop=undefined toolCalls=0 nudgeMsg=no
[2026-07-31T05:42:15.423Z] LiveUpdateForge: EndTurn fallback flush
[2026-07-31T05:42:15.423Z] onEndTurn: naturalStop=false toolCalls=0 nudgeMsg=no
[2026-07-31T05:42:15.433Z] LiveUpdateForge: self-write on D:\unity\mowang\CODELY.md, baseline aligned
[2026-07-31T05:42:15.434Z] LiveUpdateForge: AfterToolExec flush
[2026-07-31T05:42:15.939Z] LiveUpdateForge: pending external change on D:\unity\mowang\CODELY.md
[2026-07-31T05:42:20.573Z] LiveUpdateForge: EndTurn fallback flush
[2026-07-31T05:42:20.574Z] onEndTurn: naturalStop=undefined toolCalls=0 nudgeMsg=no
[2026-07-31T05:42:20.574Z] LiveUpdateForge: EndTurn fallback flush
[2026-07-31T05:42:20.574Z] onEndTurn: naturalStop=true toolCalls=0 nudgeMsg=no
[2026-07-31T05:43:15.804Z] ResumeDiffForge: running checkResumeConsistency
[2026-07-31T05:43:15.805Z] checkResumeConsistency: forgedTimestamps=[]
[2026-07-31T05:43:15.814Z] checkResumeConsistency: no changes detected
[2026-07-31T05:43:15.814Z] LiveUpdateForge: session reset, allowLiveUpdate = false
[2026-07-31T05:43:15.815Z] NudgeForge: ResumeComplete — restoring count from history
[2026-07-31T05:43:15.815Z] restoreNudgeCountFromHistory: found last write at idx=151 count=0
[2026-07-31T05:43:15.867Z] LiveUpdateForge: allowLiveUpdate = true (first real BeforeSend)
[2026-07-31T05:43:15.867Z] InitialReadForge.onBeforeSend: SKIP (fr=false syn=false hasRead=true)
[2026-07-31T05:43:26.845Z] LiveUpdateForge: EndTurn fallback flush
[2026-07-31T05:43:26.845Z] onEndTurn: naturalStop=undefined toolCalls=0 nudgeMsg=no
[2026-07-31T05:43:26.846Z] LiveUpdateForge: EndTurn fallback flush
[2026-07-31T05:43:26.846Z] onEndTurn: naturalStop=false toolCalls=0 nudgeMsg=no
[2026-07-31T05:44:24.020Z] LiveUpdateForge: AfterToolExec flush
[2026-07-31T05:44:24.046Z] InitialReadForge.onBeforeSend: SKIP (fr=true syn=false hasRead=true)
[2026-07-31T05:44:29.223Z] LiveUpdateForge: EndTurn fallback flush
[2026-07-31T05:44:29.223Z] onEndTurn: naturalStop=undefined toolCalls=1 nudgeMsg=no
[2026-07-31T05:44:29.223Z] LiveUpdateForge: EndTurn fallback flush
[2026-07-31T05:44:29.224Z] onEndTurn: naturalStop=false toolCalls=1 nudgeMsg=no
[2026-07-31T05:44:29.549Z] LiveUpdateForge: AfterToolExec flush
[2026-07-31T05:44:29.730Z] LiveUpdateForge: AfterToolExec flush
[2026-07-31T05:44:29.755Z] InitialReadForge.onBeforeSend: SKIP (fr=true syn=false hasRead=true)
[2026-07-31T05:44:36.712Z] LiveUpdateForge: EndTurn fallback flush
[2026-07-31T05:44:36.713Z] onEndTurn: naturalStop=undefined toolCalls=3 nudgeMsg=no
[2026-07-31T05:44:36.713Z] LiveUpdateForge: EndTurn fallback flush
[2026-07-31T05:44:36.713Z] onEndTurn: naturalStop=false toolCalls=3 nudgeMsg=no
[2026-07-31T05:44:36.722Z] LiveUpdateForge: AfterToolExec flush
[2026-07-31T05:44:38.263Z] LiveUpdateForge: AfterToolExec flush
[2026-07-31T05:44:38.288Z] InitialReadForge.onBeforeSend: SKIP (fr=true syn=false hasRead=true)
[2026-07-31T05:44:46.965Z] LiveUpdateForge: EndTurn fallback flush
[2026-07-31T05:44:46.965Z] onEndTurn: naturalStop=undefined toolCalls=5 nudgeMsg=no
[2026-07-31T05:44:46.966Z] LiveUpdateForge: EndTurn fallback flush
[2026-07-31T05:44:46.966Z] onEndTurn: naturalStop=false toolCalls=5 nudgeMsg=no
[2026-07-31T05:44:46.977Z] LiveUpdateForge: AfterToolExec flush
[2026-07-31T05:44:46.978Z] LiveUpdateForge: AfterToolExec flush
[2026-07-31T05:44:46.979Z] LiveUpdateForge: AfterToolExec flush
[2026-07-31T05:44:47.010Z] InitialReadForge.onBeforeSend: SKIP (fr=true syn=false hasRead=true)
[2026-07-31T05:45:03.066Z] LiveUpdateForge: EndTurn fallback flush
[2026-07-31T05:45:03.066Z] onEndTurn: naturalStop=undefined toolCalls=8 nudgeMsg=no
[2026-07-31T05:45:03.067Z] LiveUpdateForge: EndTurn fallback flush
[2026-07-31T05:45:03.067Z] onEndTurn: naturalStop=false toolCalls=8 nudgeMsg=no
[2026-07-31T05:45:03.101Z] LiveUpdateForge: AfterToolExec flush
[2026-07-31T05:45:03.132Z] InitialReadForge.onBeforeSend: SKIP (fr=true syn=false hasRead=true)
[2026-07-31T05:45:06.234Z] LiveUpdateForge: EndTurn fallback flush
[2026-07-31T05:45:06.235Z] onEndTurn: naturalStop=undefined toolCalls=9 nudgeMsg=no
[2026-07-31T05:45:06.235Z] LiveUpdateForge: EndTurn fallback flush
[2026-07-31T05:45:06.236Z] onEndTurn: naturalStop=false toolCalls=9 nudgeMsg=no
[2026-07-31T05:45:06.962Z] LiveUpdateForge: AfterToolExec flush
[2026-07-31T05:45:06.998Z] InitialReadForge.onBeforeSend: SKIP (fr=true syn=false hasRead=true)
[2026-07-31T05:45:09.323Z] LiveUpdateForge: EndTurn fallback flush
[2026-07-31T05:45:09.323Z] onEndTurn: naturalStop=undefined toolCalls=10 nudgeMsg=no
[2026-07-31T05:45:09.324Z] LiveUpdateForge: EndTurn fallback flush
[2026-07-31T05:45:09.324Z] onEndTurn: naturalStop=false toolCalls=10 nudgeMsg=no
[2026-07-31T05:45:09.353Z] LiveUpdateForge: AfterToolExec flush
[2026-07-31T05:45:09.385Z] InitialReadForge.onBeforeSend: SKIP (fr=true syn=false hasRead=true)
[2026-07-31T05:45:13.272Z] LiveUpdateForge: EndTurn fallback flush
[2026-07-31T05:45:13.273Z] onEndTurn: naturalStop=undefined toolCalls=11 nudgeMsg=no
[2026-07-31T05:45:13.273Z] LiveUpdateForge: EndTurn fallback flush
[2026-07-31T05:45:13.273Z] onEndTurn: naturalStop=false toolCalls=11 nudgeMsg=no
[2026-07-31T05:45:16.344Z] LiveUpdateForge: AfterToolExec flush
[2026-07-31T05:45:16.392Z] InitialReadForge.onBeforeSend: SKIP (fr=true syn=false hasRead=true)
[2026-07-31T05:45:27.005Z] LiveUpdateForge: EndTurn fallback flush
[2026-07-31T05:45:27.006Z] onEndTurn: naturalStop=undefined toolCalls=12 nudgeMsg=no
[2026-07-31T05:45:27.006Z] LiveUpdateForge: EndTurn fallback flush
[2026-07-31T05:45:27.007Z] onEndTurn: naturalStop=false toolCalls=12 nudgeMsg=no
[2026-07-31T05:45:27.032Z] LiveUpdateForge: AfterToolExec flush
[2026-07-31T05:45:27.064Z] InitialReadForge.onBeforeSend: SKIP (fr=true syn=false hasRead=true)
[2026-07-31T05:45:28.809Z] LiveUpdateForge: EndTurn fallback flush
[2026-07-31T05:45:28.810Z] onEndTurn: naturalStop=undefined toolCalls=13 nudgeMsg=no
[2026-07-31T05:45:28.810Z] LiveUpdateForge: EndTurn fallback flush
[2026-07-31T05:45:28.810Z] onEndTurn: naturalStop=false toolCalls=13 nudgeMsg=no
[2026-07-31T05:45:28.949Z] LiveUpdateForge: AfterToolExec flush
[2026-07-31T05:45:28.979Z] InitialReadForge.onBeforeSend: SKIP (fr=true syn=false hasRead=true)
[2026-07-31T05:45:38.361Z] LiveUpdateForge: EndTurn fallback flush
[2026-07-31T05:45:38.362Z] onEndTurn: naturalStop=undefined toolCalls=14 nudgeMsg=no
[2026-07-31T05:45:38.362Z] LiveUpdateForge: EndTurn fallback flush
[2026-07-31T05:45:38.363Z] onEndTurn: naturalStop=false toolCalls=14 nudgeMsg=no
[2026-07-31T05:45:39.722Z] LiveUpdateForge: AfterToolExec flush
[2026-07-31T05:45:39.752Z] InitialReadForge.onBeforeSend: SKIP (fr=true syn=false hasRead=true)
[2026-07-31T05:45:49.889Z] LiveUpdateForge: EndTurn fallback flush
[2026-07-31T05:45:49.889Z] onEndTurn: naturalStop=undefined toolCalls=15 nudgeMsg=no
[2026-07-31T05:45:49.890Z] LiveUpdateForge: EndTurn fallback flush
[2026-07-31T05:45:49.890Z] onEndTurn: naturalStop=false toolCalls=15 nudgeMsg=no
[2026-07-31T05:45:51.519Z] LiveUpdateForge: AfterToolExec flush
[2026-07-31T05:45:51.550Z] InitialReadForge.onBeforeSend: SKIP (fr=true syn=false hasRead=true)
[2026-07-31T05:45:59.907Z] LiveUpdateForge: EndTurn fallback flush
[2026-07-31T05:45:59.907Z] onEndTurn: naturalStop=undefined toolCalls=16 nudgeMsg=no
[2026-07-31T05:45:59.907Z] LiveUpdateForge: EndTurn fallback flush
[2026-07-31T05:45:59.908Z] onEndTurn: naturalStop=false toolCalls=16 nudgeMsg=no
[2026-07-31T05:46:02.351Z] LiveUpdateForge: AfterToolExec flush
[2026-07-31T05:46:02.389Z] InitialReadForge.onBeforeSend: SKIP (fr=true syn=false hasRead=true)
[2026-07-31T05:46:19.030Z] LiveUpdateForge: EndTurn fallback flush
[2026-07-31T05:46:19.031Z] onEndTurn: naturalStop=undefined toolCalls=17 nudgeMsg=no
[2026-07-31T05:46:19.031Z] LiveUpdateForge: EndTurn fallback flush
[2026-07-31T05:46:19.031Z] onEndTurn: naturalStop=false toolCalls=17 nudgeMsg=no
[2026-07-31T05:46:21.086Z] LiveUpdateForge: AfterToolExec flush
[2026-07-31T05:46:21.120Z] InitialReadForge.onBeforeSend: SKIP (fr=true syn=false hasRead=true)
[2026-07-31T05:46:24.118Z] LiveUpdateForge: EndTurn fallback flush
[2026-07-31T05:46:24.118Z] onEndTurn: naturalStop=undefined toolCalls=18 nudgeMsg=no
[2026-07-31T05:46:24.119Z] LiveUpdateForge: EndTurn fallback flush
[2026-07-31T05:46:24.119Z] onEndTurn: naturalStop=false toolCalls=18 nudgeMsg=no
[2026-07-31T05:46:24.191Z] LiveUpdateForge: AfterToolExec flush
[2026-07-31T05:46:24.228Z] InitialReadForge.onBeforeSend: SKIP (fr=true syn=false hasRead=true)
[2026-07-31T05:46:27.816Z] LiveUpdateForge: EndTurn fallback flush
[2026-07-31T05:46:27.817Z] onEndTurn: naturalStop=undefined toolCalls=19 nudgeMsg=no
[2026-07-31T05:46:27.817Z] LiveUpdateForge: EndTurn fallback flush
[2026-07-31T05:46:27.817Z] onEndTurn: naturalStop=false toolCalls=19 nudgeMsg=no
[2026-07-31T05:47:12.299Z] LiveUpdateForge: AfterToolExec flush
[2026-07-31T05:47:12.346Z] InitialReadForge.onBeforeSend: SKIP (fr=true syn=false hasRead=true)
[2026-07-31T05:47:15.573Z] LiveUpdateForge: EndTurn fallback flush
[2026-07-31T05:47:15.573Z] onEndTurn: naturalStop=undefined toolCalls=20 nudgeMsg=no
[2026-07-31T05:47:15.574Z] LiveUpdateForge: EndTurn fallback flush
[2026-07-31T05:47:15.574Z] onEndTurn: naturalStop=false toolCalls=20 nudgeMsg=no
[2026-07-31T05:47:16.747Z] LiveUpdateForge: AfterToolExec flush
[2026-07-31T05:47:16.781Z] InitialReadForge.onBeforeSend: SKIP (fr=true syn=false hasRead=true)
[2026-07-31T05:47:20.372Z] LiveUpdateForge: EndTurn fallback flush
[2026-07-31T05:47:20.372Z] onEndTurn: naturalStop=undefined toolCalls=21 nudgeMsg=no
[2026-07-31T05:47:20.373Z] LiveUpdateForge: EndTurn fallback flush
[2026-07-31T05:47:20.373Z] onEndTurn: naturalStop=true toolCalls=21 nudgeMsg=no
[2026-07-31T05:48:56.648Z] ResumeDiffForge: running checkResumeConsistency
[2026-07-31T05:48:56.649Z] checkResumeConsistency: forgedTimestamps=[]
[2026-07-31T05:48:56.656Z] checkResumeConsistency: no changes detected
[2026-07-31T05:48:56.656Z] LiveUpdateForge: session reset, allowLiveUpdate = false
[2026-07-31T05:48:56.656Z] NudgeForge: ResumeComplete — restoring count from history
[2026-07-31T05:48:56.657Z] restoreNudgeCountFromHistory: found last write at idx=151 count=21
[2026-07-31T05:48:56.698Z] LiveUpdateForge: allowLiveUpdate = true (first real BeforeSend)
[2026-07-31T05:48:56.699Z] InitialReadForge.onBeforeSend: SKIP (fr=false syn=false hasRead=true)
[2026-07-31T05:49:15.874Z] LiveUpdateForge: EndTurn fallback flush
[2026-07-31T05:49:15.874Z] onEndTurn: naturalStop=undefined toolCalls=21 nudgeMsg=no
[2026-07-31T05:49:15.875Z] LiveUpdateForge: EndTurn fallback flush
[2026-07-31T05:49:15.875Z] onEndTurn: naturalStop=false toolCalls=21 nudgeMsg=no
[2026-07-31T05:49:15.880Z] InitialReadForge.onBeforeSend: SKIP (fr=false syn=false hasRead=true)
[2026-07-31T05:49:23.302Z] LiveUpdateForge: EndTurn fallback flush
[2026-07-31T05:49:23.302Z] onEndTurn: naturalStop=undefined toolCalls=21 nudgeMsg=no
[2026-07-31T05:49:23.302Z] LiveUpdateForge: EndTurn fallback flush
[2026-07-31T05:49:23.303Z] onEndTurn: naturalStop=false toolCalls=21 nudgeMsg=no
[2026-07-31T05:49:24.986Z] LiveUpdateForge: AfterToolExec flush
[2026-07-31T05:49:24.987Z] LiveUpdateForge: AfterToolExec flush
[2026-07-31T05:49:25.012Z] InitialReadForge.onBeforeSend: SKIP (fr=true syn=false hasRead=true)
[2026-07-31T05:49:27.868Z] LiveUpdateForge: EndTurn fallback flush
[2026-07-31T05:49:27.868Z] onEndTurn: naturalStop=undefined toolCalls=23 nudgeMsg=no
[2026-07-31T05:49:27.869Z] LiveUpdateForge: EndTurn fallback flush
[2026-07-31T05:49:27.869Z] onEndTurn: naturalStop=false toolCalls=23 nudgeMsg=no
[2026-07-31T05:49:27.877Z] LiveUpdateForge: AfterToolExec flush
[2026-07-31T05:49:27.879Z] LiveUpdateForge: AfterToolExec flush
[2026-07-31T05:49:27.910Z] InitialReadForge.onBeforeSend: SKIP (fr=true syn=false hasRead=true)
[2026-07-31T05:50:37.172Z] LiveUpdateForge: EndTurn fallback flush
[2026-07-31T05:50:37.173Z] onEndTurn: naturalStop=undefined toolCalls=25 nudgeMsg=no
[2026-07-31T05:50:37.173Z] LiveUpdateForge: EndTurn fallback flush
[2026-07-31T05:50:37.174Z] onEndTurn: naturalStop=false toolCalls=25 nudgeMsg=no
[2026-07-31T05:50:37.953Z] LiveUpdateForge: AfterToolExec flush
[2026-07-31T05:50:37.991Z] InitialReadForge.onBeforeSend: SKIP (fr=true syn=false hasRead=true)
[2026-07-31T05:51:11.812Z] LiveUpdateForge: EndTurn fallback flush
[2026-07-31T05:51:11.813Z] onEndTurn: naturalStop=undefined toolCalls=26 nudgeMsg=no
[2026-07-31T05:51:11.813Z] LiveUpdateForge: EndTurn fallback flush
[2026-07-31T05:51:11.814Z] onEndTurn: naturalStop=false toolCalls=26 nudgeMsg=no
[2026-07-31T05:51:11.867Z] LiveUpdateForge: AfterToolExec flush
[2026-07-31T05:51:11.904Z] InitialReadForge.onBeforeSend: SKIP (fr=true syn=false hasRead=true)
[2026-07-31T05:51:14.021Z] LiveUpdateForge: EndTurn fallback flush
[2026-07-31T05:51:14.021Z] onEndTurn: naturalStop=undefined toolCalls=27 nudgeMsg=no
[2026-07-31T05:51:14.022Z] LiveUpdateForge: EndTurn fallback flush
[2026-07-31T05:51:14.022Z] onEndTurn: naturalStop=false toolCalls=27 nudgeMsg=no
[2026-07-31T05:51:27.757Z] LiveUpdateForge: AfterToolExec flush
[2026-07-31T05:51:27.796Z] InitialReadForge.onBeforeSend: SKIP (fr=true syn=false hasRead=true)
[2026-07-31T05:51:29.750Z] LiveUpdateForge: EndTurn fallback flush
[2026-07-31T05:51:29.750Z] onEndTurn: naturalStop=undefined toolCalls=28 nudgeMsg=no
[2026-07-31T05:51:29.751Z] LiveUpdateForge: EndTurn fallback flush
[2026-07-31T05:51:29.751Z] onEndTurn: naturalStop=false toolCalls=28 nudgeMsg=no
[2026-07-31T05:51:29.809Z] LiveUpdateForge: AfterToolExec flush
[2026-07-31T05:51:29.850Z] InitialReadForge.onBeforeSend: SKIP (fr=true syn=false hasRead=true)
[2026-07-31T05:51:32.476Z] LiveUpdateForge: EndTurn fallback flush
[2026-07-31T05:51:32.477Z] onEndTurn: naturalStop=undefined toolCalls=29 nudgeMsg=no
[2026-07-31T05:51:32.477Z] LiveUpdateForge: EndTurn fallback flush
[2026-07-31T05:51:32.478Z] onEndTurn: naturalStop=false toolCalls=29 nudgeMsg=no
[2026-07-31T05:51:32.571Z] LiveUpdateForge: AfterToolExec flush
[2026-07-31T05:51:32.608Z] InitialReadForge.onBeforeSend: SKIP (fr=true syn=false hasRead=true)
[2026-07-31T05:51:40.747Z] LiveUpdateForge: EndTurn fallback flush
[2026-07-31T05:51:40.748Z] onEndTurn: naturalStop=undefined toolCalls=30 nudgeMsg=no
[2026-07-31T05:51:40.748Z] LiveUpdateForge: EndTurn fallback flush
[2026-07-31T05:51:40.749Z] onEndTurn: naturalStop=false toolCalls=30 nudgeMsg=no
[2026-07-31T05:51:40.758Z] LiveUpdateForge: AfterToolExec flush
[2026-07-31T05:51:40.792Z] InitialReadForge.onBeforeSend: SKIP (fr=true syn=false hasRead=true)
[2026-07-31T05:52:13.841Z] LiveUpdateForge: EndTurn fallback flush
[2026-07-31T05:52:13.842Z] onEndTurn: naturalStop=undefined toolCalls=31 nudgeMsg=no
[2026-07-31T05:52:13.842Z] LiveUpdateForge: EndTurn fallback flush
[2026-07-31T05:52:13.843Z] onEndTurn: naturalStop=false toolCalls=31 nudgeMsg=no
[2026-07-31T05:52:13.874Z] LiveUpdateForge: AfterToolExec flush
[2026-07-31T05:52:13.908Z] InitialReadForge.onBeforeSend: SKIP (fr=true syn=false hasRead=true)
[2026-07-31T05:52:28.920Z] LiveUpdateForge: EndTurn fallback flush
[2026-07-31T05:52:28.920Z] onEndTurn: naturalStop=undefined toolCalls=32 nudgeMsg=no
[2026-07-31T05:52:28.921Z] LiveUpdateForge: EndTurn fallback flush
[2026-07-31T05:52:28.921Z] onEndTurn: naturalStop=false toolCalls=32 nudgeMsg=no
[2026-07-31T05:52:38.985Z] LiveUpdateForge: AfterToolExec flush
[2026-07-31T05:52:39.030Z] InitialReadForge.onBeforeSend: SKIP (fr=true syn=false hasRead=true)
[2026-07-31T05:52:42.926Z] LiveUpdateForge: EndTurn fallback flush
[2026-07-31T05:52:42.926Z] onEndTurn: naturalStop=undefined toolCalls=33 nudgeMsg=no
[2026-07-31T05:52:42.927Z] LiveUpdateForge: EndTurn fallback flush
[2026-07-31T05:52:42.927Z] onEndTurn: naturalStop=false toolCalls=33 nudgeMsg=no
[2026-07-31T05:52:42.992Z] LiveUpdateForge: AfterToolExec flush
[2026-07-31T05:52:43.033Z] InitialReadForge.onBeforeSend: SKIP (fr=true syn=false hasRead=true)
[2026-07-31T05:52:56.828Z] LiveUpdateForge: EndTurn fallback flush
[2026-07-31T05:52:56.828Z] onEndTurn: naturalStop=undefined toolCalls=34 nudgeMsg=no
[2026-07-31T05:52:56.828Z] LiveUpdateForge: EndTurn fallback flush
[2026-07-31T05:52:56.829Z] onEndTurn: naturalStop=false toolCalls=34 nudgeMsg=no
[2026-07-31T05:52:57.300Z] LiveUpdateForge: AfterToolExec flush
[2026-07-31T05:52:57.337Z] InitialReadForge.onBeforeSend: SKIP (fr=true syn=false hasRead=true)
[2026-07-31T05:52:59.697Z] LiveUpdateForge: EndTurn fallback flush
[2026-07-31T05:52:59.697Z] onEndTurn: naturalStop=undefined toolCalls=35 nudgeMsg=no
[2026-07-31T05:52:59.697Z] LiveUpdateForge: EndTurn fallback flush
[2026-07-31T05:52:59.698Z] onEndTurn: naturalStop=false toolCalls=35 nudgeMsg=no
[2026-07-31T05:52:59.745Z] LiveUpdateForge: AfterToolExec flush
[2026-07-31T05:52:59.788Z] InitialReadForge.onBeforeSend: SKIP (fr=true syn=false hasRead=true)
[2026-07-31T05:53:06.674Z] LiveUpdateForge: EndTurn fallback flush
[2026-07-31T05:53:06.674Z] onEndTurn: naturalStop=undefined toolCalls=36 nudgeMsg=no
[2026-07-31T05:53:06.675Z] LiveUpdateForge: EndTurn fallback flush
[2026-07-31T05:53:06.675Z] onEndTurn: naturalStop=false toolCalls=36 nudgeMsg=no
[2026-07-31T05:53:09.081Z] LiveUpdateForge: AfterToolExec flush
[2026-07-31T05:53:09.115Z] InitialReadForge.onBeforeSend: SKIP (fr=true syn=false hasRead=true)
[2026-07-31T05:53:16.410Z] LiveUpdateForge: EndTurn fallback flush
[2026-07-31T05:53:16.410Z] onEndTurn: naturalStop=undefined toolCalls=37 nudgeMsg=no
[2026-07-31T05:53:16.411Z] LiveUpdateForge: EndTurn fallback flush
[2026-07-31T05:53:16.411Z] onEndTurn: naturalStop=false toolCalls=37 nudgeMsg=no
[2026-07-31T05:53:16.428Z] LiveUpdateForge: AfterToolExec flush
[2026-07-31T05:53:16.465Z] InitialReadForge.onBeforeSend: SKIP (fr=true syn=false hasRead=true)
[2026-07-31T05:53:38.868Z] LiveUpdateForge: EndTurn fallback flush
[2026-07-31T05:53:38.868Z] onEndTurn: naturalStop=undefined toolCalls=38 nudgeMsg=no
[2026-07-31T05:53:38.869Z] LiveUpdateForge: EndTurn fallback flush
[2026-07-31T05:53:38.869Z] onEndTurn: naturalStop=false toolCalls=38 nudgeMsg=no
[2026-07-31T05:53:38.879Z] LiveUpdateForge: AfterToolExec flush
[2026-07-31T05:53:38.918Z] InitialReadForge.onBeforeSend: SKIP (fr=true syn=false hasRead=true)
[2026-07-31T05:53:41.348Z] LiveUpdateForge: EndTurn fallback flush
[2026-07-31T05:53:41.348Z] onEndTurn: naturalStop=undefined toolCalls=39 nudgeMsg=no
[2026-07-31T05:53:41.349Z] LiveUpdateForge: EndTurn fallback flush
[2026-07-31T05:53:41.349Z] onEndTurn: naturalStop=false toolCalls=39 nudgeMsg=no
[2026-07-31T05:53:41.800Z] LiveUpdateForge: AfterToolExec flush
[2026-07-31T05:53:41.844Z] InitialReadForge.onBeforeSend: SKIP (fr=true syn=false hasRead=true)
[2026-07-31T05:54:12.121Z] LiveUpdateForge: EndTurn fallback flush
[2026-07-31T05:54:12.121Z] onEndTurn: naturalStop=undefined toolCalls=40 nudgeMsg=no
[2026-07-31T05:54:12.121Z] LiveUpdateForge: EndTurn fallback flush
[2026-07-31T05:54:12.122Z] onEndTurn: naturalStop=false toolCalls=40 nudgeMsg=no
[2026-07-31T05:54:12.288Z] LiveUpdateForge: AfterToolExec flush
[2026-07-31T05:54:12.328Z] InitialReadForge.onBeforeSend: SKIP (fr=true syn=false hasRead=true)
[2026-07-31T05:55:03.724Z] LiveUpdateForge: EndTurn fallback flush
[2026-07-31T05:55:03.725Z] onEndTurn: naturalStop=undefined toolCalls=41 nudgeMsg=no
[2026-07-31T05:55:03.725Z] LiveUpdateForge: EndTurn fallback flush
[2026-07-31T05:55:03.725Z] onEndTurn: naturalStop=false toolCalls=41 nudgeMsg=no
[2026-07-31T05:55:06.204Z] LiveUpdateForge: AfterToolExec flush
[2026-07-31T05:55:06.236Z] InitialReadForge.onBeforeSend: SKIP (fr=true syn=false hasRead=true)
[2026-07-31T05:55:36.403Z] LiveUpdateForge: EndTurn fallback flush
[2026-07-31T05:55:36.403Z] onEndTurn: naturalStop=undefined toolCalls=42 nudgeMsg=no
[2026-07-31T05:55:36.404Z] LiveUpdateForge: EndTurn fallback flush
[2026-07-31T05:55:36.404Z] onEndTurn: naturalStop=false toolCalls=42 nudgeMsg=no
[2026-07-31T05:55:37.165Z] LiveUpdateForge: AfterToolExec flush
[2026-07-31T05:55:37.201Z] InitialReadForge.onBeforeSend: SKIP (fr=true syn=false hasRead=true)
[2026-07-31T05:56:25.302Z] LiveUpdateForge: EndTurn fallback flush
[2026-07-31T05:56:25.303Z] onEndTurn: naturalStop=undefined toolCalls=43 nudgeMsg=no
[2026-07-31T05:56:25.303Z] LiveUpdateForge: EndTurn fallback flush
[2026-07-31T05:56:25.303Z] onEndTurn: naturalStop=false toolCalls=43 nudgeMsg=no
[2026-07-31T05:56:26.535Z] LiveUpdateForge: AfterToolExec flush
[2026-07-31T05:56:26.571Z] InitialReadForge.onBeforeSend: SKIP (fr=true syn=false hasRead=true)
[2026-07-31T05:56:30.408Z] LiveUpdateForge: EndTurn fallback flush
[2026-07-31T05:56:30.408Z] onEndTurn: naturalStop=undefined toolCalls=44 nudgeMsg=no
[2026-07-31T05:56:30.409Z] LiveUpdateForge: EndTurn fallback flush
[2026-07-31T05:56:30.409Z] onEndTurn: naturalStop=false toolCalls=44 nudgeMsg=no
[2026-07-31T05:56:33.103Z] LiveUpdateForge: AfterToolExec flush
[2026-07-31T05:56:33.261Z] InitialReadForge.onBeforeSend: SKIP (fr=true syn=false hasRead=true)
[2026-07-31T05:57:15.696Z] LiveUpdateForge: EndTurn fallback flush
[2026-07-31T05:57:15.697Z] onEndTurn: naturalStop=undefined toolCalls=45 nudgeMsg=no
[2026-07-31T05:57:15.698Z] LiveUpdateForge: EndTurn fallback flush
[2026-07-31T05:57:15.698Z] onEndTurn: naturalStop=false toolCalls=45 nudgeMsg=no
[2026-07-31T05:57:16.192Z] LiveUpdateForge: AfterToolExec flush
[2026-07-31T05:57:16.228Z] InitialReadForge.onBeforeSend: SKIP (fr=true syn=false hasRead=true)
[2026-07-31T05:57:36.294Z] LiveUpdateForge: EndTurn fallback flush
[2026-07-31T05:57:36.295Z] onEndTurn: naturalStop=undefined toolCalls=46 nudgeMsg=no
[2026-07-31T05:57:36.295Z] LiveUpdateForge: EndTurn fallback flush
[2026-07-31T05:57:36.295Z] onEndTurn: naturalStop=true toolCalls=46 nudgeMsg=no
[2026-07-31T06:06:04.353Z] MemoryForge: attached 5 listener(s)
[2026-07-31T06:06:04.353Z] InitialReadForge: armed one-shot BeforeSend after NewSessionStart
[2026-07-31T06:06:04.353Z] LiveUpdateForge: session reset, allowLiveUpdate = false
[2026-07-31T06:06:04.567Z] LiveUpdateForge: session reset, allowLiveUpdate = false
[2026-07-31T06:06:04.602Z] ResumeDiffForge: running checkResumeConsistency
[2026-07-31T06:06:04.603Z] checkResumeConsistency: forgedTimestamps=[]
[2026-07-31T06:06:04.615Z] checkResumeConsistency: no changes detected
[2026-07-31T06:06:04.615Z] LiveUpdateForge: session reset, allowLiveUpdate = false
[2026-07-31T06:06:04.615Z] NudgeForge: ResumeComplete — restoring count from history
[2026-07-31T06:06:04.617Z] restoreNudgeCountFromHistory: found last write at idx=151 count=46
[2026-07-31T06:06:05.148Z] ResumeDiffForge: running checkResumeConsistency
[2026-07-31T06:06:05.149Z] checkResumeConsistency: forgedTimestamps=[]
[2026-07-31T06:06:05.158Z] checkResumeConsistency: no changes detected
[2026-07-31T06:06:05.159Z] LiveUpdateForge: session reset, allowLiveUpdate = false
[2026-07-31T06:06:05.159Z] NudgeForge: ResumeComplete — restoring count from history
[2026-07-31T06:06:05.162Z] restoreNudgeCountFromHistory: found last write at idx=151 count=46
[2026-07-31T06:06:05.310Z] ResumeDiffForge: running checkResumeConsistency
[2026-07-31T06:06:05.311Z] checkResumeConsistency: forgedTimestamps=[]
[2026-07-31T06:06:05.319Z] checkResumeConsistency: no changes detected
[2026-07-31T06:06:05.320Z] LiveUpdateForge: session reset, allowLiveUpdate = false
[2026-07-31T06:06:05.320Z] NudgeForge: ResumeComplete — restoring count from history
[2026-07-31T06:06:05.321Z] restoreNudgeCountFromHistory: found last write at idx=151 count=46
[2026-07-31T06:06:05.645Z] MemoryForge: attached 5 listener(s)
[2026-07-31T06:06:05.645Z] InitialReadForge: armed one-shot BeforeSend after NewSessionStart
[2026-07-31T06:06:05.645Z] LiveUpdateForge: session reset, allowLiveUpdate = false
[2026-07-31T06:06:05.653Z] MemoryForge: detached all listeners
[2026-07-31T06:06:05.654Z] ResumeDiffForge: running checkResumeConsistency
[2026-07-31T06:06:05.655Z] checkResumeConsistency: forgedTimestamps=[]
[2026-07-31T06:06:05.689Z] checkResumeConsistency: no changes detected
[2026-07-31T06:06:05.690Z] LiveUpdateForge: session reset, allowLiveUpdate = false
[2026-07-31T06:06:05.690Z] NudgeForge: ResumeComplete — restoring count from history
[2026-07-31T06:06:05.690Z] restoreNudgeCountFromHistory: found last write at idx=151 count=46
[2026-07-31T06:06:05.720Z] LiveUpdateForge: allowLiveUpdate = true (first real BeforeSend)
[2026-07-31T06:06:05.721Z] InitialReadForge.onBeforeSend: SKIP (fr=false syn=false hasRead=true)
[2026-07-31T06:07:06.163Z] LiveUpdateForge: EndTurn fallback flush
[2026-07-31T06:07:06.163Z] onEndTurn: naturalStop=undefined toolCalls=46 nudgeMsg=no
[2026-07-31T06:07:06.164Z] LiveUpdateForge: EndTurn fallback flush
[2026-07-31T06:07:06.164Z] onEndTurn: naturalStop=false toolCalls=46 nudgeMsg=no
[2026-07-31T06:07:06.194Z] LiveUpdateForge: AfterToolExec flush
[2026-07-31T06:07:06.232Z] InitialReadForge.onBeforeSend: SKIP (fr=true syn=false hasRead=true)
[2026-07-31T06:07:11.346Z] LiveUpdateForge: EndTurn fallback flush
[2026-07-31T06:07:11.347Z] onEndTurn: naturalStop=undefined toolCalls=47 nudgeMsg=no
[2026-07-31T06:07:11.347Z] LiveUpdateForge: EndTurn fallback flush
[2026-07-31T06:07:11.348Z] onEndTurn: naturalStop=false toolCalls=47 nudgeMsg=no
[2026-07-31T06:07:11.937Z] LiveUpdateForge: AfterToolExec flush
[2026-07-31T06:07:11.968Z] InitialReadForge.onBeforeSend: SKIP (fr=true syn=false hasRead=true)
[2026-07-31T06:07:15.087Z] LiveUpdateForge: EndTurn fallback flush
[2026-07-31T06:07:15.087Z] onEndTurn: naturalStop=undefined toolCalls=48 nudgeMsg=no
[2026-07-31T06:07:15.087Z] LiveUpdateForge: EndTurn fallback flush
[2026-07-31T06:07:15.088Z] onEndTurn: naturalStop=false toolCalls=48 nudgeMsg=no
[2026-07-31T06:07:15.120Z] LiveUpdateForge: AfterToolExec flush
[2026-07-31T06:07:15.151Z] InitialReadForge.onBeforeSend: SKIP (fr=true syn=false hasRead=true)
[2026-07-31T06:07:36.967Z] LiveUpdateForge: EndTurn fallback flush
[2026-07-31T06:07:36.968Z] onEndTurn: naturalStop=undefined toolCalls=49 nudgeMsg=no
[2026-07-31T06:07:36.968Z] LiveUpdateForge: EndTurn fallback flush
[2026-07-31T06:07:36.969Z] onEndTurn: naturalStop=false toolCalls=49 nudgeMsg=no
[2026-07-31T06:07:40.389Z] LiveUpdateForge: AfterToolExec flush
[2026-07-31T06:07:40.425Z] InitialReadForge.onBeforeSend: SKIP (fr=true syn=false hasRead=true)
[2026-07-31T06:08:01.164Z] LiveUpdateForge: EndTurn fallback flush
[2026-07-31T06:08:01.164Z] onEndTurn: naturalStop=undefined toolCalls=50 nudgeMsg=no
[2026-07-31T06:08:01.165Z] LiveUpdateForge: EndTurn fallback flush
[2026-07-31T06:08:01.165Z] onEndTurn: naturalStop=false toolCalls=50 nudgeMsg=no
[2026-07-31T06:08:07.699Z] LiveUpdateForge: AfterToolExec flush
[2026-07-31T06:08:07.731Z] InitialReadForge.onBeforeSend: SKIP (fr=true syn=false hasRead=true)
[2026-07-31T06:08:16.483Z] MemoryForge: attached 5 listener(s)
[2026-07-31T06:08:16.483Z] InitialReadForge: armed one-shot BeforeSend after NewSessionStart
[2026-07-31T06:08:16.483Z] LiveUpdateForge: session reset, allowLiveUpdate = false
[2026-07-31T06:08:16.674Z] LiveUpdateForge: session reset, allowLiveUpdate = false
[2026-07-31T06:08:16.722Z] ResumeDiffForge: running checkResumeConsistency
[2026-07-31T06:08:16.723Z] checkResumeConsistency: forgedTimestamps=[["project","1970-01-01T00:00:00.000Z"]]
[2026-07-31T06:08:16.733Z] checkResumeConsistency: injecting 1 diff notification(s)
[2026-07-31T06:08:16.734Z] injectForgedHistory: role=user preview="[agent-auto] [memory-update 2026-07-31 13:42:15] project memory file has been mo"
[2026-07-31T06:08:16.735Z] injectForgedHistory: recordMessage persisted
[2026-07-31T06:08:16.735Z] LiveUpdateForge: session reset, allowLiveUpdate = false
[2026-07-31T06:08:16.736Z] NudgeForge: ResumeComplete — restoring count from history
[2026-07-31T06:08:16.736Z] restoreNudgeCountFromHistory: found last write at idx=174 count=0
[2026-07-31T06:08:17.145Z] ResumeDiffForge: running checkResumeConsistency
[2026-07-31T06:08:17.146Z] checkResumeConsistency: forgedTimestamps=[["project","1970-01-01T00:00:00.000Z"]]
[2026-07-31T06:08:17.152Z] checkResumeConsistency: injecting 1 diff notification(s)
[2026-07-31T06:08:17.153Z] injectForgedHistory: role=user preview="[agent-auto] [memory-update 2026-07-31 13:42:15] project memory file has been mo"
[2026-07-31T06:08:17.194Z] injectForgedHistory: recordMessage persisted
[2026-07-31T06:08:17.194Z] LiveUpdateForge: session reset, allowLiveUpdate = false
[2026-07-31T06:08:17.194Z] NudgeForge: ResumeComplete — restoring count from history
[2026-07-31T06:08:17.195Z] restoreNudgeCountFromHistory: found last write at idx=174 count=0
[2026-07-31T06:08:17.326Z] ResumeDiffForge: running checkResumeConsistency
[2026-07-31T06:08:17.327Z] checkResumeConsistency: forgedTimestamps=[["project","1970-01-01T00:00:00.000Z"]]
[2026-07-31T06:08:17.334Z] checkResumeConsistency: injecting 1 diff notification(s)
[2026-07-31T06:08:17.334Z] injectForgedHistory: role=user preview="[agent-auto] [memory-update 2026-07-31 13:42:15] project memory file has been mo"
[2026-07-31T06:08:17.363Z] injectForgedHistory: recordMessage persisted
[2026-07-31T06:08:17.363Z] LiveUpdateForge: session reset, allowLiveUpdate = false
[2026-07-31T06:08:17.364Z] NudgeForge: ResumeComplete — restoring count from history
[2026-07-31T06:08:17.364Z] restoreNudgeCountFromHistory: found last write at idx=174 count=0
[2026-07-31T06:08:17.664Z] MemoryForge: attached 5 listener(s)
[2026-07-31T06:08:17.665Z] InitialReadForge: armed one-shot BeforeSend after NewSessionStart
[2026-07-31T06:08:17.665Z] LiveUpdateForge: session reset, allowLiveUpdate = false
[2026-07-31T06:08:17.672Z] MemoryForge: detached all listeners
[2026-07-31T06:08:17.672Z] ResumeDiffForge: running checkResumeConsistency
[2026-07-31T06:08:17.673Z] checkResumeConsistency: forgedTimestamps=[["project","1970-01-01T00:00:00.000Z"]]
[2026-07-31T06:08:17.708Z] checkResumeConsistency: injecting 1 diff notification(s)
[2026-07-31T06:08:17.709Z] injectForgedHistory: role=user preview="[agent-auto] [memory-update 2026-07-31 13:42:15] project memory file has been mo"
[2026-07-31T06:08:17.738Z] injectForgedHistory: recordMessage persisted
[2026-07-31T06:08:17.739Z] LiveUpdateForge: session reset, allowLiveUpdate = false
[2026-07-31T06:08:17.739Z] NudgeForge: ResumeComplete — restoring count from history
[2026-07-31T06:08:17.739Z] restoreNudgeCountFromHistory: found last write at idx=174 count=0
[2026-07-31T06:08:17.762Z] LiveUpdateForge: allowLiveUpdate = true (first real BeforeSend)
[2026-07-31T06:08:17.762Z] InitialReadForge.onBeforeSend: SKIP (fr=false syn=false hasRead=true)
[2026-07-31T06:08:23.370Z] LiveUpdateForge: EndTurn fallback flush
[2026-07-31T06:08:23.370Z] onEndTurn: naturalStop=undefined toolCalls=51 nudgeMsg=no
[2026-07-31T06:08:23.371Z] LiveUpdateForge: EndTurn fallback flush
[2026-07-31T06:08:23.371Z] onEndTurn: naturalStop=false toolCalls=51 nudgeMsg=no
[2026-07-31T06:08:23.981Z] LiveUpdateForge: AfterToolExec flush
[2026-07-31T06:08:24.012Z] InitialReadForge.onBeforeSend: SKIP (fr=true syn=false hasRead=true)
[2026-07-31T06:08:29.652Z] LiveUpdateForge: EndTurn fallback flush
[2026-07-31T06:08:29.652Z] onEndTurn: naturalStop=undefined toolCalls=0 nudgeMsg=no
[2026-07-31T06:08:29.653Z] LiveUpdateForge: EndTurn fallback flush
[2026-07-31T06:08:29.654Z] onEndTurn: naturalStop=false toolCalls=0 nudgeMsg=no
[2026-07-31T06:08:29.777Z] LiveUpdateForge: AfterToolExec flush
[2026-07-31T06:08:37.692Z] LiveUpdateForge: EndTurn fallback flush
[2026-07-31T06:08:37.693Z] onEndTurn: naturalStop=undefined toolCalls=52 nudgeMsg=no
[2026-07-31T06:08:37.693Z] LiveUpdateForge: EndTurn fallback flush
[2026-07-31T06:08:37.694Z] onEndTurn: naturalStop=false toolCalls=52 nudgeMsg=no
[2026-07-31T06:08:38.250Z] LiveUpdateForge: AfterToolExec flush
[2026-07-31T06:08:38.285Z] InitialReadForge.onBeforeSend: SKIP (fr=true syn=false hasRead=true)
[2026-07-31T06:08:48.758Z] LiveUpdateForge: EndTurn fallback flush
[2026-07-31T06:08:48.758Z] onEndTurn: naturalStop=undefined toolCalls=53 nudgeMsg=no
[2026-07-31T06:08:48.759Z] LiveUpdateForge: EndTurn fallback flush
[2026-07-31T06:08:48.759Z] onEndTurn: naturalStop=true toolCalls=0 nudgeMsg=YES
[2026-07-31T06:08:48.762Z] InitialReadForge.onBeforeSend: SKIP (fr=false syn=false hasRead=true)
[2026-07-31T06:09:04.724Z] LiveUpdateForge: EndTurn fallback flush
[2026-07-31T06:09:04.725Z] onEndTurn: naturalStop=undefined toolCalls=0 nudgeMsg=no
[2026-07-31T06:09:04.725Z] LiveUpdateForge: EndTurn fallback flush
[2026-07-31T06:09:04.725Z] onEndTurn: naturalStop=false toolCalls=0 nudgeMsg=no
[2026-07-31T06:09:04.739Z] LiveUpdateForge: self-write on D:\unity\mowang\CODELY.md, baseline aligned
[2026-07-31T06:09:04.740Z] LiveUpdateForge: AfterToolExec flush
[2026-07-31T06:09:04.756Z] LiveUpdateForge: self-write on D:\unity\mowang\CODELY.md, baseline aligned
[2026-07-31T06:09:04.757Z] LiveUpdateForge: AfterToolExec flush
[2026-07-31T06:09:04.773Z] LiveUpdateForge: self-write on D:\unity\mowang\CODELY.md, baseline aligned
[2026-07-31T06:09:04.773Z] LiveUpdateForge: AfterToolExec flush
[2026-07-31T06:09:04.805Z] InitialReadForge.onBeforeSend: SKIP (fr=true syn=false hasRead=true)
[2026-07-31T06:09:05.292Z] LiveUpdateForge: pending external change on D:\unity\mowang\CODELY.md
[2026-07-31T06:09:24.590Z] LiveUpdateForge: AfterToolExec flush
[2026-07-31T06:09:24.592Z] LiveUpdateForge: enqueuing 1 diff notification(s)
[2026-07-31T06:09:24.640Z] InitialReadForge.onBeforeSend: SKIP (fr=true syn=false hasRead=true)
[2026-07-31T06:09:33.623Z] LiveUpdateForge: EndTurn fallback flush
[2026-07-31T06:09:33.624Z] onEndTurn: naturalStop=undefined toolCalls=2 nudgeMsg=no
[2026-07-31T06:09:33.624Z] LiveUpdateForge: EndTurn fallback flush
[2026-07-31T06:09:33.624Z] onEndTurn: naturalStop=false toolCalls=2 nudgeMsg=no
[2026-07-31T06:09:33.639Z] LiveUpdateForge: AfterToolExec flush
[2026-07-31T06:09:33.673Z] InitialReadForge.onBeforeSend: SKIP (fr=true syn=false hasRead=true)
[2026-07-31T06:09:40.978Z] LiveUpdateForge: EndTurn fallback flush
[2026-07-31T06:09:40.978Z] onEndTurn: naturalStop=undefined toolCalls=3 nudgeMsg=no
[2026-07-31T06:09:40.979Z] LiveUpdateForge: EndTurn fallback flush
[2026-07-31T06:09:40.979Z] onEndTurn: naturalStop=false toolCalls=3 nudgeMsg=no
[2026-07-31T06:09:40.986Z] LiveUpdateForge: AfterToolExec flush
[2026-07-31T06:09:41.017Z] InitialReadForge.onBeforeSend: SKIP (fr=true syn=false hasRead=true)
[2026-07-31T06:09:44.309Z] LiveUpdateForge: EndTurn fallback flush
[2026-07-31T06:09:44.309Z] onEndTurn: naturalStop=undefined toolCalls=4 nudgeMsg=no
[2026-07-31T06:09:44.310Z] LiveUpdateForge: EndTurn fallback flush
[2026-07-31T06:09:44.310Z] onEndTurn: naturalStop=false toolCalls=4 nudgeMsg=no
[2026-07-31T06:09:44.318Z] LiveUpdateForge: AfterToolExec flush
[2026-07-31T06:09:44.351Z] InitialReadForge.onBeforeSend: SKIP (fr=true syn=false hasRead=true)
[2026-07-31T06:09:44.594Z] LiveUpdateForge: EndTurn fallback flush
[2026-07-31T06:09:44.594Z] onEndTurn: naturalStop=undefined toolCalls=0 nudgeMsg=no
[2026-07-31T06:09:44.594Z] LiveUpdateForge: EndTurn fallback flush
[2026-07-31T06:09:44.595Z] onEndTurn: naturalStop=false toolCalls=0 nudgeMsg=no
[2026-07-31T06:09:44.602Z] LiveUpdateForge: self-write on D:\unity\mowang\CODELY.md, baseline aligned
[2026-07-31T06:09:44.604Z] LiveUpdateForge: AfterToolExec flush
[2026-07-31T06:09:44.634Z] InitialReadForge.onBeforeSend: SKIP (fr=true syn=false hasRead=true)
[2026-07-31T06:09:45.126Z] LiveUpdateForge: pending external change on D:\unity\mowang\CODELY.md
[2026-07-31T06:09:50.475Z] LiveUpdateForge: EndTurn fallback flush
[2026-07-31T06:09:50.477Z] LiveUpdateForge: enqueuing 1 diff notification(s)
[2026-07-31T06:09:50.477Z] onEndTurn: naturalStop=undefined toolCalls=5 nudgeMsg=no
[2026-07-31T06:09:50.477Z] LiveUpdateForge: EndTurn fallback flush
[2026-07-31T06:09:50.478Z] onEndTurn: naturalStop=false toolCalls=5 nudgeMsg=no
[2026-07-31T06:09:50.560Z] LiveUpdateForge: AfterToolExec flush
[2026-07-31T06:09:50.596Z] InitialReadForge.onBeforeSend: SKIP (fr=true syn=false hasRead=true)
[2026-07-31T06:09:50.960Z] LiveUpdateForge: EndTurn fallback flush
[2026-07-31T06:09:50.961Z] onEndTurn: naturalStop=undefined toolCalls=0 nudgeMsg=no
[2026-07-31T06:09:50.961Z] LiveUpdateForge: EndTurn fallback flush
[2026-07-31T06:09:50.962Z] onEndTurn: naturalStop=true toolCalls=0 nudgeMsg=no
[2026-07-31T06:09:54.188Z] LiveUpdateForge: EndTurn fallback flush
[2026-07-31T06:09:54.189Z] onEndTurn: naturalStop=undefined toolCalls=6 nudgeMsg=no
[2026-07-31T06:09:54.189Z] LiveUpdateForge: EndTurn fallback flush
[2026-07-31T06:09:54.189Z] onEndTurn: naturalStop=false toolCalls=6 nudgeMsg=no
[2026-07-31T06:09:54.213Z] LiveUpdateForge: AfterToolExec flush
[2026-07-31T06:09:54.251Z] InitialReadForge.onBeforeSend: SKIP (fr=true syn=false hasRead=true)
[2026-07-31T06:09:59.514Z] LiveUpdateForge: EndTurn fallback flush
[2026-07-31T06:09:59.515Z] onEndTurn: naturalStop=undefined toolCalls=7 nudgeMsg=no
[2026-07-31T06:09:59.515Z] LiveUpdateForge: EndTurn fallback flush
[2026-07-31T06:09:59.515Z] onEndTurn: naturalStop=false toolCalls=7 nudgeMsg=no
[2026-07-31T06:09:59.535Z] LiveUpdateForge: AfterToolExec flush
[2026-07-31T06:09:59.576Z] InitialReadForge.onBeforeSend: SKIP (fr=true syn=false hasRead=true)
[2026-07-31T06:10:02.825Z] LiveUpdateForge: EndTurn fallback flush
[2026-07-31T06:10:02.825Z] onEndTurn: naturalStop=undefined toolCalls=8 nudgeMsg=no
[2026-07-31T06:10:02.826Z] LiveUpdateForge: EndTurn fallback flush
[2026-07-31T06:10:02.826Z] onEndTurn: naturalStop=false toolCalls=8 nudgeMsg=no
[2026-07-31T06:10:18.133Z] LiveUpdateForge: AfterToolExec flush
[2026-07-31T06:10:18.183Z] InitialReadForge.onBeforeSend: SKIP (fr=true syn=false hasRead=true)
[2026-07-31T06:10:23.602Z] LiveUpdateForge: EndTurn fallback flush
[2026-07-31T06:10:23.603Z] onEndTurn: naturalStop=undefined toolCalls=9 nudgeMsg=no
[2026-07-31T06:10:23.603Z] LiveUpdateForge: EndTurn fallback flush
[2026-07-31T06:10:23.604Z] onEndTurn: naturalStop=false toolCalls=9 nudgeMsg=no
[2026-07-31T06:10:24.191Z] LiveUpdateForge: AfterToolExec flush
[2026-07-31T06:10:24.242Z] InitialReadForge.onBeforeSend: SKIP (fr=true syn=false hasRead=true)
[2026-07-31T06:10:27.036Z] LiveUpdateForge: EndTurn fallback flush
[2026-07-31T06:10:27.037Z] onEndTurn: naturalStop=undefined toolCalls=10 nudgeMsg=no
[2026-07-31T06:10:27.037Z] LiveUpdateForge: EndTurn fallback flush
[2026-07-31T06:10:27.038Z] onEndTurn: naturalStop=false toolCalls=10 nudgeMsg=no
[2026-07-31T06:10:27.532Z] LiveUpdateForge: AfterToolExec flush
[2026-07-31T06:10:27.569Z] InitialReadForge.onBeforeSend: SKIP (fr=true syn=false hasRead=true)
[2026-07-31T06:10:32.303Z] LiveUpdateForge: EndTurn fallback flush
[2026-07-31T06:10:32.303Z] onEndTurn: naturalStop=undefined toolCalls=11 nudgeMsg=no
[2026-07-31T06:10:32.304Z] LiveUpdateForge: EndTurn fallback flush
[2026-07-31T06:10:32.304Z] onEndTurn: naturalStop=false toolCalls=11 nudgeMsg=no
[2026-07-31T06:10:33.063Z] LiveUpdateForge: AfterToolExec flush
[2026-07-31T06:10:33.103Z] InitialReadForge.onBeforeSend: SKIP (fr=true syn=false hasRead=true)
[2026-07-31T06:10:37.200Z] LiveUpdateForge: EndTurn fallback flush
[2026-07-31T06:10:37.200Z] onEndTurn: naturalStop=undefined toolCalls=12 nudgeMsg=no
[2026-07-31T06:10:37.201Z] LiveUpdateForge: EndTurn fallback flush
[2026-07-31T06:10:37.201Z] onEndTurn: naturalStop=false toolCalls=12 nudgeMsg=no
[2026-07-31T06:10:37.252Z] LiveUpdateForge: AfterToolExec flush
[2026-07-31T06:10:37.285Z] InitialReadForge.onBeforeSend: SKIP (fr=true syn=false hasRead=true)
[2026-07-31T06:10:39.365Z] LiveUpdateForge: EndTurn fallback flush
[2026-07-31T06:10:39.366Z] onEndTurn: naturalStop=undefined toolCalls=13 nudgeMsg=no
[2026-07-31T06:10:39.366Z] LiveUpdateForge: EndTurn fallback flush
[2026-07-31T06:10:39.366Z] onEndTurn: naturalStop=false toolCalls=13 nudgeMsg=no
[2026-07-31T06:10:39.410Z] LiveUpdateForge: AfterToolExec flush
[2026-07-31T06:10:39.445Z] InitialReadForge.onBeforeSend: SKIP (fr=true syn=false hasRead=true)
[2026-07-31T06:10:43.362Z] LiveUpdateForge: EndTurn fallback flush
[2026-07-31T06:10:43.362Z] onEndTurn: naturalStop=undefined toolCalls=14 nudgeMsg=no
[2026-07-31T06:10:43.362Z] LiveUpdateForge: EndTurn fallback flush
[2026-07-31T06:10:43.363Z] onEndTurn: naturalStop=false toolCalls=14 nudgeMsg=no
[2026-07-31T06:10:43.995Z] LiveUpdateForge: AfterToolExec flush
[2026-07-31T06:10:44.035Z] InitialReadForge.onBeforeSend: SKIP (fr=true syn=false hasRead=true)
[2026-07-31T06:10:48.263Z] LiveUpdateForge: EndTurn fallback flush
[2026-07-31T06:10:48.264Z] onEndTurn: naturalStop=undefined toolCalls=15 nudgeMsg=no
[2026-07-31T06:10:48.264Z] LiveUpdateForge: EndTurn fallback flush
[2026-07-31T06:10:48.264Z] onEndTurn: naturalStop=false toolCalls=15 nudgeMsg=no
[2026-07-31T06:10:48.294Z] LiveUpdateForge: AfterToolExec flush
[2026-07-31T06:10:48.324Z] InitialReadForge.onBeforeSend: SKIP (fr=true syn=false hasRead=true)
[2026-07-31T06:10:52.141Z] LiveUpdateForge: EndTurn fallback flush
[2026-07-31T06:10:52.141Z] onEndTurn: naturalStop=undefined toolCalls=16 nudgeMsg=no
[2026-07-31T06:10:52.142Z] LiveUpdateForge: EndTurn fallback flush
[2026-07-31T06:10:52.142Z] onEndTurn: naturalStop=false toolCalls=16 nudgeMsg=no
[2026-07-31T06:10:52.181Z] LiveUpdateForge: AfterToolExec flush
[2026-07-31T06:10:52.225Z] InitialReadForge.onBeforeSend: SKIP (fr=true syn=false hasRead=true)
[2026-07-31T06:10:57.844Z] LiveUpdateForge: EndTurn fallback flush
[2026-07-31T06:10:57.844Z] onEndTurn: naturalStop=undefined toolCalls=17 nudgeMsg=no
[2026-07-31T06:10:57.845Z] LiveUpdateForge: EndTurn fallback flush
[2026-07-31T06:10:57.845Z] onEndTurn: naturalStop=false toolCalls=17 nudgeMsg=no
[2026-07-31T06:11:05.190Z] LiveUpdateForge: AfterToolExec flush
[2026-07-31T06:11:05.230Z] InitialReadForge.onBeforeSend: SKIP (fr=true syn=false hasRead=true)
[2026-07-31T06:11:09.199Z] LiveUpdateForge: EndTurn fallback flush
[2026-07-31T06:11:09.199Z] onEndTurn: naturalStop=undefined toolCalls=18 nudgeMsg=no
[2026-07-31T06:11:09.200Z] LiveUpdateForge: EndTurn fallback flush
[2026-07-31T06:11:09.200Z] onEndTurn: naturalStop=true toolCalls=18 nudgeMsg=no
[2026-07-31T06:12:45.341Z] ResumeDiffForge: running checkResumeConsistency
[2026-07-31T06:12:45.341Z] checkResumeConsistency: forgedTimestamps=[["project","1970-01-01T00:00:00.000Z"]]
[2026-07-31T06:12:45.350Z] checkResumeConsistency: injecting 1 diff notification(s)
[2026-07-31T06:12:45.351Z] injectForgedHistory: role=user preview="[agent-auto] [memory-update 2026-07-31 14:09:44] project memory file has been mo"
[2026-07-31T06:12:45.378Z] injectForgedHistory: recordMessage persisted
[2026-07-31T06:12:45.380Z] LiveUpdateForge: session reset, allowLiveUpdate = false
[2026-07-31T06:12:45.380Z] NudgeForge: ResumeComplete — restoring count from history
[2026-07-31T06:12:45.381Z] restoreNudgeCountFromHistory: found last write at idx=174 count=18
[2026-07-31T06:12:45.448Z] LiveUpdateForge: allowLiveUpdate = true (first real BeforeSend)
[2026-07-31T06:12:45.448Z] InitialReadForge.onBeforeSend: SKIP (fr=false syn=false hasRead=true)
[2026-07-31T06:12:56.600Z] LiveUpdateForge: EndTurn fallback flush
[2026-07-31T06:12:56.600Z] onEndTurn: naturalStop=undefined toolCalls=18 nudgeMsg=no
[2026-07-31T06:12:56.601Z] LiveUpdateForge: EndTurn fallback flush
[2026-07-31T06:12:56.601Z] onEndTurn: naturalStop=false toolCalls=18 nudgeMsg=no
[2026-07-31T06:13:13.455Z] LiveUpdateForge: AfterToolExec flush
[2026-07-31T06:13:13.493Z] InitialReadForge.onBeforeSend: SKIP (fr=true syn=false hasRead=true)
[2026-07-31T06:13:17.104Z] LiveUpdateForge: EndTurn fallback flush
[2026-07-31T06:13:17.104Z] onEndTurn: naturalStop=undefined toolCalls=19 nudgeMsg=no
[2026-07-31T06:13:17.105Z] LiveUpdateForge: EndTurn fallback flush
[2026-07-31T06:13:17.105Z] onEndTurn: naturalStop=false toolCalls=19 nudgeMsg=no
[2026-07-31T06:13:17.113Z] LiveUpdateForge: AfterToolExec flush
[2026-07-31T06:13:17.149Z] InitialReadForge.onBeforeSend: SKIP (fr=true syn=false hasRead=true)
[2026-07-31T06:13:20.641Z] LiveUpdateForge: EndTurn fallback flush
[2026-07-31T06:13:20.641Z] onEndTurn: naturalStop=undefined toolCalls=20 nudgeMsg=no
[2026-07-31T06:13:20.642Z] LiveUpdateForge: EndTurn fallback flush
[2026-07-31T06:13:20.642Z] onEndTurn: naturalStop=false toolCalls=20 nudgeMsg=no
[2026-07-31T06:13:20.650Z] LiveUpdateForge: AfterToolExec flush
[2026-07-31T06:13:20.686Z] InitialReadForge.onBeforeSend: SKIP (fr=true syn=false hasRead=true)
[2026-07-31T06:13:24.322Z] LiveUpdateForge: EndTurn fallback flush
[2026-07-31T06:13:24.322Z] onEndTurn: naturalStop=undefined toolCalls=21 nudgeMsg=no
[2026-07-31T06:13:24.323Z] LiveUpdateForge: EndTurn fallback flush
[2026-07-31T06:13:24.323Z] onEndTurn: naturalStop=false toolCalls=21 nudgeMsg=no
[2026-07-31T06:13:24.384Z] LiveUpdateForge: AfterToolExec flush
[2026-07-31T06:13:24.422Z] InitialReadForge.onBeforeSend: SKIP (fr=true syn=false hasRead=true)
[2026-07-31T06:13:27.887Z] LiveUpdateForge: EndTurn fallback flush
[2026-07-31T06:13:27.887Z] onEndTurn: naturalStop=undefined toolCalls=22 nudgeMsg=no
[2026-07-31T06:13:27.888Z] LiveUpdateForge: EndTurn fallback flush
[2026-07-31T06:13:27.888Z] onEndTurn: naturalStop=false toolCalls=22 nudgeMsg=no
[2026-07-31T06:13:27.912Z] LiveUpdateForge: AfterToolExec flush
[2026-07-31T06:13:27.950Z] InitialReadForge.onBeforeSend: SKIP (fr=true syn=false hasRead=true)
[2026-07-31T06:13:37.846Z] LiveUpdateForge: EndTurn fallback flush
[2026-07-31T06:13:37.846Z] onEndTurn: naturalStop=undefined toolCalls=23 nudgeMsg=no
[2026-07-31T06:13:37.847Z] LiveUpdateForge: EndTurn fallback flush
[2026-07-31T06:13:37.847Z] onEndTurn: naturalStop=false toolCalls=23 nudgeMsg=no
[2026-07-31T06:13:37.872Z] LiveUpdateForge: AfterToolExec flush
[2026-07-31T06:13:37.911Z] InitialReadForge.onBeforeSend: SKIP (fr=true syn=false hasRead=true)
[2026-07-31T06:13:39.801Z] LiveUpdateForge: EndTurn fallback flush
[2026-07-31T06:13:39.802Z] onEndTurn: naturalStop=undefined toolCalls=24 nudgeMsg=no
[2026-07-31T06:13:39.802Z] LiveUpdateForge: EndTurn fallback flush
[2026-07-31T06:13:39.802Z] onEndTurn: naturalStop=false toolCalls=24 nudgeMsg=no
[2026-07-31T06:13:40.243Z] LiveUpdateForge: AfterToolExec flush
[2026-07-31T06:13:40.293Z] InitialReadForge.onBeforeSend: SKIP (fr=true syn=false hasRead=true)
[2026-07-31T06:13:43.505Z] LiveUpdateForge: EndTurn fallback flush
[2026-07-31T06:13:43.505Z] onEndTurn: naturalStop=undefined toolCalls=25 nudgeMsg=no
[2026-07-31T06:13:43.506Z] LiveUpdateForge: EndTurn fallback flush
[2026-07-31T06:13:43.507Z] onEndTurn: naturalStop=false toolCalls=25 nudgeMsg=no
[2026-07-31T06:13:45.980Z] LiveUpdateForge: AfterToolExec flush
[2026-07-31T06:13:46.015Z] InitialReadForge.onBeforeSend: SKIP (fr=true syn=false hasRead=true)
[2026-07-31T06:13:48.122Z] LiveUpdateForge: EndTurn fallback flush
[2026-07-31T06:13:48.122Z] onEndTurn: naturalStop=undefined toolCalls=26 nudgeMsg=no
[2026-07-31T06:13:48.123Z] LiveUpdateForge: EndTurn fallback flush
[2026-07-31T06:13:48.123Z] onEndTurn: naturalStop=false toolCalls=26 nudgeMsg=no
[2026-07-31T06:13:57.984Z] LiveUpdateForge: AfterToolExec flush
[2026-07-31T06:13:58.043Z] InitialReadForge.onBeforeSend: SKIP (fr=true syn=false hasRead=true)
[2026-07-31T06:14:01.867Z] LiveUpdateForge: EndTurn fallback flush
[2026-07-31T06:14:01.868Z] onEndTurn: naturalStop=undefined toolCalls=27 nudgeMsg=no
[2026-07-31T06:14:01.868Z] LiveUpdateForge: EndTurn fallback flush
[2026-07-31T06:14:01.868Z] onEndTurn: naturalStop=true toolCalls=27 nudgeMsg=no
[2026-07-31T06:15:44.708Z] MemoryForge: attached 5 listener(s)
[2026-07-31T06:15:44.709Z] InitialReadForge: armed one-shot BeforeSend after NewSessionStart
[2026-07-31T06:15:44.711Z] LiveUpdateForge: session reset, allowLiveUpdate = false
[2026-07-31T06:15:45.006Z] LiveUpdateForge: session reset, allowLiveUpdate = false
[2026-07-31T06:15:45.043Z] ResumeDiffForge: running checkResumeConsistency
[2026-07-31T06:15:45.044Z] checkResumeConsistency: forgedTimestamps=[]
[2026-07-31T06:15:45.051Z] checkResumeConsistency: no changes detected
[2026-07-31T06:15:45.051Z] LiveUpdateForge: session reset, allowLiveUpdate = false
[2026-07-31T06:15:45.052Z] NudgeForge: ResumeComplete — restoring count from history
[2026-07-31T06:15:45.052Z] restoreNudgeCountFromHistory: found last write at idx=259 count=0
[2026-07-31T06:15:45.480Z] ResumeDiffForge: running checkResumeConsistency
[2026-07-31T06:15:45.480Z] checkResumeConsistency: forgedTimestamps=[]
[2026-07-31T06:15:45.489Z] checkResumeConsistency: no changes detected
[2026-07-31T06:15:45.489Z] LiveUpdateForge: session reset, allowLiveUpdate = false
[2026-07-31T06:15:45.490Z] NudgeForge: ResumeComplete — restoring count from history
[2026-07-31T06:15:45.490Z] restoreNudgeCountFromHistory: found last write at idx=259 count=0
[2026-07-31T06:15:45.629Z] ResumeDiffForge: running checkResumeConsistency
[2026-07-31T06:15:45.629Z] checkResumeConsistency: forgedTimestamps=[]
[2026-07-31T06:15:45.638Z] checkResumeConsistency: no changes detected
[2026-07-31T06:15:45.638Z] LiveUpdateForge: session reset, allowLiveUpdate = false
[2026-07-31T06:15:45.638Z] NudgeForge: ResumeComplete — restoring count from history
[2026-07-31T06:15:45.639Z] restoreNudgeCountFromHistory: found last write at idx=259 count=0
[2026-07-31T06:15:45.922Z] MemoryForge: attached 5 listener(s)
[2026-07-31T06:15:45.923Z] InitialReadForge: armed one-shot BeforeSend after NewSessionStart
[2026-07-31T06:15:45.923Z] LiveUpdateForge: session reset, allowLiveUpdate = false
[2026-07-31T06:15:45.930Z] MemoryForge: detached all listeners
[2026-07-31T06:15:45.931Z] ResumeDiffForge: running checkResumeConsistency
[2026-07-31T06:15:45.931Z] checkResumeConsistency: forgedTimestamps=[]
[2026-07-31T06:15:45.966Z] checkResumeConsistency: no changes detected
[2026-07-31T06:15:45.967Z] LiveUpdateForge: session reset, allowLiveUpdate = false
[2026-07-31T06:15:45.967Z] NudgeForge: ResumeComplete — restoring count from history
[2026-07-31T06:15:45.967Z] restoreNudgeCountFromHistory: found last write at idx=259 count=0
[2026-07-31T06:15:45.994Z] LiveUpdateForge: allowLiveUpdate = true (first real BeforeSend)
[2026-07-31T06:15:45.995Z] InitialReadForge.onBeforeSend: SKIP (fr=false syn=false hasRead=true)
[2026-07-31T06:15:52.257Z] LiveUpdateForge: EndTurn fallback flush
[2026-07-31T06:15:52.258Z] onEndTurn: naturalStop=false toolCalls=0 nudgeMsg=no
[2026-07-31T06:16:04.893Z] ResumeDiffForge: running checkResumeConsistency
[2026-07-31T06:16:04.894Z] checkResumeConsistency: forgedTimestamps=[]
[2026-07-31T06:16:04.900Z] checkResumeConsistency: no changes detected
[2026-07-31T06:16:04.901Z] LiveUpdateForge: session reset, allowLiveUpdate = false
[2026-07-31T06:16:04.901Z] NudgeForge: ResumeComplete — restoring count from history
[2026-07-31T06:16:04.902Z] restoreNudgeCountFromHistory: found last write at idx=259 count=0
[2026-07-31T06:16:04.942Z] LiveUpdateForge: allowLiveUpdate = true (first real BeforeSend)
[2026-07-31T06:16:04.943Z] InitialReadForge.onBeforeSend: SKIP (fr=false syn=false hasRead=true)
[2026-07-31T06:16:32.244Z] LiveUpdateForge: EndTurn fallback flush
[2026-07-31T06:16:32.244Z] onEndTurn: naturalStop=undefined toolCalls=0 nudgeMsg=no
[2026-07-31T06:16:32.245Z] LiveUpdateForge: EndTurn fallback flush
[2026-07-31T06:16:32.245Z] onEndTurn: naturalStop=false toolCalls=0 nudgeMsg=no
[2026-07-31T06:16:32.349Z] LiveUpdateForge: AfterToolExec flush
[2026-07-31T06:16:32.509Z] LiveUpdateForge: AfterToolExec flush
[2026-07-31T06:16:32.599Z] LiveUpdateForge: AfterToolExec flush
[2026-07-31T06:16:32.633Z] InitialReadForge.onBeforeSend: SKIP (fr=true syn=false hasRead=true)
[2026-07-31T06:16:49.602Z] LiveUpdateForge: EndTurn fallback flush
[2026-07-31T06:16:49.602Z] onEndTurn: naturalStop=undefined toolCalls=3 nudgeMsg=no
[2026-07-31T06:16:49.603Z] LiveUpdateForge: EndTurn fallback flush
[2026-07-31T06:16:49.603Z] onEndTurn: naturalStop=false toolCalls=3 nudgeMsg=no
[2026-07-31T06:16:53.664Z] LiveUpdateForge: AfterToolExec flush
[2026-07-31T06:16:53.699Z] InitialReadForge.onBeforeSend: SKIP (fr=true syn=false hasRead=true)
[2026-07-31T06:17:05.995Z] LiveUpdateForge: EndTurn fallback flush
[2026-07-31T06:17:05.996Z] onEndTurn: naturalStop=undefined toolCalls=4 nudgeMsg=no
[2026-07-31T06:17:05.996Z] LiveUpdateForge: EndTurn fallback flush
[2026-07-31T06:17:05.996Z] onEndTurn: naturalStop=false toolCalls=4 nudgeMsg=no
[2026-07-31T06:17:20.701Z] LiveUpdateForge: AfterToolExec flush
[2026-07-31T06:17:25.982Z] LiveUpdateForge: AfterToolExec flush
[2026-07-31T06:17:26.665Z] LiveUpdateForge: AfterToolExec flush
[2026-07-31T06:17:29.902Z] LiveUpdateForge: AfterToolExec flush
[2026-07-31T06:17:29.948Z] InitialReadForge.onBeforeSend: SKIP (fr=true syn=false hasRead=true)
[2026-07-31T06:18:03.538Z] LiveUpdateForge: EndTurn fallback flush
[2026-07-31T06:18:03.539Z] onEndTurn: naturalStop=undefined toolCalls=8 nudgeMsg=no
[2026-07-31T06:18:03.539Z] LiveUpdateForge: EndTurn fallback flush
[2026-07-31T06:18:03.539Z] onEndTurn: naturalStop=false toolCalls=8 nudgeMsg=no
[2026-07-31T06:18:04.270Z] LiveUpdateForge: AfterToolExec flush
[2026-07-31T06:18:04.299Z] InitialReadForge.onBeforeSend: SKIP (fr=true syn=false hasRead=true)
[2026-07-31T06:18:25.550Z] LiveUpdateForge: EndTurn fallback flush
[2026-07-31T06:18:25.550Z] onEndTurn: naturalStop=undefined toolCalls=9 nudgeMsg=no
[2026-07-31T06:18:25.551Z] LiveUpdateForge: EndTurn fallback flush
[2026-07-31T06:18:25.551Z] onEndTurn: naturalStop=false toolCalls=9 nudgeMsg=no
[2026-07-31T06:18:42.475Z] LiveUpdateForge: AfterToolExec flush
[2026-07-31T06:18:44.791Z] LiveUpdateForge: AfterToolExec flush
[2026-07-31T06:18:47.638Z] LiveUpdateForge: AfterToolExec flush
[2026-07-31T06:18:50.887Z] LiveUpdateForge: AfterToolExec flush
[2026-07-31T06:18:53.749Z] LiveUpdateForge: AfterToolExec flush
[2026-07-31T06:19:00.955Z] LiveUpdateForge: AfterToolExec flush
[2026-07-31T06:19:01.005Z] InitialReadForge.onBeforeSend: SKIP (fr=true syn=false hasRead=true)
[2026-07-31T06:20:10.041Z] LiveUpdateForge: EndTurn fallback flush
[2026-07-31T06:20:10.041Z] onEndTurn: naturalStop=undefined toolCalls=15 nudgeMsg=no
[2026-07-31T06:20:10.042Z] LiveUpdateForge: EndTurn fallback flush
[2026-07-31T06:20:10.042Z] onEndTurn: naturalStop=false toolCalls=15 nudgeMsg=no
[2026-07-31T06:20:26.559Z] LiveUpdateForge: AfterToolExec flush
[2026-07-31T06:20:32.279Z] LiveUpdateForge: AfterToolExec flush
[2026-07-31T06:20:35.427Z] LiveUpdateForge: AfterToolExec flush
[2026-07-31T06:20:37.221Z] LiveUpdateForge: AfterToolExec flush
[2026-07-31T06:20:38.266Z] LiveUpdateForge: AfterToolExec flush
[2026-07-31T06:20:38.311Z] InitialReadForge.onBeforeSend: SKIP (fr=true syn=false hasRead=true)
[2026-07-31T06:21:22.738Z] LiveUpdateForge: EndTurn fallback flush
[2026-07-31T06:21:22.738Z] onEndTurn: naturalStop=undefined toolCalls=20 nudgeMsg=no
[2026-07-31T06:21:22.739Z] LiveUpdateForge: EndTurn fallback flush
[2026-07-31T06:21:22.739Z] onEndTurn: naturalStop=false toolCalls=20 nudgeMsg=no
[2026-07-31T06:21:38.064Z] LiveUpdateForge: AfterToolExec flush
[2026-07-31T06:22:15.921Z] LiveUpdateForge: AfterToolExec flush
[2026-07-31T06:22:54.291Z] LiveUpdateForge: AfterToolExec flush
[2026-07-31T06:23:17.310Z] LiveUpdateForge: AfterToolExec flush
[2026-07-31T06:25:42.996Z] LiveUpdateForge: AfterToolExec flush
[2026-07-31T06:27:00.692Z] LiveUpdateForge: AfterToolExec flush
[2026-07-31T06:27:00.735Z] InitialReadForge.onBeforeSend: SKIP (fr=true syn=false hasRead=true)
[2026-07-31T06:27:12.497Z] LiveUpdateForge: EndTurn fallback flush
[2026-07-31T06:27:12.498Z] onEndTurn: naturalStop=undefined toolCalls=26 nudgeMsg=no
[2026-07-31T06:27:12.498Z] LiveUpdateForge: EndTurn fallback flush
[2026-07-31T06:27:12.499Z] onEndTurn: naturalStop=false toolCalls=26 nudgeMsg=no
[2026-07-31T06:27:32.636Z] LiveUpdateForge: AfterToolExec flush
[2026-07-31T06:27:36.874Z] LiveUpdateForge: AfterToolExec flush
[2026-07-31T06:27:51.138Z] LiveUpdateForge: AfterToolExec flush
[2026-07-31T06:28:15.116Z] LiveUpdateForge: AfterToolExec flush
[2026-07-31T06:28:29.625Z] LiveUpdateForge: AfterToolExec flush
[2026-07-31T06:28:29.664Z] InitialReadForge.onBeforeSend: SKIP (fr=true syn=false hasRead=true)
[2026-07-31T06:29:18.443Z] LiveUpdateForge: EndTurn fallback flush
[2026-07-31T06:29:18.443Z] onEndTurn: naturalStop=undefined toolCalls=31 nudgeMsg=no
[2026-07-31T06:29:18.444Z] LiveUpdateForge: EndTurn fallback flush
[2026-07-31T06:29:18.444Z] onEndTurn: naturalStop=false toolCalls=31 nudgeMsg=no
[2026-07-31T06:29:31.763Z] LiveUpdateForge: AfterToolExec flush
[2026-07-31T06:29:33.546Z] LiveUpdateForge: AfterToolExec flush
[2026-07-31T06:29:34.257Z] LiveUpdateForge: AfterToolExec flush
[2026-07-31T06:29:34.299Z] LiveUpdateForge: AfterToolExec flush
[2026-07-31T06:30:36.378Z] LiveUpdateForge: AfterToolExec flush
[2026-07-31T06:31:09.896Z] LiveUpdateForge: AfterToolExec flush
[2026-07-31T06:31:09.937Z] InitialReadForge.onBeforeSend: SKIP (fr=true syn=false hasRead=true)
[2026-07-31T06:31:41.028Z] LiveUpdateForge: EndTurn fallback flush
[2026-07-31T06:31:41.028Z] onEndTurn: naturalStop=undefined toolCalls=37 nudgeMsg=no
[2026-07-31T06:31:41.029Z] LiveUpdateForge: EndTurn fallback flush
[2026-07-31T06:31:41.029Z] onEndTurn: naturalStop=false toolCalls=37 nudgeMsg=no
[2026-07-31T06:31:42.734Z] LiveUpdateForge: AfterToolExec flush
[2026-07-31T06:31:42.772Z] InitialReadForge.onBeforeSend: SKIP (fr=true syn=false hasRead=true)
[2026-07-31T06:31:52.220Z] LiveUpdateForge: EndTurn fallback flush
[2026-07-31T06:31:52.220Z] onEndTurn: naturalStop=undefined toolCalls=38 nudgeMsg=no
[2026-07-31T06:31:52.220Z] LiveUpdateForge: EndTurn fallback flush
[2026-07-31T06:31:52.221Z] onEndTurn: naturalStop=false toolCalls=38 nudgeMsg=no
[2026-07-31T06:31:52.238Z] LiveUpdateForge: AfterToolExec flush
[2026-07-31T06:32:20.232Z] LiveUpdateForge: AfterToolExec flush
[2026-07-31T06:32:20.277Z] InitialReadForge.onBeforeSend: SKIP (fr=true syn=false hasRead=true)
[2026-07-31T06:32:55.839Z] LiveUpdateForge: EndTurn fallback flush
[2026-07-31T06:32:55.839Z] onEndTurn: naturalStop=undefined toolCalls=40 nudgeMsg=no
[2026-07-31T06:32:55.840Z] LiveUpdateForge: EndTurn fallback flush
[2026-07-31T06:32:55.840Z] onEndTurn: naturalStop=false toolCalls=40 nudgeMsg=no
[2026-07-31T06:32:56.300Z] LiveUpdateForge: AfterToolExec flush
[2026-07-31T06:32:56.342Z] InitialReadForge.onBeforeSend: SKIP (fr=true syn=false hasRead=true)
[2026-07-31T06:33:05.263Z] LiveUpdateForge: EndTurn fallback flush
[2026-07-31T06:33:05.263Z] onEndTurn: naturalStop=undefined toolCalls=41 nudgeMsg=no
[2026-07-31T06:33:05.264Z] LiveUpdateForge: EndTurn fallback flush
[2026-07-31T06:33:05.264Z] onEndTurn: naturalStop=false toolCalls=41 nudgeMsg=no
[2026-07-31T06:33:05.819Z] LiveUpdateForge: AfterToolExec flush
[2026-07-31T06:33:05.856Z] InitialReadForge.onBeforeSend: SKIP (fr=true syn=false hasRead=true)
[2026-07-31T06:33:15.218Z] LiveUpdateForge: EndTurn fallback flush
[2026-07-31T06:33:15.219Z] onEndTurn: naturalStop=undefined toolCalls=42 nudgeMsg=no
[2026-07-31T06:33:15.219Z] LiveUpdateForge: EndTurn fallback flush
[2026-07-31T06:33:15.219Z] onEndTurn: naturalStop=false toolCalls=42 nudgeMsg=no
[2026-07-31T06:33:15.785Z] LiveUpdateForge: AfterToolExec flush
[2026-07-31T06:33:15.822Z] InitialReadForge.onBeforeSend: SKIP (fr=true syn=false hasRead=true)
[2026-07-31T06:33:28.655Z] LiveUpdateForge: EndTurn fallback flush
[2026-07-31T06:33:28.656Z] onEndTurn: naturalStop=undefined toolCalls=43 nudgeMsg=no
[2026-07-31T06:33:28.656Z] LiveUpdateForge: EndTurn fallback flush
[2026-07-31T06:33:28.656Z] onEndTurn: naturalStop=false toolCalls=43 nudgeMsg=no
[2026-07-31T06:33:29.417Z] LiveUpdateForge: AfterToolExec flush
[2026-07-31T06:33:29.454Z] InitialReadForge.onBeforeSend: SKIP (fr=true syn=false hasRead=true)
[2026-07-31T06:33:44.014Z] LiveUpdateForge: EndTurn fallback flush
[2026-07-31T06:33:44.014Z] onEndTurn: naturalStop=undefined toolCalls=44 nudgeMsg=no
[2026-07-31T06:33:44.015Z] LiveUpdateForge: EndTurn fallback flush
[2026-07-31T06:33:44.015Z] onEndTurn: naturalStop=false toolCalls=44 nudgeMsg=no
[2026-07-31T06:33:45.907Z] LiveUpdateForge: AfterToolExec flush
[2026-07-31T06:33:45.954Z] InitialReadForge.onBeforeSend: SKIP (fr=true syn=false hasRead=true)
[2026-07-31T06:33:55.177Z] LiveUpdateForge: EndTurn fallback flush
[2026-07-31T06:33:55.177Z] onEndTurn: naturalStop=undefined toolCalls=45 nudgeMsg=no
[2026-07-31T06:33:55.178Z] LiveUpdateForge: EndTurn fallback flush
[2026-07-31T06:33:55.178Z] onEndTurn: naturalStop=false toolCalls=45 nudgeMsg=no
[2026-07-31T06:33:55.252Z] LiveUpdateForge: AfterToolExec flush
[2026-07-31T06:33:55.292Z] InitialReadForge.onBeforeSend: SKIP (fr=true syn=false hasRead=true)
[2026-07-31T06:34:15.458Z] LiveUpdateForge: EndTurn fallback flush
[2026-07-31T06:34:15.458Z] onEndTurn: naturalStop=undefined toolCalls=46 nudgeMsg=no
[2026-07-31T06:34:15.459Z] LiveUpdateForge: EndTurn fallback flush
[2026-07-31T06:34:15.459Z] onEndTurn: naturalStop=false toolCalls=46 nudgeMsg=no
[2026-07-31T06:35:36.792Z] LiveUpdateForge: AfterToolExec flush
[2026-07-31T06:35:36.841Z] InitialReadForge.onBeforeSend: SKIP (fr=true syn=false hasRead=true)
[2026-07-31T06:36:06.101Z] LiveUpdateForge: EndTurn fallback flush
[2026-07-31T06:36:06.102Z] onEndTurn: naturalStop=undefined toolCalls=47 nudgeMsg=no
[2026-07-31T06:36:06.103Z] LiveUpdateForge: EndTurn fallback flush
[2026-07-31T06:36:06.103Z] onEndTurn: naturalStop=false toolCalls=47 nudgeMsg=no
[2026-07-31T06:36:06.405Z] LiveUpdateForge: AfterToolExec flush
[2026-07-31T06:36:06.442Z] InitialReadForge.onBeforeSend: SKIP (fr=true syn=false hasRead=true)
[2026-07-31T06:36:15.979Z] LiveUpdateForge: EndTurn fallback flush
[2026-07-31T06:36:15.979Z] onEndTurn: naturalStop=undefined toolCalls=48 nudgeMsg=no
[2026-07-31T06:36:15.980Z] LiveUpdateForge: EndTurn fallback flush
[2026-07-31T06:36:15.980Z] onEndTurn: naturalStop=false toolCalls=48 nudgeMsg=no
[2026-07-31T06:36:16.921Z] LiveUpdateForge: AfterToolExec flush
[2026-07-31T06:36:16.965Z] InitialReadForge.onBeforeSend: SKIP (fr=true syn=false hasRead=true)
[2026-07-31T06:36:33.917Z] LiveUpdateForge: EndTurn fallback flush
[2026-07-31T06:36:33.917Z] onEndTurn: naturalStop=undefined toolCalls=49 nudgeMsg=no
[2026-07-31T06:36:33.917Z] LiveUpdateForge: EndTurn fallback flush
[2026-07-31T06:36:33.918Z] onEndTurn: naturalStop=false toolCalls=49 nudgeMsg=no
[2026-07-31T06:36:34.113Z] LiveUpdateForge: AfterToolExec flush
[2026-07-31T06:36:34.151Z] InitialReadForge.onBeforeSend: SKIP (fr=true syn=false hasRead=true)
[2026-07-31T06:36:59.362Z] LiveUpdateForge: EndTurn fallback flush
[2026-07-31T06:36:59.363Z] onEndTurn: naturalStop=undefined toolCalls=50 nudgeMsg=no
[2026-07-31T06:36:59.363Z] LiveUpdateForge: EndTurn fallback flush
[2026-07-31T06:36:59.363Z] onEndTurn: naturalStop=false toolCalls=50 nudgeMsg=no
[2026-07-31T06:37:40.066Z] LiveUpdateForge: AfterToolExec flush
[2026-07-31T06:37:40.105Z] InitialReadForge.onBeforeSend: SKIP (fr=true syn=false hasRead=true)
[2026-07-31T06:37:54.236Z] LiveUpdateForge: EndTurn fallback flush
[2026-07-31T06:37:54.236Z] onEndTurn: naturalStop=undefined toolCalls=51 nudgeMsg=no
[2026-07-31T06:37:54.237Z] LiveUpdateForge: EndTurn fallback flush
[2026-07-31T06:37:54.237Z] onEndTurn: naturalStop=false toolCalls=51 nudgeMsg=no
[2026-07-31T06:37:54.857Z] LiveUpdateForge: AfterToolExec flush
[2026-07-31T06:37:54.891Z] InitialReadForge.onBeforeSend: SKIP (fr=true syn=false hasRead=true)
[2026-07-31T06:38:32.328Z] LiveUpdateForge: EndTurn fallback flush
[2026-07-31T06:38:32.329Z] onEndTurn: naturalStop=undefined toolCalls=52 nudgeMsg=no
[2026-07-31T06:38:32.329Z] LiveUpdateForge: EndTurn fallback flush
[2026-07-31T06:38:32.330Z] onEndTurn: naturalStop=false toolCalls=52 nudgeMsg=no
[2026-07-31T06:38:33.647Z] LiveUpdateForge: AfterToolExec flush
[2026-07-31T06:38:33.703Z] InitialReadForge.onBeforeSend: SKIP (fr=true syn=false hasRead=true)
[2026-07-31T06:38:43.457Z] LiveUpdateForge: EndTurn fallback flush
[2026-07-31T06:38:43.457Z] onEndTurn: naturalStop=undefined toolCalls=53 nudgeMsg=no
[2026-07-31T06:38:43.458Z] LiveUpdateForge: EndTurn fallback flush
[2026-07-31T06:38:43.458Z] onEndTurn: naturalStop=true toolCalls=0 nudgeMsg=YES
[2026-07-31T06:38:43.463Z] InitialReadForge.onBeforeSend: SKIP (fr=false syn=false hasRead=true)
[2026-07-31T06:39:04.630Z] LiveUpdateForge: EndTurn fallback flush
[2026-07-31T06:39:04.631Z] onEndTurn: naturalStop=undefined toolCalls=0 nudgeMsg=no
[2026-07-31T06:39:04.631Z] LiveUpdateForge: EndTurn fallback flush
[2026-07-31T06:39:04.631Z] onEndTurn: naturalStop=false toolCalls=0 nudgeMsg=no
[2026-07-31T06:39:04.652Z] LiveUpdateForge: self-write on D:\unity\mowang\CODELY.md, baseline aligned
[2026-07-31T06:39:04.653Z] LiveUpdateForge: AfterToolExec flush
[2026-07-31T06:39:04.691Z] InitialReadForge.onBeforeSend: SKIP (fr=true syn=false hasRead=true)
[2026-07-31T06:39:32.902Z] LiveUpdateForge: EndTurn fallback flush
[2026-07-31T06:39:32.902Z] onEndTurn: naturalStop=undefined toolCalls=0 nudgeMsg=no
[2026-07-31T06:39:32.902Z] LiveUpdateForge: EndTurn fallback flush
[2026-07-31T06:39:32.903Z] onEndTurn: naturalStop=true toolCalls=0 nudgeMsg=no
[2026-07-31T06:58:19.316Z] MemoryForge: attached 5 listener(s)
[2026-07-31T06:58:19.316Z] InitialReadForge: armed one-shot BeforeSend after NewSessionStart
[2026-07-31T06:58:19.317Z] LiveUpdateForge: session reset, allowLiveUpdate = false
[2026-07-31T06:58:19.672Z] LiveUpdateForge: session reset, allowLiveUpdate = false
[2026-07-31T06:58:19.708Z] ResumeDiffForge: running checkResumeConsistency
[2026-07-31T06:58:19.709Z] checkResumeConsistency: forgedTimestamps=[]
[2026-07-31T06:58:19.716Z] checkResumeConsistency: no changes detected
[2026-07-31T06:58:19.716Z] LiveUpdateForge: session reset, allowLiveUpdate = false
[2026-07-31T06:58:19.717Z] NudgeForge: ResumeComplete — restoring count from history
[2026-07-31T06:58:19.718Z] restoreNudgeCountFromHistory: found last write at idx=315 count=0
[2026-07-31T06:58:20.140Z] ResumeDiffForge: running checkResumeConsistency
[2026-07-31T06:58:20.141Z] checkResumeConsistency: forgedTimestamps=[]
[2026-07-31T06:58:20.150Z] checkResumeConsistency: no changes detected
[2026-07-31T06:58:20.150Z] LiveUpdateForge: session reset, allowLiveUpdate = false
[2026-07-31T06:58:20.151Z] NudgeForge: ResumeComplete — restoring count from history
[2026-07-31T06:58:20.151Z] restoreNudgeCountFromHistory: found last write at idx=315 count=0
[2026-07-31T06:58:20.297Z] ResumeDiffForge: running checkResumeConsistency
[2026-07-31T06:58:20.297Z] checkResumeConsistency: forgedTimestamps=[]
[2026-07-31T06:58:20.306Z] checkResumeConsistency: no changes detected
[2026-07-31T06:58:20.306Z] LiveUpdateForge: session reset, allowLiveUpdate = false
[2026-07-31T06:58:20.307Z] NudgeForge: ResumeComplete — restoring count from history
[2026-07-31T06:58:20.307Z] restoreNudgeCountFromHistory: found last write at idx=315 count=0
[2026-07-31T06:58:20.634Z] MemoryForge: attached 5 listener(s)
[2026-07-31T06:58:20.635Z] InitialReadForge: armed one-shot BeforeSend after NewSessionStart
[2026-07-31T06:58:20.635Z] LiveUpdateForge: session reset, allowLiveUpdate = false
[2026-07-31T06:58:20.642Z] MemoryForge: detached all listeners
[2026-07-31T06:58:20.643Z] ResumeDiffForge: running checkResumeConsistency
[2026-07-31T06:58:20.643Z] checkResumeConsistency: forgedTimestamps=[]
[2026-07-31T06:58:20.678Z] checkResumeConsistency: no changes detected
[2026-07-31T06:58:20.678Z] LiveUpdateForge: session reset, allowLiveUpdate = false
[2026-07-31T06:58:20.678Z] NudgeForge: ResumeComplete — restoring count from history
[2026-07-31T06:58:20.679Z] restoreNudgeCountFromHistory: found last write at idx=315 count=0
[2026-07-31T06:58:20.704Z] LiveUpdateForge: allowLiveUpdate = true (first real BeforeSend)
[2026-07-31T06:58:20.706Z] InitialReadForge.onBeforeSend: SKIP (fr=false syn=false hasRead=true)
[2026-07-31T06:58:48.964Z] LiveUpdateForge: EndTurn fallback flush
[2026-07-31T06:58:48.965Z] onEndTurn: naturalStop=undefined toolCalls=0 nudgeMsg=no
[2026-07-31T06:58:48.965Z] LiveUpdateForge: EndTurn fallback flush
[2026-07-31T06:58:48.966Z] onEndTurn: naturalStop=false toolCalls=0 nudgeMsg=no
[2026-07-31T06:58:49.018Z] LiveUpdateForge: AfterToolExec flush
[2026-07-31T06:58:49.049Z] InitialReadForge.onBeforeSend: SKIP (fr=true syn=false hasRead=true)
[2026-07-31T06:59:14.450Z] LiveUpdateForge: EndTurn fallback flush
[2026-07-31T06:59:14.450Z] onEndTurn: naturalStop=undefined toolCalls=1 nudgeMsg=no
[2026-07-31T06:59:14.451Z] LiveUpdateForge: EndTurn fallback flush
[2026-07-31T06:59:14.451Z] onEndTurn: naturalStop=false toolCalls=1 nudgeMsg=no
[2026-07-31T06:59:14.562Z] LiveUpdateForge: AfterToolExec flush
[2026-07-31T06:59:14.606Z] InitialReadForge.onBeforeSend: SKIP (fr=true syn=false hasRead=true)
[2026-07-31T06:59:34.465Z] LiveUpdateForge: EndTurn fallback flush
[2026-07-31T06:59:34.465Z] onEndTurn: naturalStop=undefined toolCalls=2 nudgeMsg=no
[2026-07-31T06:59:34.466Z] LiveUpdateForge: EndTurn fallback flush
[2026-07-31T06:59:34.466Z] onEndTurn: naturalStop=false toolCalls=2 nudgeMsg=no
[2026-07-31T06:59:38.342Z] LiveUpdateForge: AfterToolExec flush
[2026-07-31T06:59:38.382Z] InitialReadForge.onBeforeSend: SKIP (fr=true syn=false hasRead=true)
[2026-07-31T06:59:58.586Z] LiveUpdateForge: EndTurn fallback flush
[2026-07-31T06:59:58.587Z] onEndTurn: naturalStop=undefined toolCalls=3 nudgeMsg=no
[2026-07-31T06:59:58.587Z] LiveUpdateForge: EndTurn fallback flush
[2026-07-31T06:59:58.587Z] onEndTurn: naturalStop=false toolCalls=3 nudgeMsg=no
[2026-07-31T07:00:01.505Z] LiveUpdateForge: AfterToolExec flush
[2026-07-31T07:00:01.547Z] InitialReadForge.onBeforeSend: SKIP (fr=true syn=false hasRead=true)
[2026-07-31T07:00:26.088Z] LiveUpdateForge: EndTurn fallback flush
[2026-07-31T07:00:26.088Z] onEndTurn: naturalStop=undefined toolCalls=4 nudgeMsg=no
[2026-07-31T07:00:26.089Z] LiveUpdateForge: EndTurn fallback flush
[2026-07-31T07:00:26.089Z] onEndTurn: naturalStop=false toolCalls=4 nudgeMsg=no
[2026-07-31T07:00:26.150Z] LiveUpdateForge: AfterToolExec flush
[2026-07-31T07:00:26.184Z] InitialReadForge.onBeforeSend: SKIP (fr=true syn=false hasRead=true)
[2026-07-31T07:01:20.006Z] LiveUpdateForge: EndTurn fallback flush
[2026-07-31T07:01:20.006Z] onEndTurn: naturalStop=undefined toolCalls=5 nudgeMsg=no
[2026-07-31T07:01:20.007Z] LiveUpdateForge: EndTurn fallback flush
[2026-07-31T07:01:20.007Z] onEndTurn: naturalStop=false toolCalls=5 nudgeMsg=no
[2026-07-31T07:01:20.187Z] LiveUpdateForge: AfterToolExec flush
[2026-07-31T07:01:20.223Z] InitialReadForge.onBeforeSend: SKIP (fr=true syn=false hasRead=true)
[2026-07-31T07:01:30.922Z] LiveUpdateForge: EndTurn fallback flush
[2026-07-31T07:01:30.922Z] onEndTurn: naturalStop=undefined toolCalls=6 nudgeMsg=no
[2026-07-31T07:01:30.923Z] LiveUpdateForge: EndTurn fallback flush
[2026-07-31T07:01:30.923Z] onEndTurn: naturalStop=false toolCalls=6 nudgeMsg=no
[2026-07-31T07:01:30.932Z] LiveUpdateForge: AfterToolExec flush
[2026-07-31T07:01:30.968Z] InitialReadForge.onBeforeSend: SKIP (fr=true syn=false hasRead=true)
[2026-07-31T07:01:55.255Z] LiveUpdateForge: EndTurn fallback flush
[2026-07-31T07:01:55.256Z] onEndTurn: naturalStop=undefined toolCalls=7 nudgeMsg=no
[2026-07-31T07:01:55.256Z] LiveUpdateForge: EndTurn fallback flush
[2026-07-31T07:01:55.256Z] onEndTurn: naturalStop=false toolCalls=7 nudgeMsg=no
[2026-07-31T07:01:55.830Z] LiveUpdateForge: AfterToolExec flush
[2026-07-31T07:01:55.862Z] InitialReadForge.onBeforeSend: SKIP (fr=true syn=false hasRead=true)
[2026-07-31T07:02:02.120Z] LiveUpdateForge: EndTurn fallback flush
[2026-07-31T07:02:02.121Z] onEndTurn: naturalStop=undefined toolCalls=8 nudgeMsg=no
[2026-07-31T07:02:02.121Z] LiveUpdateForge: EndTurn fallback flush
[2026-07-31T07:02:02.121Z] onEndTurn: naturalStop=false toolCalls=8 nudgeMsg=no
[2026-07-31T07:02:02.160Z] LiveUpdateForge: AfterToolExec flush
[2026-07-31T07:02:02.206Z] InitialReadForge.onBeforeSend: SKIP (fr=true syn=false hasRead=true)
[2026-07-31T07:02:31.998Z] LiveUpdateForge: EndTurn fallback flush
[2026-07-31T07:02:31.998Z] onEndTurn: naturalStop=undefined toolCalls=9 nudgeMsg=no
[2026-07-31T07:02:31.999Z] LiveUpdateForge: EndTurn fallback flush
[2026-07-31T07:02:31.999Z] onEndTurn: naturalStop=false toolCalls=9 nudgeMsg=no
[2026-07-31T07:02:34.631Z] LiveUpdateForge: AfterToolExec flush
[2026-07-31T07:02:34.664Z] InitialReadForge.onBeforeSend: SKIP (fr=true syn=false hasRead=true)
[2026-07-31T07:02:55.856Z] LiveUpdateForge: EndTurn fallback flush
[2026-07-31T07:02:55.856Z] onEndTurn: naturalStop=undefined toolCalls=10 nudgeMsg=no
[2026-07-31T07:02:55.857Z] LiveUpdateForge: EndTurn fallback flush
[2026-07-31T07:02:55.857Z] onEndTurn: naturalStop=false toolCalls=10 nudgeMsg=no
[2026-07-31T07:02:56.847Z] LiveUpdateForge: AfterToolExec flush
[2026-07-31T07:02:56.897Z] InitialReadForge.onBeforeSend: SKIP (fr=true syn=false hasRead=true)
[2026-07-31T07:03:10.234Z] LiveUpdateForge: EndTurn fallback flush
[2026-07-31T07:03:10.235Z] onEndTurn: naturalStop=undefined toolCalls=11 nudgeMsg=no
[2026-07-31T07:03:10.235Z] LiveUpdateForge: EndTurn fallback flush
[2026-07-31T07:03:10.236Z] onEndTurn: naturalStop=false toolCalls=11 nudgeMsg=no
[2026-07-31T07:03:11.972Z] LiveUpdateForge: AfterToolExec flush
[2026-07-31T07:03:12.014Z] InitialReadForge.onBeforeSend: SKIP (fr=true syn=false hasRead=true)
[2026-07-31T07:03:36.053Z] LiveUpdateForge: EndTurn fallback flush
[2026-07-31T07:03:36.053Z] onEndTurn: naturalStop=undefined toolCalls=12 nudgeMsg=no
[2026-07-31T07:03:36.054Z] LiveUpdateForge: EndTurn fallback flush
[2026-07-31T07:03:36.054Z] onEndTurn: naturalStop=false toolCalls=12 nudgeMsg=no
[2026-07-31T07:03:36.642Z] LiveUpdateForge: AfterToolExec flush
[2026-07-31T07:03:36.677Z] InitialReadForge.onBeforeSend: SKIP (fr=true syn=false hasRead=true)
[2026-07-31T07:03:44.810Z] LiveUpdateForge: EndTurn fallback flush
[2026-07-31T07:03:44.810Z] onEndTurn: naturalStop=undefined toolCalls=13 nudgeMsg=no
[2026-07-31T07:03:44.810Z] LiveUpdateForge: EndTurn fallback flush
[2026-07-31T07:03:44.811Z] onEndTurn: naturalStop=false toolCalls=13 nudgeMsg=no
[2026-07-31T07:03:44.964Z] LiveUpdateForge: AfterToolExec flush
[2026-07-31T07:03:45.001Z] InitialReadForge.onBeforeSend: SKIP (fr=true syn=false hasRead=true)
[2026-07-31T07:03:56.407Z] LiveUpdateForge: EndTurn fallback flush
[2026-07-31T07:03:56.407Z] onEndTurn: naturalStop=undefined toolCalls=14 nudgeMsg=no
[2026-07-31T07:03:56.407Z] LiveUpdateForge: EndTurn fallback flush
[2026-07-31T07:03:56.408Z] onEndTurn: naturalStop=false toolCalls=14 nudgeMsg=no
[2026-07-31T07:03:56.417Z] LiveUpdateForge: AfterToolExec flush
[2026-07-31T07:03:56.454Z] InitialReadForge.onBeforeSend: SKIP (fr=true syn=false hasRead=true)
[2026-07-31T07:04:01.603Z] LiveUpdateForge: EndTurn fallback flush
[2026-07-31T07:04:01.603Z] onEndTurn: naturalStop=undefined toolCalls=15 nudgeMsg=no
[2026-07-31T07:04:01.604Z] LiveUpdateForge: EndTurn fallback flush
[2026-07-31T07:04:01.604Z] onEndTurn: naturalStop=false toolCalls=15 nudgeMsg=no
[2026-07-31T07:04:01.733Z] LiveUpdateForge: AfterToolExec flush
[2026-07-31T07:04:01.776Z] InitialReadForge.onBeforeSend: SKIP (fr=true syn=false hasRead=true)
[2026-07-31T07:04:04.402Z] LiveUpdateForge: EndTurn fallback flush
[2026-07-31T07:04:04.403Z] onEndTurn: naturalStop=undefined toolCalls=16 nudgeMsg=no
[2026-07-31T07:04:04.403Z] LiveUpdateForge: EndTurn fallback flush
[2026-07-31T07:04:04.403Z] onEndTurn: naturalStop=false toolCalls=16 nudgeMsg=no
[2026-07-31T07:04:27.182Z] LiveUpdateForge: AfterToolExec flush
[2026-07-31T07:04:27.220Z] InitialReadForge.onBeforeSend: SKIP (fr=true syn=false hasRead=true)
[2026-07-31T07:04:56.900Z] LiveUpdateForge: EndTurn fallback flush
[2026-07-31T07:04:56.900Z] onEndTurn: naturalStop=undefined toolCalls=17 nudgeMsg=no
[2026-07-31T07:04:56.901Z] LiveUpdateForge: EndTurn fallback flush
[2026-07-31T07:04:56.901Z] onEndTurn: naturalStop=false toolCalls=17 nudgeMsg=no
[2026-07-31T07:04:56.910Z] LiveUpdateForge: AfterToolExec flush
[2026-07-31T07:04:56.953Z] InitialReadForge.onBeforeSend: SKIP (fr=true syn=false hasRead=true)
[2026-07-31T07:05:08.872Z] LiveUpdateForge: EndTurn fallback flush
[2026-07-31T07:05:08.872Z] onEndTurn: naturalStop=undefined toolCalls=18 nudgeMsg=no
[2026-07-31T07:05:08.873Z] LiveUpdateForge: EndTurn fallback flush
[2026-07-31T07:05:08.873Z] onEndTurn: naturalStop=false toolCalls=18 nudgeMsg=no
[2026-07-31T07:05:08.902Z] LiveUpdateForge: AfterToolExec flush
[2026-07-31T07:05:08.944Z] InitialReadForge.onBeforeSend: SKIP (fr=true syn=false hasRead=true)
[2026-07-31T07:05:21.233Z] LiveUpdateForge: EndTurn fallback flush
[2026-07-31T07:05:21.234Z] onEndTurn: naturalStop=undefined toolCalls=19 nudgeMsg=no
[2026-07-31T07:05:21.234Z] LiveUpdateForge: EndTurn fallback flush
[2026-07-31T07:05:21.235Z] onEndTurn: naturalStop=false toolCalls=19 nudgeMsg=no
[2026-07-31T07:05:22.061Z] LiveUpdateForge: AfterToolExec flush
[2026-07-31T07:05:22.113Z] InitialReadForge.onBeforeSend: SKIP (fr=true syn=false hasRead=true)
[2026-07-31T07:05:29.066Z] LiveUpdateForge: EndTurn fallback flush
[2026-07-31T07:05:29.067Z] onEndTurn: naturalStop=undefined toolCalls=20 nudgeMsg=no
[2026-07-31T07:05:29.067Z] LiveUpdateForge: EndTurn fallback flush
[2026-07-31T07:05:29.067Z] onEndTurn: naturalStop=false toolCalls=20 nudgeMsg=no
[2026-07-31T07:05:29.081Z] LiveUpdateForge: AfterToolExec flush
[2026-07-31T07:05:29.125Z] InitialReadForge.onBeforeSend: SKIP (fr=true syn=false hasRead=true)
[2026-07-31T07:05:40.375Z] LiveUpdateForge: EndTurn fallback flush
[2026-07-31T07:05:40.376Z] onEndTurn: naturalStop=undefined toolCalls=21 nudgeMsg=no
[2026-07-31T07:05:40.376Z] LiveUpdateForge: EndTurn fallback flush
[2026-07-31T07:05:40.376Z] onEndTurn: naturalStop=false toolCalls=21 nudgeMsg=no
[2026-07-31T07:05:40.483Z] LiveUpdateForge: AfterToolExec flush
[2026-07-31T07:05:40.522Z] InitialReadForge.onBeforeSend: SKIP (fr=true syn=false hasRead=true)
[2026-07-31T07:05:49.218Z] LiveUpdateForge: EndTurn fallback flush
[2026-07-31T07:05:49.219Z] onEndTurn: naturalStop=undefined toolCalls=22 nudgeMsg=no
[2026-07-31T07:05:49.219Z] LiveUpdateForge: EndTurn fallback flush
[2026-07-31T07:05:49.220Z] onEndTurn: naturalStop=false toolCalls=22 nudgeMsg=no
[2026-07-31T07:06:39.316Z] LiveUpdateForge: AfterToolExec flush
[2026-07-31T07:06:39.374Z] InitialReadForge.onBeforeSend: SKIP (fr=true syn=false hasRead=true)
[2026-07-31T07:07:58.604Z] LiveUpdateForge: EndTurn fallback flush
[2026-07-31T07:07:58.605Z] onEndTurn: naturalStop=undefined toolCalls=23 nudgeMsg=no
[2026-07-31T07:07:58.605Z] LiveUpdateForge: EndTurn fallback flush
[2026-07-31T07:07:58.605Z] onEndTurn: naturalStop=false toolCalls=23 nudgeMsg=no
[2026-07-31T07:07:59.274Z] LiveUpdateForge: AfterToolExec flush
[2026-07-31T07:07:59.319Z] InitialReadForge.onBeforeSend: SKIP (fr=true syn=false hasRead=true)
[2026-07-31T07:08:30.937Z] LiveUpdateForge: EndTurn fallback flush
[2026-07-31T07:08:30.938Z] onEndTurn: naturalStop=undefined toolCalls=24 nudgeMsg=no
[2026-07-31T07:08:30.938Z] LiveUpdateForge: EndTurn fallback flush
[2026-07-31T07:08:30.938Z] onEndTurn: naturalStop=false toolCalls=24 nudgeMsg=no
[2026-07-31T07:08:31.647Z] LiveUpdateForge: AfterToolExec flush
[2026-07-31T07:08:31.689Z] InitialReadForge.onBeforeSend: SKIP (fr=true syn=false hasRead=true)
[2026-07-31T07:08:50.537Z] LiveUpdateForge: EndTurn fallback flush
[2026-07-31T07:08:50.537Z] onEndTurn: naturalStop=undefined toolCalls=25 nudgeMsg=no
[2026-07-31T07:08:50.538Z] LiveUpdateForge: EndTurn fallback flush
[2026-07-31T07:08:50.538Z] onEndTurn: naturalStop=false toolCalls=25 nudgeMsg=no
[2026-07-31T07:08:50.741Z] LiveUpdateForge: AfterToolExec flush
[2026-07-31T07:08:50.789Z] InitialReadForge.onBeforeSend: SKIP (fr=true syn=false hasRead=true)
[2026-07-31T07:08:57.918Z] LiveUpdateForge: EndTurn fallback flush
[2026-07-31T07:08:57.918Z] onEndTurn: naturalStop=undefined toolCalls=26 nudgeMsg=no
[2026-07-31T07:08:57.919Z] LiveUpdateForge: EndTurn fallback flush
[2026-07-31T07:08:57.919Z] onEndTurn: naturalStop=false toolCalls=26 nudgeMsg=no
[2026-07-31T07:08:57.934Z] LiveUpdateForge: AfterToolExec flush
[2026-07-31T07:08:57.978Z] InitialReadForge.onBeforeSend: SKIP (fr=true syn=false hasRead=true)
[2026-07-31T07:09:12.141Z] LiveUpdateForge: EndTurn fallback flush
[2026-07-31T07:09:12.142Z] onEndTurn: naturalStop=undefined toolCalls=27 nudgeMsg=no
[2026-07-31T07:09:12.142Z] LiveUpdateForge: EndTurn fallback flush
[2026-07-31T07:09:12.143Z] onEndTurn: naturalStop=false toolCalls=27 nudgeMsg=no
[2026-07-31T07:09:12.153Z] LiveUpdateForge: AfterToolExec flush
[2026-07-31T07:09:12.212Z] InitialReadForge.onBeforeSend: SKIP (fr=true syn=false hasRead=true)
[2026-07-31T07:09:22.240Z] LiveUpdateForge: EndTurn fallback flush
[2026-07-31T07:09:22.241Z] onEndTurn: naturalStop=undefined toolCalls=28 nudgeMsg=no
[2026-07-31T07:09:22.241Z] LiveUpdateForge: EndTurn fallback flush
[2026-07-31T07:09:22.241Z] onEndTurn: naturalStop=false toolCalls=28 nudgeMsg=no
[2026-07-31T07:09:22.249Z] LiveUpdateForge: AfterToolExec flush
[2026-07-31T07:09:22.292Z] InitialReadForge.onBeforeSend: SKIP (fr=true syn=false hasRead=true)
[2026-07-31T07:09:58.723Z] LiveUpdateForge: EndTurn fallback flush
[2026-07-31T07:09:58.723Z] onEndTurn: naturalStop=undefined toolCalls=29 nudgeMsg=no
[2026-07-31T07:09:58.724Z] LiveUpdateForge: EndTurn fallback flush
[2026-07-31T07:09:58.724Z] onEndTurn: naturalStop=false toolCalls=29 nudgeMsg=no
[2026-07-31T07:09:59.332Z] LiveUpdateForge: AfterToolExec flush
[2026-07-31T07:09:59.386Z] InitialReadForge.onBeforeSend: SKIP (fr=true syn=false hasRead=true)
[2026-07-31T07:10:33.328Z] LiveUpdateForge: EndTurn fallback flush
[2026-07-31T07:10:33.328Z] onEndTurn: naturalStop=undefined toolCalls=30 nudgeMsg=no
[2026-07-31T07:10:33.328Z] LiveUpdateForge: EndTurn fallback flush
[2026-07-31T07:10:33.329Z] onEndTurn: naturalStop=false toolCalls=30 nudgeMsg=no
[2026-07-31T07:10:33.889Z] LiveUpdateForge: AfterToolExec flush
[2026-07-31T07:10:33.928Z] InitialReadForge.onBeforeSend: SKIP (fr=true syn=false hasRead=true)
[2026-07-31T07:10:56.212Z] LiveUpdateForge: EndTurn fallback flush
[2026-07-31T07:10:56.212Z] onEndTurn: naturalStop=undefined toolCalls=31 nudgeMsg=no
[2026-07-31T07:10:56.213Z] LiveUpdateForge: EndTurn fallback flush
[2026-07-31T07:10:56.213Z] onEndTurn: naturalStop=false toolCalls=31 nudgeMsg=no
[2026-07-31T07:10:56.223Z] LiveUpdateForge: AfterToolExec flush
[2026-07-31T07:10:56.267Z] InitialReadForge.onBeforeSend: SKIP (fr=true syn=false hasRead=true)
[2026-07-31T07:11:04.149Z] LiveUpdateForge: EndTurn fallback flush
[2026-07-31T07:11:04.149Z] onEndTurn: naturalStop=undefined toolCalls=32 nudgeMsg=no
[2026-07-31T07:11:04.149Z] LiveUpdateForge: EndTurn fallback flush
[2026-07-31T07:11:04.150Z] onEndTurn: naturalStop=false toolCalls=32 nudgeMsg=no
[2026-07-31T07:11:04.256Z] LiveUpdateForge: AfterToolExec flush
[2026-07-31T07:11:04.300Z] InitialReadForge.onBeforeSend: SKIP (fr=true syn=false hasRead=true)
[2026-07-31T07:11:11.159Z] LiveUpdateForge: EndTurn fallback flush
[2026-07-31T07:11:11.159Z] onEndTurn: naturalStop=undefined toolCalls=33 nudgeMsg=no
[2026-07-31T07:11:11.160Z] LiveUpdateForge: EndTurn fallback flush
[2026-07-31T07:11:11.161Z] onEndTurn: naturalStop=false toolCalls=33 nudgeMsg=no
[2026-07-31T07:11:11.172Z] LiveUpdateForge: AfterToolExec flush
[2026-07-31T07:11:11.220Z] InitialReadForge.onBeforeSend: SKIP (fr=true syn=false hasRead=true)
[2026-07-31T07:11:36.480Z] LiveUpdateForge: EndTurn fallback flush
[2026-07-31T07:11:36.480Z] onEndTurn: naturalStop=undefined toolCalls=34 nudgeMsg=no
[2026-07-31T07:11:36.481Z] LiveUpdateForge: EndTurn fallback flush
[2026-07-31T07:11:36.481Z] onEndTurn: naturalStop=false toolCalls=34 nudgeMsg=no
[2026-07-31T07:11:36.506Z] LiveUpdateForge: AfterToolExec flush
[2026-07-31T07:11:36.549Z] InitialReadForge.onBeforeSend: SKIP (fr=true syn=false hasRead=true)
[2026-07-31T07:11:49.694Z] LiveUpdateForge: EndTurn fallback flush
[2026-07-31T07:11:49.694Z] onEndTurn: naturalStop=undefined toolCalls=35 nudgeMsg=no
[2026-07-31T07:11:49.694Z] LiveUpdateForge: EndTurn fallback flush
[2026-07-31T07:11:49.695Z] onEndTurn: naturalStop=false toolCalls=35 nudgeMsg=no
[2026-07-31T07:12:01.216Z] LiveUpdateForge: AfterToolExec flush
[2026-07-31T07:12:01.273Z] InitialReadForge.onBeforeSend: SKIP (fr=true syn=false hasRead=true)
[2026-07-31T07:12:07.288Z] LiveUpdateForge: EndTurn fallback flush
[2026-07-31T07:12:07.289Z] onEndTurn: naturalStop=undefined toolCalls=36 nudgeMsg=no
[2026-07-31T07:12:07.289Z] LiveUpdateForge: EndTurn fallback flush
[2026-07-31T07:12:07.289Z] onEndTurn: naturalStop=false toolCalls=36 nudgeMsg=no
[2026-07-31T07:12:07.332Z] LiveUpdateForge: AfterToolExec flush
[2026-07-31T07:12:07.380Z] InitialReadForge.onBeforeSend: SKIP (fr=true syn=false hasRead=true)
[2026-07-31T07:12:10.735Z] LiveUpdateForge: EndTurn fallback flush
[2026-07-31T07:12:10.735Z] onEndTurn: naturalStop=undefined toolCalls=37 nudgeMsg=no
[2026-07-31T07:12:10.735Z] LiveUpdateForge: EndTurn fallback flush
[2026-07-31T07:12:10.736Z] onEndTurn: naturalStop=false toolCalls=37 nudgeMsg=no
[2026-07-31T07:12:11.774Z] LiveUpdateForge: AfterToolExec flush
[2026-07-31T07:12:11.831Z] InitialReadForge.onBeforeSend: SKIP (fr=true syn=false hasRead=true)
[2026-07-31T07:12:21.561Z] LiveUpdateForge: EndTurn fallback flush
[2026-07-31T07:12:21.561Z] onEndTurn: naturalStop=undefined toolCalls=38 nudgeMsg=no
[2026-07-31T07:12:21.562Z] LiveUpdateForge: EndTurn fallback flush
[2026-07-31T07:12:21.562Z] onEndTurn: naturalStop=false toolCalls=38 nudgeMsg=no
[2026-07-31T07:12:24.002Z] LiveUpdateForge: AfterToolExec flush
[2026-07-31T07:12:24.044Z] InitialReadForge.onBeforeSend: SKIP (fr=true syn=false hasRead=true)
[2026-07-31T07:12:33.958Z] LiveUpdateForge: EndTurn fallback flush
[2026-07-31T07:12:33.958Z] onEndTurn: naturalStop=undefined toolCalls=39 nudgeMsg=no
[2026-07-31T07:12:33.958Z] LiveUpdateForge: EndTurn fallback flush
[2026-07-31T07:12:33.959Z] onEndTurn: naturalStop=false toolCalls=39 nudgeMsg=no
[2026-07-31T07:12:34.579Z] LiveUpdateForge: AfterToolExec flush
[2026-07-31T07:12:34.624Z] InitialReadForge.onBeforeSend: SKIP (fr=true syn=false hasRead=true)
[2026-07-31T07:12:42.603Z] LiveUpdateForge: EndTurn fallback flush
[2026-07-31T07:12:42.603Z] onEndTurn: naturalStop=undefined toolCalls=40 nudgeMsg=no
[2026-07-31T07:12:42.603Z] LiveUpdateForge: EndTurn fallback flush
[2026-07-31T07:12:42.604Z] onEndTurn: naturalStop=true toolCalls=40 nudgeMsg=no
[2026-07-31T07:12:46.075Z] ResumeDiffForge: running checkResumeConsistency
[2026-07-31T07:12:46.077Z] checkResumeConsistency: forgedTimestamps=[]
[2026-07-31T07:12:46.086Z] checkResumeConsistency: no changes detected
[2026-07-31T07:12:46.087Z] LiveUpdateForge: session reset, allowLiveUpdate = false
[2026-07-31T07:12:46.087Z] NudgeForge: ResumeComplete — restoring count from history
[2026-07-31T07:12:46.088Z] restoreNudgeCountFromHistory: found last write at idx=315 count=40
[2026-07-31T07:12:46.163Z] LiveUpdateForge: allowLiveUpdate = true (first real BeforeSend)
[2026-07-31T07:12:46.164Z] InitialReadForge.onBeforeSend: SKIP (fr=false syn=false hasRead=true)
[2026-07-31T07:13:24.817Z] LiveUpdateForge: EndTurn fallback flush
[2026-07-31T07:13:24.817Z] onEndTurn: naturalStop=undefined toolCalls=40 nudgeMsg=no
[2026-07-31T07:13:24.818Z] LiveUpdateForge: EndTurn fallback flush
[2026-07-31T07:13:24.818Z] onEndTurn: naturalStop=false toolCalls=40 nudgeMsg=no
[2026-07-31T07:13:25.689Z] LiveUpdateForge: AfterToolExec flush
[2026-07-31T07:13:25.723Z] InitialReadForge.onBeforeSend: SKIP (fr=true syn=false hasRead=true)
[2026-07-31T07:13:37.876Z] LiveUpdateForge: EndTurn fallback flush
[2026-07-31T07:13:37.876Z] onEndTurn: naturalStop=undefined toolCalls=41 nudgeMsg=no
[2026-07-31T07:13:37.876Z] LiveUpdateForge: EndTurn fallback flush
[2026-07-31T07:13:37.877Z] onEndTurn: naturalStop=false toolCalls=41 nudgeMsg=no
[2026-07-31T07:13:39.138Z] LiveUpdateForge: AfterToolExec flush
[2026-07-31T07:13:39.173Z] InitialReadForge.onBeforeSend: SKIP (fr=true syn=false hasRead=true)
[2026-07-31T07:13:47.218Z] LiveUpdateForge: EndTurn fallback flush
[2026-07-31T07:13:47.219Z] onEndTurn: naturalStop=undefined toolCalls=42 nudgeMsg=no
[2026-07-31T07:13:47.219Z] LiveUpdateForge: EndTurn fallback flush
[2026-07-31T07:13:47.220Z] onEndTurn: naturalStop=false toolCalls=42 nudgeMsg=no
[2026-07-31T07:13:48.430Z] LiveUpdateForge: AfterToolExec flush
[2026-07-31T07:13:48.464Z] InitialReadForge.onBeforeSend: SKIP (fr=true syn=false hasRead=true)
[2026-07-31T07:13:53.840Z] LiveUpdateForge: EndTurn fallback flush
[2026-07-31T07:13:53.840Z] onEndTurn: naturalStop=undefined toolCalls=43 nudgeMsg=no
[2026-07-31T07:13:53.841Z] LiveUpdateForge: EndTurn fallback flush
[2026-07-31T07:13:53.841Z] onEndTurn: naturalStop=false toolCalls=43 nudgeMsg=no
[2026-07-31T07:13:53.978Z] LiveUpdateForge: AfterToolExec flush
[2026-07-31T07:13:54.010Z] InitialReadForge.onBeforeSend: SKIP (fr=true syn=false hasRead=true)
[2026-07-31T07:14:02.452Z] LiveUpdateForge: EndTurn fallback flush
[2026-07-31T07:14:02.453Z] onEndTurn: naturalStop=undefined toolCalls=44 nudgeMsg=no
[2026-07-31T07:14:02.453Z] LiveUpdateForge: EndTurn fallback flush
[2026-07-31T07:14:02.454Z] onEndTurn: naturalStop=false toolCalls=44 nudgeMsg=no
[2026-07-31T07:14:03.763Z] LiveUpdateForge: AfterToolExec flush
[2026-07-31T07:14:03.812Z] InitialReadForge.onBeforeSend: SKIP (fr=true syn=false hasRead=true)
[2026-07-31T07:14:17.215Z] LiveUpdateForge: EndTurn fallback flush
[2026-07-31T07:14:17.215Z] onEndTurn: naturalStop=undefined toolCalls=45 nudgeMsg=no
[2026-07-31T07:14:17.215Z] LiveUpdateForge: EndTurn fallback flush
[2026-07-31T07:14:17.216Z] onEndTurn: naturalStop=false toolCalls=45 nudgeMsg=no
[2026-07-31T07:14:18.054Z] LiveUpdateForge: AfterToolExec flush
[2026-07-31T07:14:18.096Z] InitialReadForge.onBeforeSend: SKIP (fr=true syn=false hasRead=true)
[2026-07-31T07:14:24.048Z] LiveUpdateForge: EndTurn fallback flush
[2026-07-31T07:14:24.048Z] onEndTurn: naturalStop=undefined toolCalls=46 nudgeMsg=no
[2026-07-31T07:14:24.049Z] LiveUpdateForge: EndTurn fallback flush
[2026-07-31T07:14:24.049Z] onEndTurn: naturalStop=false toolCalls=46 nudgeMsg=no
[2026-07-31T07:14:25.256Z] LiveUpdateForge: AfterToolExec flush
[2026-07-31T07:14:25.293Z] InitialReadForge.onBeforeSend: SKIP (fr=true syn=false hasRead=true)
[2026-07-31T07:15:00.909Z] LiveUpdateForge: EndTurn fallback flush
[2026-07-31T07:15:00.910Z] onEndTurn: naturalStop=undefined toolCalls=47 nudgeMsg=no
[2026-07-31T07:15:00.910Z] LiveUpdateForge: EndTurn fallback flush
[2026-07-31T07:15:00.910Z] onEndTurn: naturalStop=false toolCalls=47 nudgeMsg=no
[2026-07-31T07:15:02.606Z] LiveUpdateForge: AfterToolExec flush
[2026-07-31T07:15:02.642Z] InitialReadForge.onBeforeSend: SKIP (fr=true syn=false hasRead=true)
[2026-07-31T07:15:09.306Z] LiveUpdateForge: EndTurn fallback flush
[2026-07-31T07:15:09.307Z] onEndTurn: naturalStop=undefined toolCalls=48 nudgeMsg=no
[2026-07-31T07:15:09.307Z] LiveUpdateForge: EndTurn fallback flush
[2026-07-31T07:15:09.307Z] onEndTurn: naturalStop=true toolCalls=48 nudgeMsg=no
[2026-07-31T10:06:56.440Z] MemoryForge: attached 5 listener(s)
[2026-07-31T10:06:56.442Z] InitialReadForge: armed one-shot BeforeSend after NewSessionStart
[2026-07-31T10:06:56.442Z] LiveUpdateForge: session reset, allowLiveUpdate = false
[2026-07-31T10:06:58.367Z] MemoryForge: attached 5 listener(s)
[2026-07-31T10:06:58.367Z] InitialReadForge: armed one-shot BeforeSend after NewSessionStart
[2026-07-31T10:06:58.367Z] LiveUpdateForge: session reset, allowLiveUpdate = false
[2026-07-31T10:19:03.793Z] MemoryForge: attached 5 listener(s)
[2026-07-31T10:19:03.794Z] InitialReadForge: armed one-shot BeforeSend after NewSessionStart
[2026-07-31T10:19:03.794Z] LiveUpdateForge: session reset, allowLiveUpdate = false
[2026-07-31T10:19:04.645Z] MemoryForge: attached 5 listener(s)
[2026-07-31T10:19:04.646Z] InitialReadForge: armed one-shot BeforeSend after NewSessionStart
[2026-07-31T10:19:04.646Z] LiveUpdateForge: session reset, allowLiveUpdate = false
[2026-07-31T10:19:04.648Z] MemoryForge: detached all listeners
[2026-07-31T10:19:04.648Z] ResumeDiffForge: no read_memory in history, backfilling forge
[2026-07-31T10:19:04.812Z] recordForgedToolExchange: toolName=read_memory callId=resume-forge-read-memory-backfill
[2026-07-31T10:19:04.877Z] recordForgedToolExchange: recordMessage + recordToolCalls persisted
[2026-07-31T10:19:04.879Z] injectForgedHistory: role=user preview=""
[2026-07-31T10:19:04.902Z] injectForgedHistory: recordMessage persisted
[2026-07-31T10:19:04.911Z] ResumeDiffForge: backfilled read_memory and baseline for 2 raw + 2 provider file(s)
[2026-07-31T10:19:04.911Z] LiveUpdateForge: session reset, allowLiveUpdate = false
[2026-07-31T10:19:04.912Z] NudgeForge: ResumeComplete — restoring count from history
[2026-07-31T10:19:04.912Z] restoreNudgeCountFromHistory: no reset point found, count=0
[2026-07-31T10:19:04.957Z] LiveUpdateForge: allowLiveUpdate = true (first real BeforeSend)
[2026-07-31T10:19:04.958Z] InitialReadForge.onBeforeSend: SKIP (fr=false syn=false hasRead=true)
[2026-07-31T10:19:14.093Z] LiveUpdateForge: EndTurn fallback flush
[2026-07-31T10:19:14.094Z] onEndTurn: naturalStop=undefined toolCalls=0 nudgeMsg=no
[2026-07-31T10:19:14.094Z] LiveUpdateForge: EndTurn fallback flush
[2026-07-31T10:19:14.095Z] onEndTurn: naturalStop=false toolCalls=0 nudgeMsg=no
[2026-07-31T10:19:14.225Z] LiveUpdateForge: AfterToolExec flush
[2026-07-31T10:19:14.295Z] LiveUpdateForge: AfterToolExec flush
[2026-07-31T10:19:14.329Z] InitialReadForge.onBeforeSend: SKIP (fr=true syn=false hasRead=true)
[2026-07-31T10:19:18.027Z] LiveUpdateForge: EndTurn fallback flush
[2026-07-31T10:19:18.027Z] onEndTurn: naturalStop=undefined toolCalls=2 nudgeMsg=no
[2026-07-31T10:19:18.027Z] LiveUpdateForge: EndTurn fallback flush
[2026-07-31T10:19:18.028Z] onEndTurn: naturalStop=false toolCalls=2 nudgeMsg=no
[2026-07-31T10:19:18.045Z] LiveUpdateForge: AfterToolExec flush
[2026-07-31T10:19:18.054Z] LiveUpdateForge: AfterToolExec flush
[2026-07-31T10:19:18.074Z] InitialReadForge.onBeforeSend: SKIP (fr=true syn=false hasRead=true)
[2026-07-31T10:19:25.242Z] LiveUpdateForge: EndTurn fallback flush
[2026-07-31T10:19:25.242Z] onEndTurn: naturalStop=undefined toolCalls=4 nudgeMsg=no
[2026-07-31T10:19:25.242Z] LiveUpdateForge: EndTurn fallback flush
[2026-07-31T10:19:25.243Z] onEndTurn: naturalStop=false toolCalls=4 nudgeMsg=no
[2026-07-31T10:19:31.187Z] LiveUpdateForge: AfterToolExec flush
[2026-07-31T10:19:31.428Z] LiveUpdateForge: AfterToolExec flush
[2026-07-31T10:19:31.455Z] InitialReadForge.onBeforeSend: SKIP (fr=true syn=false hasRead=true)
[2026-07-31T10:19:40.353Z] LiveUpdateForge: EndTurn fallback flush
[2026-07-31T10:19:40.353Z] onEndTurn: naturalStop=undefined toolCalls=6 nudgeMsg=no
[2026-07-31T10:19:40.354Z] LiveUpdateForge: EndTurn fallback flush
[2026-07-31T10:19:40.354Z] onEndTurn: naturalStop=false toolCalls=6 nudgeMsg=no
[2026-07-31T10:19:41.210Z] LiveUpdateForge: AfterToolExec flush
[2026-07-31T10:21:47.686Z] LiveUpdateForge: AfterToolExec flush
[2026-07-31T10:21:47.719Z] InitialReadForge.onBeforeSend: SKIP (fr=true syn=false hasRead=true)
[2026-07-31T10:21:56.849Z] LiveUpdateForge: EndTurn fallback flush
[2026-07-31T10:21:56.850Z] onEndTurn: naturalStop=undefined toolCalls=8 nudgeMsg=no
[2026-07-31T10:21:56.851Z] LiveUpdateForge: EndTurn fallback flush
[2026-07-31T10:21:56.851Z] onEndTurn: naturalStop=false toolCalls=8 nudgeMsg=no
[2026-07-31T10:22:36.156Z] LiveUpdateForge: AfterToolExec flush
[2026-07-31T10:22:36.186Z] InitialReadForge.onBeforeSend: SKIP (fr=true syn=false hasRead=true)
[2026-07-31T10:22:47.045Z] LiveUpdateForge: EndTurn fallback flush
[2026-07-31T10:22:47.046Z] onEndTurn: naturalStop=undefined toolCalls=9 nudgeMsg=no
[2026-07-31T10:22:47.047Z] LiveUpdateForge: EndTurn fallback flush
[2026-07-31T10:22:47.047Z] onEndTurn: naturalStop=false toolCalls=9 nudgeMsg=no
[2026-07-31T10:23:18.620Z] LiveUpdateForge: AfterToolExec flush
[2026-07-31T10:23:18.667Z] InitialReadForge.onBeforeSend: SKIP (fr=true syn=false hasRead=true)
[2026-07-31T10:23:24.963Z] LiveUpdateForge: EndTurn fallback flush
[2026-07-31T10:23:24.963Z] onEndTurn: naturalStop=undefined toolCalls=10 nudgeMsg=no
[2026-07-31T10:23:24.964Z] LiveUpdateForge: EndTurn fallback flush
[2026-07-31T10:23:24.964Z] onEndTurn: naturalStop=false toolCalls=10 nudgeMsg=no
[2026-07-31T10:23:24.979Z] LiveUpdateForge: AfterToolExec flush
[2026-07-31T10:23:25.007Z] InitialReadForge.onBeforeSend: SKIP (fr=true syn=false hasRead=true)
[2026-07-31T10:23:44.204Z] LiveUpdateForge: EndTurn fallback flush
[2026-07-31T10:23:44.204Z] onEndTurn: naturalStop=undefined toolCalls=11 nudgeMsg=no
[2026-07-31T10:23:44.205Z] LiveUpdateForge: EndTurn fallback flush
[2026-07-31T10:23:44.205Z] onEndTurn: naturalStop=false toolCalls=11 nudgeMsg=no
[2026-07-31T10:23:46.379Z] LiveUpdateForge: AfterToolExec flush
[2026-07-31T10:23:46.410Z] InitialReadForge.onBeforeSend: SKIP (fr=true syn=false hasRead=true)
[2026-07-31T10:25:59.459Z] LiveUpdateForge: EndTurn fallback flush
[2026-07-31T10:25:59.460Z] onEndTurn: naturalStop=undefined toolCalls=12 nudgeMsg=no
[2026-07-31T10:25:59.460Z] LiveUpdateForge: EndTurn fallback flush
[2026-07-31T10:25:59.461Z] onEndTurn: naturalStop=false toolCalls=12 nudgeMsg=no
[2026-07-31T10:26:01.319Z] LiveUpdateForge: AfterToolExec flush
[2026-07-31T10:26:01.370Z] InitialReadForge.onBeforeSend: SKIP (fr=true syn=false hasRead=true)
[2026-07-31T10:27:09.579Z] LiveUpdateForge: EndTurn fallback flush
[2026-07-31T10:27:09.579Z] onEndTurn: naturalStop=undefined toolCalls=13 nudgeMsg=no
[2026-07-31T10:27:09.580Z] LiveUpdateForge: EndTurn fallback flush
[2026-07-31T10:27:09.580Z] onEndTurn: naturalStop=false toolCalls=13 nudgeMsg=no
[2026-07-31T10:27:11.593Z] LiveUpdateForge: AfterToolExec flush
[2026-07-31T10:27:11.649Z] InitialReadForge.onBeforeSend: SKIP (fr=true syn=false hasRead=true)
[2026-07-31T10:27:28.802Z] LiveUpdateForge: EndTurn fallback flush
[2026-07-31T10:27:28.803Z] onEndTurn: naturalStop=undefined toolCalls=14 nudgeMsg=no
[2026-07-31T10:27:28.803Z] LiveUpdateForge: EndTurn fallback flush
[2026-07-31T10:27:28.803Z] onEndTurn: naturalStop=false toolCalls=14 nudgeMsg=no
[2026-07-31T10:27:29.620Z] LiveUpdateForge: AfterToolExec flush
[2026-07-31T10:27:29.669Z] InitialReadForge.onBeforeSend: SKIP (fr=true syn=false hasRead=true)
[2026-07-31T10:27:32.440Z] LiveUpdateForge: EndTurn fallback flush
[2026-07-31T10:27:32.441Z] onEndTurn: naturalStop=undefined toolCalls=15 nudgeMsg=no
[2026-07-31T10:27:32.441Z] LiveUpdateForge: EndTurn fallback flush
[2026-07-31T10:27:32.441Z] onEndTurn: naturalStop=false toolCalls=15 nudgeMsg=no
[2026-07-31T10:27:34.025Z] LiveUpdateForge: AfterToolExec flush
[2026-07-31T10:27:34.070Z] InitialReadForge.onBeforeSend: SKIP (fr=true syn=false hasRead=true)
[2026-07-31T10:27:35.662Z] LiveUpdateForge: EndTurn fallback flush
[2026-07-31T10:27:35.663Z] onEndTurn: naturalStop=undefined toolCalls=16 nudgeMsg=no
[2026-07-31T10:27:35.663Z] LiveUpdateForge: EndTurn fallback flush
[2026-07-31T10:27:35.663Z] onEndTurn: naturalStop=false toolCalls=16 nudgeMsg=no
[2026-07-31T10:27:35.673Z] LiveUpdateForge: AfterToolExec flush
[2026-07-31T10:27:35.720Z] InitialReadForge.onBeforeSend: SKIP (fr=true syn=false hasRead=true)
[2026-07-31T10:27:42.661Z] LiveUpdateForge: EndTurn fallback flush
[2026-07-31T10:27:42.662Z] onEndTurn: naturalStop=undefined toolCalls=17 nudgeMsg=no
[2026-07-31T10:27:42.662Z] LiveUpdateForge: EndTurn fallback flush
[2026-07-31T10:27:42.662Z] onEndTurn: naturalStop=false toolCalls=17 nudgeMsg=no
[2026-07-31T10:27:44.080Z] LiveUpdateForge: AfterToolExec flush
[2026-07-31T10:27:44.133Z] InitialReadForge.onBeforeSend: SKIP (fr=true syn=false hasRead=true)
[2026-07-31T10:27:46.417Z] LiveUpdateForge: EndTurn fallback flush
[2026-07-31T10:27:46.418Z] onEndTurn: naturalStop=undefined toolCalls=18 nudgeMsg=no
[2026-07-31T10:27:46.418Z] LiveUpdateForge: EndTurn fallback flush
[2026-07-31T10:27:46.418Z] onEndTurn: naturalStop=false toolCalls=18 nudgeMsg=no
[2026-07-31T10:27:48.805Z] LiveUpdateForge: AfterToolExec flush
[2026-07-31T10:27:48.866Z] InitialReadForge.onBeforeSend: SKIP (fr=true syn=false hasRead=true)
[2026-07-31T10:27:50.398Z] LiveUpdateForge: EndTurn fallback flush
[2026-07-31T10:27:50.399Z] onEndTurn: naturalStop=undefined toolCalls=19 nudgeMsg=no
[2026-07-31T10:27:50.399Z] LiveUpdateForge: EndTurn fallback flush
[2026-07-31T10:27:50.399Z] onEndTurn: naturalStop=false toolCalls=19 nudgeMsg=no
[2026-07-31T10:27:50.570Z] LiveUpdateForge: AfterToolExec flush
[2026-07-31T10:27:50.626Z] InitialReadForge.onBeforeSend: SKIP (fr=true syn=false hasRead=true)
[2026-07-31T10:27:53.394Z] LiveUpdateForge: EndTurn fallback flush
[2026-07-31T10:27:53.394Z] onEndTurn: naturalStop=undefined toolCalls=20 nudgeMsg=no
[2026-07-31T10:27:53.394Z] LiveUpdateForge: EndTurn fallback flush
[2026-07-31T10:27:53.395Z] onEndTurn: naturalStop=false toolCalls=20 nudgeMsg=no
[2026-07-31T10:30:39.237Z] MemoryForge: attached 5 listener(s)
[2026-07-31T10:30:39.238Z] InitialReadForge: armed one-shot BeforeSend after NewSessionStart
[2026-07-31T10:30:39.239Z] LiveUpdateForge: session reset, allowLiveUpdate = false
[2026-07-31T10:32:03.397Z] LiveUpdateForge: AfterToolExec flush
[2026-07-31T10:32:03.473Z] InitialReadForge.onBeforeSend: SKIP (fr=true syn=false hasRead=true)
[2026-07-31T10:32:06.415Z] LiveUpdateForge: EndTurn fallback flush
[2026-07-31T10:32:06.416Z] onEndTurn: naturalStop=undefined toolCalls=21 nudgeMsg=no
[2026-07-31T10:32:06.416Z] LiveUpdateForge: EndTurn fallback flush
[2026-07-31T10:32:06.416Z] onEndTurn: naturalStop=false toolCalls=21 nudgeMsg=no
[2026-07-31T10:32:06.479Z] LiveUpdateForge: AfterToolExec flush
[2026-07-31T10:32:06.536Z] InitialReadForge.onBeforeSend: SKIP (fr=true syn=false hasRead=true)
[2026-07-31T10:32:12.937Z] LiveUpdateForge: EndTurn fallback flush
[2026-07-31T10:32:12.937Z] onEndTurn: naturalStop=undefined toolCalls=22 nudgeMsg=no
[2026-07-31T10:32:12.938Z] LiveUpdateForge: EndTurn fallback flush
[2026-07-31T10:32:12.938Z] onEndTurn: naturalStop=false toolCalls=22 nudgeMsg=no
[2026-07-31T10:32:12.944Z] LiveUpdateForge: AfterToolExec flush
[2026-07-31T10:32:13.012Z] InitialReadForge.onBeforeSend: SKIP (fr=true syn=false hasRead=true)
[2026-07-31T10:32:16.555Z] LiveUpdateForge: EndTurn fallback flush
[2026-07-31T10:32:16.555Z] onEndTurn: naturalStop=undefined toolCalls=23 nudgeMsg=no
[2026-07-31T10:32:16.556Z] LiveUpdateForge: EndTurn fallback flush
[2026-07-31T10:32:16.556Z] onEndTurn: naturalStop=false toolCalls=23 nudgeMsg=no
[2026-07-31T10:32:18.304Z] LiveUpdateForge: AfterToolExec flush
[2026-07-31T10:32:18.369Z] InitialReadForge.onBeforeSend: SKIP (fr=true syn=false hasRead=true)
[2026-07-31T10:32:22.525Z] LiveUpdateForge: EndTurn fallback flush
[2026-07-31T10:32:22.526Z] onEndTurn: naturalStop=undefined toolCalls=24 nudgeMsg=no
[2026-07-31T10:32:22.526Z] LiveUpdateForge: EndTurn fallback flush
[2026-07-31T10:32:22.526Z] onEndTurn: naturalStop=false toolCalls=24 nudgeMsg=no
[2026-07-31T10:32:22.554Z] LiveUpdateForge: AfterToolExec flush
[2026-07-31T10:32:22.575Z] LiveUpdateForge: AfterToolExec flush
[2026-07-31T10:32:22.660Z] InitialReadForge.onBeforeSend: SKIP (fr=true syn=false hasRead=true)
[2026-07-31T10:32:33.430Z] LiveUpdateForge: EndTurn fallback flush
[2026-07-31T10:32:33.430Z] onEndTurn: naturalStop=undefined toolCalls=26 nudgeMsg=no
[2026-07-31T10:32:33.430Z] LiveUpdateForge: EndTurn fallback flush
[2026-07-31T10:32:33.431Z] onEndTurn: naturalStop=false toolCalls=26 nudgeMsg=no
[2026-07-31T10:32:33.447Z] LiveUpdateForge: AfterToolExec flush
[2026-07-31T10:33:03.435Z] LiveUpdateForge: AfterToolExec flush
[2026-07-31T10:33:03.505Z] InitialReadForge.onBeforeSend: SKIP (fr=true syn=false hasRead=true)
[2026-07-31T10:33:10.832Z] LiveUpdateForge: EndTurn fallback flush
[2026-07-31T10:33:10.832Z] onEndTurn: naturalStop=undefined toolCalls=28 nudgeMsg=no
[2026-07-31T10:33:10.833Z] LiveUpdateForge: EndTurn fallback flush
[2026-07-31T10:33:10.833Z] onEndTurn: naturalStop=false toolCalls=28 nudgeMsg=no
[2026-07-31T10:33:10.920Z] LiveUpdateForge: AfterToolExec flush
[2026-07-31T10:33:10.983Z] InitialReadForge.onBeforeSend: SKIP (fr=true syn=false hasRead=true)
[2026-07-31T10:33:14.114Z] LiveUpdateForge: EndTurn fallback flush
[2026-07-31T10:33:14.115Z] onEndTurn: naturalStop=undefined toolCalls=29 nudgeMsg=no
[2026-07-31T10:33:14.115Z] LiveUpdateForge: EndTurn fallback flush
[2026-07-31T10:33:14.115Z] onEndTurn: naturalStop=false toolCalls=29 nudgeMsg=no
[2026-07-31T10:33:14.974Z] LiveUpdateForge: AfterToolExec flush
[2026-07-31T10:33:15.030Z] InitialReadForge.onBeforeSend: SKIP (fr=true syn=false hasRead=true)
[2026-07-31T10:33:17.885Z] LiveUpdateForge: EndTurn fallback flush
[2026-07-31T10:33:17.886Z] onEndTurn: naturalStop=undefined toolCalls=30 nudgeMsg=no
[2026-07-31T10:33:17.886Z] LiveUpdateForge: EndTurn fallback flush
[2026-07-31T10:33:17.887Z] onEndTurn: naturalStop=false toolCalls=30 nudgeMsg=no
[2026-07-31T10:33:17.917Z] LiveUpdateForge: AfterToolExec flush
[2026-07-31T10:33:17.977Z] InitialReadForge.onBeforeSend: SKIP (fr=true syn=false hasRead=true)
[2026-07-31T10:33:23.511Z] LiveUpdateForge: EndTurn fallback flush
[2026-07-31T10:33:23.512Z] onEndTurn: naturalStop=undefined toolCalls=31 nudgeMsg=no
[2026-07-31T10:33:23.512Z] LiveUpdateForge: EndTurn fallback flush
[2026-07-31T10:33:23.512Z] onEndTurn: naturalStop=false toolCalls=31 nudgeMsg=no
[2026-07-31T10:33:23.730Z] LiveUpdateForge: AfterToolExec flush
[2026-07-31T10:33:23.790Z] InitialReadForge.onBeforeSend: SKIP (fr=true syn=false hasRead=true)
[2026-07-31T10:33:25.742Z] LiveUpdateForge: EndTurn fallback flush
[2026-07-31T10:33:25.743Z] onEndTurn: naturalStop=undefined toolCalls=32 nudgeMsg=no
[2026-07-31T10:33:25.743Z] LiveUpdateForge: EndTurn fallback flush
[2026-07-31T10:33:25.743Z] onEndTurn: naturalStop=false toolCalls=32 nudgeMsg=no
[2026-07-31T10:34:03.437Z] LiveUpdateForge: AfterToolExec flush
[2026-07-31T10:34:03.500Z] InitialReadForge.onBeforeSend: SKIP (fr=true syn=false hasRead=true)
[2026-07-31T10:34:08.025Z] LiveUpdateForge: EndTurn fallback flush
[2026-07-31T10:34:08.026Z] onEndTurn: naturalStop=undefined toolCalls=33 nudgeMsg=no
[2026-07-31T10:34:08.026Z] LiveUpdateForge: EndTurn fallback flush
[2026-07-31T10:34:08.026Z] onEndTurn: naturalStop=false toolCalls=33 nudgeMsg=no
[2026-07-31T10:34:08.715Z] LiveUpdateForge: AfterToolExec flush
[2026-07-31T10:34:08.766Z] InitialReadForge.onBeforeSend: SKIP (fr=true syn=false hasRead=true)
[2026-07-31T10:34:12.629Z] LiveUpdateForge: EndTurn fallback flush
[2026-07-31T10:34:12.629Z] onEndTurn: naturalStop=undefined toolCalls=34 nudgeMsg=no
[2026-07-31T10:34:12.629Z] LiveUpdateForge: EndTurn fallback flush
[2026-07-31T10:34:12.630Z] onEndTurn: naturalStop=false toolCalls=34 nudgeMsg=no
[2026-07-31T10:34:50.246Z] LiveUpdateForge: AfterToolExec flush
[2026-07-31T10:34:50.320Z] InitialReadForge.onBeforeSend: SKIP (fr=true syn=false hasRead=true)
[2026-07-31T10:34:55.484Z] LiveUpdateForge: EndTurn fallback flush
[2026-07-31T10:34:55.484Z] onEndTurn: naturalStop=undefined toolCalls=35 nudgeMsg=no
[2026-07-31T10:34:55.485Z] LiveUpdateForge: EndTurn fallback flush
[2026-07-31T10:34:55.485Z] onEndTurn: naturalStop=false toolCalls=35 nudgeMsg=no
[2026-07-31T10:34:56.422Z] LiveUpdateForge: AfterToolExec flush
[2026-07-31T10:34:56.485Z] InitialReadForge.onBeforeSend: SKIP (fr=true syn=false hasRead=true)
[2026-07-31T10:35:01.478Z] LiveUpdateForge: EndTurn fallback flush
[2026-07-31T10:35:01.478Z] onEndTurn: naturalStop=undefined toolCalls=36 nudgeMsg=no
[2026-07-31T10:35:01.478Z] LiveUpdateForge: EndTurn fallback flush
[2026-07-31T10:35:01.479Z] onEndTurn: naturalStop=false toolCalls=36 nudgeMsg=no
[2026-07-31T10:35:02.448Z] LiveUpdateForge: AfterToolExec flush
[2026-07-31T10:35:02.514Z] InitialReadForge.onBeforeSend: SKIP (fr=true syn=false hasRead=true)
[2026-07-31T10:35:35.606Z] LiveUpdateForge: EndTurn fallback flush
[2026-07-31T10:35:35.607Z] onEndTurn: naturalStop=undefined toolCalls=37 nudgeMsg=no
[2026-07-31T10:35:35.609Z] LiveUpdateForge: EndTurn fallback flush
[2026-07-31T10:35:35.610Z] onEndTurn: naturalStop=false toolCalls=37 nudgeMsg=no
[2026-07-31T10:35:37.889Z] LiveUpdateForge: AfterToolExec flush
[2026-07-31T10:35:37.970Z] InitialReadForge.onBeforeSend: SKIP (fr=true syn=false hasRead=true)
[2026-07-31T10:35:43.976Z] LiveUpdateForge: EndTurn fallback flush
[2026-07-31T10:35:43.977Z] onEndTurn: naturalStop=undefined toolCalls=38 nudgeMsg=no
[2026-07-31T10:35:43.977Z] LiveUpdateForge: EndTurn fallback flush
[2026-07-31T10:35:43.977Z] onEndTurn: naturalStop=false toolCalls=38 nudgeMsg=no
[2026-07-31T10:35:44.977Z] LiveUpdateForge: AfterToolExec flush
[2026-07-31T10:35:45.056Z] InitialReadForge.onBeforeSend: SKIP (fr=true syn=false hasRead=true)
[2026-07-31T10:35:46.883Z] LiveUpdateForge: EndTurn fallback flush
[2026-07-31T10:35:46.883Z] onEndTurn: naturalStop=undefined toolCalls=39 nudgeMsg=no
[2026-07-31T10:35:46.884Z] LiveUpdateForge: EndTurn fallback flush
[2026-07-31T10:35:46.884Z] onEndTurn: naturalStop=false toolCalls=39 nudgeMsg=no
[2026-07-31T10:35:46.925Z] LiveUpdateForge: AfterToolExec flush
[2026-07-31T10:35:49.219Z] LiveUpdateForge: AfterToolExec flush
[2026-07-31T10:35:49.287Z] InitialReadForge.onBeforeSend: SKIP (fr=true syn=false hasRead=true)
[2026-07-31T10:35:51.320Z] LiveUpdateForge: EndTurn fallback flush
[2026-07-31T10:35:51.320Z] onEndTurn: naturalStop=undefined toolCalls=41 nudgeMsg=no
[2026-07-31T10:35:51.320Z] LiveUpdateForge: EndTurn fallback flush
[2026-07-31T10:35:51.320Z] onEndTurn: naturalStop=false toolCalls=41 nudgeMsg=no
[2026-07-31T10:35:51.361Z] LiveUpdateForge: AfterToolExec flush
[2026-07-31T10:35:51.421Z] InitialReadForge.onBeforeSend: SKIP (fr=true syn=false hasRead=true)
[2026-07-31T10:35:53.680Z] LiveUpdateForge: EndTurn fallback flush
[2026-07-31T10:35:53.680Z] onEndTurn: naturalStop=undefined toolCalls=42 nudgeMsg=no
[2026-07-31T10:35:53.680Z] LiveUpdateForge: EndTurn fallback flush
[2026-07-31T10:35:53.681Z] onEndTurn: naturalStop=false toolCalls=42 nudgeMsg=no
[2026-07-31T10:35:53.923Z] LiveUpdateForge: AfterToolExec flush
[2026-07-31T10:35:53.988Z] InitialReadForge.onBeforeSend: SKIP (fr=true syn=false hasRead=true)
[2026-07-31T10:35:56.864Z] LiveUpdateForge: EndTurn fallback flush
[2026-07-31T10:35:56.865Z] onEndTurn: naturalStop=undefined toolCalls=43 nudgeMsg=no
[2026-07-31T10:35:56.865Z] LiveUpdateForge: EndTurn fallback flush
[2026-07-31T10:35:56.865Z] onEndTurn: naturalStop=false toolCalls=43 nudgeMsg=no
[2026-07-31T10:36:55.414Z] LiveUpdateForge: AfterToolExec flush
[2026-07-31T10:36:55.485Z] InitialReadForge.onBeforeSend: SKIP (fr=true syn=false hasRead=true)
[2026-07-31T10:37:01.028Z] LiveUpdateForge: EndTurn fallback flush
[2026-07-31T10:37:01.029Z] onEndTurn: naturalStop=undefined toolCalls=44 nudgeMsg=no
[2026-07-31T10:37:01.029Z] LiveUpdateForge: EndTurn fallback flush
[2026-07-31T10:37:01.029Z] onEndTurn: naturalStop=false toolCalls=44 nudgeMsg=no
[2026-07-31T10:37:01.955Z] LiveUpdateForge: AfterToolExec flush
[2026-07-31T10:37:02.017Z] InitialReadForge.onBeforeSend: SKIP (fr=true syn=false hasRead=true)
[2026-07-31T10:37:06.302Z] LiveUpdateForge: EndTurn fallback flush
[2026-07-31T10:37:06.302Z] onEndTurn: naturalStop=undefined toolCalls=45 nudgeMsg=no
[2026-07-31T10:37:06.302Z] LiveUpdateForge: EndTurn fallback flush
[2026-07-31T10:37:06.303Z] onEndTurn: naturalStop=false toolCalls=45 nudgeMsg=no
[2026-07-31T10:37:08.023Z] LiveUpdateForge: AfterToolExec flush
[2026-07-31T10:37:08.098Z] InitialReadForge.onBeforeSend: SKIP (fr=true syn=false hasRead=true)
[2026-07-31T10:37:18.946Z] LiveUpdateForge: EndTurn fallback flush
[2026-07-31T10:37:18.946Z] onEndTurn: naturalStop=undefined toolCalls=46 nudgeMsg=no
[2026-07-31T10:37:18.947Z] LiveUpdateForge: EndTurn fallback flush
[2026-07-31T10:37:18.947Z] onEndTurn: naturalStop=true toolCalls=46 nudgeMsg=no
[2026-07-31T10:38:31.867Z] ResumeDiffForge: running checkResumeConsistency
[2026-07-31T10:38:31.869Z] checkResumeConsistency: forgedTimestamps=[]
[2026-07-31T10:38:31.902Z] checkResumeConsistency: no changes detected
[2026-07-31T10:38:31.902Z] LiveUpdateForge: session reset, allowLiveUpdate = false
[2026-07-31T10:38:31.902Z] NudgeForge: ResumeComplete — restoring count from history
[2026-07-31T10:38:31.903Z] restoreNudgeCountFromHistory: no reset point found, count=46
[2026-07-31T10:38:31.943Z] LiveUpdateForge: allowLiveUpdate = true (first real BeforeSend)
[2026-07-31T10:38:31.944Z] InitialReadForge.onBeforeSend: SKIP (fr=false syn=false hasRead=true)
[2026-07-31T10:39:20.362Z] LiveUpdateForge: EndTurn fallback flush
[2026-07-31T10:39:20.363Z] onEndTurn: naturalStop=undefined toolCalls=46 nudgeMsg=no
[2026-07-31T10:39:20.363Z] LiveUpdateForge: EndTurn fallback flush
[2026-07-31T10:39:20.363Z] onEndTurn: naturalStop=false toolCalls=46 nudgeMsg=no
[2026-07-31T10:39:21.238Z] LiveUpdateForge: AfterToolExec flush
[2026-07-31T10:39:21.265Z] InitialReadForge.onBeforeSend: SKIP (fr=true syn=false hasRead=true)
[2026-07-31T10:39:23.421Z] LiveUpdateForge: EndTurn fallback flush
[2026-07-31T10:39:23.421Z] onEndTurn: naturalStop=undefined toolCalls=47 nudgeMsg=no
[2026-07-31T10:39:23.421Z] LiveUpdateForge: EndTurn fallback flush
[2026-07-31T10:39:23.422Z] onEndTurn: naturalStop=false toolCalls=47 nudgeMsg=no
[2026-07-31T10:39:28.868Z] LiveUpdateForge: AfterToolExec flush
[2026-07-31T10:39:28.896Z] InitialReadForge.onBeforeSend: SKIP (fr=true syn=false hasRead=true)
[2026-07-31T10:39:34.703Z] LiveUpdateForge: EndTurn fallback flush
[2026-07-31T10:39:34.703Z] onEndTurn: naturalStop=undefined toolCalls=48 nudgeMsg=no
[2026-07-31T10:39:34.703Z] LiveUpdateForge: EndTurn fallback flush
[2026-07-31T10:39:34.704Z] onEndTurn: naturalStop=false toolCalls=48 nudgeMsg=no
[2026-07-31T10:39:34.713Z] LiveUpdateForge: AfterToolExec flush
[2026-07-31T10:39:34.736Z] InitialReadForge.onBeforeSend: SKIP (fr=true syn=false hasRead=true)
[2026-07-31T10:39:38.034Z] LiveUpdateForge: EndTurn fallback flush
[2026-07-31T10:39:38.035Z] onEndTurn: naturalStop=undefined toolCalls=49 nudgeMsg=no
[2026-07-31T10:39:38.035Z] LiveUpdateForge: EndTurn fallback flush
[2026-07-31T10:39:38.035Z] onEndTurn: naturalStop=false toolCalls=49 nudgeMsg=no
[2026-07-31T10:39:38.043Z] LiveUpdateForge: AfterToolExec flush
[2026-07-31T10:39:38.067Z] InitialReadForge.onBeforeSend: SKIP (fr=true syn=false hasRead=true)
[2026-07-31T10:39:42.034Z] LiveUpdateForge: EndTurn fallback flush
[2026-07-31T10:39:42.035Z] onEndTurn: naturalStop=undefined toolCalls=50 nudgeMsg=no
[2026-07-31T10:39:42.035Z] LiveUpdateForge: EndTurn fallback flush
[2026-07-31T10:39:42.036Z] onEndTurn: naturalStop=false toolCalls=50 nudgeMsg=no
[2026-07-31T10:39:42.123Z] LiveUpdateForge: AfterToolExec flush
[2026-07-31T10:39:42.151Z] InitialReadForge.onBeforeSend: SKIP (fr=true syn=false hasRead=true)
[2026-07-31T10:39:46.815Z] LiveUpdateForge: EndTurn fallback flush
[2026-07-31T10:39:46.815Z] onEndTurn: naturalStop=undefined toolCalls=51 nudgeMsg=no
[2026-07-31T10:39:46.816Z] LiveUpdateForge: EndTurn fallback flush
[2026-07-31T10:39:46.816Z] onEndTurn: naturalStop=false toolCalls=51 nudgeMsg=no
[2026-07-31T10:39:46.833Z] LiveUpdateForge: AfterToolExec flush
[2026-07-31T10:39:46.861Z] InitialReadForge.onBeforeSend: SKIP (fr=true syn=false hasRead=true)
[2026-07-31T10:39:50.319Z] LiveUpdateForge: EndTurn fallback flush
[2026-07-31T10:39:50.319Z] onEndTurn: naturalStop=undefined toolCalls=52 nudgeMsg=no
[2026-07-31T10:39:50.320Z] LiveUpdateForge: EndTurn fallback flush
[2026-07-31T10:39:50.320Z] onEndTurn: naturalStop=false toolCalls=52 nudgeMsg=no
[2026-07-31T10:40:30.318Z] LiveUpdateForge: AfterToolExec flush
[2026-07-31T10:40:30.345Z] InitialReadForge.onBeforeSend: SKIP (fr=true syn=false hasRead=true)
[2026-07-31T10:40:31.756Z] LiveUpdateForge: EndTurn fallback flush
[2026-07-31T10:40:31.756Z] onEndTurn: naturalStop=undefined toolCalls=53 nudgeMsg=no
[2026-07-31T10:40:31.757Z] LiveUpdateForge: EndTurn fallback flush
[2026-07-31T10:40:31.757Z] onEndTurn: naturalStop=false toolCalls=53 nudgeMsg=no
[2026-07-31T10:40:32.015Z] LiveUpdateForge: AfterToolExec flush
[2026-07-31T10:40:32.046Z] InitialReadForge.onBeforeSend: SKIP (fr=true syn=false hasRead=true)
[2026-07-31T10:40:33.307Z] LiveUpdateForge: EndTurn fallback flush
[2026-07-31T10:40:33.307Z] onEndTurn: naturalStop=undefined toolCalls=54 nudgeMsg=no
[2026-07-31T10:40:33.308Z] LiveUpdateForge: EndTurn fallback flush
[2026-07-31T10:40:33.308Z] onEndTurn: naturalStop=false toolCalls=54 nudgeMsg=no
[2026-07-31T10:40:33.575Z] LiveUpdateForge: AfterToolExec flush
[2026-07-31T10:40:33.600Z] InitialReadForge.onBeforeSend: SKIP (fr=true syn=false hasRead=true)
[2026-07-31T10:40:38.543Z] LiveUpdateForge: EndTurn fallback flush
[2026-07-31T10:40:38.544Z] onEndTurn: naturalStop=undefined toolCalls=55 nudgeMsg=no
[2026-07-31T10:40:38.544Z] LiveUpdateForge: EndTurn fallback flush
[2026-07-31T10:40:38.545Z] onEndTurn: naturalStop=false toolCalls=55 nudgeMsg=no
[2026-07-31T10:40:43.969Z] LiveUpdateForge: AfterToolExec flush
[2026-07-31T10:40:43.999Z] InitialReadForge.onBeforeSend: SKIP (fr=true syn=false hasRead=true)
[2026-07-31T10:40:46.349Z] LiveUpdateForge: EndTurn fallback flush
[2026-07-31T10:40:46.349Z] onEndTurn: naturalStop=undefined toolCalls=56 nudgeMsg=no
[2026-07-31T10:40:46.350Z] LiveUpdateForge: EndTurn fallback flush
[2026-07-31T10:40:46.350Z] onEndTurn: naturalStop=false toolCalls=56 nudgeMsg=no
[2026-07-31T10:40:47.462Z] LiveUpdateForge: AfterToolExec flush
[2026-07-31T10:40:47.490Z] InitialReadForge.onBeforeSend: SKIP (fr=true syn=false hasRead=true)
[2026-07-31T10:40:51.601Z] LiveUpdateForge: EndTurn fallback flush
[2026-07-31T10:40:51.602Z] onEndTurn: naturalStop=undefined toolCalls=57 nudgeMsg=no
[2026-07-31T10:40:51.602Z] LiveUpdateForge: EndTurn fallback flush
[2026-07-31T10:40:51.603Z] onEndTurn: naturalStop=false toolCalls=57 nudgeMsg=no
[2026-07-31T10:41:08.716Z] LiveUpdateForge: AfterToolExec flush
[2026-07-31T10:41:08.747Z] InitialReadForge.onBeforeSend: SKIP (fr=true syn=false hasRead=true)
[2026-07-31T10:41:22.943Z] LiveUpdateForge: EndTurn fallback flush
[2026-07-31T10:41:22.943Z] onEndTurn: naturalStop=undefined toolCalls=58 nudgeMsg=no
[2026-07-31T10:41:22.943Z] LiveUpdateForge: EndTurn fallback flush
[2026-07-31T10:41:22.943Z] onEndTurn: naturalStop=false toolCalls=58 nudgeMsg=no
[2026-07-31T10:41:23.986Z] LiveUpdateForge: AfterToolExec flush
[2026-07-31T10:41:24.017Z] InitialReadForge.onBeforeSend: SKIP (fr=true syn=false hasRead=true)
[2026-07-31T10:41:26.280Z] LiveUpdateForge: EndTurn fallback flush
[2026-07-31T10:41:26.280Z] onEndTurn: naturalStop=undefined toolCalls=59 nudgeMsg=no
[2026-07-31T10:41:26.280Z] LiveUpdateForge: EndTurn fallback flush
[2026-07-31T10:41:26.281Z] onEndTurn: naturalStop=false toolCalls=59 nudgeMsg=no
[2026-07-31T10:42:09.224Z] LiveUpdateForge: AfterToolExec flush
[2026-07-31T10:42:23.119Z] LiveUpdateForge: AfterToolExec flush
[2026-07-31T10:42:23.150Z] InitialReadForge.onBeforeSend: SKIP (fr=true syn=false hasRead=true)
[2026-07-31T10:42:29.674Z] LiveUpdateForge: EndTurn fallback flush
[2026-07-31T10:42:29.674Z] onEndTurn: naturalStop=undefined toolCalls=61 nudgeMsg=no
[2026-07-31T10:42:29.675Z] LiveUpdateForge: EndTurn fallback flush
[2026-07-31T10:42:29.675Z] onEndTurn: naturalStop=true toolCalls=0 nudgeMsg=YES
[2026-07-31T10:42:29.680Z] InitialReadForge.onBeforeSend: SKIP (fr=false syn=false hasRead=true)
[2026-07-31T10:42:35.549Z] LiveUpdateForge: EndTurn fallback flush
[2026-07-31T10:42:35.553Z] onEndTurn: naturalStop=undefined toolCalls=0 nudgeMsg=no
[2026-07-31T10:42:35.554Z] LiveUpdateForge: EndTurn fallback flush
[2026-07-31T10:42:35.554Z] onEndTurn: naturalStop=false toolCalls=0 nudgeMsg=no
[2026-07-31T10:42:35.576Z] LiveUpdateForge: self-write on D:\unity\mowang\CODELY.md, baseline aligned
[2026-07-31T10:42:35.578Z] LiveUpdateForge: AfterToolExec flush
[2026-07-31T10:42:35.598Z] LiveUpdateForge: self-write on D:\unity\mowang\CODELY.md, baseline aligned
[2026-07-31T10:42:35.600Z] LiveUpdateForge: AfterToolExec flush
[2026-07-31T10:42:35.634Z] InitialReadForge.onBeforeSend: SKIP (fr=true syn=false hasRead=true)
[2026-07-31T10:42:37.553Z] LiveUpdateForge: EndTurn fallback flush
[2026-07-31T10:42:37.553Z] onEndTurn: naturalStop=undefined toolCalls=0 nudgeMsg=no
[2026-07-31T10:42:37.554Z] LiveUpdateForge: EndTurn fallback flush
[2026-07-31T10:42:37.554Z] onEndTurn: naturalStop=true toolCalls=0 nudgeMsg=no
[2026-07-31T10:42:42.326Z] ResumeDiffForge: running checkResumeConsistency
[2026-07-31T10:42:42.327Z] checkResumeConsistency: forgedTimestamps=[]
[2026-07-31T10:42:42.335Z] checkResumeConsistency: no changes detected
[2026-07-31T10:42:42.335Z] LiveUpdateForge: session reset, allowLiveUpdate = false
[2026-07-31T10:42:42.336Z] NudgeForge: ResumeComplete — restoring count from history
[2026-07-31T10:42:42.336Z] restoreNudgeCountFromHistory: found last write at idx=117 count=0
[2026-07-31T10:42:42.361Z] LiveUpdateForge: allowLiveUpdate = true (first real BeforeSend)
[2026-07-31T10:42:42.362Z] InitialReadForge.onBeforeSend: SKIP (fr=false syn=false hasRead=true)
[2026-07-31T10:42:45.126Z] LiveUpdateForge: EndTurn fallback flush
[2026-07-31T10:42:45.126Z] onEndTurn: naturalStop=undefined toolCalls=0 nudgeMsg=no
[2026-07-31T10:42:45.126Z] LiveUpdateForge: EndTurn fallback flush
[2026-07-31T10:42:45.127Z] onEndTurn: naturalStop=false toolCalls=0 nudgeMsg=no
[2026-07-31T10:42:47.116Z] LiveUpdateForge: AfterToolExec flush
[2026-07-31T10:43:01.098Z] LiveUpdateForge: AfterToolExec flush
[2026-07-31T10:43:01.136Z] InitialReadForge.onBeforeSend: SKIP (fr=true syn=false hasRead=true)
[2026-07-31T10:43:06.842Z] LiveUpdateForge: EndTurn fallback flush
[2026-07-31T10:43:06.842Z] onEndTurn: naturalStop=undefined toolCalls=2 nudgeMsg=no
[2026-07-31T10:43:06.843Z] LiveUpdateForge: EndTurn fallback flush
[2026-07-31T10:43:06.843Z] onEndTurn: naturalStop=false toolCalls=2 nudgeMsg=no
[2026-07-31T10:43:07.855Z] LiveUpdateForge: AfterToolExec flush
[2026-07-31T10:43:07.882Z] InitialReadForge.onBeforeSend: SKIP (fr=true syn=false hasRead=true)
[2026-07-31T10:43:32.908Z] LiveUpdateForge: EndTurn fallback flush
[2026-07-31T10:43:32.908Z] onEndTurn: naturalStop=undefined toolCalls=3 nudgeMsg=no
[2026-07-31T10:43:32.909Z] LiveUpdateForge: EndTurn fallback flush
[2026-07-31T10:43:32.909Z] onEndTurn: naturalStop=false toolCalls=3 nudgeMsg=no
[2026-07-31T10:43:32.922Z] LiveUpdateForge: AfterToolExec flush
[2026-07-31T10:43:32.956Z] InitialReadForge.onBeforeSend: SKIP (fr=true syn=false hasRead=true)
[2026-07-31T10:44:02.052Z] LiveUpdateForge: EndTurn fallback flush
[2026-07-31T10:44:02.052Z] onEndTurn: naturalStop=undefined toolCalls=4 nudgeMsg=no
[2026-07-31T10:44:02.053Z] LiveUpdateForge: EndTurn fallback flush
[2026-07-31T10:44:02.053Z] onEndTurn: naturalStop=false toolCalls=4 nudgeMsg=no
[2026-07-31T10:44:02.212Z] LiveUpdateForge: AfterToolExec flush
[2026-07-31T10:44:02.250Z] InitialReadForge.onBeforeSend: SKIP (fr=true syn=false hasRead=true)
[2026-07-31T10:44:12.111Z] LiveUpdateForge: EndTurn fallback flush
[2026-07-31T10:44:12.111Z] onEndTurn: naturalStop=undefined toolCalls=5 nudgeMsg=no
[2026-07-31T10:44:12.112Z] LiveUpdateForge: EndTurn fallback flush
[2026-07-31T10:44:12.112Z] onEndTurn: naturalStop=false toolCalls=5 nudgeMsg=no
[2026-07-31T10:44:12.137Z] LiveUpdateForge: AfterToolExec flush
[2026-07-31T10:44:12.169Z] InitialReadForge.onBeforeSend: SKIP (fr=true syn=false hasRead=true)
[2026-07-31T10:44:13.571Z] LiveUpdateForge: EndTurn fallback flush
[2026-07-31T10:44:13.572Z] onEndTurn: naturalStop=undefined toolCalls=6 nudgeMsg=no
[2026-07-31T10:44:13.572Z] LiveUpdateForge: EndTurn fallback flush
[2026-07-31T10:44:13.572Z] onEndTurn: naturalStop=false toolCalls=6 nudgeMsg=no
[2026-07-31T10:44:32.056Z] LiveUpdateForge: AfterToolExec flush
[2026-07-31T10:44:32.088Z] InitialReadForge.onBeforeSend: SKIP (fr=true syn=false hasRead=true)
[2026-07-31T10:44:34.854Z] LiveUpdateForge: EndTurn fallback flush
[2026-07-31T10:44:34.855Z] onEndTurn: naturalStop=undefined toolCalls=7 nudgeMsg=no
[2026-07-31T10:44:34.855Z] LiveUpdateForge: EndTurn fallback flush
[2026-07-31T10:44:34.855Z] onEndTurn: naturalStop=false toolCalls=7 nudgeMsg=no
[2026-07-31T10:44:34.956Z] LiveUpdateForge: AfterToolExec flush
[2026-07-31T10:44:34.986Z] InitialReadForge.onBeforeSend: SKIP (fr=true syn=false hasRead=true)
[2026-07-31T10:44:40.127Z] LiveUpdateForge: EndTurn fallback flush
[2026-07-31T10:44:40.127Z] onEndTurn: naturalStop=undefined toolCalls=8 nudgeMsg=no
[2026-07-31T10:44:40.128Z] LiveUpdateForge: EndTurn fallback flush
[2026-07-31T10:44:40.128Z] onEndTurn: naturalStop=false toolCalls=8 nudgeMsg=no
[2026-07-31T10:44:43.191Z] LiveUpdateForge: AfterToolExec flush
[2026-07-31T10:44:43.224Z] InitialReadForge.onBeforeSend: SKIP (fr=true syn=false hasRead=true)
[2026-07-31T10:45:11.664Z] LiveUpdateForge: EndTurn fallback flush
[2026-07-31T10:45:11.664Z] onEndTurn: naturalStop=undefined toolCalls=9 nudgeMsg=no
[2026-07-31T10:45:11.664Z] LiveUpdateForge: EndTurn fallback flush
[2026-07-31T10:45:11.664Z] onEndTurn: naturalStop=false toolCalls=9 nudgeMsg=no
[2026-07-31T10:45:12.795Z] LiveUpdateForge: AfterToolExec flush
[2026-07-31T10:45:12.825Z] InitialReadForge.onBeforeSend: SKIP (fr=true syn=false hasRead=true)
[2026-07-31T10:45:16.076Z] LiveUpdateForge: EndTurn fallback flush
[2026-07-31T10:45:16.077Z] onEndTurn: naturalStop=undefined toolCalls=10 nudgeMsg=no
[2026-07-31T10:45:16.077Z] LiveUpdateForge: EndTurn fallback flush
[2026-07-31T10:45:16.077Z] onEndTurn: naturalStop=false toolCalls=10 nudgeMsg=no
[2026-07-31T10:46:31.238Z] LiveUpdateForge: AfterToolExec flush
[2026-07-31T10:46:31.266Z] InitialReadForge.onBeforeSend: SKIP (fr=true syn=false hasRead=true)
[2026-07-31T10:46:37.935Z] LiveUpdateForge: EndTurn fallback flush
[2026-07-31T10:46:37.936Z] onEndTurn: naturalStop=undefined toolCalls=11 nudgeMsg=no
[2026-07-31T10:46:37.936Z] LiveUpdateForge: EndTurn fallback flush
[2026-07-31T10:46:37.936Z] onEndTurn: naturalStop=true toolCalls=11 nudgeMsg=no
[2026-07-31T10:49:21.348Z] ResumeDiffForge: running checkResumeConsistency
[2026-07-31T10:49:21.350Z] checkResumeConsistency: forgedTimestamps=[]
[2026-07-31T10:49:21.381Z] checkResumeConsistency: no changes detected
[2026-07-31T10:49:21.382Z] LiveUpdateForge: session reset, allowLiveUpdate = false
[2026-07-31T10:49:21.382Z] NudgeForge: ResumeComplete — restoring count from history
[2026-07-31T10:49:21.382Z] restoreNudgeCountFromHistory: found last write at idx=117 count=11
[2026-07-31T10:49:21.415Z] LiveUpdateForge: allowLiveUpdate = true (first real BeforeSend)
[2026-07-31T10:49:21.416Z] InitialReadForge.onBeforeSend: SKIP (fr=false syn=false hasRead=true)
[2026-07-31T10:49:38.861Z] LiveUpdateForge: EndTurn fallback flush
[2026-07-31T10:49:38.861Z] onEndTurn: naturalStop=undefined toolCalls=11 nudgeMsg=no
[2026-07-31T10:49:38.861Z] LiveUpdateForge: EndTurn fallback flush
[2026-07-31T10:49:38.861Z] onEndTurn: naturalStop=false toolCalls=11 nudgeMsg=no
[2026-07-31T10:50:02.142Z] LiveUpdateForge: AfterToolExec flush
[2026-07-31T10:50:02.173Z] InitialReadForge.onBeforeSend: SKIP (fr=true syn=false hasRead=true)
[2026-07-31T10:50:10.085Z] LiveUpdateForge: EndTurn fallback flush
[2026-07-31T10:50:10.086Z] onEndTurn: naturalStop=undefined toolCalls=12 nudgeMsg=no
[2026-07-31T10:50:10.086Z] LiveUpdateForge: EndTurn fallback flush
[2026-07-31T10:50:10.086Z] onEndTurn: naturalStop=false toolCalls=12 nudgeMsg=no
[2026-07-31T10:50:11.061Z] LiveUpdateForge: AfterToolExec flush
[2026-07-31T10:50:11.091Z] InitialReadForge.onBeforeSend: SKIP (fr=true syn=false hasRead=true)
[2026-07-31T10:50:43.235Z] LiveUpdateForge: EndTurn fallback flush
[2026-07-31T10:50:43.235Z] onEndTurn: naturalStop=undefined toolCalls=13 nudgeMsg=no
[2026-07-31T10:50:43.235Z] LiveUpdateForge: EndTurn fallback flush
[2026-07-31T10:50:43.236Z] onEndTurn: naturalStop=false toolCalls=13 nudgeMsg=no
[2026-07-31T10:50:43.300Z] LiveUpdateForge: AfterToolExec flush
[2026-07-31T10:50:43.327Z] InitialReadForge.onBeforeSend: SKIP (fr=true syn=false hasRead=true)
[2026-07-31T10:50:48.198Z] LiveUpdateForge: EndTurn fallback flush
[2026-07-31T10:50:48.198Z] onEndTurn: naturalStop=undefined toolCalls=14 nudgeMsg=no
[2026-07-31T10:50:48.198Z] LiveUpdateForge: EndTurn fallback flush
[2026-07-31T10:50:48.199Z] onEndTurn: naturalStop=false toolCalls=14 nudgeMsg=no
[2026-07-31T10:50:48.216Z] LiveUpdateForge: AfterToolExec flush
[2026-07-31T10:50:48.243Z] InitialReadForge.onBeforeSend: SKIP (fr=true syn=false hasRead=true)
[2026-07-31T10:50:51.026Z] LiveUpdateForge: EndTurn fallback flush
[2026-07-31T10:50:51.026Z] onEndTurn: naturalStop=undefined toolCalls=15 nudgeMsg=no
[2026-07-31T10:50:51.026Z] LiveUpdateForge: EndTurn fallback flush
[2026-07-31T10:50:51.027Z] onEndTurn: naturalStop=false toolCalls=15 nudgeMsg=no
[2026-07-31T10:51:03.696Z] LiveUpdateForge: AfterToolExec flush
[2026-07-31T10:51:03.724Z] InitialReadForge.onBeforeSend: SKIP (fr=true syn=false hasRead=true)
[2026-07-31T10:51:07.530Z] LiveUpdateForge: EndTurn fallback flush
[2026-07-31T10:51:07.530Z] onEndTurn: naturalStop=undefined toolCalls=16 nudgeMsg=no
[2026-07-31T10:51:07.530Z] LiveUpdateForge: EndTurn fallback flush
[2026-07-31T10:51:07.531Z] onEndTurn: naturalStop=false toolCalls=16 nudgeMsg=no
[2026-07-31T10:51:07.559Z] LiveUpdateForge: AfterToolExec flush
[2026-07-31T10:51:07.589Z] InitialReadForge.onBeforeSend: SKIP (fr=true syn=false hasRead=true)
[2026-07-31T10:51:23.028Z] LiveUpdateForge: EndTurn fallback flush
[2026-07-31T10:51:23.029Z] onEndTurn: naturalStop=undefined toolCalls=17 nudgeMsg=no
[2026-07-31T10:51:23.029Z] LiveUpdateForge: EndTurn fallback flush
[2026-07-31T10:51:23.030Z] onEndTurn: naturalStop=false toolCalls=17 nudgeMsg=no
[2026-07-31T10:51:25.836Z] LiveUpdateForge: AfterToolExec flush
[2026-07-31T10:51:25.865Z] InitialReadForge.onBeforeSend: SKIP (fr=true syn=false hasRead=true)
[2026-07-31T10:51:28.682Z] LiveUpdateForge: EndTurn fallback flush
[2026-07-31T10:51:28.682Z] onEndTurn: naturalStop=undefined toolCalls=18 nudgeMsg=no
[2026-07-31T10:51:28.683Z] LiveUpdateForge: EndTurn fallback flush
[2026-07-31T10:51:28.683Z] onEndTurn: naturalStop=false toolCalls=18 nudgeMsg=no
[2026-07-31T10:51:59.087Z] LiveUpdateForge: AfterToolExec flush
[2026-07-31T10:51:59.113Z] InitialReadForge.onBeforeSend: SKIP (fr=true syn=false hasRead=true)
[2026-07-31T10:52:01.660Z] LiveUpdateForge: EndTurn fallback flush
[2026-07-31T10:52:01.661Z] onEndTurn: naturalStop=undefined toolCalls=19 nudgeMsg=no
[2026-07-31T10:52:01.661Z] LiveUpdateForge: EndTurn fallback flush
[2026-07-31T10:52:01.661Z] onEndTurn: naturalStop=true toolCalls=19 nudgeMsg=no
[2026-07-31T10:55:38.812Z] ResumeDiffForge: running checkResumeConsistency
[2026-07-31T10:55:38.814Z] checkResumeConsistency: forgedTimestamps=[]
[2026-07-31T10:55:38.838Z] checkResumeConsistency: no changes detected
[2026-07-31T10:55:38.839Z] LiveUpdateForge: session reset, allowLiveUpdate = false
[2026-07-31T10:55:38.839Z] NudgeForge: ResumeComplete — restoring count from history
[2026-07-31T10:55:38.839Z] restoreNudgeCountFromHistory: found last write at idx=117 count=19
[2026-07-31T10:55:38.869Z] LiveUpdateForge: allowLiveUpdate = true (first real BeforeSend)
[2026-07-31T10:55:38.870Z] InitialReadForge.onBeforeSend: SKIP (fr=false syn=false hasRead=true)
[2026-07-31T10:55:49.538Z] LiveUpdateForge: EndTurn fallback flush
[2026-07-31T10:55:49.538Z] onEndTurn: naturalStop=undefined toolCalls=19 nudgeMsg=no
[2026-07-31T10:55:49.539Z] LiveUpdateForge: EndTurn fallback flush
[2026-07-31T10:55:49.539Z] onEndTurn: naturalStop=false toolCalls=19 nudgeMsg=no
[2026-07-31T10:56:16.312Z] LiveUpdateForge: AfterToolExec flush
[2026-07-31T10:56:16.341Z] InitialReadForge.onBeforeSend: SKIP (fr=true syn=false hasRead=true)
[2026-07-31T10:57:03.832Z] LiveUpdateForge: EndTurn fallback flush
[2026-07-31T10:57:03.833Z] onEndTurn: naturalStop=undefined toolCalls=20 nudgeMsg=no
[2026-07-31T10:57:03.833Z] LiveUpdateForge: EndTurn fallback flush
[2026-07-31T10:57:03.833Z] onEndTurn: naturalStop=false toolCalls=20 nudgeMsg=no
[2026-07-31T10:57:06.767Z] LiveUpdateForge: AfterToolExec flush
[2026-07-31T10:57:06.801Z] InitialReadForge.onBeforeSend: SKIP (fr=true syn=false hasRead=true)
[2026-07-31T10:57:12.522Z] LiveUpdateForge: EndTurn fallback flush
[2026-07-31T10:57:12.522Z] onEndTurn: naturalStop=undefined toolCalls=21 nudgeMsg=no
[2026-07-31T10:57:12.522Z] LiveUpdateForge: EndTurn fallback flush
[2026-07-31T10:57:12.523Z] onEndTurn: naturalStop=false toolCalls=21 nudgeMsg=no
[2026-07-31T10:57:13.061Z] LiveUpdateForge: AfterToolExec flush
[2026-07-31T10:57:13.089Z] InitialReadForge.onBeforeSend: SKIP (fr=true syn=false hasRead=true)
[2026-07-31T10:57:16.687Z] LiveUpdateForge: EndTurn fallback flush
[2026-07-31T10:57:16.687Z] onEndTurn: naturalStop=undefined toolCalls=22 nudgeMsg=no
[2026-07-31T10:57:16.687Z] LiveUpdateForge: EndTurn fallback flush
[2026-07-31T10:57:16.688Z] onEndTurn: naturalStop=true toolCalls=22 nudgeMsg=no
[2026-07-31T11:00:56.280Z] ResumeDiffForge: running checkResumeConsistency
[2026-07-31T11:00:56.282Z] checkResumeConsistency: forgedTimestamps=[]
[2026-07-31T11:00:56.311Z] checkResumeConsistency: no changes detected
[2026-07-31T11:00:56.312Z] LiveUpdateForge: session reset, allowLiveUpdate = false
[2026-07-31T11:00:56.312Z] NudgeForge: ResumeComplete — restoring count from history
[2026-07-31T11:00:56.313Z] restoreNudgeCountFromHistory: found last write at idx=117 count=22
[2026-07-31T11:00:56.343Z] LiveUpdateForge: allowLiveUpdate = true (first real BeforeSend)
[2026-07-31T11:00:56.343Z] InitialReadForge.onBeforeSend: SKIP (fr=false syn=false hasRead=true)
[2026-07-31T11:01:10.670Z] LiveUpdateForge: EndTurn fallback flush
[2026-07-31T11:01:10.670Z] onEndTurn: naturalStop=undefined toolCalls=22 nudgeMsg=no
[2026-07-31T11:01:10.670Z] LiveUpdateForge: EndTurn fallback flush
[2026-07-31T11:01:10.671Z] onEndTurn: naturalStop=false toolCalls=22 nudgeMsg=no
[2026-07-31T11:02:02.713Z] LiveUpdateForge: AfterToolExec flush
[2026-07-31T11:02:15.107Z] LiveUpdateForge: AfterToolExec flush
[2026-07-31T11:02:30.211Z] LiveUpdateForge: AfterToolExec flush
[2026-07-31T11:02:38.797Z] LiveUpdateForge: AfterToolExec flush
[2026-07-31T11:02:42.297Z] MemoryForge: attached 5 listener(s)
[2026-07-31T11:02:42.298Z] InitialReadForge: armed one-shot BeforeSend after NewSessionStart
[2026-07-31T11:02:42.298Z] LiveUpdateForge: session reset, allowLiveUpdate = false
[2026-07-31T11:02:44.362Z] MemoryForge: attached 5 listener(s)
[2026-07-31T11:02:44.362Z] InitialReadForge: armed one-shot BeforeSend after NewSessionStart
[2026-07-31T11:02:44.363Z] LiveUpdateForge: session reset, allowLiveUpdate = false
[2026-07-31T11:04:06.025Z] LiveUpdateForge: AfterToolExec flush
[2026-07-31T11:04:28.373Z] LiveUpdateForge: AfterToolExec flush
[2026-07-31T11:04:28.408Z] InitialReadForge.onBeforeSend: SKIP (fr=true syn=false hasRead=true)
[2026-07-31T11:06:03.750Z] LiveUpdateForge: EndTurn fallback flush
[2026-07-31T11:06:03.752Z] onEndTurn: naturalStop=undefined toolCalls=28 nudgeMsg=no
[2026-07-31T11:06:03.752Z] LiveUpdateForge: EndTurn fallback flush
[2026-07-31T11:06:03.754Z] onEndTurn: naturalStop=false toolCalls=28 nudgeMsg=no
[2026-07-31T11:06:03.797Z] LiveUpdateForge: AfterToolExec flush
[2026-07-31T11:06:03.863Z] InitialReadForge.onBeforeSend: SKIP (fr=true syn=false hasRead=true)
[2026-07-31T11:06:07.123Z] LiveUpdateForge: EndTurn fallback flush
[2026-07-31T11:06:07.124Z] onEndTurn: naturalStop=undefined toolCalls=29 nudgeMsg=no
[2026-07-31T11:06:07.124Z] LiveUpdateForge: EndTurn fallback flush
[2026-07-31T11:06:07.125Z] onEndTurn: naturalStop=false toolCalls=29 nudgeMsg=no
[2026-07-31T11:06:07.136Z] LiveUpdateForge: AfterToolExec flush
[2026-07-31T11:06:07.199Z] InitialReadForge.onBeforeSend: SKIP (fr=true syn=false hasRead=true)
[2026-07-31T11:06:14.486Z] LiveUpdateForge: EndTurn fallback flush
[2026-07-31T11:06:14.490Z] onEndTurn: naturalStop=undefined toolCalls=30 nudgeMsg=no
[2026-07-31T11:06:14.490Z] LiveUpdateForge: EndTurn fallback flush
[2026-07-31T11:06:14.497Z] onEndTurn: naturalStop=false toolCalls=30 nudgeMsg=no
[2026-07-31T11:06:14.525Z] LiveUpdateForge: AfterToolExec flush
[2026-07-31T11:06:14.614Z] InitialReadForge.onBeforeSend: SKIP (fr=true syn=false hasRead=true)
[2026-07-31T11:07:02.340Z] LiveUpdateForge: EndTurn fallback flush
[2026-07-31T11:07:02.341Z] onEndTurn: naturalStop=undefined toolCalls=31 nudgeMsg=no
[2026-07-31T11:07:02.342Z] LiveUpdateForge: EndTurn fallback flush
[2026-07-31T11:07:02.342Z] onEndTurn: naturalStop=false toolCalls=31 nudgeMsg=no
[2026-07-31T11:07:23.556Z] LiveUpdateForge: AfterToolExec flush
[2026-07-31T11:07:23.605Z] InitialReadForge.onBeforeSend: SKIP (fr=true syn=false hasRead=true)
[2026-07-31T11:08:35.960Z] LiveUpdateForge: EndTurn fallback flush
[2026-07-31T11:08:35.960Z] onEndTurn: naturalStop=undefined toolCalls=32 nudgeMsg=no
[2026-07-31T11:08:35.961Z] LiveUpdateForge: EndTurn fallback flush
[2026-07-31T11:08:35.961Z] onEndTurn: naturalStop=false toolCalls=32 nudgeMsg=no
[2026-07-31T11:08:38.805Z] LiveUpdateForge: AfterToolExec flush
[2026-07-31T11:08:38.868Z] InitialReadForge.onBeforeSend: SKIP (fr=true syn=false hasRead=true)
[2026-07-31T11:09:28.488Z] LiveUpdateForge: EndTurn fallback flush
[2026-07-31T11:09:28.489Z] onEndTurn: naturalStop=undefined toolCalls=33 nudgeMsg=no
[2026-07-31T11:09:28.489Z] LiveUpdateForge: EndTurn fallback flush
[2026-07-31T11:09:28.490Z] onEndTurn: naturalStop=false toolCalls=33 nudgeMsg=no
[2026-07-31T11:09:32.334Z] LiveUpdateForge: AfterToolExec flush
[2026-07-31T11:09:32.407Z] InitialReadForge.onBeforeSend: SKIP (fr=true syn=false hasRead=true)
[2026-07-31T11:09:34.918Z] LiveUpdateForge: EndTurn fallback flush
[2026-07-31T11:09:34.918Z] onEndTurn: naturalStop=undefined toolCalls=34 nudgeMsg=no
[2026-07-31T11:09:34.919Z] LiveUpdateForge: EndTurn fallback flush
[2026-07-31T11:09:34.919Z] onEndTurn: naturalStop=false toolCalls=34 nudgeMsg=no
[2026-07-31T11:09:34.928Z] LiveUpdateForge: AfterToolExec flush
[2026-07-31T11:09:34.983Z] InitialReadForge.onBeforeSend: SKIP (fr=true syn=false hasRead=true)
[2026-07-31T11:09:37.013Z] LiveUpdateForge: EndTurn fallback flush
[2026-07-31T11:09:37.013Z] onEndTurn: naturalStop=undefined toolCalls=35 nudgeMsg=no
[2026-07-31T11:09:37.014Z] LiveUpdateForge: EndTurn fallback flush
[2026-07-31T11:09:37.014Z] onEndTurn: naturalStop=false toolCalls=35 nudgeMsg=no
[2026-07-31T11:09:37.019Z] LiveUpdateForge: AfterToolExec flush
[2026-07-31T11:09:37.068Z] InitialReadForge.onBeforeSend: SKIP (fr=true syn=false hasRead=true)
[2026-07-31T11:10:21.494Z] LiveUpdateForge: EndTurn fallback flush
[2026-07-31T11:10:21.494Z] onEndTurn: naturalStop=undefined toolCalls=36 nudgeMsg=no
[2026-07-31T11:10:21.495Z] LiveUpdateForge: EndTurn fallback flush
[2026-07-31T11:10:21.496Z] onEndTurn: naturalStop=false toolCalls=36 nudgeMsg=no
[2026-07-31T11:10:21.780Z] LiveUpdateForge: AfterToolExec flush
[2026-07-31T11:10:21.840Z] InitialReadForge.onBeforeSend: SKIP (fr=true syn=false hasRead=true)
[2026-07-31T11:10:26.066Z] LiveUpdateForge: EndTurn fallback flush
[2026-07-31T11:10:26.067Z] onEndTurn: naturalStop=undefined toolCalls=37 nudgeMsg=no
[2026-07-31T11:10:26.068Z] LiveUpdateForge: EndTurn fallback flush
[2026-07-31T11:10:26.068Z] onEndTurn: naturalStop=false toolCalls=37 nudgeMsg=no
[2026-07-31T11:10:53.823Z] LiveUpdateForge: AfterToolExec flush
[2026-07-31T11:10:53.881Z] InitialReadForge.onBeforeSend: SKIP (fr=true syn=false hasRead=true)
[2026-07-31T11:10:56.589Z] LiveUpdateForge: EndTurn fallback flush
[2026-07-31T11:10:56.590Z] onEndTurn: naturalStop=undefined toolCalls=38 nudgeMsg=no
[2026-07-31T11:10:56.590Z] LiveUpdateForge: EndTurn fallback flush
[2026-07-31T11:10:56.590Z] onEndTurn: naturalStop=false toolCalls=38 nudgeMsg=no
[2026-07-31T11:10:56.635Z] LiveUpdateForge: AfterToolExec flush
[2026-07-31T11:10:56.683Z] InitialReadForge.onBeforeSend: SKIP (fr=true syn=false hasRead=true)
[2026-07-31T11:11:00.173Z] LiveUpdateForge: EndTurn fallback flush
[2026-07-31T11:11:00.173Z] onEndTurn: naturalStop=undefined toolCalls=39 nudgeMsg=no
[2026-07-31T11:11:00.173Z] LiveUpdateForge: EndTurn fallback flush
[2026-07-31T11:11:00.174Z] onEndTurn: naturalStop=false toolCalls=39 nudgeMsg=no
[2026-07-31T11:11:00.180Z] LiveUpdateForge: AfterToolExec flush
[2026-07-31T11:11:00.222Z] InitialReadForge.onBeforeSend: SKIP (fr=true syn=false hasRead=true)
[2026-07-31T11:11:06.239Z] LiveUpdateForge: EndTurn fallback flush
[2026-07-31T11:11:06.239Z] onEndTurn: naturalStop=undefined toolCalls=40 nudgeMsg=no
[2026-07-31T11:11:06.240Z] LiveUpdateForge: EndTurn fallback flush
[2026-07-31T11:11:06.240Z] onEndTurn: naturalStop=true toolCalls=40 nudgeMsg=no
[2026-07-31T11:15:51.157Z] MemoryForge: attached 5 listener(s)
[2026-07-31T11:15:51.157Z] InitialReadForge: armed one-shot BeforeSend after NewSessionStart
[2026-07-31T11:15:51.158Z] LiveUpdateForge: session reset, allowLiveUpdate = false
[2026-07-31T11:17:31.811Z] MemoryForge: attached 5 listener(s)
[2026-07-31T11:17:31.812Z] InitialReadForge: armed one-shot BeforeSend after NewSessionStart
[2026-07-31T11:17:31.812Z] LiveUpdateForge: session reset, allowLiveUpdate = false
[2026-07-31T11:17:31.814Z] MemoryForge: detached all listeners
[2026-07-31T11:17:31.814Z] ResumeDiffForge: no read_memory in history, backfilling forge
[2026-07-31T11:17:31.968Z] recordForgedToolExchange: toolName=read_memory callId=resume-forge-read-memory-backfill
[2026-07-31T11:17:32.015Z] recordForgedToolExchange: recordMessage + recordToolCalls persisted
[2026-07-31T11:17:32.016Z] injectForgedHistory: role=user preview=""
[2026-07-31T11:17:32.034Z] injectForgedHistory: recordMessage persisted
[2026-07-31T11:17:32.039Z] ResumeDiffForge: backfilled read_memory and baseline for 2 raw + 2 provider file(s)
[2026-07-31T11:17:32.039Z] LiveUpdateForge: session reset, allowLiveUpdate = false
[2026-07-31T11:17:32.040Z] NudgeForge: ResumeComplete — restoring count from history
[2026-07-31T11:17:32.040Z] restoreNudgeCountFromHistory: no reset point found, count=0
[2026-07-31T11:17:32.074Z] LiveUpdateForge: allowLiveUpdate = true (first real BeforeSend)
[2026-07-31T11:17:32.075Z] InitialReadForge.onBeforeSend: SKIP (fr=false syn=false hasRead=true)
[2026-07-31T11:17:35.830Z] LiveUpdateForge: EndTurn fallback flush
[2026-07-31T11:17:35.830Z] onEndTurn: naturalStop=undefined toolCalls=0 nudgeMsg=no
[2026-07-31T11:17:35.831Z] LiveUpdateForge: EndTurn fallback flush
[2026-07-31T11:17:35.832Z] onEndTurn: naturalStop=false toolCalls=0 nudgeMsg=no
[2026-07-31T11:17:35.907Z] LiveUpdateForge: AfterToolExec flush
[2026-07-31T11:17:35.908Z] LiveUpdateForge: AfterToolExec flush
[2026-07-31T11:17:35.909Z] LiveUpdateForge: AfterToolExec flush
[2026-07-31T11:17:35.910Z] LiveUpdateForge: AfterToolExec flush
[2026-07-31T11:17:35.911Z] LiveUpdateForge: AfterToolExec flush
[2026-07-31T11:17:35.934Z] InitialReadForge.onBeforeSend: SKIP (fr=true syn=false hasRead=true)
[2026-07-31T11:17:40.656Z] LiveUpdateForge: EndTurn fallback flush
[2026-07-31T11:17:40.656Z] onEndTurn: naturalStop=undefined toolCalls=5 nudgeMsg=no
[2026-07-31T11:17:40.656Z] LiveUpdateForge: EndTurn fallback flush
[2026-07-31T11:17:40.656Z] onEndTurn: naturalStop=false toolCalls=5 nudgeMsg=no
[2026-07-31T11:17:40.706Z] LiveUpdateForge: AfterToolExec flush
[2026-07-31T11:17:41.330Z] LiveUpdateForge: AfterToolExec flush
[2026-07-31T11:17:41.354Z] InitialReadForge.onBeforeSend: SKIP (fr=true syn=false hasRead=true)
[2026-07-31T11:17:45.525Z] LiveUpdateForge: EndTurn fallback flush
[2026-07-31T11:17:45.525Z] onEndTurn: naturalStop=undefined toolCalls=7 nudgeMsg=no
[2026-07-31T11:17:45.525Z] LiveUpdateForge: EndTurn fallback flush
[2026-07-31T11:17:45.526Z] onEndTurn: naturalStop=false toolCalls=7 nudgeMsg=no
[2026-07-31T11:17:45.533Z] LiveUpdateForge: AfterToolExec flush
[2026-07-31T11:17:45.560Z] InitialReadForge.onBeforeSend: SKIP (fr=true syn=false hasRead=true)
[2026-07-31T11:18:01.924Z] LiveUpdateForge: EndTurn fallback flush
[2026-07-31T11:18:01.925Z] onEndTurn: naturalStop=undefined toolCalls=8 nudgeMsg=no
[2026-07-31T11:18:01.926Z] LiveUpdateForge: EndTurn fallback flush
[2026-07-31T11:18:01.926Z] onEndTurn: naturalStop=false toolCalls=8 nudgeMsg=no
[2026-07-31T11:18:42.231Z] LiveUpdateForge: AfterToolExec flush
[2026-07-31T11:18:42.260Z] InitialReadForge.onBeforeSend: SKIP (fr=true syn=false hasRead=true)
[2026-07-31T11:20:26.838Z] MemoryForge: attached 5 listener(s)
[2026-07-31T11:20:26.838Z] InitialReadForge: armed one-shot BeforeSend after NewSessionStart
[2026-07-31T11:20:26.838Z] LiveUpdateForge: session reset, allowLiveUpdate = false
[2026-07-31T11:20:27.022Z] LiveUpdateForge: session reset, allowLiveUpdate = false
[2026-07-31T11:20:27.042Z] ResumeDiffForge: running checkResumeConsistency
[2026-07-31T11:20:27.044Z] checkResumeConsistency: forgedTimestamps=[]
[2026-07-31T11:20:27.051Z] checkResumeConsistency: no changes detected
[2026-07-31T11:20:27.052Z] LiveUpdateForge: session reset, allowLiveUpdate = false
[2026-07-31T11:20:27.052Z] NudgeForge: ResumeComplete — restoring count from history
[2026-07-31T11:20:27.053Z] restoreNudgeCountFromHistory: found last write at idx=117 count=40
[2026-07-31T11:20:27.397Z] ResumeDiffForge: running checkResumeConsistency
[2026-07-31T11:20:27.398Z] checkResumeConsistency: forgedTimestamps=[]
[2026-07-31T11:20:27.403Z] checkResumeConsistency: no changes detected
[2026-07-31T11:20:27.403Z] LiveUpdateForge: session reset, allowLiveUpdate = false
[2026-07-31T11:20:27.404Z] NudgeForge: ResumeComplete — restoring count from history
[2026-07-31T11:20:27.405Z] restoreNudgeCountFromHistory: found last write at idx=117 count=40
[2026-07-31T11:20:27.495Z] ResumeDiffForge: running checkResumeConsistency
[2026-07-31T11:20:27.495Z] checkResumeConsistency: forgedTimestamps=[]
[2026-07-31T11:20:27.502Z] checkResumeConsistency: no changes detected
[2026-07-31T11:20:27.502Z] LiveUpdateForge: session reset, allowLiveUpdate = false
[2026-07-31T11:20:27.502Z] NudgeForge: ResumeComplete — restoring count from history
[2026-07-31T11:20:27.503Z] restoreNudgeCountFromHistory: found last write at idx=117 count=40
[2026-07-31T11:20:28.984Z] MemoryForge: attached 5 listener(s)
[2026-07-31T11:20:28.984Z] InitialReadForge: armed one-shot BeforeSend after NewSessionStart
[2026-07-31T11:20:28.985Z] LiveUpdateForge: session reset, allowLiveUpdate = false
[2026-07-31T11:20:28.989Z] MemoryForge: detached all listeners
[2026-07-31T11:20:28.990Z] ResumeDiffForge: running checkResumeConsistency
[2026-07-31T11:20:28.990Z] checkResumeConsistency: forgedTimestamps=[]
[2026-07-31T11:20:29.023Z] checkResumeConsistency: no changes detected
[2026-07-31T11:20:29.023Z] LiveUpdateForge: session reset, allowLiveUpdate = false
[2026-07-31T11:20:29.023Z] NudgeForge: ResumeComplete — restoring count from history
[2026-07-31T11:20:29.024Z] restoreNudgeCountFromHistory: found last write at idx=117 count=40
[2026-07-31T11:20:29.047Z] LiveUpdateForge: allowLiveUpdate = true (first real BeforeSend)
[2026-07-31T11:20:29.047Z] InitialReadForge.onBeforeSend: SKIP (fr=false syn=false hasRead=true)
[2026-07-31T11:20:42.799Z] LiveUpdateForge: EndTurn fallback flush
[2026-07-31T11:20:42.799Z] onEndTurn: naturalStop=undefined toolCalls=40 nudgeMsg=no
[2026-07-31T11:20:42.800Z] LiveUpdateForge: EndTurn fallback flush
[2026-07-31T11:20:42.800Z] onEndTurn: naturalStop=false toolCalls=40 nudgeMsg=no
[2026-07-31T11:21:17.462Z] LiveUpdateForge: EndTurn fallback flush
[2026-07-31T11:21:17.462Z] onEndTurn: naturalStop=undefined toolCalls=9 nudgeMsg=no
[2026-07-31T11:21:17.462Z] LiveUpdateForge: EndTurn fallback flush
[2026-07-31T11:21:17.463Z] onEndTurn: naturalStop=false toolCalls=9 nudgeMsg=no
[2026-07-31T11:21:17.540Z] LiveUpdateForge: AfterToolExec flush
[2026-07-31T11:21:17.585Z] InitialReadForge.onBeforeSend: SKIP (fr=true syn=false hasRead=true)
[2026-07-31T11:21:32.238Z] LiveUpdateForge: EndTurn fallback flush
[2026-07-31T11:21:32.238Z] onEndTurn: naturalStop=undefined toolCalls=10 nudgeMsg=no
[2026-07-31T11:21:32.239Z] LiveUpdateForge: EndTurn fallback flush
[2026-07-31T11:21:32.239Z] onEndTurn: naturalStop=false toolCalls=10 nudgeMsg=no
[2026-07-31T11:21:57.930Z] LiveUpdateForge: AfterToolExec flush
[2026-07-31T11:21:57.982Z] InitialReadForge.onBeforeSend: SKIP (fr=true syn=false hasRead=true)
[2026-07-31T11:21:59.942Z] LiveUpdateForge: EndTurn fallback flush
[2026-07-31T11:21:59.943Z] onEndTurn: naturalStop=undefined toolCalls=11 nudgeMsg=no
[2026-07-31T11:21:59.943Z] LiveUpdateForge: EndTurn fallback flush
[2026-07-31T11:21:59.943Z] onEndTurn: naturalStop=false toolCalls=11 nudgeMsg=no
[2026-07-31T11:21:59.954Z] LiveUpdateForge: AfterToolExec flush
[2026-07-31T11:22:00.002Z] InitialReadForge.onBeforeSend: SKIP (fr=true syn=false hasRead=true)
[2026-07-31T11:22:08.523Z] LiveUpdateForge: AfterToolExec flush
[2026-07-31T11:22:08.560Z] InitialReadForge.onBeforeSend: SKIP (fr=true syn=false hasRead=true)
[2026-07-31T11:22:12.173Z] LiveUpdateForge: EndTurn fallback flush
[2026-07-31T11:22:12.173Z] onEndTurn: naturalStop=undefined toolCalls=41 nudgeMsg=no
[2026-07-31T11:22:12.173Z] LiveUpdateForge: EndTurn fallback flush
[2026-07-31T11:22:12.174Z] onEndTurn: naturalStop=false toolCalls=41 nudgeMsg=no
[2026-07-31T11:22:12.190Z] LiveUpdateForge: AfterToolExec flush
[2026-07-31T11:22:12.222Z] InitialReadForge.onBeforeSend: SKIP (fr=true syn=false hasRead=true)
[2026-07-31T11:22:14.167Z] LiveUpdateForge: EndTurn fallback flush
[2026-07-31T11:22:14.167Z] onEndTurn: naturalStop=undefined toolCalls=12 nudgeMsg=no
[2026-07-31T11:22:14.167Z] LiveUpdateForge: EndTurn fallback flush
[2026-07-31T11:22:14.167Z] onEndTurn: naturalStop=true toolCalls=12 nudgeMsg=no
[2026-07-31T11:22:16.855Z] LiveUpdateForge: EndTurn fallback flush
[2026-07-31T11:22:16.856Z] onEndTurn: naturalStop=undefined toolCalls=42 nudgeMsg=no
[2026-07-31T11:22:16.856Z] LiveUpdateForge: EndTurn fallback flush
[2026-07-31T11:22:16.856Z] onEndTurn: naturalStop=false toolCalls=42 nudgeMsg=no
[2026-07-31T11:22:16.934Z] LiveUpdateForge: AfterToolExec flush
[2026-07-31T11:22:16.965Z] InitialReadForge.onBeforeSend: SKIP (fr=true syn=false hasRead=true)
[2026-07-31T11:22:19.598Z] LiveUpdateForge: EndTurn fallback flush
[2026-07-31T11:22:19.598Z] onEndTurn: naturalStop=undefined toolCalls=43 nudgeMsg=no
[2026-07-31T11:22:19.599Z] LiveUpdateForge: EndTurn fallback flush
[2026-07-31T11:22:19.599Z] onEndTurn: naturalStop=false toolCalls=43 nudgeMsg=no
[2026-07-31T11:22:19.618Z] LiveUpdateForge: AfterToolExec flush
[2026-07-31T11:22:19.653Z] InitialReadForge.onBeforeSend: SKIP (fr=true syn=false hasRead=true)
[2026-07-31T11:22:22.890Z] LiveUpdateForge: EndTurn fallback flush
[2026-07-31T11:22:22.891Z] onEndTurn: naturalStop=undefined toolCalls=44 nudgeMsg=no
[2026-07-31T11:22:22.891Z] LiveUpdateForge: EndTurn fallback flush
[2026-07-31T11:22:22.891Z] onEndTurn: naturalStop=false toolCalls=44 nudgeMsg=no
[2026-07-31T11:22:22.923Z] LiveUpdateForge: AfterToolExec flush
[2026-07-31T11:22:22.956Z] InitialReadForge.onBeforeSend: SKIP (fr=true syn=false hasRead=true)
[2026-07-31T11:22:26.293Z] LiveUpdateForge: EndTurn fallback flush
[2026-07-31T11:22:26.294Z] onEndTurn: naturalStop=undefined toolCalls=45 nudgeMsg=no
[2026-07-31T11:22:26.294Z] LiveUpdateForge: EndTurn fallback flush
[2026-07-31T11:22:26.294Z] onEndTurn: naturalStop=false toolCalls=45 nudgeMsg=no
[2026-07-31T11:22:26.311Z] LiveUpdateForge: AfterToolExec flush
[2026-07-31T11:22:26.342Z] InitialReadForge.onBeforeSend: SKIP (fr=true syn=false hasRead=true)
[2026-07-31T11:22:28.803Z] LiveUpdateForge: EndTurn fallback flush
[2026-07-31T11:22:28.803Z] onEndTurn: naturalStop=undefined toolCalls=46 nudgeMsg=no
[2026-07-31T11:22:28.803Z] LiveUpdateForge: EndTurn fallback flush
[2026-07-31T11:22:28.804Z] onEndTurn: naturalStop=false toolCalls=46 nudgeMsg=no
[2026-07-31T11:22:28.820Z] LiveUpdateForge: AfterToolExec flush
[2026-07-31T11:22:28.848Z] InitialReadForge.onBeforeSend: SKIP (fr=true syn=false hasRead=true)
[2026-07-31T11:22:31.410Z] LiveUpdateForge: EndTurn fallback flush
[2026-07-31T11:22:31.410Z] onEndTurn: naturalStop=undefined toolCalls=47 nudgeMsg=no
[2026-07-31T11:22:31.410Z] LiveUpdateForge: EndTurn fallback flush
[2026-07-31T11:22:31.411Z] onEndTurn: naturalStop=false toolCalls=47 nudgeMsg=no
[2026-07-31T11:22:31.427Z] LiveUpdateForge: AfterToolExec flush
[2026-07-31T11:22:31.460Z] InitialReadForge.onBeforeSend: SKIP (fr=true syn=false hasRead=true)
[2026-07-31T11:22:35.064Z] LiveUpdateForge: EndTurn fallback flush
[2026-07-31T11:22:35.064Z] onEndTurn: naturalStop=undefined toolCalls=48 nudgeMsg=no
[2026-07-31T11:22:35.064Z] LiveUpdateForge: EndTurn fallback flush
[2026-07-31T11:22:35.064Z] onEndTurn: naturalStop=false toolCalls=48 nudgeMsg=no
[2026-07-31T11:22:35.080Z] LiveUpdateForge: AfterToolExec flush
[2026-07-31T11:22:35.112Z] InitialReadForge.onBeforeSend: SKIP (fr=true syn=false hasRead=true)
[2026-07-31T11:22:39.503Z] LiveUpdateForge: EndTurn fallback flush
[2026-07-31T11:22:39.503Z] onEndTurn: naturalStop=undefined toolCalls=49 nudgeMsg=no
[2026-07-31T11:22:39.503Z] LiveUpdateForge: EndTurn fallback flush
[2026-07-31T11:22:39.504Z] onEndTurn: naturalStop=false toolCalls=49 nudgeMsg=no
[2026-07-31T11:23:09.936Z] LiveUpdateForge: AfterToolExec flush
[2026-07-31T11:23:09.973Z] InitialReadForge.onBeforeSend: SKIP (fr=true syn=false hasRead=true)
[2026-07-31T11:23:12.366Z] LiveUpdateForge: EndTurn fallback flush
[2026-07-31T11:23:12.366Z] onEndTurn: naturalStop=undefined toolCalls=50 nudgeMsg=no
[2026-07-31T11:23:12.367Z] LiveUpdateForge: EndTurn fallback flush
[2026-07-31T11:23:12.368Z] onEndTurn: naturalStop=false toolCalls=50 nudgeMsg=no
[2026-07-31T11:23:12.419Z] LiveUpdateForge: AfterToolExec flush
[2026-07-31T11:23:12.469Z] InitialReadForge.onBeforeSend: SKIP (fr=true syn=false hasRead=true)
[2026-07-31T11:23:16.597Z] LiveUpdateForge: EndTurn fallback flush
[2026-07-31T11:23:16.598Z] onEndTurn: naturalStop=undefined toolCalls=51 nudgeMsg=no
[2026-07-31T11:23:16.598Z] LiveUpdateForge: EndTurn fallback flush
[2026-07-31T11:23:16.599Z] onEndTurn: naturalStop=true toolCalls=0 nudgeMsg=YES
[2026-07-31T11:23:16.603Z] InitialReadForge.onBeforeSend: SKIP (fr=false syn=false hasRead=true)
[2026-07-31T11:23:23.647Z] LiveUpdateForge: EndTurn fallback flush
[2026-07-31T11:23:23.648Z] onEndTurn: naturalStop=undefined toolCalls=0 nudgeMsg=no
[2026-07-31T11:23:23.648Z] LiveUpdateForge: EndTurn fallback flush
[2026-07-31T11:23:23.648Z] onEndTurn: naturalStop=false toolCalls=0 nudgeMsg=no
[2026-07-31T11:23:23.676Z] LiveUpdateForge: AfterToolExec flush
[2026-07-31T11:23:23.710Z] InitialReadForge.onBeforeSend: SKIP (fr=true syn=false hasRead=true)
[2026-07-31T11:23:25.870Z] LiveUpdateForge: EndTurn fallback flush
[2026-07-31T11:23:25.870Z] onEndTurn: naturalStop=undefined toolCalls=0 nudgeMsg=no
[2026-07-31T11:23:25.871Z] LiveUpdateForge: EndTurn fallback flush
[2026-07-31T11:23:25.871Z] onEndTurn: naturalStop=false toolCalls=0 nudgeMsg=no
[2026-07-31T11:23:25.880Z] LiveUpdateForge: AfterToolExec flush
[2026-07-31T11:23:25.884Z] nudge: read_memory called (does NOT reset counter)
[2026-07-31T11:23:40.417Z] LiveUpdateForge: EndTurn fallback flush
[2026-07-31T11:23:40.417Z] onEndTurn: naturalStop=undefined toolCalls=1 nudgeMsg=no
[2026-07-31T11:23:40.418Z] LiveUpdateForge: EndTurn fallback flush
[2026-07-31T11:23:40.418Z] onEndTurn: naturalStop=false toolCalls=1 nudgeMsg=no
[2026-07-31T11:23:40.429Z] LiveUpdateForge: self-write on D:\unity\mowang\CODELY.md, baseline aligned
[2026-07-31T11:23:40.430Z] LiveUpdateForge: AfterToolExec flush
[2026-07-31T11:23:40.950Z] LiveUpdateForge: pending external change on D:\unity\mowang\CODELY.md
[2026-07-31T11:23:45.101Z] LiveUpdateForge: EndTurn fallback flush
[2026-07-31T11:23:45.101Z] onEndTurn: naturalStop=undefined toolCalls=0 nudgeMsg=no
[2026-07-31T11:23:45.101Z] LiveUpdateForge: EndTurn fallback flush
[2026-07-31T11:23:45.102Z] onEndTurn: naturalStop=false toolCalls=0 nudgeMsg=no
[2026-07-31T11:23:45.111Z] LiveUpdateForge: self-write on D:\unity\mowang\CODELY.md, baseline aligned
[2026-07-31T11:23:45.112Z] LiveUpdateForge: AfterToolExec flush
[2026-07-31T11:23:45.635Z] LiveUpdateForge: pending external change on D:\unity\mowang\CODELY.md
[2026-07-31T11:23:47.502Z] LiveUpdateForge: EndTurn fallback flush
[2026-07-31T11:23:47.502Z] onEndTurn: naturalStop=undefined toolCalls=0 nudgeMsg=no
[2026-07-31T11:23:47.503Z] LiveUpdateForge: EndTurn fallback flush
[2026-07-31T11:23:47.503Z] onEndTurn: naturalStop=false toolCalls=0 nudgeMsg=no
[2026-07-31T11:23:47.513Z] LiveUpdateForge: self-write on D:\unity\mowang\CODELY.md, baseline aligned
[2026-07-31T11:23:47.514Z] LiveUpdateForge: AfterToolExec flush
[2026-07-31T11:23:48.034Z] LiveUpdateForge: pending external change on D:\unity\mowang\CODELY.md
[2026-07-31T11:24:01.631Z] LiveUpdateForge: EndTurn fallback flush
[2026-07-31T11:24:01.631Z] onEndTurn: naturalStop=undefined toolCalls=0 nudgeMsg=no
[2026-07-31T11:24:01.632Z] LiveUpdateForge: EndTurn fallback flush
[2026-07-31T11:24:01.632Z] onEndTurn: naturalStop=true toolCalls=0 nudgeMsg=no
[2026-07-31T11:25:49.172Z] ResumeDiffForge: running checkResumeConsistency
[2026-07-31T11:25:49.173Z] checkResumeConsistency: forgedTimestamps=[["project","1970-01-01T00:00:00.000Z"]]
[2026-07-31T11:25:49.182Z] checkResumeConsistency: injecting 1 diff notification(s)
[2026-07-31T11:25:49.182Z] injectForgedHistory: role=user preview="[agent-auto] [memory-update 2026-07-31 19:23:47] project memory file has been mo"
[2026-07-31T11:25:49.207Z] injectForgedHistory: recordMessage persisted
[2026-07-31T11:25:49.208Z] LiveUpdateForge: session reset, allowLiveUpdate = false
[2026-07-31T11:25:49.208Z] NudgeForge: ResumeComplete — restoring count from history
[2026-07-31T11:25:49.208Z] restoreNudgeCountFromHistory: found last write at idx=230 count=0
[2026-07-31T11:25:49.252Z] LiveUpdateForge: allowLiveUpdate = true (first real BeforeSend)
[2026-07-31T11:25:57.513Z] LiveUpdateForge: EndTurn fallback flush
[2026-07-31T11:25:57.513Z] onEndTurn: naturalStop=undefined toolCalls=0 nudgeMsg=no
[2026-07-31T11:25:57.513Z] LiveUpdateForge: EndTurn fallback flush
[2026-07-31T11:25:57.514Z] onEndTurn: naturalStop=false toolCalls=0 nudgeMsg=no
[2026-07-31T11:27:21.634Z] LiveUpdateForge: AfterToolExec flush
[2026-07-31T11:27:53.924Z] LiveUpdateForge: EndTurn fallback flush
[2026-07-31T11:27:53.924Z] onEndTurn: naturalStop=undefined toolCalls=1 nudgeMsg=no
[2026-07-31T11:27:53.925Z] LiveUpdateForge: EndTurn fallback flush
[2026-07-31T11:27:53.925Z] onEndTurn: naturalStop=false toolCalls=1 nudgeMsg=no
[2026-07-31T11:28:48.316Z] LiveUpdateForge: AfterToolExec flush
[2026-07-31T11:29:08.911Z] LiveUpdateForge: EndTurn fallback flush
[2026-07-31T11:29:08.912Z] onEndTurn: naturalStop=undefined toolCalls=2 nudgeMsg=no
[2026-07-31T11:29:08.912Z] LiveUpdateForge: EndTurn fallback flush
[2026-07-31T11:29:08.913Z] onEndTurn: naturalStop=false toolCalls=2 nudgeMsg=no
[2026-07-31T11:29:10.200Z] LiveUpdateForge: AfterToolExec flush
[2026-07-31T11:29:20.308Z] LiveUpdateForge: EndTurn fallback flush
[2026-07-31T11:29:20.309Z] onEndTurn: naturalStop=undefined toolCalls=3 nudgeMsg=no
[2026-07-31T11:29:20.309Z] LiveUpdateForge: EndTurn fallback flush
[2026-07-31T11:29:20.310Z] onEndTurn: naturalStop=false toolCalls=3 nudgeMsg=no
[2026-07-31T11:29:21.361Z] LiveUpdateForge: AfterToolExec flush
[2026-07-31T11:29:44.299Z] LiveUpdateForge: EndTurn fallback flush
[2026-07-31T11:29:44.299Z] onEndTurn: naturalStop=undefined toolCalls=4 nudgeMsg=no
[2026-07-31T11:29:44.300Z] LiveUpdateForge: EndTurn fallback flush
[2026-07-31T11:29:44.300Z] onEndTurn: naturalStop=false toolCalls=4 nudgeMsg=no
[2026-07-31T11:29:47.702Z] LiveUpdateForge: AfterToolExec flush
[2026-07-31T11:29:50.847Z] LiveUpdateForge: EndTurn fallback flush
[2026-07-31T11:29:50.847Z] onEndTurn: naturalStop=undefined toolCalls=5 nudgeMsg=no
[2026-07-31T11:29:50.848Z] LiveUpdateForge: EndTurn fallback flush
[2026-07-31T11:29:50.848Z] onEndTurn: naturalStop=true toolCalls=5 nudgeMsg=no
[2026-07-31T11:32:39.234Z] ResumeDiffForge: running checkResumeConsistency
[2026-07-31T11:32:39.235Z] checkResumeConsistency: forgedTimestamps=[["project","1970-01-01T00:00:00.000Z"]]
[2026-07-31T11:32:39.261Z] checkResumeConsistency: injecting 1 diff notification(s)
[2026-07-31T11:32:39.261Z] injectForgedHistory: role=user preview="[agent-auto] [memory-update 2026-07-31 19:23:47] project memory file has been mo"
[2026-07-31T11:32:39.290Z] injectForgedHistory: recordMessage persisted
[2026-07-31T11:32:39.290Z] LiveUpdateForge: session reset, allowLiveUpdate = false
[2026-07-31T11:32:39.291Z] NudgeForge: ResumeComplete — restoring count from history
[2026-07-31T11:32:39.292Z] restoreNudgeCountFromHistory: found last write at idx=230 count=5
[2026-07-31T11:32:39.343Z] LiveUpdateForge: allowLiveUpdate = true (first real BeforeSend)
[2026-07-31T11:32:44.610Z] LiveUpdateForge: EndTurn fallback flush
[2026-07-31T11:32:44.610Z] onEndTurn: naturalStop=undefined toolCalls=5 nudgeMsg=no
[2026-07-31T11:32:44.611Z] LiveUpdateForge: EndTurn fallback flush
[2026-07-31T11:32:44.611Z] onEndTurn: naturalStop=false toolCalls=5 nudgeMsg=no
[2026-07-31T11:32:45.267Z] LiveUpdateForge: AfterToolExec flush
[2026-07-31T11:32:48.587Z] LiveUpdateForge: EndTurn fallback flush
[2026-07-31T11:32:48.587Z] onEndTurn: naturalStop=undefined toolCalls=6 nudgeMsg=no
[2026-07-31T11:32:48.587Z] LiveUpdateForge: EndTurn fallback flush
[2026-07-31T11:32:48.588Z] onEndTurn: naturalStop=false toolCalls=6 nudgeMsg=no
[2026-07-31T11:32:48.600Z] LiveUpdateForge: AfterToolExec flush
[2026-07-31T11:32:52.049Z] LiveUpdateForge: EndTurn fallback flush
[2026-07-31T11:32:52.049Z] onEndTurn: naturalStop=undefined toolCalls=7 nudgeMsg=no
[2026-07-31T11:32:52.050Z] LiveUpdateForge: EndTurn fallback flush
[2026-07-31T11:32:52.050Z] onEndTurn: naturalStop=false toolCalls=7 nudgeMsg=no
[2026-07-31T11:32:52.543Z] LiveUpdateForge: AfterToolExec flush
[2026-07-31T11:32:55.902Z] LiveUpdateForge: EndTurn fallback flush
[2026-07-31T11:32:55.902Z] onEndTurn: naturalStop=undefined toolCalls=8 nudgeMsg=no
[2026-07-31T11:32:55.903Z] LiveUpdateForge: EndTurn fallback flush
[2026-07-31T11:32:55.903Z] onEndTurn: naturalStop=false toolCalls=8 nudgeMsg=no
[2026-07-31T11:33:23.650Z] LiveUpdateForge: AfterToolExec flush
[2026-07-31T11:33:29.937Z] LiveUpdateForge: EndTurn fallback flush
[2026-07-31T11:33:29.938Z] onEndTurn: naturalStop=undefined toolCalls=9 nudgeMsg=no
[2026-07-31T11:33:29.938Z] LiveUpdateForge: EndTurn fallback flush
[2026-07-31T11:33:29.939Z] onEndTurn: naturalStop=false toolCalls=9 nudgeMsg=no
[2026-07-31T11:33:30.865Z] LiveUpdateForge: AfterToolExec flush
[2026-07-31T11:33:35.726Z] LiveUpdateForge: EndTurn fallback flush
[2026-07-31T11:33:35.727Z] onEndTurn: naturalStop=undefined toolCalls=10 nudgeMsg=no
[2026-07-31T11:33:35.727Z] LiveUpdateForge: EndTurn fallback flush
[2026-07-31T11:33:35.727Z] onEndTurn: naturalStop=false toolCalls=10 nudgeMsg=no
[2026-07-31T11:33:36.106Z] LiveUpdateForge: AfterToolExec flush
[2026-07-31T11:33:41.027Z] LiveUpdateForge: EndTurn fallback flush
[2026-07-31T11:33:41.027Z] onEndTurn: naturalStop=undefined toolCalls=11 nudgeMsg=no
[2026-07-31T11:33:41.027Z] LiveUpdateForge: EndTurn fallback flush
[2026-07-31T11:33:41.028Z] onEndTurn: naturalStop=false toolCalls=11 nudgeMsg=no
[2026-07-31T11:34:21.765Z] LiveUpdateForge: AfterToolExec flush
[2026-07-31T11:35:15.732Z] LiveUpdateForge: EndTurn fallback flush
[2026-07-31T11:35:15.734Z] onEndTurn: naturalStop=undefined toolCalls=12 nudgeMsg=no
[2026-07-31T11:35:15.734Z] LiveUpdateForge: EndTurn fallback flush
[2026-07-31T11:35:15.735Z] onEndTurn: naturalStop=false toolCalls=12 nudgeMsg=no
[2026-07-31T11:35:31.837Z] LiveUpdateForge: AfterToolExec flush
[2026-07-31T11:35:42.764Z] LiveUpdateForge: EndTurn fallback flush
[2026-07-31T11:35:42.765Z] onEndTurn: naturalStop=undefined toolCalls=13 nudgeMsg=no
[2026-07-31T11:35:42.765Z] LiveUpdateForge: EndTurn fallback flush
[2026-07-31T11:35:42.765Z] onEndTurn: naturalStop=false toolCalls=13 nudgeMsg=no
[2026-07-31T11:35:43.712Z] LiveUpdateForge: AfterToolExec flush
[2026-07-31T11:36:07.052Z] LiveUpdateForge: EndTurn fallback flush
[2026-07-31T11:36:07.053Z] onEndTurn: naturalStop=undefined toolCalls=14 nudgeMsg=no
[2026-07-31T11:36:07.053Z] LiveUpdateForge: EndTurn fallback flush
[2026-07-31T11:36:07.054Z] onEndTurn: naturalStop=false toolCalls=14 nudgeMsg=no
[2026-07-31T11:36:08.721Z] LiveUpdateForge: AfterToolExec flush
[2026-07-31T11:36:23.030Z] LiveUpdateForge: EndTurn fallback flush
[2026-07-31T11:36:23.031Z] onEndTurn: naturalStop=undefined toolCalls=15 nudgeMsg=no
[2026-07-31T11:36:23.031Z] LiveUpdateForge: EndTurn fallback flush
[2026-07-31T11:36:23.031Z] onEndTurn: naturalStop=false toolCalls=15 nudgeMsg=no
[2026-07-31T11:36:23.878Z] LiveUpdateForge: AfterToolExec flush
[2026-07-31T11:36:31.330Z] LiveUpdateForge: EndTurn fallback flush
[2026-07-31T11:36:31.330Z] onEndTurn: naturalStop=undefined toolCalls=16 nudgeMsg=no
[2026-07-31T11:36:31.331Z] LiveUpdateForge: EndTurn fallback flush
[2026-07-31T11:36:31.331Z] onEndTurn: naturalStop=false toolCalls=16 nudgeMsg=no
[2026-07-31T11:36:32.772Z] LiveUpdateForge: AfterToolExec flush
[2026-07-31T11:36:37.656Z] LiveUpdateForge: EndTurn fallback flush
[2026-07-31T11:36:37.656Z] onEndTurn: naturalStop=undefined toolCalls=17 nudgeMsg=no
[2026-07-31T11:36:37.657Z] LiveUpdateForge: EndTurn fallback flush
[2026-07-31T11:36:37.657Z] onEndTurn: naturalStop=true toolCalls=17 nudgeMsg=no
[2026-07-31T11:41:52.572Z] ResumeDiffForge: running checkResumeConsistency
[2026-07-31T11:41:52.575Z] checkResumeConsistency: forgedTimestamps=[["project","1970-01-01T00:00:00.000Z"]]
[2026-07-31T11:41:52.618Z] checkResumeConsistency: injecting 1 diff notification(s)
[2026-07-31T11:41:52.619Z] injectForgedHistory: role=user preview="[agent-auto] [memory-update 2026-07-31 19:23:47] project memory file has been mo"
[2026-07-31T11:41:52.651Z] injectForgedHistory: recordMessage persisted
[2026-07-31T11:41:52.652Z] LiveUpdateForge: session reset, allowLiveUpdate = false
[2026-07-31T11:41:52.652Z] NudgeForge: ResumeComplete — restoring count from history
[2026-07-31T11:41:52.654Z] restoreNudgeCountFromHistory: found last write at idx=230 count=17
[2026-07-31T11:41:52.716Z] LiveUpdateForge: allowLiveUpdate = true (first real BeforeSend)
[2026-07-31T11:42:24.071Z] CompactComplete: resetting forge state
[2026-07-31T11:42:31.979Z] LiveUpdateForge: EndTurn fallback flush
[2026-07-31T11:42:31.980Z] onEndTurn: naturalStop=undefined toolCalls=0 nudgeMsg=no
[2026-07-31T11:42:31.980Z] LiveUpdateForge: EndTurn fallback flush
[2026-07-31T11:42:31.981Z] onEndTurn: naturalStop=false toolCalls=0 nudgeMsg=no
[2026-07-31T11:45:17.712Z] LiveUpdateForge: AfterToolExec flush
[2026-07-31T11:45:17.787Z] InitialReadForge.onBeforeSend: SKIP (fr=true syn=false hasRead=false)
[2026-07-31T11:45:19.668Z] LiveUpdateForge: EndTurn fallback flush
[2026-07-31T11:45:19.669Z] onEndTurn: naturalStop=undefined toolCalls=1 nudgeMsg=no
[2026-07-31T11:45:19.669Z] LiveUpdateForge: EndTurn fallback flush
[2026-07-31T11:45:19.670Z] onEndTurn: naturalStop=true toolCalls=1 nudgeMsg=no
[2026-07-31T11:46:16.779Z] ResumeDiffForge: no read_memory in history, backfilling forge
[2026-07-31T11:46:17.092Z] recordForgedToolExchange: toolName=read_memory callId=resume-forge-read-memory-backfill
[2026-07-31T11:46:17.144Z] recordForgedToolExchange: recordMessage + recordToolCalls persisted
[2026-07-31T11:46:17.145Z] injectForgedHistory: role=user preview=""
[2026-07-31T11:46:17.163Z] injectForgedHistory: recordMessage persisted
[2026-07-31T11:46:17.178Z] ResumeDiffForge: backfilled read_memory and baseline for 2 raw + 2 provider file(s)
[2026-07-31T11:46:17.178Z] LiveUpdateForge: session reset, allowLiveUpdate = false
[2026-07-31T11:46:17.179Z] NudgeForge: ResumeComplete — restoring count from history
[2026-07-31T11:46:17.179Z] restoreNudgeCountFromHistory: no reset point found, count=1
[2026-07-31T11:46:17.199Z] LiveUpdateForge: allowLiveUpdate = true (first real BeforeSend)
[2026-07-31T11:46:17.199Z] InitialReadForge.onBeforeSend: SKIP (fr=false syn=false hasRead=true)
[2026-07-31T11:46:23.068Z] LiveUpdateForge: EndTurn fallback flush
[2026-07-31T11:46:23.068Z] onEndTurn: naturalStop=undefined toolCalls=1 nudgeMsg=no
[2026-07-31T11:46:23.069Z] LiveUpdateForge: EndTurn fallback flush
[2026-07-31T11:46:23.069Z] onEndTurn: naturalStop=false toolCalls=1 nudgeMsg=no
[2026-07-31T11:48:42.834Z] LiveUpdateForge: AfterToolExec flush
[2026-07-31T11:48:42.863Z] InitialReadForge.onBeforeSend: SKIP (fr=true syn=false hasRead=true)
[2026-07-31T11:48:44.999Z] LiveUpdateForge: EndTurn fallback flush
[2026-07-31T11:48:45.000Z] onEndTurn: naturalStop=undefined toolCalls=2 nudgeMsg=no
[2026-07-31T11:48:45.001Z] LiveUpdateForge: EndTurn fallback flush
[2026-07-31T11:48:45.001Z] onEndTurn: naturalStop=false toolCalls=2 nudgeMsg=no
[2026-07-31T11:48:45.542Z] LiveUpdateForge: AfterToolExec flush
[2026-07-31T11:48:46.407Z] LiveUpdateForge: AfterToolExec flush
[2026-07-31T11:48:46.433Z] InitialReadForge.onBeforeSend: SKIP (fr=true syn=false hasRead=true)
[2026-07-31T11:48:49.394Z] LiveUpdateForge: EndTurn fallback flush
[2026-07-31T11:48:49.395Z] onEndTurn: naturalStop=undefined toolCalls=4 nudgeMsg=no
[2026-07-31T11:48:49.395Z] LiveUpdateForge: EndTurn fallback flush
[2026-07-31T11:48:49.395Z] onEndTurn: naturalStop=false toolCalls=4 nudgeMsg=no
[2026-07-31T11:48:49.415Z] LiveUpdateForge: AfterToolExec flush
[2026-07-31T11:48:49.418Z] LiveUpdateForge: AfterToolExec flush
[2026-07-31T11:48:49.457Z] InitialReadForge.onBeforeSend: SKIP (fr=true syn=false hasRead=true)
[2026-07-31T11:48:55.476Z] LiveUpdateForge: EndTurn fallback flush
[2026-07-31T11:48:55.477Z] onEndTurn: naturalStop=undefined toolCalls=6 nudgeMsg=no
[2026-07-31T11:48:55.477Z] LiveUpdateForge: EndTurn fallback flush
[2026-07-31T11:48:55.477Z] onEndTurn: naturalStop=false toolCalls=6 nudgeMsg=no
[2026-07-31T11:48:56.165Z] LiveUpdateForge: AfterToolExec flush
[2026-07-31T11:48:56.166Z] LiveUpdateForge: AfterToolExec flush
[2026-07-31T11:48:56.190Z] InitialReadForge.onBeforeSend: SKIP (fr=true syn=false hasRead=true)
[2026-07-31T11:49:05.421Z] LiveUpdateForge: EndTurn fallback flush
[2026-07-31T11:49:05.421Z] onEndTurn: naturalStop=undefined toolCalls=8 nudgeMsg=no
[2026-07-31T11:49:05.421Z] LiveUpdateForge: EndTurn fallback flush
[2026-07-31T11:49:05.422Z] onEndTurn: naturalStop=false toolCalls=8 nudgeMsg=no
[2026-07-31T11:49:36.179Z] LiveUpdateForge: AfterToolExec flush
[2026-07-31T11:49:36.202Z] InitialReadForge.onBeforeSend: SKIP (fr=true syn=false hasRead=true)
[2026-07-31T11:50:37.077Z] LiveUpdateForge: EndTurn fallback flush
[2026-07-31T11:50:37.078Z] onEndTurn: naturalStop=undefined toolCalls=9 nudgeMsg=no
[2026-07-31T11:50:37.078Z] LiveUpdateForge: EndTurn fallback flush
[2026-07-31T11:50:37.078Z] onEndTurn: naturalStop=false toolCalls=9 nudgeMsg=no
[2026-07-31T11:50:38.527Z] LiveUpdateForge: AfterToolExec flush
[2026-07-31T11:50:38.567Z] InitialReadForge.onBeforeSend: SKIP (fr=true syn=false hasRead=true)
[2026-07-31T11:50:50.191Z] LiveUpdateForge: EndTurn fallback flush
[2026-07-31T11:50:50.191Z] onEndTurn: naturalStop=undefined toolCalls=10 nudgeMsg=no
[2026-07-31T11:50:50.191Z] LiveUpdateForge: EndTurn fallback flush
[2026-07-31T11:50:50.192Z] onEndTurn: naturalStop=false toolCalls=10 nudgeMsg=no
[2026-07-31T11:50:53.363Z] LiveUpdateForge: AfterToolExec flush
[2026-07-31T11:50:53.405Z] InitialReadForge.onBeforeSend: SKIP (fr=true syn=false hasRead=true)
[2026-07-31T11:51:10.425Z] LiveUpdateForge: EndTurn fallback flush
[2026-07-31T11:51:10.425Z] onEndTurn: naturalStop=undefined toolCalls=11 nudgeMsg=no
[2026-07-31T11:51:10.426Z] LiveUpdateForge: EndTurn fallback flush
[2026-07-31T11:51:10.426Z] onEndTurn: naturalStop=false toolCalls=11 nudgeMsg=no
[2026-07-31T11:51:10.519Z] LiveUpdateForge: AfterToolExec flush
[2026-07-31T11:51:10.558Z] InitialReadForge.onBeforeSend: SKIP (fr=true syn=false hasRead=true)
[2026-07-31T11:51:13.018Z] LiveUpdateForge: EndTurn fallback flush
[2026-07-31T11:51:13.019Z] onEndTurn: naturalStop=undefined toolCalls=12 nudgeMsg=no
[2026-07-31T11:51:13.019Z] LiveUpdateForge: EndTurn fallback flush
[2026-07-31T11:51:13.019Z] onEndTurn: naturalStop=false toolCalls=12 nudgeMsg=no
[2026-07-31T11:51:31.416Z] LiveUpdateForge: AfterToolExec flush
[2026-07-31T11:51:31.457Z] InitialReadForge.onBeforeSend: SKIP (fr=true syn=false hasRead=true)
[2026-07-31T11:51:35.243Z] LiveUpdateForge: EndTurn fallback flush
[2026-07-31T11:51:35.243Z] onEndTurn: naturalStop=undefined toolCalls=13 nudgeMsg=no
[2026-07-31T11:51:35.243Z] LiveUpdateForge: EndTurn fallback flush
[2026-07-31T11:51:35.244Z] onEndTurn: naturalStop=true toolCalls=13 nudgeMsg=no
[2026-07-31T11:53:18.929Z] ResumeDiffForge: running checkResumeConsistency
[2026-07-31T11:53:18.931Z] checkResumeConsistency: forgedTimestamps=[]
[2026-07-31T11:53:18.961Z] checkResumeConsistency: no changes detected
[2026-07-31T11:53:18.962Z] LiveUpdateForge: session reset, allowLiveUpdate = false
[2026-07-31T11:53:18.962Z] NudgeForge: ResumeComplete — restoring count from history
[2026-07-31T11:53:18.963Z] restoreNudgeCountFromHistory: no reset point found, count=13
[2026-07-31T11:53:18.979Z] LiveUpdateForge: allowLiveUpdate = true (first real BeforeSend)
[2026-07-31T11:53:18.980Z] InitialReadForge.onBeforeSend: SKIP (fr=false syn=false hasRead=true)
[2026-07-31T11:53:35.610Z] LiveUpdateForge: EndTurn fallback flush
[2026-07-31T11:53:35.611Z] onEndTurn: naturalStop=undefined toolCalls=13 nudgeMsg=no
[2026-07-31T11:53:35.611Z] LiveUpdateForge: EndTurn fallback flush
[2026-07-31T11:53:35.611Z] onEndTurn: naturalStop=false toolCalls=13 nudgeMsg=no
[2026-07-31T11:55:02.366Z] LiveUpdateForge: AfterToolExec flush
[2026-07-31T11:55:02.393Z] InitialReadForge.onBeforeSend: SKIP (fr=true syn=false hasRead=true)
[2026-07-31T11:55:14.664Z] LiveUpdateForge: EndTurn fallback flush
[2026-07-31T11:55:14.664Z] onEndTurn: naturalStop=undefined toolCalls=14 nudgeMsg=no
[2026-07-31T11:55:14.664Z] LiveUpdateForge: EndTurn fallback flush
[2026-07-31T11:55:14.666Z] onEndTurn: naturalStop=false toolCalls=14 nudgeMsg=no
[2026-07-31T11:55:15.271Z] LiveUpdateForge: AfterToolExec flush
[2026-07-31T11:55:15.273Z] LiveUpdateForge: AfterToolExec flush
[2026-07-31T11:55:15.297Z] InitialReadForge.onBeforeSend: SKIP (fr=true syn=false hasRead=true)
[2026-07-31T11:55:21.163Z] LiveUpdateForge: EndTurn fallback flush
[2026-07-31T11:55:21.164Z] onEndTurn: naturalStop=undefined toolCalls=16 nudgeMsg=no
[2026-07-31T11:55:21.164Z] LiveUpdateForge: EndTurn fallback flush
[2026-07-31T11:55:21.165Z] onEndTurn: naturalStop=false toolCalls=16 nudgeMsg=no
[2026-07-31T11:55:48.487Z] LiveUpdateForge: AfterToolExec flush
[2026-07-31T11:55:48.519Z] InitialReadForge.onBeforeSend: SKIP (fr=true syn=false hasRead=true)
[2026-07-31T11:56:50.220Z] LiveUpdateForge: EndTurn fallback flush
[2026-07-31T11:56:50.221Z] onEndTurn: naturalStop=undefined toolCalls=17 nudgeMsg=no
[2026-07-31T11:56:50.221Z] LiveUpdateForge: EndTurn fallback flush
[2026-07-31T11:56:50.222Z] onEndTurn: naturalStop=false toolCalls=17 nudgeMsg=no
[2026-07-31T11:56:51.672Z] LiveUpdateForge: AfterToolExec flush
[2026-07-31T11:56:51.710Z] InitialReadForge.onBeforeSend: SKIP (fr=true syn=false hasRead=true)
[2026-07-31T11:56:54.208Z] LiveUpdateForge: EndTurn fallback flush
[2026-07-31T11:56:54.208Z] onEndTurn: naturalStop=undefined toolCalls=18 nudgeMsg=no
[2026-07-31T11:56:54.209Z] LiveUpdateForge: EndTurn fallback flush
[2026-07-31T11:56:54.209Z] onEndTurn: naturalStop=true toolCalls=18 nudgeMsg=no
[2026-07-31T22:42:57.962Z] MemoryForge: attached 5 listener(s)
[2026-07-31T22:42:57.963Z] InitialReadForge: armed one-shot BeforeSend after NewSessionStart
[2026-07-31T22:42:57.964Z] LiveUpdateForge: session reset, allowLiveUpdate = false
[2026-07-31T22:43:00.862Z] MemoryForge: attached 5 listener(s)
[2026-07-31T22:43:00.864Z] InitialReadForge: armed one-shot BeforeSend after NewSessionStart
[2026-07-31T22:43:00.864Z] LiveUpdateForge: session reset, allowLiveUpdate = false
[2026-07-31T22:44:22.857Z] MemoryForge: attached 5 listener(s)
[2026-07-31T22:44:22.858Z] InitialReadForge: armed one-shot BeforeSend after NewSessionStart
[2026-07-31T22:44:22.858Z] LiveUpdateForge: session reset, allowLiveUpdate = false
[2026-07-31T22:44:23.407Z] LiveUpdateForge: session reset, allowLiveUpdate = false
[2026-07-31T22:44:23.435Z] ResumeDiffForge: running checkResumeConsistency
[2026-07-31T22:44:23.436Z] checkResumeConsistency: forgedTimestamps=[]
[2026-07-31T22:44:23.443Z] checkResumeConsistency: no changes detected
[2026-07-31T22:44:23.444Z] LiveUpdateForge: session reset, allowLiveUpdate = false
[2026-07-31T22:44:23.444Z] NudgeForge: ResumeComplete — restoring count from history
[2026-07-31T22:44:23.445Z] restoreNudgeCountFromHistory: no reset point found, count=18
[2026-07-31T22:45:02.013Z] MemoryForge: attached 5 listener(s)
[2026-07-31T22:45:02.014Z] InitialReadForge: armed one-shot BeforeSend after NewSessionStart
[2026-07-31T22:45:02.014Z] LiveUpdateForge: session reset, allowLiveUpdate = false
[2026-07-31T22:46:08.080Z] MemoryForge: attached 5 listener(s)
[2026-07-31T22:46:08.080Z] InitialReadForge: armed one-shot BeforeSend after NewSessionStart
[2026-07-31T22:46:08.080Z] LiveUpdateForge: session reset, allowLiveUpdate = false
[2026-07-31T22:46:52.463Z] MemoryForge: attached 5 listener(s)
[2026-07-31T22:46:52.463Z] InitialReadForge: armed one-shot BeforeSend after NewSessionStart
[2026-07-31T22:46:52.464Z] LiveUpdateForge: session reset, allowLiveUpdate = false
[2026-07-31T22:46:53.006Z] MemoryForge: attached 5 listener(s)
[2026-07-31T22:46:53.006Z] InitialReadForge: armed one-shot BeforeSend after NewSessionStart
[2026-07-31T22:46:53.007Z] LiveUpdateForge: session reset, allowLiveUpdate = false
[2026-07-31T22:46:53.008Z] MemoryForge: detached all listeners
[2026-07-31T22:46:53.008Z] ResumeDiffForge: no read_memory in history, backfilling forge
[2026-07-31T22:46:53.137Z] recordForgedToolExchange: toolName=read_memory callId=resume-forge-read-memory-backfill
[2026-07-31T22:46:53.170Z] recordForgedToolExchange: recordMessage + recordToolCalls persisted
[2026-07-31T22:46:53.171Z] injectForgedHistory: role=user preview=""
[2026-07-31T22:46:53.185Z] injectForgedHistory: recordMessage persisted
[2026-07-31T22:46:53.190Z] ResumeDiffForge: backfilled read_memory and baseline for 2 raw + 2 provider file(s)
[2026-07-31T22:46:53.190Z] LiveUpdateForge: session reset, allowLiveUpdate = false
[2026-07-31T22:46:53.191Z] NudgeForge: ResumeComplete — restoring count from history
[2026-07-31T22:46:53.191Z] restoreNudgeCountFromHistory: no reset point found, count=0
[2026-07-31T22:46:53.206Z] LiveUpdateForge: allowLiveUpdate = true (first real BeforeSend)
[2026-07-31T22:46:53.207Z] InitialReadForge.onBeforeSend: SKIP (fr=false syn=false hasRead=true)
[2026-07-31T22:46:57.933Z] LiveUpdateForge: EndTurn fallback flush
[2026-07-31T22:46:57.933Z] onEndTurn: naturalStop=undefined toolCalls=0 nudgeMsg=no
[2026-07-31T22:46:57.934Z] LiveUpdateForge: EndTurn fallback flush
[2026-07-31T22:46:57.934Z] onEndTurn: naturalStop=false toolCalls=0 nudgeMsg=no
[2026-07-31T22:47:06.281Z] LiveUpdateForge: AfterToolExec flush
[2026-07-31T22:47:06.282Z] LiveUpdateForge: AfterToolExec flush
[2026-07-31T22:47:06.303Z] InitialReadForge.onBeforeSend: SKIP (fr=true syn=false hasRead=true)
[2026-07-31T22:47:09.207Z] LiveUpdateForge: EndTurn fallback flush
[2026-07-31T22:47:09.207Z] onEndTurn: naturalStop=undefined toolCalls=2 nudgeMsg=no
[2026-07-31T22:47:09.208Z] LiveUpdateForge: EndTurn fallback flush
[2026-07-31T22:47:09.208Z] onEndTurn: naturalStop=false toolCalls=2 nudgeMsg=no
[2026-07-31T22:47:09.222Z] LiveUpdateForge: AfterToolExec flush
[2026-07-31T22:47:09.222Z] LiveUpdateForge: AfterToolExec flush
[2026-07-31T22:47:09.223Z] LiveUpdateForge: AfterToolExec flush
[2026-07-31T22:47:09.246Z] InitialReadForge.onBeforeSend: SKIP (fr=true syn=false hasRead=true)
[2026-07-31T22:47:14.056Z] LiveUpdateForge: EndTurn fallback flush
[2026-07-31T22:47:14.057Z] onEndTurn: naturalStop=undefined toolCalls=5 nudgeMsg=no
[2026-07-31T22:47:14.057Z] LiveUpdateForge: EndTurn fallback flush
[2026-07-31T22:47:14.057Z] onEndTurn: naturalStop=false toolCalls=5 nudgeMsg=no
[2026-07-31T22:47:14.071Z] LiveUpdateForge: AfterToolExec flush
[2026-07-31T22:47:14.072Z] LiveUpdateForge: AfterToolExec flush
[2026-07-31T22:47:14.073Z] LiveUpdateForge: AfterToolExec flush
[2026-07-31T22:47:14.541Z] LiveUpdateForge: AfterToolExec flush
[2026-07-31T22:47:14.563Z] InitialReadForge.onBeforeSend: SKIP (fr=true syn=false hasRead=true)
[2026-07-31T22:47:18.236Z] LiveUpdateForge: EndTurn fallback flush
[2026-07-31T22:47:18.237Z] onEndTurn: naturalStop=undefined toolCalls=9 nudgeMsg=no
[2026-07-31T22:47:18.237Z] LiveUpdateForge: EndTurn fallback flush
[2026-07-31T22:47:18.237Z] onEndTurn: naturalStop=false toolCalls=9 nudgeMsg=no
[2026-07-31T22:47:18.264Z] LiveUpdateForge: AfterToolExec flush
[2026-07-31T22:47:18.868Z] LiveUpdateForge: AfterToolExec flush
[2026-07-31T22:47:18.869Z] LiveUpdateForge: AfterToolExec flush
[2026-07-31T22:47:19.355Z] LiveUpdateForge: AfterToolExec flush
[2026-07-31T22:47:19.374Z] InitialReadForge.onBeforeSend: SKIP (fr=true syn=false hasRead=true)
[2026-07-31T22:47:22.157Z] LiveUpdateForge: EndTurn fallback flush
[2026-07-31T22:47:22.158Z] onEndTurn: naturalStop=undefined toolCalls=13 nudgeMsg=no
[2026-07-31T22:47:22.158Z] LiveUpdateForge: EndTurn fallback flush
[2026-07-31T22:47:22.158Z] onEndTurn: naturalStop=false toolCalls=13 nudgeMsg=no
[2026-07-31T22:47:22.171Z] LiveUpdateForge: AfterToolExec flush
[2026-07-31T22:47:22.680Z] LiveUpdateForge: AfterToolExec flush
[2026-07-31T22:47:22.704Z] InitialReadForge.onBeforeSend: SKIP (fr=true syn=false hasRead=true)
[2026-07-31T22:47:25.703Z] LiveUpdateForge: EndTurn fallback flush
[2026-07-31T22:47:25.704Z] onEndTurn: naturalStop=undefined toolCalls=15 nudgeMsg=no
[2026-07-31T22:47:25.704Z] LiveUpdateForge: EndTurn fallback flush
[2026-07-31T22:47:25.704Z] onEndTurn: naturalStop=false toolCalls=15 nudgeMsg=no
[2026-07-31T22:47:25.718Z] LiveUpdateForge: AfterToolExec flush
[2026-07-31T22:47:26.329Z] LiveUpdateForge: AfterToolExec flush
[2026-07-31T22:47:26.358Z] InitialReadForge.onBeforeSend: SKIP (fr=true syn=false hasRead=true)
[2026-07-31T22:47:29.297Z] LiveUpdateForge: EndTurn fallback flush
[2026-07-31T22:47:29.298Z] onEndTurn: naturalStop=undefined toolCalls=17 nudgeMsg=no
[2026-07-31T22:47:29.298Z] LiveUpdateForge: EndTurn fallback flush
[2026-07-31T22:47:29.298Z] onEndTurn: naturalStop=false toolCalls=17 nudgeMsg=no
[2026-07-31T22:47:30.270Z] LiveUpdateForge: AfterToolExec flush
[2026-07-31T22:47:30.271Z] LiveUpdateForge: AfterToolExec flush
[2026-07-31T22:47:30.273Z] LiveUpdateForge: AfterToolExec flush
[2026-07-31T22:47:30.300Z] InitialReadForge.onBeforeSend: SKIP (fr=true syn=false hasRead=true)
[2026-07-31T22:47:44.356Z] LiveUpdateForge: EndTurn fallback flush
[2026-07-31T22:47:44.357Z] onEndTurn: naturalStop=undefined toolCalls=20 nudgeMsg=no
[2026-07-31T22:47:44.357Z] LiveUpdateForge: EndTurn fallback flush
[2026-07-31T22:47:44.357Z] onEndTurn: naturalStop=true toolCalls=20 nudgeMsg=no
[2026-07-31T22:48:31.676Z] ResumeDiffForge: running checkResumeConsistency
[2026-07-31T22:48:31.677Z] checkResumeConsistency: forgedTimestamps=[]
[2026-07-31T22:48:31.685Z] checkResumeConsistency: no changes detected
[2026-07-31T22:48:31.685Z] LiveUpdateForge: session reset, allowLiveUpdate = false
[2026-07-31T22:48:31.685Z] NudgeForge: ResumeComplete — restoring count from history
[2026-07-31T22:48:31.686Z] restoreNudgeCountFromHistory: no reset point found, count=20
[2026-07-31T22:48:31.695Z] LiveUpdateForge: allowLiveUpdate = true (first real BeforeSend)
[2026-07-31T22:48:31.696Z] InitialReadForge.onBeforeSend: SKIP (fr=false syn=false hasRead=true)
[2026-07-31T22:48:33.206Z] MemoryForge: attached 5 listener(s)
[2026-07-31T22:48:33.207Z] InitialReadForge: armed one-shot BeforeSend after NewSessionStart
[2026-07-31T22:48:33.207Z] LiveUpdateForge: session reset, allowLiveUpdate = false
[2026-07-31T22:48:37.045Z] LiveUpdateForge: EndTurn fallback flush
[2026-07-31T22:48:37.046Z] onEndTurn: naturalStop=undefined toolCalls=20 nudgeMsg=no
[2026-07-31T22:48:37.046Z] LiveUpdateForge: EndTurn fallback flush
[2026-07-31T22:48:37.046Z] onEndTurn: naturalStop=false toolCalls=20 nudgeMsg=no
[2026-07-31T22:48:37.081Z] LiveUpdateForge: AfterToolExec flush
[2026-07-31T22:48:37.081Z] LiveUpdateForge: AfterToolExec flush
[2026-07-31T22:48:37.081Z] LiveUpdateForge: AfterToolExec flush
[2026-07-31T22:48:37.104Z] InitialReadForge.onBeforeSend: SKIP (fr=true syn=false hasRead=true)
[2026-07-31T22:48:43.143Z] LiveUpdateForge: EndTurn fallback flush
[2026-07-31T22:48:43.144Z] onEndTurn: naturalStop=undefined toolCalls=23 nudgeMsg=no
[2026-07-31T22:48:43.144Z] LiveUpdateForge: EndTurn fallback flush
[2026-07-31T22:48:43.144Z] onEndTurn: naturalStop=false toolCalls=23 nudgeMsg=no
[2026-07-31T22:48:43.230Z] LiveUpdateForge: AfterToolExec flush
[2026-07-31T22:48:43.248Z] InitialReadForge.onBeforeSend: SKIP (fr=true syn=false hasRead=true)
[2026-07-31T22:48:46.100Z] LiveUpdateForge: EndTurn fallback flush
[2026-07-31T22:48:46.100Z] onEndTurn: naturalStop=undefined toolCalls=24 nudgeMsg=no
[2026-07-31T22:48:46.100Z] LiveUpdateForge: EndTurn fallback flush
[2026-07-31T22:48:46.100Z] onEndTurn: naturalStop=false toolCalls=24 nudgeMsg=no
[2026-07-31T22:48:46.104Z] LiveUpdateForge: AfterToolExec flush
[2026-07-31T22:48:46.126Z] InitialReadForge.onBeforeSend: SKIP (fr=true syn=false hasRead=true)
[2026-07-31T22:48:48.616Z] LiveUpdateForge: EndTurn fallback flush
[2026-07-31T22:48:48.617Z] onEndTurn: naturalStop=undefined toolCalls=25 nudgeMsg=no
[2026-07-31T22:48:48.617Z] LiveUpdateForge: EndTurn fallback flush
[2026-07-31T22:48:48.617Z] onEndTurn: naturalStop=false toolCalls=25 nudgeMsg=no
[2026-07-31T22:48:49.984Z] LiveUpdateForge: AfterToolExec flush
[2026-07-31T22:48:50.007Z] InitialReadForge.onBeforeSend: SKIP (fr=true syn=false hasRead=true)
[2026-07-31T22:48:54.570Z] LiveUpdateForge: EndTurn fallback flush
[2026-07-31T22:48:54.571Z] onEndTurn: naturalStop=undefined toolCalls=26 nudgeMsg=no
[2026-07-31T22:48:54.571Z] LiveUpdateForge: EndTurn fallback flush
[2026-07-31T22:48:54.571Z] onEndTurn: naturalStop=false toolCalls=26 nudgeMsg=no
[2026-07-31T22:48:54.577Z] LiveUpdateForge: AfterToolExec flush
[2026-07-31T22:48:54.578Z] LiveUpdateForge: AfterToolExec flush
[2026-07-31T22:48:54.603Z] InitialReadForge.onBeforeSend: SKIP (fr=true syn=false hasRead=true)
[2026-07-31T22:48:58.302Z] LiveUpdateForge: EndTurn fallback flush
[2026-07-31T22:48:58.302Z] onEndTurn: naturalStop=undefined toolCalls=28 nudgeMsg=no
[2026-07-31T22:48:58.303Z] LiveUpdateForge: EndTurn fallback flush
[2026-07-31T22:48:58.303Z] onEndTurn: naturalStop=false toolCalls=28 nudgeMsg=no
[2026-07-31T22:49:23.637Z] MemoryForge: attached 5 listener(s)
[2026-07-31T22:49:23.637Z] InitialReadForge: armed one-shot BeforeSend after NewSessionStart
[2026-07-31T22:49:23.637Z] LiveUpdateForge: session reset, allowLiveUpdate = false
[2026-07-31T22:49:23.638Z] MemoryForge: detached all listeners
[2026-07-31T22:49:23.639Z] ResumeDiffForge: no read_memory in history, backfilling forge
[2026-07-31T22:49:23.761Z] recordForgedToolExchange: toolName=read_memory callId=resume-forge-read-memory-backfill
[2026-07-31T22:49:23.795Z] recordForgedToolExchange: recordMessage + recordToolCalls persisted
[2026-07-31T22:49:23.795Z] injectForgedHistory: role=user preview=""
[2026-07-31T22:49:23.811Z] injectForgedHistory: recordMessage persisted
[2026-07-31T22:49:23.816Z] ResumeDiffForge: backfilled read_memory and baseline for 2 raw + 2 provider file(s)
[2026-07-31T22:49:23.816Z] LiveUpdateForge: session reset, allowLiveUpdate = false
[2026-07-31T22:49:23.817Z] NudgeForge: ResumeComplete — restoring count from history
[2026-07-31T22:49:23.817Z] restoreNudgeCountFromHistory: no reset point found, count=0
[2026-07-31T22:49:23.837Z] LiveUpdateForge: allowLiveUpdate = true (first real BeforeSend)
[2026-07-31T22:49:23.837Z] InitialReadForge.onBeforeSend: SKIP (fr=false syn=false hasRead=true)
[2026-07-31T22:49:26.981Z] LiveUpdateForge: EndTurn fallback flush
[2026-07-31T22:49:26.982Z] onEndTurn: naturalStop=undefined toolCalls=0 nudgeMsg=no
[2026-07-31T22:49:26.982Z] LiveUpdateForge: EndTurn fallback flush
[2026-07-31T22:49:26.982Z] onEndTurn: naturalStop=false toolCalls=0 nudgeMsg=no
[2026-07-31T22:49:27.564Z] LiveUpdateForge: AfterToolExec flush
[2026-07-31T22:49:27.588Z] InitialReadForge.onBeforeSend: SKIP (fr=true syn=false hasRead=true)
[2026-07-31T22:49:29.763Z] LiveUpdateForge: EndTurn fallback flush
[2026-07-31T22:49:29.764Z] onEndTurn: naturalStop=undefined toolCalls=1 nudgeMsg=no
[2026-07-31T22:49:29.764Z] LiveUpdateForge: EndTurn fallback flush
[2026-07-31T22:49:29.764Z] onEndTurn: naturalStop=false toolCalls=1 nudgeMsg=no
[2026-07-31T22:49:29.776Z] LiveUpdateForge: AfterToolExec flush
[2026-07-31T22:49:29.797Z] InitialReadForge.onBeforeSend: SKIP (fr=true syn=false hasRead=true)
[2026-07-31T22:49:38.072Z] LiveUpdateForge: EndTurn fallback flush
[2026-07-31T22:49:38.073Z] onEndTurn: naturalStop=undefined toolCalls=2 nudgeMsg=no
[2026-07-31T22:49:38.073Z] LiveUpdateForge: EndTurn fallback flush
[2026-07-31T22:49:38.073Z] onEndTurn: naturalStop=false toolCalls=2 nudgeMsg=no
[2026-07-31T22:49:38.597Z] LiveUpdateForge: AfterToolExec flush
[2026-07-31T22:49:38.618Z] InitialReadForge.onBeforeSend: SKIP (fr=true syn=false hasRead=true)
[2026-07-31T22:49:46.331Z] LiveUpdateForge: AfterToolExec flush
[2026-07-31T22:49:46.360Z] InitialReadForge.onBeforeSend: SKIP (fr=true syn=false hasRead=true)
[2026-07-31T22:49:46.552Z] LiveUpdateForge: EndTurn fallback flush
[2026-07-31T22:49:46.553Z] onEndTurn: naturalStop=undefined toolCalls=3 nudgeMsg=no
[2026-07-31T22:49:46.553Z] LiveUpdateForge: EndTurn fallback flush
[2026-07-31T22:49:46.553Z] onEndTurn: naturalStop=false toolCalls=3 nudgeMsg=no
[2026-07-31T22:49:46.561Z] LiveUpdateForge: AfterToolExec flush
[2026-07-31T22:49:46.586Z] InitialReadForge.onBeforeSend: SKIP (fr=true syn=false hasRead=true)
[2026-07-31T22:49:50.755Z] LiveUpdateForge: EndTurn fallback flush
[2026-07-31T22:49:50.755Z] onEndTurn: naturalStop=undefined toolCalls=4 nudgeMsg=no
[2026-07-31T22:49:50.756Z] LiveUpdateForge: EndTurn fallback flush
[2026-07-31T22:49:50.756Z] onEndTurn: naturalStop=false toolCalls=4 nudgeMsg=no
[2026-07-31T22:49:51.062Z] LiveUpdateForge: AfterToolExec flush
[2026-07-31T22:49:51.090Z] InitialReadForge.onBeforeSend: SKIP (fr=true syn=false hasRead=true)
[2026-07-31T22:49:53.160Z] LiveUpdateForge: EndTurn fallback flush
[2026-07-31T22:49:53.160Z] onEndTurn: naturalStop=undefined toolCalls=29 nudgeMsg=no
[2026-07-31T22:49:53.161Z] LiveUpdateForge: EndTurn fallback flush
[2026-07-31T22:49:53.161Z] onEndTurn: naturalStop=false toolCalls=29 nudgeMsg=no
[2026-07-31T22:49:53.198Z] LiveUpdateForge: EndTurn fallback flush
[2026-07-31T22:49:53.198Z] onEndTurn: naturalStop=undefined toolCalls=5 nudgeMsg=no
[2026-07-31T22:49:53.199Z] LiveUpdateForge: EndTurn fallback flush
[2026-07-31T22:49:53.199Z] onEndTurn: naturalStop=false toolCalls=5 nudgeMsg=no
[2026-07-31T22:49:53.228Z] LiveUpdateForge: AfterToolExec flush
[2026-07-31T22:49:53.252Z] InitialReadForge.onBeforeSend: SKIP (fr=true syn=false hasRead=true)
[2026-07-31T22:49:53.503Z] LiveUpdateForge: AfterToolExec flush
[2026-07-31T22:49:53.543Z] InitialReadForge.onBeforeSend: SKIP (fr=true syn=false hasRead=true)
[2026-07-31T22:49:55.547Z] LiveUpdateForge: EndTurn fallback flush
[2026-07-31T22:49:55.547Z] onEndTurn: naturalStop=undefined toolCalls=30 nudgeMsg=no
[2026-07-31T22:49:55.547Z] LiveUpdateForge: EndTurn fallback flush
[2026-07-31T22:49:55.548Z] onEndTurn: naturalStop=false toolCalls=30 nudgeMsg=no
[2026-07-31T22:49:56.165Z] LiveUpdateForge: AfterToolExec flush
[2026-07-31T22:49:56.167Z] LiveUpdateForge: AfterToolExec flush
[2026-07-31T22:49:56.193Z] InitialReadForge.onBeforeSend: SKIP (fr=true syn=false hasRead=true)
[2026-07-31T22:49:58.208Z] LiveUpdateForge: EndTurn fallback flush
[2026-07-31T22:49:58.208Z] onEndTurn: naturalStop=undefined toolCalls=32 nudgeMsg=no
[2026-07-31T22:49:58.208Z] LiveUpdateForge: EndTurn fallback flush
[2026-07-31T22:49:58.209Z] onEndTurn: naturalStop=false toolCalls=32 nudgeMsg=no
[2026-07-31T22:49:58.240Z] InitialReadForge.onBeforeSend: SKIP (fr=true syn=false hasRead=true)
[2026-07-31T22:50:00.374Z] LiveUpdateForge: EndTurn fallback flush
[2026-07-31T22:50:00.374Z] onEndTurn: naturalStop=undefined toolCalls=32 nudgeMsg=no
[2026-07-31T22:50:00.374Z] LiveUpdateForge: EndTurn fallback flush
[2026-07-31T22:50:00.374Z] onEndTurn: naturalStop=false toolCalls=32 nudgeMsg=no
[2026-07-31T22:50:00.421Z] LiveUpdateForge: AfterToolExec flush
[2026-07-31T22:50:00.445Z] InitialReadForge.onBeforeSend: SKIP (fr=true syn=false hasRead=true)
[2026-07-31T22:50:02.494Z] LiveUpdateForge: EndTurn fallback flush
[2026-07-31T22:50:02.494Z] onEndTurn: naturalStop=undefined toolCalls=33 nudgeMsg=no
[2026-07-31T22:50:02.494Z] LiveUpdateForge: EndTurn fallback flush
[2026-07-31T22:50:02.495Z] onEndTurn: naturalStop=false toolCalls=33 nudgeMsg=no
[2026-07-31T22:50:03.195Z] LiveUpdateForge: AfterToolExec flush
[2026-07-31T22:50:03.224Z] InitialReadForge.onBeforeSend: SKIP (fr=true syn=false hasRead=true)
[2026-07-31T22:50:06.017Z] LiveUpdateForge: EndTurn fallback flush
[2026-07-31T22:50:06.018Z] onEndTurn: naturalStop=undefined toolCalls=6 nudgeMsg=no
[2026-07-31T22:50:06.018Z] LiveUpdateForge: EndTurn fallback flush
[2026-07-31T22:50:06.018Z] onEndTurn: naturalStop=false toolCalls=6 nudgeMsg=no
[2026-07-31T22:50:06.327Z] LiveUpdateForge: AfterToolExec flush
[2026-07-31T22:50:06.538Z] LiveUpdateForge: AfterToolExec flush
[2026-07-31T22:50:06.566Z] InitialReadForge.onBeforeSend: SKIP (fr=true syn=false hasRead=true)
[2026-07-31T22:50:06.856Z] LiveUpdateForge: EndTurn fallback flush
[2026-07-31T22:50:06.857Z] onEndTurn: naturalStop=undefined toolCalls=34 nudgeMsg=no
[2026-07-31T22:50:06.857Z] LiveUpdateForge: EndTurn fallback flush
[2026-07-31T22:50:06.857Z] onEndTurn: naturalStop=false toolCalls=34 nudgeMsg=no
[2026-07-31T22:50:06.979Z] LiveUpdateForge: AfterToolExec flush
[2026-07-31T22:50:07.009Z] InitialReadForge.onBeforeSend: SKIP (fr=true syn=false hasRead=true)
[2026-07-31T22:50:09.905Z] LiveUpdateForge: EndTurn fallback flush
[2026-07-31T22:50:09.905Z] onEndTurn: naturalStop=undefined toolCalls=8 nudgeMsg=no
[2026-07-31T22:50:09.906Z] LiveUpdateForge: EndTurn fallback flush
[2026-07-31T22:50:09.906Z] onEndTurn: naturalStop=false toolCalls=8 nudgeMsg=no
[2026-07-31T22:50:10.188Z] LiveUpdateForge: AfterToolExec flush
[2026-07-31T22:50:10.216Z] InitialReadForge.onBeforeSend: SKIP (fr=true syn=false hasRead=true)
[2026-07-31T22:50:19.790Z] LiveUpdateForge: EndTurn fallback flush
[2026-07-31T22:50:19.790Z] onEndTurn: naturalStop=undefined toolCalls=35 nudgeMsg=no
[2026-07-31T22:50:19.791Z] LiveUpdateForge: EndTurn fallback flush
[2026-07-31T22:50:19.791Z] onEndTurn: naturalStop=false toolCalls=35 nudgeMsg=no
[2026-07-31T22:50:23.634Z] LiveUpdateForge: EndTurn fallback flush
[2026-07-31T22:50:23.634Z] onEndTurn: naturalStop=undefined toolCalls=9 nudgeMsg=no
[2026-07-31T22:50:23.635Z] LiveUpdateForge: EndTurn fallback flush
[2026-07-31T22:50:23.635Z] onEndTurn: naturalStop=false toolCalls=9 nudgeMsg=no
[2026-07-31T22:50:23.645Z] LiveUpdateForge: AfterToolExec flush
[2026-07-31T22:50:23.671Z] InitialReadForge.onBeforeSend: SKIP (fr=true syn=false hasRead=true)
[2026-07-31T22:50:44.154Z] LiveUpdateForge: AfterToolExec flush
[2026-07-31T22:50:44.188Z] InitialReadForge.onBeforeSend: SKIP (fr=true syn=false hasRead=true)
[2026-07-31T22:50:46.694Z] LiveUpdateForge: EndTurn fallback flush
[2026-07-31T22:50:46.695Z] onEndTurn: naturalStop=undefined toolCalls=36 nudgeMsg=no
[2026-07-31T22:50:46.695Z] LiveUpdateForge: EndTurn fallback flush
[2026-07-31T22:50:46.695Z] onEndTurn: naturalStop=false toolCalls=36 nudgeMsg=no
[2026-07-31T22:50:46.801Z] LiveUpdateForge: AfterToolExec flush
[2026-07-31T22:50:46.828Z] InitialReadForge.onBeforeSend: SKIP (fr=true syn=false hasRead=true)
[2026-07-31T22:50:50.745Z] LiveUpdateForge: EndTurn fallback flush
[2026-07-31T22:50:50.746Z] onEndTurn: naturalStop=undefined toolCalls=37 nudgeMsg=no
[2026-07-31T22:50:50.746Z] LiveUpdateForge: EndTurn fallback flush
[2026-07-31T22:50:50.746Z] onEndTurn: naturalStop=false toolCalls=37 nudgeMsg=no
[2026-07-31T22:50:50.830Z] LiveUpdateForge: AfterToolExec flush
[2026-07-31T22:50:51.729Z] LiveUpdateForge: AfterToolExec flush
[2026-07-31T22:50:51.761Z] InitialReadForge.onBeforeSend: SKIP (fr=true syn=false hasRead=true)
[2026-07-31T22:50:59.715Z] LiveUpdateForge: EndTurn fallback flush
[2026-07-31T22:50:59.716Z] onEndTurn: naturalStop=undefined toolCalls=39 nudgeMsg=no
[2026-07-31T22:50:59.716Z] LiveUpdateForge: EndTurn fallback flush
[2026-07-31T22:50:59.716Z] onEndTurn: naturalStop=false toolCalls=39 nudgeMsg=no
[2026-07-31T22:50:59.757Z] LiveUpdateForge: AfterToolExec flush
[2026-07-31T22:50:59.785Z] InitialReadForge.onBeforeSend: SKIP (fr=true syn=false hasRead=true)
[2026-07-31T22:51:05.139Z] LiveUpdateForge: EndTurn fallback flush
[2026-07-31T22:51:05.139Z] onEndTurn: naturalStop=undefined toolCalls=10 nudgeMsg=no
[2026-07-31T22:51:05.139Z] LiveUpdateForge: EndTurn fallback flush
[2026-07-31T22:51:05.140Z] onEndTurn: naturalStop=false toolCalls=10 nudgeMsg=no
[2026-07-31T22:51:05.463Z] LiveUpdateForge: AfterToolExec flush
[2026-07-31T22:51:05.498Z] InitialReadForge.onBeforeSend: SKIP (fr=true syn=false hasRead=true)
[2026-07-31T22:51:09.257Z] LiveUpdateForge: EndTurn fallback flush
[2026-07-31T22:51:09.257Z] onEndTurn: naturalStop=undefined toolCalls=40 nudgeMsg=no
[2026-07-31T22:51:09.258Z] LiveUpdateForge: EndTurn fallback flush
[2026-07-31T22:51:09.258Z] onEndTurn: naturalStop=false toolCalls=40 nudgeMsg=no
[2026-07-31T22:51:09.715Z] LiveUpdateForge: AfterToolExec flush
[2026-07-31T22:51:09.744Z] InitialReadForge.onBeforeSend: SKIP (fr=true syn=false hasRead=true)
[2026-07-31T22:51:14.767Z] LiveUpdateForge: EndTurn fallback flush
[2026-07-31T22:51:14.767Z] onEndTurn: naturalStop=undefined toolCalls=41 nudgeMsg=no
[2026-07-31T22:51:14.768Z] LiveUpdateForge: EndTurn fallback flush
[2026-07-31T22:51:14.768Z] onEndTurn: naturalStop=false toolCalls=41 nudgeMsg=no
[2026-07-31T22:51:15.312Z] LiveUpdateForge: AfterToolExec flush
[2026-07-31T22:51:15.343Z] InitialReadForge.onBeforeSend: SKIP (fr=true syn=false hasRead=true)
[2026-07-31T22:51:17.935Z] LiveUpdateForge: EndTurn fallback flush
[2026-07-31T22:51:17.936Z] onEndTurn: naturalStop=undefined toolCalls=11 nudgeMsg=no
[2026-07-31T22:51:17.936Z] LiveUpdateForge: EndTurn fallback flush
[2026-07-31T22:51:17.936Z] onEndTurn: naturalStop=false toolCalls=11 nudgeMsg=no
[2026-07-31T22:51:18.045Z] LiveUpdateForge: EndTurn fallback flush
[2026-07-31T22:51:18.045Z] onEndTurn: naturalStop=undefined toolCalls=42 nudgeMsg=no
[2026-07-31T22:51:18.046Z] LiveUpdateForge: EndTurn fallback flush
[2026-07-31T22:51:18.046Z] onEndTurn: naturalStop=false toolCalls=42 nudgeMsg=no
[2026-07-31T22:51:18.282Z] LiveUpdateForge: AfterToolExec flush
[2026-07-31T22:51:18.323Z] InitialReadForge.onBeforeSend: SKIP (fr=true syn=false hasRead=true)
[2026-07-31T22:51:18.652Z] LiveUpdateForge: AfterToolExec flush
[2026-07-31T22:51:18.677Z] InitialReadForge.onBeforeSend: SKIP (fr=true syn=false hasRead=true)
[2026-07-31T22:51:27.357Z] LiveUpdateForge: EndTurn fallback flush
[2026-07-31T22:51:27.358Z] onEndTurn: naturalStop=undefined toolCalls=43 nudgeMsg=no
[2026-07-31T22:51:27.358Z] LiveUpdateForge: EndTurn fallback flush
[2026-07-31T22:51:27.358Z] onEndTurn: naturalStop=false toolCalls=43 nudgeMsg=no
[2026-07-31T22:51:27.700Z] LiveUpdateForge: AfterToolExec flush
[2026-07-31T22:51:27.724Z] InitialReadForge.onBeforeSend: SKIP (fr=true syn=false hasRead=true)
[2026-07-31T22:51:27.935Z] LiveUpdateForge: EndTurn fallback flush
[2026-07-31T22:51:27.935Z] onEndTurn: naturalStop=undefined toolCalls=12 nudgeMsg=no
[2026-07-31T22:51:27.936Z] LiveUpdateForge: EndTurn fallback flush
[2026-07-31T22:51:27.936Z] onEndTurn: naturalStop=false toolCalls=12 nudgeMsg=no
[2026-07-31T22:51:28.499Z] LiveUpdateForge: AfterToolExec flush
[2026-07-31T22:51:28.547Z] InitialReadForge.onBeforeSend: SKIP (fr=true syn=false hasRead=true)
[2026-07-31T22:51:29.959Z] LiveUpdateForge: EndTurn fallback flush
[2026-07-31T22:51:29.960Z] onEndTurn: naturalStop=undefined toolCalls=44 nudgeMsg=no
[2026-07-31T22:51:29.960Z] LiveUpdateForge: EndTurn fallback flush
[2026-07-31T22:51:29.960Z] onEndTurn: naturalStop=false toolCalls=44 nudgeMsg=no
[2026-07-31T22:51:29.985Z] LiveUpdateForge: AfterToolExec flush
[2026-07-31T22:51:30.021Z] InitialReadForge.onBeforeSend: SKIP (fr=true syn=false hasRead=true)
[2026-07-31T22:51:37.151Z] LiveUpdateForge: EndTurn fallback flush
[2026-07-31T22:51:37.151Z] onEndTurn: naturalStop=undefined toolCalls=13 nudgeMsg=no
[2026-07-31T22:51:37.151Z] LiveUpdateForge: EndTurn fallback flush
[2026-07-31T22:51:37.152Z] onEndTurn: naturalStop=false toolCalls=13 nudgeMsg=no
[2026-07-31T22:51:37.169Z] LiveUpdateForge: AfterToolExec flush
[2026-07-31T22:51:37.214Z] InitialReadForge.onBeforeSend: SKIP (fr=true syn=false hasRead=true)
[2026-07-31T22:51:43.975Z] LiveUpdateForge: EndTurn fallback flush
[2026-07-31T22:51:43.975Z] onEndTurn: naturalStop=undefined toolCalls=45 nudgeMsg=no
[2026-07-31T22:51:43.975Z] LiveUpdateForge: EndTurn fallback flush
[2026-07-31T22:51:43.976Z] onEndTurn: naturalStop=false toolCalls=45 nudgeMsg=no
[2026-07-31T22:51:43.991Z] LiveUpdateForge: AfterToolExec flush
[2026-07-31T22:51:44.025Z] InitialReadForge.onBeforeSend: SKIP (fr=true syn=false hasRead=true)
[2026-07-31T22:51:47.171Z] LiveUpdateForge: EndTurn fallback flush
[2026-07-31T22:51:47.171Z] onEndTurn: naturalStop=undefined toolCalls=46 nudgeMsg=no
[2026-07-31T22:51:47.172Z] LiveUpdateForge: EndTurn fallback flush
[2026-07-31T22:51:47.172Z] onEndTurn: naturalStop=false toolCalls=46 nudgeMsg=no
[2026-07-31T22:51:47.191Z] LiveUpdateForge: AfterToolExec flush
[2026-07-31T22:51:47.220Z] InitialReadForge.onBeforeSend: SKIP (fr=true syn=false hasRead=true)
[2026-07-31T22:51:50.436Z] LiveUpdateForge: EndTurn fallback flush
[2026-07-31T22:51:50.436Z] onEndTurn: naturalStop=undefined toolCalls=14 nudgeMsg=no
[2026-07-31T22:51:50.436Z] LiveUpdateForge: EndTurn fallback flush
[2026-07-31T22:51:50.437Z] onEndTurn: naturalStop=false toolCalls=14 nudgeMsg=no
[2026-07-31T22:51:50.520Z] LiveUpdateForge: AfterToolExec flush
[2026-07-31T22:51:50.559Z] InitialReadForge.onBeforeSend: SKIP (fr=true syn=false hasRead=true)
[2026-07-31T22:51:52.938Z] LiveUpdateForge: EndTurn fallback flush
[2026-07-31T22:51:52.938Z] onEndTurn: naturalStop=undefined toolCalls=47 nudgeMsg=no
[2026-07-31T22:51:52.938Z] LiveUpdateForge: EndTurn fallback flush
[2026-07-31T22:51:52.939Z] onEndTurn: naturalStop=false toolCalls=47 nudgeMsg=no
[2026-07-31T22:51:53.334Z] LiveUpdateForge: AfterToolExec flush
[2026-07-31T22:51:53.363Z] InitialReadForge.onBeforeSend: SKIP (fr=true syn=false hasRead=true)
[2026-07-31T22:51:56.386Z] LiveUpdateForge: EndTurn fallback flush
[2026-07-31T22:51:56.386Z] onEndTurn: naturalStop=undefined toolCalls=48 nudgeMsg=no
[2026-07-31T22:51:56.387Z] LiveUpdateForge: EndTurn fallback flush
[2026-07-31T22:51:56.387Z] onEndTurn: naturalStop=false toolCalls=48 nudgeMsg=no
[2026-07-31T22:51:57.050Z] LiveUpdateForge: AfterToolExec flush
[2026-07-31T22:51:57.083Z] InitialReadForge.onBeforeSend: SKIP (fr=true syn=false hasRead=true)
[2026-07-31T22:51:57.496Z] LiveUpdateForge: EndTurn fallback flush
[2026-07-31T22:51:57.497Z] onEndTurn: naturalStop=undefined toolCalls=15 nudgeMsg=no
[2026-07-31T22:51:57.497Z] LiveUpdateForge: EndTurn fallback flush
[2026-07-31T22:51:57.497Z] onEndTurn: naturalStop=false toolCalls=15 nudgeMsg=no
[2026-07-31T22:51:57.525Z] LiveUpdateForge: AfterToolExec flush
[2026-07-31T22:51:57.570Z] InitialReadForge.onBeforeSend: SKIP (fr=true syn=false hasRead=true)
[2026-07-31T22:51:59.232Z] LiveUpdateForge: EndTurn fallback flush
[2026-07-31T22:51:59.232Z] onEndTurn: naturalStop=undefined toolCalls=49 nudgeMsg=no
[2026-07-31T22:51:59.233Z] LiveUpdateForge: EndTurn fallback flush
[2026-07-31T22:51:59.233Z] onEndTurn: naturalStop=false toolCalls=49 nudgeMsg=no
[2026-07-31T22:51:59.242Z] LiveUpdateForge: AfterToolExec flush
[2026-07-31T22:51:59.273Z] InitialReadForge.onBeforeSend: SKIP (fr=true syn=false hasRead=true)
[2026-07-31T22:51:59.570Z] LiveUpdateForge: EndTurn fallback flush
[2026-07-31T22:51:59.570Z] onEndTurn: naturalStop=undefined toolCalls=16 nudgeMsg=no
[2026-07-31T22:51:59.571Z] LiveUpdateForge: EndTurn fallback flush
[2026-07-31T22:51:59.571Z] onEndTurn: naturalStop=false toolCalls=16 nudgeMsg=no
[2026-07-31T22:52:00.242Z] LiveUpdateForge: AfterToolExec flush
[2026-07-31T22:52:00.282Z] InitialReadForge.onBeforeSend: SKIP (fr=true syn=false hasRead=true)
[2026-07-31T22:52:04.524Z] LiveUpdateForge: EndTurn fallback flush
[2026-07-31T22:52:04.525Z] onEndTurn: naturalStop=undefined toolCalls=50 nudgeMsg=no
[2026-07-31T22:52:04.525Z] LiveUpdateForge: EndTurn fallback flush
[2026-07-31T22:52:04.525Z] onEndTurn: naturalStop=false toolCalls=50 nudgeMsg=no
[2026-07-31T22:52:04.632Z] LiveUpdateForge: AfterToolExec flush
[2026-07-31T22:52:04.667Z] InitialReadForge.onBeforeSend: SKIP (fr=true syn=false hasRead=true)
[2026-07-31T22:52:05.006Z] LiveUpdateForge: EndTurn fallback flush
[2026-07-31T22:52:05.006Z] onEndTurn: naturalStop=undefined toolCalls=17 nudgeMsg=no
[2026-07-31T22:52:05.007Z] LiveUpdateForge: EndTurn fallback flush
[2026-07-31T22:52:05.007Z] onEndTurn: naturalStop=false toolCalls=17 nudgeMsg=no
[2026-07-31T22:52:07.266Z] LiveUpdateForge: EndTurn fallback flush
[2026-07-31T22:52:07.266Z] onEndTurn: naturalStop=undefined toolCalls=51 nudgeMsg=no
[2026-07-31T22:52:07.267Z] LiveUpdateForge: EndTurn fallback flush
[2026-07-31T22:52:07.267Z] onEndTurn: naturalStop=false toolCalls=51 nudgeMsg=no
[2026-07-31T22:52:07.311Z] LiveUpdateForge: AfterToolExec flush
[2026-07-31T22:52:07.339Z] InitialReadForge.onBeforeSend: SKIP (fr=true syn=false hasRead=true)
[2026-07-31T22:52:10.785Z] LiveUpdateForge: EndTurn fallback flush
[2026-07-31T22:52:10.785Z] onEndTurn: naturalStop=undefined toolCalls=52 nudgeMsg=no
[2026-07-31T22:52:10.786Z] LiveUpdateForge: EndTurn fallback flush
[2026-07-31T22:52:10.786Z] onEndTurn: naturalStop=false toolCalls=52 nudgeMsg=no
[2026-07-31T22:52:26.514Z] LiveUpdateForge: AfterToolExec flush
[2026-07-31T22:52:26.545Z] InitialReadForge.onBeforeSend: SKIP (fr=true syn=false hasRead=true)
[2026-07-31T22:52:26.831Z] LiveUpdateForge: AfterToolExec flush
[2026-07-31T22:52:26.870Z] InitialReadForge.onBeforeSend: SKIP (fr=true syn=false hasRead=true)
[2026-07-31T22:52:28.923Z] LiveUpdateForge: EndTurn fallback flush
[2026-07-31T22:52:28.924Z] onEndTurn: naturalStop=undefined toolCalls=18 nudgeMsg=no
[2026-07-31T22:52:28.924Z] LiveUpdateForge: EndTurn fallback flush
[2026-07-31T22:52:28.925Z] onEndTurn: naturalStop=false toolCalls=18 nudgeMsg=no
[2026-07-31T22:52:29.032Z] LiveUpdateForge: AfterToolExec flush
[2026-07-31T22:52:29.076Z] InitialReadForge.onBeforeSend: SKIP (fr=true syn=false hasRead=true)
[2026-07-31T22:52:30.053Z] LiveUpdateForge: EndTurn fallback flush
[2026-07-31T22:52:30.053Z] onEndTurn: naturalStop=undefined toolCalls=53 nudgeMsg=no
[2026-07-31T22:52:30.054Z] LiveUpdateForge: EndTurn fallback flush
[2026-07-31T22:52:30.054Z] onEndTurn: naturalStop=false toolCalls=53 nudgeMsg=no
[2026-07-31T22:52:32.560Z] LiveUpdateForge: EndTurn fallback flush
[2026-07-31T22:52:32.560Z] onEndTurn: naturalStop=undefined toolCalls=19 nudgeMsg=no
[2026-07-31T22:52:32.561Z] LiveUpdateForge: EndTurn fallback flush
[2026-07-31T22:52:32.561Z] onEndTurn: naturalStop=true toolCalls=19 nudgeMsg=no
[2026-07-31T22:52:32.666Z] LiveUpdateForge: AfterToolExec flush
[2026-07-31T22:52:32.700Z] InitialReadForge.onBeforeSend: SKIP (fr=true syn=false hasRead=true)
[2026-07-31T22:52:36.794Z] LiveUpdateForge: EndTurn fallback flush
[2026-07-31T22:52:36.795Z] onEndTurn: naturalStop=undefined toolCalls=54 nudgeMsg=no
[2026-07-31T22:52:36.795Z] LiveUpdateForge: EndTurn fallback flush
[2026-07-31T22:52:36.795Z] onEndTurn: naturalStop=false toolCalls=54 nudgeMsg=no
[2026-07-31T22:52:36.844Z] LiveUpdateForge: AfterToolExec flush
[2026-07-31T22:52:37.988Z] LiveUpdateForge: AfterToolExec flush
[2026-07-31T22:52:38.021Z] InitialReadForge.onBeforeSend: SKIP (fr=true syn=false hasRead=true)
[2026-07-31T22:52:42.742Z] LiveUpdateForge: EndTurn fallback flush
[2026-07-31T22:52:42.743Z] onEndTurn: naturalStop=undefined toolCalls=56 nudgeMsg=no
[2026-07-31T22:52:42.743Z] LiveUpdateForge: EndTurn fallback flush
[2026-07-31T22:52:42.743Z] onEndTurn: naturalStop=false toolCalls=56 nudgeMsg=no
[2026-07-31T22:52:43.141Z] LiveUpdateForge: AfterToolExec flush
[2026-07-31T22:52:43.172Z] InitialReadForge.onBeforeSend: SKIP (fr=true syn=false hasRead=true)
[2026-07-31T22:52:54.697Z] LiveUpdateForge: EndTurn fallback flush
[2026-07-31T22:52:54.698Z] onEndTurn: naturalStop=undefined toolCalls=57 nudgeMsg=no
[2026-07-31T22:52:54.698Z] LiveUpdateForge: EndTurn fallback flush
[2026-07-31T22:52:54.699Z] onEndTurn: naturalStop=false toolCalls=57 nudgeMsg=no
[2026-07-31T22:52:55.218Z] LiveUpdateForge: AfterToolExec flush
[2026-07-31T22:52:55.256Z] InitialReadForge.onBeforeSend: SKIP (fr=true syn=false hasRead=true)
[2026-07-31T22:52:57.435Z] LiveUpdateForge: EndTurn fallback flush
[2026-07-31T22:52:57.435Z] onEndTurn: naturalStop=undefined toolCalls=58 nudgeMsg=no
[2026-07-31T22:52:57.435Z] LiveUpdateForge: EndTurn fallback flush
[2026-07-31T22:52:57.436Z] onEndTurn: naturalStop=false toolCalls=58 nudgeMsg=no
[2026-07-31T22:52:57.588Z] LiveUpdateForge: AfterToolExec flush
[2026-07-31T22:52:57.625Z] InitialReadForge.onBeforeSend: SKIP (fr=true syn=false hasRead=true)
[2026-07-31T22:53:00.505Z] LiveUpdateForge: EndTurn fallback flush
[2026-07-31T22:53:00.506Z] onEndTurn: naturalStop=undefined toolCalls=59 nudgeMsg=no
[2026-07-31T22:53:00.506Z] LiveUpdateForge: EndTurn fallback flush
[2026-07-31T22:53:00.507Z] onEndTurn: naturalStop=false toolCalls=59 nudgeMsg=no
[2026-07-31T22:53:00.541Z] LiveUpdateForge: AfterToolExec flush
[2026-07-31T22:53:00.596Z] InitialReadForge.onBeforeSend: SKIP (fr=true syn=false hasRead=true)
[2026-07-31T22:53:05.572Z] LiveUpdateForge: EndTurn fallback flush
[2026-07-31T22:53:05.573Z] onEndTurn: naturalStop=undefined toolCalls=60 nudgeMsg=no
[2026-07-31T22:53:05.573Z] LiveUpdateForge: EndTurn fallback flush
[2026-07-31T22:53:05.573Z] onEndTurn: naturalStop=false toolCalls=60 nudgeMsg=no
[2026-07-31T22:53:06.199Z] LiveUpdateForge: AfterToolExec flush
[2026-07-31T22:53:06.228Z] InitialReadForge.onBeforeSend: SKIP (fr=true syn=false hasRead=true)
[2026-07-31T22:53:09.573Z] LiveUpdateForge: EndTurn fallback flush
[2026-07-31T22:53:09.574Z] onEndTurn: naturalStop=undefined toolCalls=61 nudgeMsg=no
[2026-07-31T22:53:09.574Z] LiveUpdateForge: EndTurn fallback flush
[2026-07-31T22:53:09.575Z] onEndTurn: naturalStop=false toolCalls=61 nudgeMsg=no
[2026-07-31T22:53:09.592Z] LiveUpdateForge: AfterToolExec flush
[2026-07-31T22:53:09.593Z] LiveUpdateForge: AfterToolExec flush
[2026-07-31T22:53:09.623Z] InitialReadForge.onBeforeSend: SKIP (fr=true syn=false hasRead=true)
[2026-07-31T22:53:13.621Z] LiveUpdateForge: EndTurn fallback flush
[2026-07-31T22:53:13.621Z] onEndTurn: naturalStop=undefined toolCalls=63 nudgeMsg=no
[2026-07-31T22:53:13.621Z] LiveUpdateForge: EndTurn fallback flush
[2026-07-31T22:53:13.622Z] onEndTurn: naturalStop=false toolCalls=63 nudgeMsg=no
[2026-07-31T22:53:13.667Z] LiveUpdateForge: AfterToolExec flush
[2026-07-31T22:53:13.675Z] LiveUpdateForge: AfterToolExec flush
[2026-07-31T22:53:13.704Z] InitialReadForge.onBeforeSend: SKIP (fr=true syn=false hasRead=true)
[2026-07-31T22:53:16.112Z] LiveUpdateForge: EndTurn fallback flush
[2026-07-31T22:53:16.112Z] onEndTurn: naturalStop=undefined toolCalls=65 nudgeMsg=no
[2026-07-31T22:53:16.112Z] LiveUpdateForge: EndTurn fallback flush
[2026-07-31T22:53:16.113Z] onEndTurn: naturalStop=false toolCalls=65 nudgeMsg=no
[2026-07-31T22:53:16.480Z] LiveUpdateForge: AfterToolExec flush
[2026-07-31T22:53:16.735Z] LiveUpdateForge: AfterToolExec flush
[2026-07-31T22:53:16.763Z] InitialReadForge.onBeforeSend: SKIP (fr=true syn=false hasRead=true)
[2026-07-31T22:53:19.408Z] LiveUpdateForge: EndTurn fallback flush
[2026-07-31T22:53:19.409Z] onEndTurn: naturalStop=undefined toolCalls=67 nudgeMsg=no
[2026-07-31T22:53:19.409Z] LiveUpdateForge: EndTurn fallback flush
[2026-07-31T22:53:19.410Z] onEndTurn: naturalStop=false toolCalls=67 nudgeMsg=no
[2026-07-31T22:53:19.426Z] LiveUpdateForge: AfterToolExec flush
[2026-07-31T22:53:19.701Z] LiveUpdateForge: AfterToolExec flush
[2026-07-31T22:53:19.733Z] InitialReadForge.onBeforeSend: SKIP (fr=true syn=false hasRead=true)
[2026-07-31T22:53:22.403Z] LiveUpdateForge: EndTurn fallback flush
[2026-07-31T22:53:22.403Z] onEndTurn: naturalStop=undefined toolCalls=69 nudgeMsg=no
[2026-07-31T22:53:22.403Z] LiveUpdateForge: EndTurn fallback flush
[2026-07-31T22:53:22.404Z] onEndTurn: naturalStop=false toolCalls=69 nudgeMsg=no
[2026-07-31T22:53:22.947Z] LiveUpdateForge: AfterToolExec flush
[2026-07-31T22:53:22.954Z] LiveUpdateForge: AfterToolExec flush
[2026-07-31T22:53:23.003Z] InitialReadForge.onBeforeSend: SKIP (fr=true syn=false hasRead=true)
[2026-07-31T22:53:26.729Z] LiveUpdateForge: EndTurn fallback flush
[2026-07-31T22:53:26.729Z] onEndTurn: naturalStop=undefined toolCalls=71 nudgeMsg=no
[2026-07-31T22:53:26.730Z] LiveUpdateForge: EndTurn fallback flush
[2026-07-31T22:53:26.730Z] onEndTurn: naturalStop=false toolCalls=71 nudgeMsg=no
[2026-07-31T22:53:27.032Z] LiveUpdateForge: AfterToolExec flush
[2026-07-31T22:53:27.069Z] LiveUpdateForge: AfterToolExec flush
[2026-07-31T22:53:27.096Z] InitialReadForge.onBeforeSend: SKIP (fr=true syn=false hasRead=true)
[2026-07-31T22:53:30.482Z] LiveUpdateForge: EndTurn fallback flush
[2026-07-31T22:53:30.482Z] onEndTurn: naturalStop=undefined toolCalls=73 nudgeMsg=no
[2026-07-31T22:53:30.483Z] LiveUpdateForge: EndTurn fallback flush
[2026-07-31T22:53:30.483Z] onEndTurn: naturalStop=false toolCalls=73 nudgeMsg=no
[2026-07-31T22:53:30.806Z] LiveUpdateForge: AfterToolExec flush
[2026-07-31T22:53:30.828Z] LiveUpdateForge: AfterToolExec flush
[2026-07-31T22:53:30.857Z] InitialReadForge.onBeforeSend: SKIP (fr=true syn=false hasRead=true)
[2026-07-31T22:53:54.509Z] LiveUpdateForge: EndTurn fallback flush
[2026-07-31T22:53:54.509Z] onEndTurn: naturalStop=undefined toolCalls=75 nudgeMsg=no
[2026-07-31T22:53:54.509Z] LiveUpdateForge: EndTurn fallback flush
[2026-07-31T22:53:54.509Z] onEndTurn: naturalStop=false toolCalls=75 nudgeMsg=no
[2026-07-31T22:53:54.520Z] LiveUpdateForge: AfterToolExec flush
[2026-07-31T22:53:54.979Z] LiveUpdateForge: AfterToolExec flush
[2026-07-31T22:53:55.026Z] InitialReadForge.onBeforeSend: SKIP (fr=true syn=false hasRead=true)
[2026-07-31T22:53:57.514Z] LiveUpdateForge: EndTurn fallback flush
[2026-07-31T22:53:57.514Z] onEndTurn: naturalStop=undefined toolCalls=77 nudgeMsg=no
[2026-07-31T22:53:57.515Z] LiveUpdateForge: EndTurn fallback flush
[2026-07-31T22:53:57.515Z] onEndTurn: naturalStop=false toolCalls=77 nudgeMsg=no
[2026-07-31T22:53:57.831Z] LiveUpdateForge: AfterToolExec flush
[2026-07-31T22:53:57.870Z] InitialReadForge.onBeforeSend: SKIP (fr=true syn=false hasRead=true)
[2026-07-31T22:54:02.477Z] LiveUpdateForge: EndTurn fallback flush
[2026-07-31T22:54:02.478Z] onEndTurn: naturalStop=undefined toolCalls=78 nudgeMsg=no
[2026-07-31T22:54:02.478Z] LiveUpdateForge: EndTurn fallback flush
[2026-07-31T22:54:02.478Z] onEndTurn: naturalStop=false toolCalls=78 nudgeMsg=no
[2026-07-31T22:54:02.489Z] LiveUpdateForge: AfterToolExec flush
[2026-07-31T22:54:03.078Z] LiveUpdateForge: AfterToolExec flush
[2026-07-31T22:54:03.078Z] LiveUpdateForge: AfterToolExec flush
[2026-07-31T22:54:03.112Z] InitialReadForge.onBeforeSend: SKIP (fr=true syn=false hasRead=true)
[2026-07-31T22:54:06.818Z] LiveUpdateForge: EndTurn fallback flush
[2026-07-31T22:54:06.818Z] onEndTurn: naturalStop=undefined toolCalls=81 nudgeMsg=no
[2026-07-31T22:54:06.818Z] LiveUpdateForge: EndTurn fallback flush
[2026-07-31T22:54:06.819Z] onEndTurn: naturalStop=false toolCalls=81 nudgeMsg=no
[2026-07-31T22:54:07.115Z] LiveUpdateForge: AfterToolExec flush
[2026-07-31T22:54:07.145Z] InitialReadForge.onBeforeSend: SKIP (fr=true syn=false hasRead=true)
[2026-07-31T22:54:14.077Z] LiveUpdateForge: EndTurn fallback flush
[2026-07-31T22:54:14.077Z] onEndTurn: naturalStop=undefined toolCalls=82 nudgeMsg=no
[2026-07-31T22:54:14.078Z] LiveUpdateForge: EndTurn fallback flush
[2026-07-31T22:54:14.078Z] onEndTurn: naturalStop=false toolCalls=82 nudgeMsg=no
[2026-07-31T22:54:17.716Z] LiveUpdateForge: AfterToolExec flush
[2026-07-31T22:54:17.859Z] LiveUpdateForge: AfterToolExec flush
[2026-07-31T22:54:17.891Z] InitialReadForge.onBeforeSend: SKIP (fr=true syn=false hasRead=true)
[2026-07-31T22:54:20.932Z] LiveUpdateForge: EndTurn fallback flush
[2026-07-31T22:54:20.932Z] onEndTurn: naturalStop=undefined toolCalls=84 nudgeMsg=no
[2026-07-31T22:54:20.932Z] LiveUpdateForge: EndTurn fallback flush
[2026-07-31T22:54:20.932Z] onEndTurn: naturalStop=false toolCalls=84 nudgeMsg=no
[2026-07-31T22:54:23.599Z] LiveUpdateForge: AfterToolExec flush
[2026-07-31T22:54:23.636Z] InitialReadForge.onBeforeSend: SKIP (fr=true syn=false hasRead=true)
[2026-07-31T22:54:29.615Z] LiveUpdateForge: EndTurn fallback flush
[2026-07-31T22:54:29.615Z] onEndTurn: naturalStop=undefined toolCalls=85 nudgeMsg=no
[2026-07-31T22:54:29.615Z] LiveUpdateForge: EndTurn fallback flush
[2026-07-31T22:54:29.616Z] onEndTurn: naturalStop=false toolCalls=85 nudgeMsg=no
[2026-07-31T22:54:29.624Z] LiveUpdateForge: AfterToolExec flush
[2026-07-31T22:54:29.656Z] InitialReadForge.onBeforeSend: SKIP (fr=true syn=false hasRead=true)
[2026-07-31T22:54:38.022Z] LiveUpdateForge: EndTurn fallback flush
[2026-07-31T22:54:38.023Z] onEndTurn: naturalStop=undefined toolCalls=86 nudgeMsg=no
[2026-07-31T22:54:38.023Z] LiveUpdateForge: EndTurn fallback flush
[2026-07-31T22:54:38.023Z] onEndTurn: naturalStop=false toolCalls=86 nudgeMsg=no
[2026-07-31T22:54:38.106Z] LiveUpdateForge: AfterToolExec flush
[2026-07-31T22:54:38.142Z] InitialReadForge.onBeforeSend: SKIP (fr=true syn=false hasRead=true)
[2026-07-31T22:54:52.905Z] LiveUpdateForge: EndTurn fallback flush
[2026-07-31T22:54:52.905Z] onEndTurn: naturalStop=undefined toolCalls=87 nudgeMsg=no
[2026-07-31T22:54:52.906Z] LiveUpdateForge: EndTurn fallback flush
[2026-07-31T22:54:52.906Z] onEndTurn: naturalStop=false toolCalls=87 nudgeMsg=no
[2026-07-31T22:54:52.941Z] LiveUpdateForge: AfterToolExec flush
[2026-07-31T22:54:52.977Z] InitialReadForge.onBeforeSend: SKIP (fr=true syn=false hasRead=true)
[2026-07-31T22:54:56.150Z] LiveUpdateForge: EndTurn fallback flush
[2026-07-31T22:54:56.151Z] onEndTurn: naturalStop=undefined toolCalls=88 nudgeMsg=no
[2026-07-31T22:54:56.151Z] LiveUpdateForge: EndTurn fallback flush
[2026-07-31T22:54:56.152Z] onEndTurn: naturalStop=false toolCalls=88 nudgeMsg=no
[2026-07-31T22:55:06.336Z] LiveUpdateForge: AfterToolExec flush
[2026-07-31T22:55:06.368Z] InitialReadForge.onBeforeSend: SKIP (fr=true syn=false hasRead=true)
[2026-07-31T22:55:09.254Z] LiveUpdateForge: EndTurn fallback flush
[2026-07-31T22:55:09.254Z] onEndTurn: naturalStop=undefined toolCalls=89 nudgeMsg=no
[2026-07-31T22:55:09.255Z] LiveUpdateForge: EndTurn fallback flush
[2026-07-31T22:55:09.255Z] onEndTurn: naturalStop=false toolCalls=89 nudgeMsg=no
[2026-07-31T22:55:09.328Z] LiveUpdateForge: AfterToolExec flush
[2026-07-31T22:55:09.367Z] InitialReadForge.onBeforeSend: SKIP (fr=true syn=false hasRead=true)
[2026-07-31T22:55:41.360Z] LiveUpdateForge: EndTurn fallback flush
[2026-07-31T22:55:41.361Z] onEndTurn: naturalStop=undefined toolCalls=90 nudgeMsg=no
[2026-07-31T22:55:41.361Z] LiveUpdateForge: EndTurn fallback flush
[2026-07-31T22:55:41.361Z] onEndTurn: naturalStop=false toolCalls=90 nudgeMsg=no
[2026-07-31T22:55:41.516Z] LiveUpdateForge: AfterToolExec flush
[2026-07-31T22:55:41.653Z] LiveUpdateForge: AfterToolExec flush
[2026-07-31T22:55:41.688Z] InitialReadForge.onBeforeSend: SKIP (fr=true syn=false hasRead=true)
[2026-07-31T22:55:44.777Z] LiveUpdateForge: EndTurn fallback flush
[2026-07-31T22:55:44.777Z] onEndTurn: naturalStop=undefined toolCalls=92 nudgeMsg=no
[2026-07-31T22:55:44.778Z] LiveUpdateForge: EndTurn fallback flush
[2026-07-31T22:55:44.778Z] onEndTurn: naturalStop=false toolCalls=92 nudgeMsg=no
[2026-07-31T22:55:46.477Z] LiveUpdateForge: AfterToolExec flush
[2026-07-31T22:55:46.517Z] InitialReadForge.onBeforeSend: SKIP (fr=true syn=false hasRead=true)
[2026-07-31T22:55:49.860Z] LiveUpdateForge: EndTurn fallback flush
[2026-07-31T22:55:49.860Z] onEndTurn: naturalStop=undefined toolCalls=93 nudgeMsg=no
[2026-07-31T22:55:49.860Z] LiveUpdateForge: EndTurn fallback flush
[2026-07-31T22:55:49.860Z] onEndTurn: naturalStop=false toolCalls=93 nudgeMsg=no
[2026-07-31T22:55:50.404Z] LiveUpdateForge: AfterToolExec flush
[2026-07-31T22:55:50.435Z] InitialReadForge.onBeforeSend: SKIP (fr=true syn=false hasRead=true)
[2026-07-31T22:55:52.912Z] LiveUpdateForge: EndTurn fallback flush
[2026-07-31T22:55:52.913Z] onEndTurn: naturalStop=undefined toolCalls=94 nudgeMsg=no
[2026-07-31T22:55:52.913Z] LiveUpdateForge: EndTurn fallback flush
[2026-07-31T22:55:52.914Z] onEndTurn: naturalStop=false toolCalls=94 nudgeMsg=no
[2026-07-31T22:55:52.955Z] LiveUpdateForge: AfterToolExec flush
[2026-07-31T22:55:52.986Z] InitialReadForge.onBeforeSend: SKIP (fr=true syn=false hasRead=true)
[2026-07-31T22:56:20.451Z] LiveUpdateForge: EndTurn fallback flush
[2026-07-31T22:56:20.452Z] onEndTurn: naturalStop=undefined toolCalls=95 nudgeMsg=no
[2026-07-31T22:56:20.452Z] LiveUpdateForge: EndTurn fallback flush
[2026-07-31T22:56:20.452Z] onEndTurn: naturalStop=false toolCalls=95 nudgeMsg=no
[2026-07-31T22:56:20.485Z] LiveUpdateForge: AfterToolExec flush
[2026-07-31T22:56:20.525Z] InitialReadForge.onBeforeSend: SKIP (fr=true syn=false hasRead=true)
[2026-07-31T22:56:23.295Z] LiveUpdateForge: EndTurn fallback flush
[2026-07-31T22:56:23.295Z] onEndTurn: naturalStop=undefined toolCalls=96 nudgeMsg=no
[2026-07-31T22:56:23.295Z] LiveUpdateForge: EndTurn fallback flush
[2026-07-31T22:56:23.296Z] onEndTurn: naturalStop=false toolCalls=96 nudgeMsg=no
[2026-07-31T22:56:32.343Z] LiveUpdateForge: AfterToolExec flush
[2026-07-31T22:56:32.375Z] InitialReadForge.onBeforeSend: SKIP (fr=true syn=false hasRead=true)
[2026-07-31T22:56:35.527Z] LiveUpdateForge: EndTurn fallback flush
[2026-07-31T22:56:35.528Z] onEndTurn: naturalStop=undefined toolCalls=97 nudgeMsg=no
[2026-07-31T22:56:35.528Z] LiveUpdateForge: EndTurn fallback flush
[2026-07-31T22:56:35.528Z] onEndTurn: naturalStop=false toolCalls=97 nudgeMsg=no
[2026-07-31T22:56:35.632Z] LiveUpdateForge: AfterToolExec flush
[2026-07-31T22:56:35.673Z] InitialReadForge.onBeforeSend: SKIP (fr=true syn=false hasRead=true)
[2026-07-31T22:56:38.773Z] LiveUpdateForge: EndTurn fallback flush
[2026-07-31T22:56:38.773Z] onEndTurn: naturalStop=undefined toolCalls=98 nudgeMsg=no
[2026-07-31T22:56:38.774Z] LiveUpdateForge: EndTurn fallback flush
[2026-07-31T22:56:38.774Z] onEndTurn: naturalStop=false toolCalls=98 nudgeMsg=no
[2026-07-31T22:56:38.823Z] LiveUpdateForge: AfterToolExec flush
[2026-07-31T22:56:38.872Z] InitialReadForge.onBeforeSend: SKIP (fr=true syn=false hasRead=true)
[2026-07-31T22:56:41.175Z] LiveUpdateForge: EndTurn fallback flush
[2026-07-31T22:56:41.175Z] onEndTurn: naturalStop=undefined toolCalls=99 nudgeMsg=no
[2026-07-31T22:56:41.176Z] LiveUpdateForge: EndTurn fallback flush
[2026-07-31T22:56:41.176Z] onEndTurn: naturalStop=false toolCalls=99 nudgeMsg=no
[2026-07-31T22:56:42.069Z] LiveUpdateForge: AfterToolExec flush
[2026-07-31T22:56:42.110Z] InitialReadForge.onBeforeSend: SKIP (fr=true syn=false hasRead=true)
[2026-07-31T22:56:46.518Z] LiveUpdateForge: EndTurn fallback flush
[2026-07-31T22:56:46.518Z] onEndTurn: naturalStop=undefined toolCalls=100 nudgeMsg=no
[2026-07-31T22:56:46.519Z] LiveUpdateForge: EndTurn fallback flush
[2026-07-31T22:56:46.519Z] onEndTurn: naturalStop=false toolCalls=100 nudgeMsg=no
[2026-07-31T22:56:48.491Z] LiveUpdateForge: AfterToolExec flush
[2026-07-31T22:56:48.537Z] InitialReadForge.onBeforeSend: SKIP (fr=true syn=false hasRead=true)
[2026-07-31T22:56:52.301Z] LiveUpdateForge: EndTurn fallback flush
[2026-07-31T22:56:52.302Z] onEndTurn: naturalStop=undefined toolCalls=101 nudgeMsg=no
[2026-07-31T22:56:52.302Z] LiveUpdateForge: EndTurn fallback flush
[2026-07-31T22:56:52.302Z] onEndTurn: naturalStop=false toolCalls=101 nudgeMsg=no
[2026-07-31T22:56:52.658Z] LiveUpdateForge: AfterToolExec flush
[2026-07-31T22:56:52.692Z] InitialReadForge.onBeforeSend: SKIP (fr=true syn=false hasRead=true)
[2026-07-31T22:56:55.265Z] LiveUpdateForge: EndTurn fallback flush
[2026-07-31T22:56:55.265Z] onEndTurn: naturalStop=undefined toolCalls=102 nudgeMsg=no
[2026-07-31T22:56:55.266Z] LiveUpdateForge: EndTurn fallback flush
[2026-07-31T22:56:55.266Z] onEndTurn: naturalStop=false toolCalls=102 nudgeMsg=no
[2026-07-31T22:56:55.816Z] LiveUpdateForge: AfterToolExec flush
[2026-07-31T22:56:55.847Z] InitialReadForge.onBeforeSend: SKIP (fr=true syn=false hasRead=true)
[2026-07-31T22:56:59.767Z] LiveUpdateForge: EndTurn fallback flush
[2026-07-31T22:56:59.768Z] onEndTurn: naturalStop=undefined toolCalls=103 nudgeMsg=no
[2026-07-31T22:56:59.768Z] LiveUpdateForge: EndTurn fallback flush
[2026-07-31T22:56:59.768Z] onEndTurn: naturalStop=false toolCalls=103 nudgeMsg=no
[2026-07-31T22:56:59.772Z] LiveUpdateForge: AfterToolExec flush
[2026-07-31T22:56:59.811Z] InitialReadForge.onBeforeSend: SKIP (fr=true syn=false hasRead=true)
[2026-07-31T22:57:05.565Z] LiveUpdateForge: EndTurn fallback flush
[2026-07-31T22:57:05.565Z] onEndTurn: naturalStop=undefined toolCalls=104 nudgeMsg=no
[2026-07-31T22:57:05.566Z] LiveUpdateForge: EndTurn fallback flush
[2026-07-31T22:57:05.566Z] onEndTurn: naturalStop=true toolCalls=0 nudgeMsg=YES
[2026-07-31T22:57:05.572Z] InitialReadForge.onBeforeSend: SKIP (fr=false syn=false hasRead=true)
[2026-07-31T22:57:14.492Z] LiveUpdateForge: EndTurn fallback flush
[2026-07-31T22:57:14.492Z] onEndTurn: naturalStop=undefined toolCalls=0 nudgeMsg=no
[2026-07-31T22:57:14.492Z] LiveUpdateForge: EndTurn fallback flush
[2026-07-31T22:57:14.492Z] onEndTurn: naturalStop=false toolCalls=0 nudgeMsg=no
[2026-07-31T22:57:14.515Z] LiveUpdateForge: self-write on D:\unity\mowang\CODELY.md, baseline aligned
[2026-07-31T22:57:14.516Z] LiveUpdateForge: AfterToolExec flush
[2026-07-31T22:57:14.533Z] LiveUpdateForge: self-write on D:\unity\mowang\CODELY.md, baseline aligned
[2026-07-31T22:57:14.534Z] LiveUpdateForge: AfterToolExec flush
[2026-07-31T22:57:14.552Z] LiveUpdateForge: self-write on D:\unity\mowang\CODELY.md, baseline aligned
[2026-07-31T22:57:14.553Z] LiveUpdateForge: AfterToolExec flush
[2026-07-31T22:57:14.592Z] InitialReadForge.onBeforeSend: SKIP (fr=true syn=false hasRead=true)
[2026-07-31T22:57:15.058Z] LiveUpdateForge: pending external change on D:\unity\mowang\CODELY.md
[2026-07-31T22:57:16.754Z] LiveUpdateForge: EndTurn fallback flush
[2026-07-31T22:57:16.754Z] onEndTurn: naturalStop=undefined toolCalls=0 nudgeMsg=no
[2026-07-31T22:57:16.755Z] LiveUpdateForge: EndTurn fallback flush
[2026-07-31T22:57:16.755Z] onEndTurn: naturalStop=true toolCalls=0 nudgeMsg=no
[2026-07-31T22:58:40.108Z] ResumeDiffForge: running checkResumeConsistency
[2026-07-31T22:58:40.110Z] checkResumeConsistency: forgedTimestamps=[]
[2026-07-31T22:58:40.118Z] checkResumeConsistency: no changes detected
[2026-07-31T22:58:40.119Z] LiveUpdateForge: session reset, allowLiveUpdate = false
[2026-07-31T22:58:40.119Z] NudgeForge: ResumeComplete — restoring count from history
[2026-07-31T22:58:40.119Z] restoreNudgeCountFromHistory: found last write at idx=159 count=0
[2026-07-31T22:58:40.167Z] LiveUpdateForge: allowLiveUpdate = true (first real BeforeSend)
[2026-07-31T22:58:40.168Z] InitialReadForge.onBeforeSend: SKIP (fr=false syn=false hasRead=true)
[2026-07-31T22:58:40.335Z] LiveUpdateForge: EndTurn fallback flush
[2026-07-31T22:58:40.335Z] onEndTurn: naturalStop=undefined toolCalls=0 nudgeMsg=no
[2026-07-31T22:58:40.335Z] LiveUpdateForge: EndTurn fallback flush
[2026-07-31T22:58:40.336Z] onEndTurn: naturalStop=false toolCalls=0 nudgeMsg=no
[2026-07-31T22:58:40.341Z] InitialReadForge.onBeforeSend: SKIP (fr=false syn=false hasRead=true)
[2026-07-31T22:58:40.458Z] LiveUpdateForge: EndTurn fallback flush
[2026-07-31T22:58:40.458Z] onEndTurn: naturalStop=undefined toolCalls=0 nudgeMsg=no
[2026-07-31T22:58:40.458Z] LiveUpdateForge: EndTurn fallback flush
[2026-07-31T22:58:40.459Z] onEndTurn: naturalStop=false toolCalls=0 nudgeMsg=no
[2026-07-31T22:58:40.462Z] InitialReadForge.onBeforeSend: SKIP (fr=false syn=false hasRead=true)
[2026-07-31T22:58:44.714Z] LiveUpdateForge: EndTurn fallback flush
[2026-07-31T22:58:44.715Z] onEndTurn: naturalStop=undefined toolCalls=0 nudgeMsg=no
[2026-07-31T22:58:44.715Z] LiveUpdateForge: EndTurn fallback flush
[2026-07-31T22:58:44.715Z] onEndTurn: naturalStop=false toolCalls=0 nudgeMsg=no
[2026-07-31T22:58:44.727Z] LiveUpdateForge: AfterToolExec flush
[2026-07-31T22:58:44.754Z] InitialReadForge.onBeforeSend: SKIP (fr=true syn=false hasRead=true)
[2026-07-31T22:58:49.997Z] LiveUpdateForge: EndTurn fallback flush
[2026-07-31T22:58:49.997Z] onEndTurn: naturalStop=undefined toolCalls=1 nudgeMsg=no
[2026-07-31T22:58:49.998Z] LiveUpdateForge: EndTurn fallback flush
[2026-07-31T22:58:49.998Z] onEndTurn: naturalStop=true toolCalls=1 nudgeMsg=no
[2026-07-31T23:01:48.500Z] ResumeDiffForge: running checkResumeConsistency
[2026-07-31T23:01:48.501Z] checkResumeConsistency: forgedTimestamps=[]
[2026-07-31T23:01:48.508Z] checkResumeConsistency: no changes detected
[2026-07-31T23:01:48.508Z] LiveUpdateForge: session reset, allowLiveUpdate = false
[2026-07-31T23:01:48.509Z] NudgeForge: ResumeComplete — restoring count from history
[2026-07-31T23:01:48.509Z] restoreNudgeCountFromHistory: found last write at idx=159 count=1
[2026-07-31T23:01:48.541Z] LiveUpdateForge: allowLiveUpdate = true (first real BeforeSend)
[2026-07-31T23:01:48.542Z] InitialReadForge.onBeforeSend: SKIP (fr=false syn=false hasRead=true)
[2026-07-31T23:01:58.695Z] LiveUpdateForge: EndTurn fallback flush
[2026-07-31T23:01:58.696Z] onEndTurn: naturalStop=undefined toolCalls=1 nudgeMsg=no
[2026-07-31T23:01:58.696Z] LiveUpdateForge: EndTurn fallback flush
[2026-07-31T23:01:58.696Z] onEndTurn: naturalStop=false toolCalls=1 nudgeMsg=no
[2026-07-31T23:02:21.672Z] LiveUpdateForge: AfterToolExec flush
[2026-07-31T23:02:21.705Z] InitialReadForge.onBeforeSend: SKIP (fr=true syn=false hasRead=true)
[2026-07-31T23:02:26.124Z] LiveUpdateForge: EndTurn fallback flush
[2026-07-31T23:02:26.124Z] onEndTurn: naturalStop=undefined toolCalls=2 nudgeMsg=no
[2026-07-31T23:02:26.124Z] LiveUpdateForge: EndTurn fallback flush
[2026-07-31T23:02:26.125Z] onEndTurn: naturalStop=false toolCalls=2 nudgeMsg=no
[2026-07-31T23:02:26.135Z] LiveUpdateForge: AfterToolExec flush
[2026-07-31T23:02:26.166Z] InitialReadForge.onBeforeSend: SKIP (fr=true syn=false hasRead=true)
[2026-07-31T23:02:30.100Z] LiveUpdateForge: EndTurn fallback flush
[2026-07-31T23:02:30.100Z] onEndTurn: naturalStop=undefined toolCalls=3 nudgeMsg=no
[2026-07-31T23:02:30.101Z] LiveUpdateForge: EndTurn fallback flush
[2026-07-31T23:02:30.102Z] onEndTurn: naturalStop=false toolCalls=3 nudgeMsg=no
[2026-07-31T23:02:30.287Z] LiveUpdateForge: AfterToolExec flush
[2026-07-31T23:02:30.350Z] InitialReadForge.onBeforeSend: SKIP (fr=true syn=false hasRead=true)
[2026-07-31T23:02:51.598Z] LiveUpdateForge: EndTurn fallback flush
[2026-07-31T23:02:51.599Z] onEndTurn: naturalStop=undefined toolCalls=4 nudgeMsg=no
[2026-07-31T23:02:51.599Z] LiveUpdateForge: EndTurn fallback flush
[2026-07-31T23:02:51.599Z] onEndTurn: naturalStop=false toolCalls=4 nudgeMsg=no
[2026-07-31T23:02:51.631Z] LiveUpdateForge: AfterToolExec flush
[2026-07-31T23:02:51.663Z] InitialReadForge.onBeforeSend: SKIP (fr=true syn=false hasRead=true)
[2026-07-31T23:02:54.932Z] LiveUpdateForge: EndTurn fallback flush
[2026-07-31T23:02:54.933Z] onEndTurn: naturalStop=undefined toolCalls=5 nudgeMsg=no
[2026-07-31T23:02:54.933Z] LiveUpdateForge: EndTurn fallback flush
[2026-07-31T23:02:54.933Z] onEndTurn: naturalStop=false toolCalls=5 nudgeMsg=no
[2026-07-31T23:02:54.949Z] LiveUpdateForge: AfterToolExec flush
[2026-07-31T23:02:54.982Z] InitialReadForge.onBeforeSend: SKIP (fr=true syn=false hasRead=true)
[2026-07-31T23:02:57.271Z] LiveUpdateForge: EndTurn fallback flush
[2026-07-31T23:02:57.272Z] onEndTurn: naturalStop=undefined toolCalls=6 nudgeMsg=no
[2026-07-31T23:02:57.272Z] LiveUpdateForge: EndTurn fallback flush
[2026-07-31T23:02:57.272Z] onEndTurn: naturalStop=false toolCalls=6 nudgeMsg=no
[2026-07-31T23:02:57.328Z] LiveUpdateForge: AfterToolExec flush
[2026-07-31T23:02:57.357Z] InitialReadForge.onBeforeSend: SKIP (fr=true syn=false hasRead=true)
[2026-07-31T23:02:59.897Z] LiveUpdateForge: EndTurn fallback flush
[2026-07-31T23:02:59.898Z] onEndTurn: naturalStop=undefined toolCalls=7 nudgeMsg=no
[2026-07-31T23:02:59.898Z] LiveUpdateForge: EndTurn fallback flush
[2026-07-31T23:02:59.898Z] onEndTurn: naturalStop=false toolCalls=7 nudgeMsg=no
[2026-07-31T23:03:00.578Z] LiveUpdateForge: AfterToolExec flush
[2026-07-31T23:03:00.607Z] InitialReadForge.onBeforeSend: SKIP (fr=true syn=false hasRead=true)
[2026-07-31T23:03:03.027Z] LiveUpdateForge: EndTurn fallback flush
[2026-07-31T23:03:03.028Z] onEndTurn: naturalStop=undefined toolCalls=8 nudgeMsg=no
[2026-07-31T23:03:03.028Z] LiveUpdateForge: EndTurn fallback flush
[2026-07-31T23:03:03.028Z] onEndTurn: naturalStop=false toolCalls=8 nudgeMsg=no
[2026-07-31T23:03:13.311Z] LiveUpdateForge: AfterToolExec flush
[2026-07-31T23:03:13.340Z] InitialReadForge.onBeforeSend: SKIP (fr=true syn=false hasRead=true)
[2026-07-31T23:03:34.211Z] LiveUpdateForge: EndTurn fallback flush
[2026-07-31T23:03:34.211Z] onEndTurn: naturalStop=undefined toolCalls=9 nudgeMsg=no
[2026-07-31T23:03:34.212Z] LiveUpdateForge: EndTurn fallback flush
[2026-07-31T23:03:34.212Z] onEndTurn: naturalStop=false toolCalls=9 nudgeMsg=no
[2026-07-31T23:03:36.958Z] LiveUpdateForge: AfterToolExec flush
[2026-07-31T23:03:37.040Z] InitialReadForge.onBeforeSend: SKIP (fr=true syn=false hasRead=true)
[2026-07-31T23:03:56.936Z] LiveUpdateForge: EndTurn fallback flush
[2026-07-31T23:03:56.936Z] onEndTurn: naturalStop=undefined toolCalls=10 nudgeMsg=no
[2026-07-31T23:03:56.937Z] LiveUpdateForge: EndTurn fallback flush
[2026-07-31T23:03:56.937Z] onEndTurn: naturalStop=false toolCalls=10 nudgeMsg=no
[2026-07-31T23:03:57.207Z] LiveUpdateForge: AfterToolExec flush
[2026-07-31T23:03:57.319Z] InitialReadForge.onBeforeSend: SKIP (fr=true syn=false hasRead=true)
[2026-07-31T23:03:59.677Z] LiveUpdateForge: EndTurn fallback flush
[2026-07-31T23:03:59.678Z] onEndTurn: naturalStop=undefined toolCalls=11 nudgeMsg=no
[2026-07-31T23:03:59.679Z] LiveUpdateForge: EndTurn fallback flush
[2026-07-31T23:03:59.679Z] onEndTurn: naturalStop=false toolCalls=11 nudgeMsg=no
[2026-07-31T23:04:20.923Z] LiveUpdateForge: AfterToolExec flush
[2026-07-31T23:04:20.954Z] InitialReadForge.onBeforeSend: SKIP (fr=true syn=false hasRead=true)
[2026-07-31T23:04:23.695Z] LiveUpdateForge: EndTurn fallback flush
[2026-07-31T23:04:23.695Z] onEndTurn: naturalStop=undefined toolCalls=12 nudgeMsg=no
[2026-07-31T23:04:23.696Z] LiveUpdateForge: EndTurn fallback flush
[2026-07-31T23:04:23.696Z] onEndTurn: naturalStop=false toolCalls=12 nudgeMsg=no
[2026-07-31T23:04:23.818Z] LiveUpdateForge: AfterToolExec flush
[2026-07-31T23:04:23.845Z] InitialReadForge.onBeforeSend: SKIP (fr=true syn=false hasRead=true)
[2026-07-31T23:04:27.152Z] LiveUpdateForge: EndTurn fallback flush
[2026-07-31T23:04:27.152Z] onEndTurn: naturalStop=undefined toolCalls=13 nudgeMsg=no
[2026-07-31T23:04:27.152Z] LiveUpdateForge: EndTurn fallback flush
[2026-07-31T23:04:27.152Z] onEndTurn: naturalStop=false toolCalls=13 nudgeMsg=no
[2026-07-31T23:04:27.217Z] LiveUpdateForge: AfterToolExec flush
[2026-07-31T23:04:27.242Z] InitialReadForge.onBeforeSend: SKIP (fr=true syn=false hasRead=true)
[2026-07-31T23:04:34.037Z] LiveUpdateForge: EndTurn fallback flush
[2026-07-31T23:04:34.038Z] onEndTurn: naturalStop=undefined toolCalls=14 nudgeMsg=no
[2026-07-31T23:04:34.038Z] LiveUpdateForge: EndTurn fallback flush
[2026-07-31T23:04:34.038Z] onEndTurn: naturalStop=false toolCalls=14 nudgeMsg=no
[2026-07-31T23:04:36.202Z] LiveUpdateForge: AfterToolExec flush
[2026-07-31T23:04:36.233Z] InitialReadForge.onBeforeSend: SKIP (fr=true syn=false hasRead=true)
[2026-07-31T23:04:39.585Z] LiveUpdateForge: EndTurn fallback flush
[2026-07-31T23:04:39.585Z] onEndTurn: naturalStop=undefined toolCalls=15 nudgeMsg=no
[2026-07-31T23:04:39.586Z] LiveUpdateForge: EndTurn fallback flush
[2026-07-31T23:04:39.586Z] onEndTurn: naturalStop=false toolCalls=15 nudgeMsg=no
[2026-07-31T23:04:40.242Z] LiveUpdateForge: AfterToolExec flush
[2026-07-31T23:04:40.247Z] LiveUpdateForge: AfterToolExec flush
[2026-07-31T23:04:40.280Z] InitialReadForge.onBeforeSend: SKIP (fr=true syn=false hasRead=true)
[2026-07-31T23:04:42.562Z] LiveUpdateForge: EndTurn fallback flush
[2026-07-31T23:04:42.562Z] onEndTurn: naturalStop=undefined toolCalls=17 nudgeMsg=no
[2026-07-31T23:04:42.562Z] LiveUpdateForge: EndTurn fallback flush
[2026-07-31T23:04:42.563Z] onEndTurn: naturalStop=false toolCalls=17 nudgeMsg=no
[2026-07-31T23:04:43.872Z] LiveUpdateForge: AfterToolExec flush
[2026-07-31T23:04:43.903Z] InitialReadForge.onBeforeSend: SKIP (fr=true syn=false hasRead=true)
[2026-07-31T23:04:50.438Z] LiveUpdateForge: EndTurn fallback flush
[2026-07-31T23:04:50.438Z] onEndTurn: naturalStop=undefined toolCalls=18 nudgeMsg=no
[2026-07-31T23:04:50.438Z] LiveUpdateForge: EndTurn fallback flush
[2026-07-31T23:04:50.439Z] onEndTurn: naturalStop=false toolCalls=18 nudgeMsg=no
[2026-07-31T23:04:50.922Z] LiveUpdateForge: AfterToolExec flush
[2026-07-31T23:04:50.952Z] InitialReadForge.onBeforeSend: SKIP (fr=true syn=false hasRead=true)
[2026-07-31T23:04:53.546Z] LiveUpdateForge: EndTurn fallback flush
[2026-07-31T23:04:53.546Z] onEndTurn: naturalStop=undefined toolCalls=19 nudgeMsg=no
[2026-07-31T23:04:53.547Z] LiveUpdateForge: EndTurn fallback flush
[2026-07-31T23:04:53.547Z] onEndTurn: naturalStop=false toolCalls=19 nudgeMsg=no
[2026-07-31T23:04:54.221Z] LiveUpdateForge: AfterToolExec flush
[2026-07-31T23:04:54.246Z] InitialReadForge.onBeforeSend: SKIP (fr=true syn=false hasRead=true)
[2026-07-31T23:04:57.556Z] LiveUpdateForge: EndTurn fallback flush
[2026-07-31T23:04:57.556Z] onEndTurn: naturalStop=undefined toolCalls=20 nudgeMsg=no
[2026-07-31T23:04:57.557Z] LiveUpdateForge: EndTurn fallback flush
[2026-07-31T23:04:57.557Z] onEndTurn: naturalStop=false toolCalls=20 nudgeMsg=no
[2026-07-31T23:04:57.822Z] LiveUpdateForge: AfterToolExec flush
[2026-07-31T23:04:57.853Z] InitialReadForge.onBeforeSend: SKIP (fr=true syn=false hasRead=true)
[2026-07-31T23:05:00.767Z] LiveUpdateForge: EndTurn fallback flush
[2026-07-31T23:05:00.767Z] onEndTurn: naturalStop=undefined toolCalls=21 nudgeMsg=no
[2026-07-31T23:05:00.768Z] LiveUpdateForge: EndTurn fallback flush
[2026-07-31T23:05:00.768Z] onEndTurn: naturalStop=false toolCalls=21 nudgeMsg=no
[2026-07-31T23:05:45.244Z] LiveUpdateForge: AfterToolExec flush
[2026-07-31T23:05:45.281Z] InitialReadForge.onBeforeSend: SKIP (fr=true syn=false hasRead=true)
[2026-07-31T23:05:55.508Z] MemoryForge: attached 5 listener(s)
[2026-07-31T23:05:55.509Z] InitialReadForge: armed one-shot BeforeSend after NewSessionStart
[2026-07-31T23:05:55.509Z] LiveUpdateForge: session reset, allowLiveUpdate = false
[2026-07-31T23:05:58.766Z] LiveUpdateForge: EndTurn fallback flush
[2026-07-31T23:05:58.766Z] onEndTurn: naturalStop=undefined toolCalls=22 nudgeMsg=no
[2026-07-31T23:05:58.766Z] LiveUpdateForge: EndTurn fallback flush
[2026-07-31T23:05:58.767Z] onEndTurn: naturalStop=false toolCalls=22 nudgeMsg=no
[2026-07-31T23:05:59.641Z] LiveUpdateForge: AfterToolExec flush
[2026-07-31T23:05:59.677Z] InitialReadForge.onBeforeSend: SKIP (fr=true syn=false hasRead=true)
[2026-07-31T23:06:07.510Z] LiveUpdateForge: EndTurn fallback flush
[2026-07-31T23:06:07.511Z] onEndTurn: naturalStop=undefined toolCalls=23 nudgeMsg=no
[2026-07-31T23:06:07.511Z] LiveUpdateForge: EndTurn fallback flush
[2026-07-31T23:06:07.511Z] onEndTurn: naturalStop=false toolCalls=23 nudgeMsg=no
[2026-07-31T23:06:07.774Z] LiveUpdateForge: AfterToolExec flush
[2026-07-31T23:06:07.805Z] InitialReadForge.onBeforeSend: SKIP (fr=true syn=false hasRead=true)
[2026-07-31T23:06:10.405Z] LiveUpdateForge: EndTurn fallback flush
[2026-07-31T23:06:10.405Z] onEndTurn: naturalStop=undefined toolCalls=24 nudgeMsg=no
[2026-07-31T23:06:10.406Z] LiveUpdateForge: EndTurn fallback flush
[2026-07-31T23:06:10.406Z] onEndTurn: naturalStop=false toolCalls=24 nudgeMsg=no
[2026-07-31T23:06:10.610Z] LiveUpdateForge: AfterToolExec flush
[2026-07-31T23:06:10.652Z] InitialReadForge.onBeforeSend: SKIP (fr=true syn=false hasRead=true)
[2026-07-31T23:06:12.793Z] MemoryForge: attached 5 listener(s)
[2026-07-31T23:06:12.793Z] InitialReadForge: armed one-shot BeforeSend after NewSessionStart
[2026-07-31T23:06:12.793Z] LiveUpdateForge: session reset, allowLiveUpdate = false
[2026-07-31T23:06:12.795Z] MemoryForge: detached all listeners
[2026-07-31T23:06:12.795Z] ResumeDiffForge: no read_memory in history, backfilling forge
[2026-07-31T23:06:12.924Z] recordForgedToolExchange: toolName=read_memory callId=resume-forge-read-memory-backfill
[2026-07-31T23:06:12.959Z] recordForgedToolExchange: recordMessage + recordToolCalls persisted
[2026-07-31T23:06:12.959Z] injectForgedHistory: role=user preview=""
[2026-07-31T23:06:12.975Z] injectForgedHistory: recordMessage persisted
[2026-07-31T23:06:12.981Z] ResumeDiffForge: backfilled read_memory and baseline for 2 raw + 2 provider file(s)
[2026-07-31T23:06:12.981Z] LiveUpdateForge: session reset, allowLiveUpdate = false
[2026-07-31T23:06:12.981Z] NudgeForge: ResumeComplete — restoring count from history
[2026-07-31T23:06:12.982Z] restoreNudgeCountFromHistory: no reset point found, count=0
[2026-07-31T23:06:12.997Z] LiveUpdateForge: allowLiveUpdate = true (first real BeforeSend)
[2026-07-31T23:06:12.997Z] InitialReadForge.onBeforeSend: SKIP (fr=false syn=false hasRead=true)
[2026-07-31T23:06:13.730Z] LiveUpdateForge: EndTurn fallback flush
[2026-07-31T23:06:13.730Z] onEndTurn: naturalStop=undefined toolCalls=25 nudgeMsg=no
[2026-07-31T23:06:13.731Z] LiveUpdateForge: EndTurn fallback flush
[2026-07-31T23:06:13.731Z] onEndTurn: naturalStop=false toolCalls=25 nudgeMsg=no
[2026-07-31T23:06:19.400Z] LiveUpdateForge: EndTurn fallback flush
[2026-07-31T23:06:19.400Z] onEndTurn: naturalStop=undefined toolCalls=0 nudgeMsg=no
[2026-07-31T23:06:19.400Z] LiveUpdateForge: EndTurn fallback flush
[2026-07-31T23:06:19.401Z] onEndTurn: naturalStop=false toolCalls=0 nudgeMsg=no
[2026-07-31T23:06:30.097Z] LiveUpdateForge: AfterToolExec flush
[2026-07-31T23:06:30.135Z] LiveUpdateForge: AfterToolExec flush
[2026-07-31T23:06:30.218Z] LiveUpdateForge: AfterToolExec flush
[2026-07-31T23:06:30.323Z] LiveUpdateForge: AfterToolExec flush
[2026-07-31T23:06:30.348Z] InitialReadForge.onBeforeSend: SKIP (fr=true syn=false hasRead=true)
[2026-07-31T23:06:33.834Z] LiveUpdateForge: EndTurn fallback flush
[2026-07-31T23:06:33.834Z] onEndTurn: naturalStop=undefined toolCalls=4 nudgeMsg=no
[2026-07-31T23:06:33.834Z] LiveUpdateForge: EndTurn fallback flush
[2026-07-31T23:06:33.835Z] onEndTurn: naturalStop=false toolCalls=4 nudgeMsg=no
[2026-07-31T23:06:39.185Z] LiveUpdateForge: AfterToolExec flush
[2026-07-31T23:06:39.227Z] LiveUpdateForge: AfterToolExec flush
[2026-07-31T23:06:39.276Z] LiveUpdateForge: AfterToolExec flush
[2026-07-31T23:06:39.297Z] InitialReadForge.onBeforeSend: SKIP (fr=true syn=false hasRead=true)
[2026-07-31T23:06:43.282Z] LiveUpdateForge: EndTurn fallback flush
[2026-07-31T23:06:43.283Z] onEndTurn: naturalStop=undefined toolCalls=7 nudgeMsg=no
[2026-07-31T23:06:43.283Z] LiveUpdateForge: EndTurn fallback flush
[2026-07-31T23:06:43.283Z] onEndTurn: naturalStop=false toolCalls=7 nudgeMsg=no
[2026-07-31T23:06:47.577Z] LiveUpdateForge: AfterToolExec flush
[2026-07-31T23:06:47.940Z] LiveUpdateForge: AfterToolExec flush
[2026-07-31T23:06:48.051Z] LiveUpdateForge: AfterToolExec flush
[2026-07-31T23:06:48.076Z] InitialReadForge.onBeforeSend: SKIP (fr=true syn=false hasRead=true)
[2026-07-31T23:06:50.322Z] LiveUpdateForge: EndTurn fallback flush
[2026-07-31T23:06:50.323Z] onEndTurn: naturalStop=undefined toolCalls=10 nudgeMsg=no
[2026-07-31T23:06:50.323Z] LiveUpdateForge: EndTurn fallback flush
[2026-07-31T23:06:50.324Z] onEndTurn: naturalStop=false toolCalls=10 nudgeMsg=no
[2026-07-31T23:06:52.057Z] LiveUpdateForge: AfterToolExec flush
[2026-07-31T23:06:52.079Z] InitialReadForge.onBeforeSend: SKIP (fr=true syn=false hasRead=true)
[2026-07-31T23:06:59.723Z] LiveUpdateForge: EndTurn fallback flush
[2026-07-31T23:06:59.724Z] onEndTurn: naturalStop=undefined toolCalls=11 nudgeMsg=no
[2026-07-31T23:06:59.724Z] LiveUpdateForge: EndTurn fallback flush
[2026-07-31T23:06:59.725Z] onEndTurn: naturalStop=true toolCalls=11 nudgeMsg=no
[2026-07-31T23:07:00.049Z] LiveUpdateForge: AfterToolExec flush
[2026-07-31T23:07:00.085Z] InitialReadForge.onBeforeSend: SKIP (fr=true syn=false hasRead=true)
[2026-07-31T23:07:13.300Z] LiveUpdateForge: EndTurn fallback flush
[2026-07-31T23:07:13.301Z] onEndTurn: naturalStop=undefined toolCalls=26 nudgeMsg=no
[2026-07-31T23:07:13.301Z] LiveUpdateForge: EndTurn fallback flush
[2026-07-31T23:07:13.301Z] onEndTurn: naturalStop=false toolCalls=26 nudgeMsg=no
[2026-07-31T23:07:14.061Z] LiveUpdateForge: AfterToolExec flush
[2026-07-31T23:07:14.092Z] InitialReadForge.onBeforeSend: SKIP (fr=true syn=false hasRead=true)
[2026-07-31T23:07:17.871Z] LiveUpdateForge: EndTurn fallback flush
[2026-07-31T23:07:17.871Z] onEndTurn: naturalStop=undefined toolCalls=27 nudgeMsg=no
[2026-07-31T23:07:17.872Z] LiveUpdateForge: EndTurn fallback flush
[2026-07-31T23:07:17.872Z] onEndTurn: naturalStop=false toolCalls=27 nudgeMsg=no
[2026-07-31T23:07:18.145Z] LiveUpdateForge: AfterToolExec flush
[2026-07-31T23:07:18.183Z] InitialReadForge.onBeforeSend: SKIP (fr=true syn=false hasRead=true)
[2026-07-31T23:07:20.956Z] LiveUpdateForge: EndTurn fallback flush
[2026-07-31T23:07:20.956Z] onEndTurn: naturalStop=undefined toolCalls=28 nudgeMsg=no
[2026-07-31T23:07:20.956Z] LiveUpdateForge: EndTurn fallback flush
[2026-07-31T23:07:20.956Z] onEndTurn: naturalStop=false toolCalls=28 nudgeMsg=no
[2026-07-31T23:07:21.154Z] LiveUpdateForge: AfterToolExec flush
[2026-07-31T23:07:21.187Z] InitialReadForge.onBeforeSend: SKIP (fr=true syn=false hasRead=true)
[2026-07-31T23:07:24.599Z] LiveUpdateForge: EndTurn fallback flush
[2026-07-31T23:07:24.600Z] onEndTurn: naturalStop=undefined toolCalls=29 nudgeMsg=no
[2026-07-31T23:07:24.600Z] LiveUpdateForge: EndTurn fallback flush
[2026-07-31T23:07:24.600Z] onEndTurn: naturalStop=false toolCalls=29 nudgeMsg=no
[2026-07-31T23:07:48.678Z] MemoryForge: attached 5 listener(s)
[2026-07-31T23:07:48.679Z] InitialReadForge: armed one-shot BeforeSend after NewSessionStart
[2026-07-31T23:07:48.679Z] LiveUpdateForge: session reset, allowLiveUpdate = false
[2026-07-31T23:07:48.733Z] LiveUpdateForge: session reset, allowLiveUpdate = false
[2026-07-31T23:07:48.737Z] ResumeDiffForge: running checkResumeConsistency
[2026-07-31T23:07:48.738Z] checkResumeConsistency: forgedTimestamps=[]
[2026-07-31T23:07:48.746Z] checkResumeConsistency: no changes detected
[2026-07-31T23:07:48.747Z] LiveUpdateForge: session reset, allowLiveUpdate = false
[2026-07-31T23:07:48.747Z] NudgeForge: ResumeComplete — restoring count from history
[2026-07-31T23:07:48.747Z] restoreNudgeCountFromHistory: no reset point found, count=11
[2026-07-31T23:07:49.252Z] MemoryForge: attached 5 listener(s)
[2026-07-31T23:07:49.253Z] InitialReadForge: armed one-shot BeforeSend after NewSessionStart
[2026-07-31T23:07:49.253Z] LiveUpdateForge: session reset, allowLiveUpdate = false
[2026-07-31T23:07:49.255Z] MemoryForge: detached all listeners
[2026-07-31T23:07:49.255Z] ResumeDiffForge: running checkResumeConsistency
[2026-07-31T23:07:49.256Z] checkResumeConsistency: forgedTimestamps=[]
[2026-07-31T23:07:49.279Z] checkResumeConsistency: no changes detected
[2026-07-31T23:07:49.279Z] LiveUpdateForge: session reset, allowLiveUpdate = false
[2026-07-31T23:07:49.279Z] NudgeForge: ResumeComplete — restoring count from history
[2026-07-31T23:07:49.280Z] restoreNudgeCountFromHistory: no reset point found, count=11
[2026-07-31T23:07:49.314Z] ResumeDiffForge: running checkResumeConsistency
[2026-07-31T23:07:49.314Z] checkResumeConsistency: forgedTimestamps=[]
[2026-07-31T23:07:49.320Z] checkResumeConsistency: no changes detected
[2026-07-31T23:07:49.320Z] LiveUpdateForge: session reset, allowLiveUpdate = false
[2026-07-31T23:07:49.321Z] NudgeForge: ResumeComplete — restoring count from history
[2026-07-31T23:07:49.321Z] restoreNudgeCountFromHistory: no reset point found, count=11
[2026-07-31T23:07:49.356Z] ResumeDiffForge: running checkResumeConsistency
[2026-07-31T23:07:49.356Z] checkResumeConsistency: forgedTimestamps=[]
[2026-07-31T23:07:49.363Z] checkResumeConsistency: no changes detected
[2026-07-31T23:07:49.363Z] LiveUpdateForge: session reset, allowLiveUpdate = false
[2026-07-31T23:07:49.363Z] NudgeForge: ResumeComplete — restoring count from history
[2026-07-31T23:07:49.364Z] restoreNudgeCountFromHistory: no reset point found, count=11
[2026-07-31T23:07:49.437Z] MemoryForge: attached 5 listener(s)
[2026-07-31T23:07:49.437Z] InitialReadForge: armed one-shot BeforeSend after NewSessionStart
[2026-07-31T23:07:49.437Z] LiveUpdateForge: session reset, allowLiveUpdate = false
[2026-07-31T23:07:49.439Z] MemoryForge: detached all listeners
[2026-07-31T23:07:49.439Z] ResumeDiffForge: running checkResumeConsistency
[2026-07-31T23:07:49.440Z] checkResumeConsistency: forgedTimestamps=[]
[2026-07-31T23:07:49.464Z] checkResumeConsistency: no changes detected
[2026-07-31T23:07:49.464Z] LiveUpdateForge: session reset, allowLiveUpdate = false
[2026-07-31T23:07:49.464Z] NudgeForge: ResumeComplete — restoring count from history
[2026-07-31T23:07:49.465Z] restoreNudgeCountFromHistory: no reset point found, count=11
[2026-07-31T23:07:49.485Z] LiveUpdateForge: allowLiveUpdate = true (first real BeforeSend)
[2026-07-31T23:07:49.485Z] InitialReadForge.onBeforeSend: SKIP (fr=false syn=false hasRead=true)
[2026-07-31T23:07:55.513Z] LiveUpdateForge: EndTurn fallback flush
[2026-07-31T23:07:55.513Z] onEndTurn: naturalStop=undefined toolCalls=11 nudgeMsg=no
[2026-07-31T23:07:55.514Z] LiveUpdateForge: EndTurn fallback flush
[2026-07-31T23:07:55.514Z] onEndTurn: naturalStop=false toolCalls=11 nudgeMsg=no
[2026-07-31T23:07:56.906Z] LiveUpdateForge: AfterToolExec flush
[2026-07-31T23:07:56.944Z] InitialReadForge.onBeforeSend: SKIP (fr=true syn=false hasRead=true)
[2026-07-31T23:08:01.093Z] LiveUpdateForge: AfterToolExec flush
[2026-07-31T23:08:01.701Z] LiveUpdateForge: AfterToolExec flush
[2026-07-31T23:08:01.729Z] InitialReadForge.onBeforeSend: SKIP (fr=true syn=false hasRead=true)
[2026-07-31T23:08:03.708Z] LiveUpdateForge: EndTurn fallback flush
[2026-07-31T23:08:03.708Z] onEndTurn: naturalStop=undefined toolCalls=30 nudgeMsg=no
[2026-07-31T23:08:03.708Z] LiveUpdateForge: EndTurn fallback flush
[2026-07-31T23:08:03.708Z] onEndTurn: naturalStop=false toolCalls=30 nudgeMsg=no
[2026-07-31T23:08:03.784Z] LiveUpdateForge: AfterToolExec flush
[2026-07-31T23:08:03.816Z] InitialReadForge.onBeforeSend: SKIP (fr=true syn=false hasRead=true)
[2026-07-31T23:08:06.465Z] LiveUpdateForge: EndTurn fallback flush
[2026-07-31T23:08:06.466Z] onEndTurn: naturalStop=undefined toolCalls=13 nudgeMsg=no
[2026-07-31T23:08:06.466Z] LiveUpdateForge: EndTurn fallback flush
[2026-07-31T23:08:06.474Z] onEndTurn: naturalStop=false toolCalls=13 nudgeMsg=no
[2026-07-31T23:08:44.334Z] LiveUpdateForge: EndTurn fallback flush
[2026-07-31T23:08:44.334Z] onEndTurn: naturalStop=undefined toolCalls=31 nudgeMsg=no
[2026-07-31T23:08:44.335Z] LiveUpdateForge: EndTurn fallback flush
[2026-07-31T23:08:44.335Z] onEndTurn: naturalStop=false toolCalls=31 nudgeMsg=no
[2026-07-31T23:08:45.087Z] LiveUpdateForge: AfterToolExec flush
[2026-07-31T23:08:45.124Z] InitialReadForge.onBeforeSend: SKIP (fr=true syn=false hasRead=true)
[2026-07-31T23:08:51.428Z] LiveUpdateForge: EndTurn fallback flush
[2026-07-31T23:08:51.428Z] onEndTurn: naturalStop=undefined toolCalls=32 nudgeMsg=no
[2026-07-31T23:08:51.429Z] LiveUpdateForge: EndTurn fallback flush
[2026-07-31T23:08:51.429Z] onEndTurn: naturalStop=false toolCalls=32 nudgeMsg=no
[2026-07-31T23:08:52.133Z] LiveUpdateForge: AfterToolExec flush
[2026-07-31T23:08:52.172Z] InitialReadForge.onBeforeSend: SKIP (fr=true syn=false hasRead=true)
[2026-07-31T23:09:01.499Z] LiveUpdateForge: EndTurn fallback flush
[2026-07-31T23:09:01.500Z] onEndTurn: naturalStop=undefined toolCalls=33 nudgeMsg=no
[2026-07-31T23:09:01.500Z] LiveUpdateForge: EndTurn fallback flush
[2026-07-31T23:09:01.500Z] onEndTurn: naturalStop=false toolCalls=33 nudgeMsg=no
[2026-07-31T23:09:01.520Z] LiveUpdateForge: AfterToolExec flush
[2026-07-31T23:09:01.564Z] InitialReadForge.onBeforeSend: SKIP (fr=true syn=false hasRead=true)
[2026-07-31T23:09:04.787Z] LiveUpdateForge: EndTurn fallback flush
[2026-07-31T23:09:04.787Z] onEndTurn: naturalStop=undefined toolCalls=34 nudgeMsg=no
[2026-07-31T23:09:04.787Z] LiveUpdateForge: EndTurn fallback flush
[2026-07-31T23:09:04.788Z] onEndTurn: naturalStop=false toolCalls=34 nudgeMsg=no
[2026-07-31T23:09:04.805Z] LiveUpdateForge: AfterToolExec flush
[2026-07-31T23:09:04.845Z] InitialReadForge.onBeforeSend: SKIP (fr=true syn=false hasRead=true)
[2026-07-31T23:09:08.015Z] LiveUpdateForge: EndTurn fallback flush
[2026-07-31T23:09:08.016Z] onEndTurn: naturalStop=undefined toolCalls=35 nudgeMsg=no
[2026-07-31T23:09:08.016Z] LiveUpdateForge: EndTurn fallback flush
[2026-07-31T23:09:08.016Z] onEndTurn: naturalStop=false toolCalls=35 nudgeMsg=no
[2026-07-31T23:09:08.588Z] LiveUpdateForge: AfterToolExec flush
[2026-07-31T23:09:08.624Z] InitialReadForge.onBeforeSend: SKIP (fr=true syn=false hasRead=true)
[2026-07-31T23:09:11.069Z] LiveUpdateForge: EndTurn fallback flush
[2026-07-31T23:09:11.069Z] onEndTurn: naturalStop=undefined toolCalls=36 nudgeMsg=no
[2026-07-31T23:09:11.069Z] LiveUpdateForge: EndTurn fallback flush
[2026-07-31T23:09:11.070Z] onEndTurn: naturalStop=false toolCalls=36 nudgeMsg=no
[2026-07-31T23:09:11.100Z] LiveUpdateForge: AfterToolExec flush
[2026-07-31T23:09:11.142Z] InitialReadForge.onBeforeSend: SKIP (fr=true syn=false hasRead=true)
[2026-07-31T23:09:15.355Z] LiveUpdateForge: EndTurn fallback flush
[2026-07-31T23:09:15.355Z] onEndTurn: naturalStop=undefined toolCalls=37 nudgeMsg=no
[2026-07-31T23:09:15.355Z] LiveUpdateForge: EndTurn fallback flush
[2026-07-31T23:09:15.356Z] onEndTurn: naturalStop=false toolCalls=37 nudgeMsg=no
[2026-07-31T23:09:16.040Z] LiveUpdateForge: AfterToolExec flush
[2026-07-31T23:09:16.086Z] InitialReadForge.onBeforeSend: SKIP (fr=true syn=false hasRead=true)
[2026-07-31T23:09:18.817Z] LiveUpdateForge: EndTurn fallback flush
[2026-07-31T23:09:18.817Z] onEndTurn: naturalStop=undefined toolCalls=38 nudgeMsg=no
[2026-07-31T23:09:18.818Z] LiveUpdateForge: EndTurn fallback flush
[2026-07-31T23:09:18.818Z] onEndTurn: naturalStop=false toolCalls=38 nudgeMsg=no
[2026-07-31T23:09:19.267Z] LiveUpdateForge: AfterToolExec flush
[2026-07-31T23:09:19.310Z] InitialReadForge.onBeforeSend: SKIP (fr=true syn=false hasRead=true)
[2026-07-31T23:09:21.961Z] LiveUpdateForge: EndTurn fallback flush
[2026-07-31T23:09:21.962Z] onEndTurn: naturalStop=undefined toolCalls=39 nudgeMsg=no
[2026-07-31T23:09:21.962Z] LiveUpdateForge: EndTurn fallback flush
[2026-07-31T23:09:21.962Z] onEndTurn: naturalStop=false toolCalls=39 nudgeMsg=no
[2026-07-31T23:09:22.221Z] LiveUpdateForge: AfterToolExec flush
[2026-07-31T23:09:22.261Z] InitialReadForge.onBeforeSend: SKIP (fr=true syn=false hasRead=true)
[2026-07-31T23:09:25.574Z] LiveUpdateForge: EndTurn fallback flush
[2026-07-31T23:09:25.574Z] onEndTurn: naturalStop=undefined toolCalls=40 nudgeMsg=no
[2026-07-31T23:09:25.574Z] LiveUpdateForge: EndTurn fallback flush
[2026-07-31T23:09:25.575Z] onEndTurn: naturalStop=false toolCalls=40 nudgeMsg=no
[2026-07-31T23:09:50.886Z] LiveUpdateForge: AfterToolExec flush
[2026-07-31T23:09:50.909Z] InitialReadForge.onBeforeSend: SKIP (fr=true syn=false hasRead=true)
[2026-07-31T23:09:54.659Z] LiveUpdateForge: EndTurn fallback flush
[2026-07-31T23:09:54.659Z] onEndTurn: naturalStop=undefined toolCalls=14 nudgeMsg=no
[2026-07-31T23:09:54.659Z] LiveUpdateForge: EndTurn fallback flush
[2026-07-31T23:09:54.660Z] onEndTurn: naturalStop=false toolCalls=14 nudgeMsg=no
[2026-07-31T23:10:17.558Z] LiveUpdateForge: AfterToolExec flush
[2026-07-31T23:10:17.607Z] InitialReadForge.onBeforeSend: SKIP (fr=true syn=false hasRead=true)
[2026-07-31T23:10:23.589Z] LiveUpdateForge: AfterToolExec flush
[2026-07-31T23:10:23.613Z] InitialReadForge.onBeforeSend: SKIP (fr=true syn=false hasRead=true)
[2026-07-31T23:10:25.385Z] LiveUpdateForge: EndTurn fallback flush
[2026-07-31T23:10:25.385Z] onEndTurn: naturalStop=undefined toolCalls=15 nudgeMsg=no
[2026-07-31T23:10:25.385Z] LiveUpdateForge: EndTurn fallback flush
[2026-07-31T23:10:25.386Z] onEndTurn: naturalStop=false toolCalls=15 nudgeMsg=no
[2026-07-31T23:10:31.047Z] LiveUpdateForge: EndTurn fallback flush
[2026-07-31T23:10:31.047Z] onEndTurn: naturalStop=undefined toolCalls=41 nudgeMsg=no
[2026-07-31T23:10:31.048Z] LiveUpdateForge: EndTurn fallback flush
[2026-07-31T23:10:31.048Z] onEndTurn: naturalStop=false toolCalls=41 nudgeMsg=no
[2026-07-31T23:10:31.229Z] LiveUpdateForge: AfterToolExec flush
[2026-07-31T23:10:31.274Z] InitialReadForge.onBeforeSend: SKIP (fr=true syn=false hasRead=true)
[2026-07-31T23:10:59.211Z] LiveUpdateForge: EndTurn fallback flush
[2026-07-31T23:10:59.212Z] onEndTurn: naturalStop=undefined toolCalls=42 nudgeMsg=no
[2026-07-31T23:10:59.213Z] LiveUpdateForge: EndTurn fallback flush
[2026-07-31T23:10:59.214Z] onEndTurn: naturalStop=false toolCalls=42 nudgeMsg=no
[2026-07-31T23:11:02.697Z] LiveUpdateForge: AfterToolExec flush
[2026-07-31T23:11:02.758Z] InitialReadForge.onBeforeSend: SKIP (fr=true syn=false hasRead=true)
[2026-07-31T23:11:17.693Z] LiveUpdateForge: EndTurn fallback flush
[2026-07-31T23:11:17.694Z] onEndTurn: naturalStop=undefined toolCalls=43 nudgeMsg=no
[2026-07-31T23:11:17.694Z] LiveUpdateForge: EndTurn fallback flush
[2026-07-31T23:11:17.695Z] onEndTurn: naturalStop=false toolCalls=43 nudgeMsg=no
[2026-07-31T23:11:18.459Z] LiveUpdateForge: AfterToolExec flush
[2026-07-31T23:11:18.518Z] InitialReadForge.onBeforeSend: SKIP (fr=true syn=false hasRead=true)
[2026-07-31T23:11:22.904Z] LiveUpdateForge: EndTurn fallback flush
[2026-07-31T23:11:22.904Z] onEndTurn: naturalStop=undefined toolCalls=44 nudgeMsg=no
[2026-07-31T23:11:22.904Z] LiveUpdateForge: EndTurn fallback flush
[2026-07-31T23:11:22.904Z] onEndTurn: naturalStop=false toolCalls=44 nudgeMsg=no
[2026-07-31T23:11:23.346Z] LiveUpdateForge: AfterToolExec flush
[2026-07-31T23:11:23.406Z] InitialReadForge.onBeforeSend: SKIP (fr=true syn=false hasRead=true)
[2026-07-31T23:11:28.541Z] LiveUpdateForge: EndTurn fallback flush
[2026-07-31T23:11:28.542Z] onEndTurn: naturalStop=undefined toolCalls=45 nudgeMsg=no
[2026-07-31T23:11:28.542Z] LiveUpdateForge: EndTurn fallback flush
[2026-07-31T23:11:28.542Z] onEndTurn: naturalStop=false toolCalls=45 nudgeMsg=no
[2026-07-31T23:11:28.861Z] LiveUpdateForge: AfterToolExec flush
[2026-07-31T23:11:28.916Z] InitialReadForge.onBeforeSend: SKIP (fr=true syn=false hasRead=true)
[2026-07-31T23:11:32.421Z] LiveUpdateForge: EndTurn fallback flush
[2026-07-31T23:11:32.421Z] onEndTurn: naturalStop=undefined toolCalls=46 nudgeMsg=no
[2026-07-31T23:11:32.421Z] LiveUpdateForge: EndTurn fallback flush
[2026-07-31T23:11:32.422Z] onEndTurn: naturalStop=false toolCalls=46 nudgeMsg=no
[2026-07-31T23:13:18.322Z] LiveUpdateForge: AfterToolExec flush
[2026-07-31T23:13:18.387Z] InitialReadForge.onBeforeSend: SKIP (fr=true syn=false hasRead=true)
[2026-07-31T23:13:25.894Z] LiveUpdateForge: EndTurn fallback flush
[2026-07-31T23:13:25.895Z] onEndTurn: naturalStop=undefined toolCalls=47 nudgeMsg=no
[2026-07-31T23:13:25.895Z] LiveUpdateForge: EndTurn fallback flush
[2026-07-31T23:13:25.895Z] onEndTurn: naturalStop=false toolCalls=47 nudgeMsg=no
[2026-07-31T23:13:25.931Z] LiveUpdateForge: AfterToolExec flush
[2026-07-31T23:13:25.950Z] LiveUpdateForge: AfterToolExec flush
[2026-07-31T23:13:25.998Z] InitialReadForge.onBeforeSend: SKIP (fr=true syn=false hasRead=true)
[2026-07-31T23:13:29.964Z] LiveUpdateForge: EndTurn fallback flush
[2026-07-31T23:13:29.964Z] onEndTurn: naturalStop=undefined toolCalls=49 nudgeMsg=no
[2026-07-31T23:13:29.965Z] LiveUpdateForge: EndTurn fallback flush
[2026-07-31T23:13:29.965Z] onEndTurn: naturalStop=true toolCalls=49 nudgeMsg=no
[2026-07-31T23:13:32.453Z] ResumeDiffForge: running checkResumeConsistency
[2026-07-31T23:13:32.454Z] checkResumeConsistency: forgedTimestamps=[]
[2026-07-31T23:13:32.479Z] checkResumeConsistency: no changes detected
[2026-07-31T23:13:32.479Z] LiveUpdateForge: session reset, allowLiveUpdate = false
[2026-07-31T23:13:32.479Z] NudgeForge: ResumeComplete — restoring count from history
[2026-07-31T23:13:32.480Z] restoreNudgeCountFromHistory: found last write at idx=159 count=49
[2026-07-31T23:13:32.523Z] LiveUpdateForge: allowLiveUpdate = true (first real BeforeSend)
[2026-07-31T23:13:32.524Z] InitialReadForge.onBeforeSend: SKIP (fr=false syn=false hasRead=true)
[2026-07-31T23:13:38.715Z] LiveUpdateForge: EndTurn fallback flush
[2026-07-31T23:13:38.715Z] onEndTurn: naturalStop=undefined toolCalls=49 nudgeMsg=no
[2026-07-31T23:13:38.716Z] LiveUpdateForge: EndTurn fallback flush
[2026-07-31T23:13:38.716Z] onEndTurn: naturalStop=false toolCalls=49 nudgeMsg=no
[2026-07-31T23:13:38.840Z] LiveUpdateForge: AfterToolExec flush
[2026-07-31T23:13:38.841Z] LiveUpdateForge: AfterToolExec flush
[2026-07-31T23:13:38.871Z] InitialReadForge.onBeforeSend: SKIP (fr=true syn=false hasRead=true)
[2026-07-31T23:13:42.701Z] LiveUpdateForge: EndTurn fallback flush
[2026-07-31T23:13:42.701Z] onEndTurn: naturalStop=undefined toolCalls=51 nudgeMsg=no
[2026-07-31T23:13:42.702Z] LiveUpdateForge: EndTurn fallback flush
[2026-07-31T23:13:42.702Z] onEndTurn: naturalStop=false toolCalls=51 nudgeMsg=no
[2026-07-31T23:13:42.870Z] LiveUpdateForge: AfterToolExec flush
[2026-07-31T23:13:42.900Z] InitialReadForge.onBeforeSend: SKIP (fr=true syn=false hasRead=true)
[2026-07-31T23:13:46.444Z] LiveUpdateForge: EndTurn fallback flush
[2026-07-31T23:13:46.445Z] onEndTurn: naturalStop=undefined toolCalls=52 nudgeMsg=no
[2026-07-31T23:13:46.445Z] LiveUpdateForge: EndTurn fallback flush
[2026-07-31T23:13:46.445Z] onEndTurn: naturalStop=false toolCalls=52 nudgeMsg=no
[2026-07-31T23:13:46.454Z] LiveUpdateForge: AfterToolExec flush
[2026-07-31T23:13:46.486Z] InitialReadForge.onBeforeSend: SKIP (fr=true syn=false hasRead=true)
[2026-07-31T23:14:14.559Z] LiveUpdateForge: EndTurn fallback flush
[2026-07-31T23:14:14.559Z] onEndTurn: naturalStop=undefined toolCalls=53 nudgeMsg=no
[2026-07-31T23:14:14.559Z] LiveUpdateForge: EndTurn fallback flush
[2026-07-31T23:14:14.560Z] onEndTurn: naturalStop=false toolCalls=53 nudgeMsg=no
[2026-07-31T23:14:14.631Z] LiveUpdateForge: AfterToolExec flush
[2026-07-31T23:14:14.662Z] InitialReadForge.onBeforeSend: SKIP (fr=true syn=false hasRead=true)
[2026-07-31T23:14:21.572Z] LiveUpdateForge: EndTurn fallback flush
[2026-07-31T23:14:21.572Z] onEndTurn: naturalStop=undefined toolCalls=54 nudgeMsg=no
[2026-07-31T23:14:21.573Z] LiveUpdateForge: EndTurn fallback flush
[2026-07-31T23:14:21.573Z] onEndTurn: naturalStop=false toolCalls=54 nudgeMsg=no
[2026-07-31T23:14:37.832Z] LiveUpdateForge: AfterToolExec flush
[2026-07-31T23:14:37.865Z] InitialReadForge.onBeforeSend: SKIP (fr=true syn=false hasRead=true)
[2026-07-31T23:14:41.604Z] LiveUpdateForge: EndTurn fallback flush
[2026-07-31T23:14:41.605Z] onEndTurn: naturalStop=undefined toolCalls=55 nudgeMsg=no
[2026-07-31T23:14:41.605Z] LiveUpdateForge: EndTurn fallback flush
[2026-07-31T23:14:41.606Z] onEndTurn: naturalStop=false toolCalls=55 nudgeMsg=no
[2026-07-31T23:14:46.710Z] LiveUpdateForge: AfterToolExec flush
[2026-07-31T23:14:46.741Z] InitialReadForge.onBeforeSend: SKIP (fr=true syn=false hasRead=true)
[2026-07-31T23:14:49.470Z] LiveUpdateForge: EndTurn fallback flush
[2026-07-31T23:14:49.470Z] onEndTurn: naturalStop=undefined toolCalls=56 nudgeMsg=no
[2026-07-31T23:14:49.471Z] LiveUpdateForge: EndTurn fallback flush
[2026-07-31T23:14:49.471Z] onEndTurn: naturalStop=false toolCalls=56 nudgeMsg=no
[2026-07-31T23:14:49.634Z] LiveUpdateForge: AfterToolExec flush
[2026-07-31T23:14:49.667Z] InitialReadForge.onBeforeSend: SKIP (fr=true syn=false hasRead=true)
[2026-07-31T23:14:52.884Z] LiveUpdateForge: EndTurn fallback flush
[2026-07-31T23:14:52.884Z] onEndTurn: naturalStop=undefined toolCalls=57 nudgeMsg=no
[2026-07-31T23:14:52.884Z] LiveUpdateForge: EndTurn fallback flush
[2026-07-31T23:14:52.884Z] onEndTurn: naturalStop=false toolCalls=57 nudgeMsg=no
[2026-07-31T23:14:52.990Z] LiveUpdateForge: AfterToolExec flush
[2026-07-31T23:14:53.023Z] InitialReadForge.onBeforeSend: SKIP (fr=true syn=false hasRead=true)
[2026-07-31T23:14:55.911Z] LiveUpdateForge: EndTurn fallback flush
[2026-07-31T23:14:55.911Z] onEndTurn: naturalStop=undefined toolCalls=58 nudgeMsg=no
[2026-07-31T23:14:55.911Z] LiveUpdateForge: EndTurn fallback flush
[2026-07-31T23:14:55.911Z] onEndTurn: naturalStop=false toolCalls=58 nudgeMsg=no
[2026-07-31T23:14:56.572Z] LiveUpdateForge: AfterToolExec flush
[2026-07-31T23:14:56.615Z] InitialReadForge.onBeforeSend: SKIP (fr=true syn=false hasRead=true)
[2026-07-31T23:14:59.237Z] LiveUpdateForge: EndTurn fallback flush
[2026-07-31T23:14:59.238Z] onEndTurn: naturalStop=undefined toolCalls=59 nudgeMsg=no
[2026-07-31T23:14:59.239Z] LiveUpdateForge: EndTurn fallback flush
[2026-07-31T23:14:59.239Z] onEndTurn: naturalStop=false toolCalls=59 nudgeMsg=no
[2026-07-31T23:14:59.442Z] LiveUpdateForge: AfterToolExec flush
[2026-07-31T23:14:59.474Z] InitialReadForge.onBeforeSend: SKIP (fr=true syn=false hasRead=true)
[2026-07-31T23:15:03.239Z] LiveUpdateForge: EndTurn fallback flush
[2026-07-31T23:15:03.239Z] onEndTurn: naturalStop=undefined toolCalls=60 nudgeMsg=no
[2026-07-31T23:15:03.240Z] LiveUpdateForge: EndTurn fallback flush
[2026-07-31T23:15:03.240Z] onEndTurn: naturalStop=false toolCalls=60 nudgeMsg=no
[2026-07-31T23:15:29.485Z] LiveUpdateForge: AfterToolExec flush
[2026-07-31T23:15:29.512Z] InitialReadForge.onBeforeSend: SKIP (fr=true syn=false hasRead=true)
[2026-07-31T23:15:32.561Z] LiveUpdateForge: EndTurn fallback flush
[2026-07-31T23:15:32.561Z] onEndTurn: naturalStop=undefined toolCalls=16 nudgeMsg=no
[2026-07-31T23:15:32.562Z] LiveUpdateForge: EndTurn fallback flush
[2026-07-31T23:15:32.562Z] onEndTurn: naturalStop=false toolCalls=16 nudgeMsg=no
[2026-07-31T23:15:38.173Z] LiveUpdateForge: AfterToolExec flush
[2026-07-31T23:15:38.766Z] LiveUpdateForge: AfterToolExec flush
[2026-07-31T23:15:43.948Z] LiveUpdateForge: AfterToolExec flush
[2026-07-31T23:15:43.985Z] InitialReadForge.onBeforeSend: SKIP (fr=true syn=false hasRead=true)
[2026-07-31T23:15:50.691Z] LiveUpdateForge: EndTurn fallback flush
[2026-07-31T23:15:50.692Z] onEndTurn: naturalStop=undefined toolCalls=19 nudgeMsg=no
[2026-07-31T23:15:50.692Z] LiveUpdateForge: EndTurn fallback flush
[2026-07-31T23:15:50.692Z] onEndTurn: naturalStop=false toolCalls=19 nudgeMsg=no
[2026-07-31T23:15:56.120Z] LiveUpdateForge: AfterToolExec flush
[2026-07-31T23:15:56.221Z] InitialReadForge.onBeforeSend: SKIP (fr=true syn=false hasRead=true)
[2026-07-31T23:16:02.610Z] LiveUpdateForge: EndTurn fallback flush
[2026-07-31T23:16:02.611Z] onEndTurn: naturalStop=undefined toolCalls=20 nudgeMsg=no
[2026-07-31T23:16:02.611Z] LiveUpdateForge: EndTurn fallback flush
[2026-07-31T23:16:02.611Z] onEndTurn: naturalStop=false toolCalls=20 nudgeMsg=no
[2026-07-31T23:16:02.667Z] LiveUpdateForge: AfterToolExec flush
[2026-07-31T23:16:02.690Z] InitialReadForge.onBeforeSend: SKIP (fr=true syn=false hasRead=true)
[2026-07-31T23:16:04.442Z] LiveUpdateForge: EndTurn fallback flush
[2026-07-31T23:16:04.452Z] onEndTurn: naturalStop=undefined toolCalls=21 nudgeMsg=no
[2026-07-31T23:16:04.452Z] LiveUpdateForge: EndTurn fallback flush
[2026-07-31T23:16:04.453Z] onEndTurn: naturalStop=false toolCalls=21 nudgeMsg=no
[2026-07-31T23:16:26.362Z] LiveUpdateForge: AfterToolExec flush
[2026-07-31T23:16:26.390Z] InitialReadForge.onBeforeSend: SKIP (fr=true syn=false hasRead=true)
[2026-07-31T23:16:29.180Z] LiveUpdateForge: EndTurn fallback flush
[2026-07-31T23:16:29.180Z] onEndTurn: naturalStop=undefined toolCalls=22 nudgeMsg=no
[2026-07-31T23:16:29.181Z] LiveUpdateForge: EndTurn fallback flush
[2026-07-31T23:16:29.181Z] onEndTurn: naturalStop=false toolCalls=22 nudgeMsg=no
[2026-07-31T23:16:31.515Z] LiveUpdateForge: AfterToolExec flush
[2026-07-31T23:16:31.541Z] InitialReadForge.onBeforeSend: SKIP (fr=true syn=false hasRead=true)
[2026-07-31T23:16:37.301Z] LiveUpdateForge: EndTurn fallback flush
[2026-07-31T23:16:37.301Z] onEndTurn: naturalStop=undefined toolCalls=23 nudgeMsg=no
[2026-07-31T23:16:37.301Z] LiveUpdateForge: EndTurn fallback flush
[2026-07-31T23:16:37.301Z] onEndTurn: naturalStop=false toolCalls=23 nudgeMsg=no
[2026-07-31T23:16:37.386Z] LiveUpdateForge: AfterToolExec flush
[2026-07-31T23:16:37.412Z] InitialReadForge.onBeforeSend: SKIP (fr=true syn=false hasRead=true)
[2026-07-31T23:16:41.785Z] LiveUpdateForge: EndTurn fallback flush
[2026-07-31T23:16:41.786Z] onEndTurn: naturalStop=undefined toolCalls=24 nudgeMsg=no
[2026-07-31T23:16:41.786Z] LiveUpdateForge: EndTurn fallback flush
[2026-07-31T23:16:41.786Z] onEndTurn: naturalStop=false toolCalls=24 nudgeMsg=no
[2026-07-31T23:16:41.850Z] LiveUpdateForge: AfterToolExec flush
[2026-07-31T23:16:41.877Z] InitialReadForge.onBeforeSend: SKIP (fr=true syn=false hasRead=true)
[2026-07-31T23:16:43.784Z] LiveUpdateForge: EndTurn fallback flush
[2026-07-31T23:16:43.784Z] onEndTurn: naturalStop=undefined toolCalls=25 nudgeMsg=no
[2026-07-31T23:16:43.785Z] LiveUpdateForge: EndTurn fallback flush
[2026-07-31T23:16:43.785Z] onEndTurn: naturalStop=false toolCalls=25 nudgeMsg=no
[2026-07-31T23:16:43.788Z] LiveUpdateForge: AfterToolExec flush
[2026-07-31T23:16:43.813Z] InitialReadForge.onBeforeSend: SKIP (fr=true syn=false hasRead=true)
[2026-07-31T23:16:46.690Z] LiveUpdateForge: EndTurn fallback flush
[2026-07-31T23:16:46.690Z] onEndTurn: naturalStop=undefined toolCalls=26 nudgeMsg=no
[2026-07-31T23:16:46.690Z] LiveUpdateForge: EndTurn fallback flush
[2026-07-31T23:16:46.691Z] onEndTurn: naturalStop=false toolCalls=26 nudgeMsg=no
[2026-07-31T23:16:49.431Z] LiveUpdateForge: AfterToolExec flush
[2026-07-31T23:16:49.460Z] InitialReadForge.onBeforeSend: SKIP (fr=true syn=false hasRead=true)
[2026-07-31T23:16:53.568Z] LiveUpdateForge: EndTurn fallback flush
[2026-07-31T23:16:53.568Z] onEndTurn: naturalStop=undefined toolCalls=27 nudgeMsg=no
[2026-07-31T23:16:53.568Z] LiveUpdateForge: EndTurn fallback flush
[2026-07-31T23:16:53.569Z] onEndTurn: naturalStop=false toolCalls=27 nudgeMsg=no
[2026-07-31T23:16:58.940Z] LiveUpdateForge: AfterToolExec flush
[2026-07-31T23:16:58.971Z] InitialReadForge.onBeforeSend: SKIP (fr=true syn=false hasRead=true)
[2026-07-31T23:17:04.620Z] LiveUpdateForge: EndTurn fallback flush
[2026-07-31T23:17:04.620Z] onEndTurn: naturalStop=undefined toolCalls=28 nudgeMsg=no
[2026-07-31T23:17:04.621Z] LiveUpdateForge: EndTurn fallback flush
[2026-07-31T23:17:04.621Z] onEndTurn: naturalStop=false toolCalls=28 nudgeMsg=no
[2026-07-31T23:17:04.677Z] LiveUpdateForge: AfterToolExec flush
[2026-07-31T23:17:04.705Z] InitialReadForge.onBeforeSend: SKIP (fr=true syn=false hasRead=true)
[2026-07-31T23:17:06.582Z] LiveUpdateForge: EndTurn fallback flush
[2026-07-31T23:17:06.582Z] onEndTurn: naturalStop=undefined toolCalls=29 nudgeMsg=no
[2026-07-31T23:17:06.583Z] LiveUpdateForge: EndTurn fallback flush
[2026-07-31T23:17:06.583Z] onEndTurn: naturalStop=false toolCalls=29 nudgeMsg=no
[2026-07-31T23:17:06.628Z] LiveUpdateForge: AfterToolExec flush
[2026-07-31T23:17:06.655Z] InitialReadForge.onBeforeSend: SKIP (fr=true syn=false hasRead=true)
[2026-07-31T23:17:08.187Z] LiveUpdateForge: EndTurn fallback flush
[2026-07-31T23:17:08.187Z] onEndTurn: naturalStop=undefined toolCalls=30 nudgeMsg=no
[2026-07-31T23:17:08.187Z] LiveUpdateForge: EndTurn fallback flush
[2026-07-31T23:17:08.187Z] onEndTurn: naturalStop=false toolCalls=30 nudgeMsg=no
[2026-07-31T23:17:11.824Z] LiveUpdateForge: AfterToolExec flush
[2026-07-31T23:17:11.854Z] InitialReadForge.onBeforeSend: SKIP (fr=true syn=false hasRead=true)
[2026-07-31T23:17:19.533Z] LiveUpdateForge: EndTurn fallback flush
[2026-07-31T23:17:19.533Z] onEndTurn: naturalStop=undefined toolCalls=31 nudgeMsg=no
[2026-07-31T23:17:19.533Z] LiveUpdateForge: EndTurn fallback flush
[2026-07-31T23:17:19.533Z] onEndTurn: naturalStop=false toolCalls=31 nudgeMsg=no
[2026-07-31T23:17:19.556Z] LiveUpdateForge: AfterToolExec flush
[2026-07-31T23:17:19.581Z] InitialReadForge.onBeforeSend: SKIP (fr=true syn=false hasRead=true)
[2026-07-31T23:17:21.140Z] LiveUpdateForge: EndTurn fallback flush
[2026-07-31T23:17:21.141Z] onEndTurn: naturalStop=undefined toolCalls=32 nudgeMsg=no
[2026-07-31T23:17:21.141Z] LiveUpdateForge: EndTurn fallback flush
[2026-07-31T23:17:21.141Z] onEndTurn: naturalStop=false toolCalls=32 nudgeMsg=no
[2026-07-31T23:17:21.143Z] LiveUpdateForge: AfterToolExec flush
[2026-07-31T23:17:21.169Z] InitialReadForge.onBeforeSend: SKIP (fr=true syn=false hasRead=true)
[2026-07-31T23:17:23.469Z] LiveUpdateForge: EndTurn fallback flush
[2026-07-31T23:17:23.469Z] onEndTurn: naturalStop=undefined toolCalls=33 nudgeMsg=no
[2026-07-31T23:17:23.470Z] LiveUpdateForge: EndTurn fallback flush
[2026-07-31T23:17:23.470Z] onEndTurn: naturalStop=false toolCalls=33 nudgeMsg=no
[2026-07-31T23:17:25.201Z] LiveUpdateForge: AfterToolExec flush
[2026-07-31T23:17:25.226Z] InitialReadForge.onBeforeSend: SKIP (fr=true syn=false hasRead=true)
[2026-07-31T23:17:27.439Z] LiveUpdateForge: EndTurn fallback flush
[2026-07-31T23:17:27.439Z] onEndTurn: naturalStop=undefined toolCalls=34 nudgeMsg=no
[2026-07-31T23:17:27.440Z] LiveUpdateForge: EndTurn fallback flush
[2026-07-31T23:17:27.440Z] onEndTurn: naturalStop=false toolCalls=34 nudgeMsg=no
[2026-07-31T23:17:30.491Z] LiveUpdateForge: AfterToolExec flush
[2026-07-31T23:17:30.520Z] InitialReadForge.onBeforeSend: SKIP (fr=true syn=false hasRead=true)
[2026-07-31T23:17:33.067Z] LiveUpdateForge: EndTurn fallback flush
[2026-07-31T23:17:33.068Z] onEndTurn: naturalStop=undefined toolCalls=35 nudgeMsg=no
[2026-07-31T23:17:33.068Z] LiveUpdateForge: EndTurn fallback flush
[2026-07-31T23:17:33.068Z] onEndTurn: naturalStop=false toolCalls=35 nudgeMsg=no
[2026-07-31T23:17:39.644Z] LiveUpdateForge: AfterToolExec flush
[2026-07-31T23:17:39.680Z] InitialReadForge.onBeforeSend: SKIP (fr=true syn=false hasRead=true)
[2026-07-31T23:17:50.993Z] LiveUpdateForge: AfterToolExec flush
[2026-07-31T23:17:51.270Z] InitialReadForge.onBeforeSend: SKIP (fr=true syn=false hasRead=true)
[2026-07-31T23:17:54.762Z] LiveUpdateForge: EndTurn fallback flush
[2026-07-31T23:17:54.763Z] onEndTurn: naturalStop=undefined toolCalls=36 nudgeMsg=no
[2026-07-31T23:17:54.763Z] LiveUpdateForge: EndTurn fallback flush
[2026-07-31T23:17:54.763Z] onEndTurn: naturalStop=false toolCalls=36 nudgeMsg=no
[2026-07-31T23:17:54.766Z] LiveUpdateForge: AfterToolExec flush
[2026-07-31T23:17:54.794Z] InitialReadForge.onBeforeSend: SKIP (fr=true syn=false hasRead=true)
[2026-07-31T23:17:56.121Z] LiveUpdateForge: EndTurn fallback flush
[2026-07-31T23:17:56.121Z] onEndTurn: naturalStop=undefined toolCalls=61 nudgeMsg=no
[2026-07-31T23:17:56.122Z] LiveUpdateForge: EndTurn fallback flush
[2026-07-31T23:17:56.122Z] onEndTurn: naturalStop=true toolCalls=0 nudgeMsg=YES
[2026-07-31T23:17:56.128Z] InitialReadForge.onBeforeSend: SKIP (fr=false syn=false hasRead=true)
[2026-07-31T23:18:03.259Z] LiveUpdateForge: EndTurn fallback flush
[2026-07-31T23:18:03.259Z] onEndTurn: naturalStop=undefined toolCalls=37 nudgeMsg=no
[2026-07-31T23:18:03.260Z] LiveUpdateForge: EndTurn fallback flush
[2026-07-31T23:18:03.260Z] onEndTurn: naturalStop=true toolCalls=37 nudgeMsg=no
[2026-07-31T23:18:04.608Z] LiveUpdateForge: EndTurn fallback flush
[2026-07-31T23:18:04.608Z] onEndTurn: naturalStop=undefined toolCalls=0 nudgeMsg=no
[2026-07-31T23:18:04.608Z] LiveUpdateForge: EndTurn fallback flush
[2026-07-31T23:18:04.608Z] onEndTurn: naturalStop=false toolCalls=0 nudgeMsg=no
[2026-07-31T23:18:04.654Z] LiveUpdateForge: self-write on D:\unity\mowang\CODELY.md, baseline aligned
[2026-07-31T23:18:04.655Z] LiveUpdateForge: AfterToolExec flush
[2026-07-31T23:18:04.684Z] InitialReadForge.onBeforeSend: SKIP (fr=true syn=false hasRead=true)
[2026-07-31T23:18:05.167Z] LiveUpdateForge: pending external change on D:\unity\mowang\CODELY.md
[2026-07-31T23:18:08.608Z] LiveUpdateForge: EndTurn fallback flush
[2026-07-31T23:18:08.608Z] onEndTurn: naturalStop=undefined toolCalls=0 nudgeMsg=no
[2026-07-31T23:18:08.609Z] LiveUpdateForge: EndTurn fallback flush
[2026-07-31T23:18:08.609Z] onEndTurn: naturalStop=true toolCalls=0 nudgeMsg=no
[2026-07-31T23:20:57.782Z] ResumeDiffForge: running checkResumeConsistency
[2026-07-31T23:20:57.784Z] checkResumeConsistency: forgedTimestamps=[]
[2026-07-31T23:20:57.806Z] checkResumeConsistency: no changes detected
[2026-07-31T23:20:57.807Z] LiveUpdateForge: session reset, allowLiveUpdate = false
[2026-07-31T23:20:57.807Z] NudgeForge: ResumeComplete — restoring count from history
[2026-07-31T23:20:57.807Z] restoreNudgeCountFromHistory: no reset point found, count=37
[2026-07-31T23:20:57.880Z] LiveUpdateForge: allowLiveUpdate = true (first real BeforeSend)
[2026-07-31T23:20:57.881Z] InitialReadForge.onBeforeSend: SKIP (fr=false syn=false hasRead=true)
[2026-07-31T23:21:12.929Z] LiveUpdateForge: EndTurn fallback flush
[2026-07-31T23:21:12.929Z] onEndTurn: naturalStop=undefined toolCalls=37 nudgeMsg=no
[2026-07-31T23:21:12.930Z] LiveUpdateForge: EndTurn fallback flush
[2026-07-31T23:21:12.930Z] onEndTurn: naturalStop=false toolCalls=37 nudgeMsg=no
[2026-07-31T23:21:13.007Z] LiveUpdateForge: AfterToolExec flush
[2026-07-31T23:21:13.032Z] InitialReadForge.onBeforeSend: SKIP (fr=true syn=false hasRead=true)
[2026-07-31T23:21:16.390Z] LiveUpdateForge: EndTurn fallback flush
[2026-07-31T23:21:16.391Z] onEndTurn: naturalStop=undefined toolCalls=38 nudgeMsg=no
[2026-07-31T23:21:16.391Z] LiveUpdateForge: EndTurn fallback flush
[2026-07-31T23:21:16.391Z] onEndTurn: naturalStop=false toolCalls=38 nudgeMsg=no
[2026-07-31T23:21:16.436Z] LiveUpdateForge: AfterToolExec flush
[2026-07-31T23:21:16.457Z] InitialReadForge.onBeforeSend: SKIP (fr=true syn=false hasRead=true)
[2026-07-31T23:21:19.606Z] LiveUpdateForge: EndTurn fallback flush
[2026-07-31T23:21:19.606Z] onEndTurn: naturalStop=undefined toolCalls=39 nudgeMsg=no
[2026-07-31T23:21:19.606Z] LiveUpdateForge: EndTurn fallback flush
[2026-07-31T23:21:19.607Z] onEndTurn: naturalStop=false toolCalls=39 nudgeMsg=no
[2026-07-31T23:21:19.667Z] LiveUpdateForge: AfterToolExec flush
[2026-07-31T23:21:19.689Z] InitialReadForge.onBeforeSend: SKIP (fr=true syn=false hasRead=true)
[2026-07-31T23:21:21.430Z] LiveUpdateForge: EndTurn fallback flush
[2026-07-31T23:21:21.431Z] onEndTurn: naturalStop=undefined toolCalls=40 nudgeMsg=no
[2026-07-31T23:21:21.431Z] LiveUpdateForge: EndTurn fallback flush
[2026-07-31T23:21:21.431Z] onEndTurn: naturalStop=false toolCalls=40 nudgeMsg=no
[2026-07-31T23:21:25.020Z] LiveUpdateForge: AfterToolExec flush
[2026-07-31T23:21:25.043Z] InitialReadForge.onBeforeSend: SKIP (fr=true syn=false hasRead=true)
[2026-07-31T23:21:26.463Z] LiveUpdateForge: EndTurn fallback flush
[2026-07-31T23:21:26.464Z] onEndTurn: naturalStop=undefined toolCalls=41 nudgeMsg=no
[2026-07-31T23:21:26.464Z] LiveUpdateForge: EndTurn fallback flush
[2026-07-31T23:21:26.464Z] onEndTurn: naturalStop=false toolCalls=41 nudgeMsg=no
[2026-07-31T23:21:26.466Z] LiveUpdateForge: AfterToolExec flush
[2026-07-31T23:21:26.490Z] InitialReadForge.onBeforeSend: SKIP (fr=true syn=false hasRead=true)
[2026-07-31T23:21:28.224Z] LiveUpdateForge: EndTurn fallback flush
[2026-07-31T23:21:28.224Z] onEndTurn: naturalStop=undefined toolCalls=42 nudgeMsg=no
[2026-07-31T23:21:28.224Z] LiveUpdateForge: EndTurn fallback flush
[2026-07-31T23:21:28.225Z] onEndTurn: naturalStop=false toolCalls=42 nudgeMsg=no
[2026-07-31T23:21:58.144Z] MemoryForge: attached 5 listener(s)
[2026-07-31T23:21:58.145Z] InitialReadForge: armed one-shot BeforeSend after NewSessionStart
[2026-07-31T23:21:58.145Z] LiveUpdateForge: session reset, allowLiveUpdate = false
[2026-07-31T23:21:58.434Z] LiveUpdateForge: session reset, allowLiveUpdate = false
[2026-07-31T23:21:58.461Z] ResumeDiffForge: running checkResumeConsistency
[2026-07-31T23:21:58.463Z] checkResumeConsistency: forgedTimestamps=[]
[2026-07-31T23:21:58.469Z] checkResumeConsistency: no changes detected
[2026-07-31T23:21:58.470Z] LiveUpdateForge: session reset, allowLiveUpdate = false
[2026-07-31T23:21:58.470Z] NudgeForge: ResumeComplete — restoring count from history
[2026-07-31T23:21:58.471Z] restoreNudgeCountFromHistory: found last write at idx=287 count=0
[2026-07-31T23:21:59.090Z] MemoryForge: attached 5 listener(s)
[2026-07-31T23:21:59.090Z] InitialReadForge: armed one-shot BeforeSend after NewSessionStart
[2026-07-31T23:21:59.091Z] LiveUpdateForge: session reset, allowLiveUpdate = false
[2026-07-31T23:21:59.099Z] MemoryForge: detached all listeners
[2026-07-31T23:21:59.100Z] ResumeDiffForge: running checkResumeConsistency
[2026-07-31T23:21:59.101Z] checkResumeConsistency: forgedTimestamps=[]
[2026-07-31T23:21:59.141Z] checkResumeConsistency: no changes detected
[2026-07-31T23:21:59.142Z] LiveUpdateForge: session reset, allowLiveUpdate = false
[2026-07-31T23:21:59.142Z] NudgeForge: ResumeComplete — restoring count from history
[2026-07-31T23:21:59.143Z] restoreNudgeCountFromHistory: found last write at idx=287 count=0
[2026-07-31T23:21:59.276Z] ResumeDiffForge: running checkResumeConsistency
[2026-07-31T23:21:59.277Z] checkResumeConsistency: forgedTimestamps=[]
[2026-07-31T23:21:59.284Z] checkResumeConsistency: no changes detected
[2026-07-31T23:21:59.285Z] LiveUpdateForge: session reset, allowLiveUpdate = false
[2026-07-31T23:21:59.285Z] NudgeForge: ResumeComplete — restoring count from history
[2026-07-31T23:21:59.285Z] restoreNudgeCountFromHistory: found last write at idx=287 count=0
[2026-07-31T23:21:59.424Z] ResumeDiffForge: running checkResumeConsistency
[2026-07-31T23:21:59.425Z] checkResumeConsistency: forgedTimestamps=[]
[2026-07-31T23:21:59.433Z] checkResumeConsistency: no changes detected
[2026-07-31T23:21:59.433Z] LiveUpdateForge: session reset, allowLiveUpdate = false
[2026-07-31T23:21:59.433Z] NudgeForge: ResumeComplete — restoring count from history
[2026-07-31T23:21:59.434Z] restoreNudgeCountFromHistory: found last write at idx=287 count=0
[2026-07-31T23:21:59.544Z] MemoryForge: attached 5 listener(s)
[2026-07-31T23:21:59.544Z] InitialReadForge: armed one-shot BeforeSend after NewSessionStart
[2026-07-31T23:21:59.544Z] LiveUpdateForge: session reset, allowLiveUpdate = false
[2026-07-31T23:21:59.555Z] MemoryForge: detached all listeners
[2026-07-31T23:21:59.555Z] ResumeDiffForge: running checkResumeConsistency
[2026-07-31T23:21:59.556Z] checkResumeConsistency: forgedTimestamps=[]
[2026-07-31T23:21:59.604Z] checkResumeConsistency: no changes detected
[2026-07-31T23:21:59.604Z] LiveUpdateForge: session reset, allowLiveUpdate = false
[2026-07-31T23:21:59.604Z] NudgeForge: ResumeComplete — restoring count from history
[2026-07-31T23:21:59.605Z] restoreNudgeCountFromHistory: found last write at idx=287 count=0
[2026-07-31T23:21:59.646Z] LiveUpdateForge: allowLiveUpdate = true (first real BeforeSend)
[2026-07-31T23:21:59.648Z] InitialReadForge.onBeforeSend: SKIP (fr=false syn=false hasRead=true)
[2026-07-31T23:22:13.618Z] LiveUpdateForge: EndTurn fallback flush
[2026-07-31T23:22:13.618Z] onEndTurn: naturalStop=undefined toolCalls=0 nudgeMsg=no
[2026-07-31T23:22:13.619Z] LiveUpdateForge: EndTurn fallback flush
[2026-07-31T23:22:13.619Z] onEndTurn: naturalStop=false toolCalls=0 nudgeMsg=no
[2026-07-31T23:22:43.899Z] LiveUpdateForge: AfterToolExec flush
[2026-07-31T23:22:43.943Z] InitialReadForge.onBeforeSend: SKIP (fr=true syn=false hasRead=true)
[2026-07-31T23:22:59.699Z] LiveUpdateForge: EndTurn fallback flush
[2026-07-31T23:22:59.699Z] onEndTurn: naturalStop=undefined toolCalls=1 nudgeMsg=no
[2026-07-31T23:22:59.700Z] LiveUpdateForge: EndTurn fallback flush
[2026-07-31T23:22:59.700Z] onEndTurn: naturalStop=false toolCalls=1 nudgeMsg=no
[2026-07-31T23:22:59.824Z] LiveUpdateForge: AfterToolExec flush
[2026-07-31T23:22:59.856Z] InitialReadForge.onBeforeSend: SKIP (fr=true syn=false hasRead=true)
[2026-07-31T23:23:01.640Z] LiveUpdateForge: EndTurn fallback flush
[2026-07-31T23:23:01.641Z] onEndTurn: naturalStop=undefined toolCalls=2 nudgeMsg=no
[2026-07-31T23:23:01.641Z] LiveUpdateForge: EndTurn fallback flush
[2026-07-31T23:23:01.641Z] onEndTurn: naturalStop=false toolCalls=2 nudgeMsg=no
[2026-07-31T23:23:01.660Z] LiveUpdateForge: AfterToolExec flush
[2026-07-31T23:23:01.692Z] InitialReadForge.onBeforeSend: SKIP (fr=true syn=false hasRead=true)
[2026-07-31T23:23:04.471Z] LiveUpdateForge: EndTurn fallback flush
[2026-07-31T23:23:04.471Z] onEndTurn: naturalStop=undefined toolCalls=3 nudgeMsg=no
[2026-07-31T23:23:04.472Z] LiveUpdateForge: EndTurn fallback flush
[2026-07-31T23:23:04.472Z] onEndTurn: naturalStop=false toolCalls=3 nudgeMsg=no
[2026-07-31T23:23:05.713Z] LiveUpdateForge: AfterToolExec flush
[2026-07-31T23:23:06.378Z] InitialReadForge.onBeforeSend: SKIP (fr=true syn=false hasRead=true)
[2026-07-31T23:23:08.465Z] LiveUpdateForge: EndTurn fallback flush
[2026-07-31T23:23:08.465Z] onEndTurn: naturalStop=undefined toolCalls=4 nudgeMsg=no
[2026-07-31T23:23:08.466Z] LiveUpdateForge: EndTurn fallback flush
[2026-07-31T23:23:08.466Z] onEndTurn: naturalStop=false toolCalls=4 nudgeMsg=no
[2026-07-31T23:23:35.799Z] LiveUpdateForge: AfterToolExec flush
[2026-07-31T23:23:35.834Z] InitialReadForge.onBeforeSend: SKIP (fr=true syn=false hasRead=true)
[2026-07-31T23:23:38.197Z] LiveUpdateForge: EndTurn fallback flush
[2026-07-31T23:23:38.198Z] onEndTurn: naturalStop=undefined toolCalls=5 nudgeMsg=no
[2026-07-31T23:23:38.198Z] LiveUpdateForge: EndTurn fallback flush
[2026-07-31T23:23:38.198Z] onEndTurn: naturalStop=false toolCalls=5 nudgeMsg=no
[2026-07-31T23:23:43.185Z] LiveUpdateForge: AfterToolExec flush
[2026-07-31T23:23:43.226Z] InitialReadForge.onBeforeSend: SKIP (fr=true syn=false hasRead=true)
[2026-07-31T23:23:45.033Z] LiveUpdateForge: EndTurn fallback flush
[2026-07-31T23:23:45.033Z] onEndTurn: naturalStop=undefined toolCalls=6 nudgeMsg=no
[2026-07-31T23:23:45.033Z] LiveUpdateForge: EndTurn fallback flush
[2026-07-31T23:23:45.034Z] onEndTurn: naturalStop=false toolCalls=6 nudgeMsg=no
[2026-07-31T23:23:45.206Z] LiveUpdateForge: AfterToolExec flush
[2026-07-31T23:23:45.239Z] InitialReadForge.onBeforeSend: SKIP (fr=true syn=false hasRead=true)
[2026-07-31T23:23:48.210Z] LiveUpdateForge: EndTurn fallback flush
[2026-07-31T23:23:48.211Z] onEndTurn: naturalStop=undefined toolCalls=7 nudgeMsg=no
[2026-07-31T23:23:48.211Z] LiveUpdateForge: EndTurn fallback flush
[2026-07-31T23:23:48.211Z] onEndTurn: naturalStop=false toolCalls=7 nudgeMsg=no
[2026-07-31T23:23:48.239Z] LiveUpdateForge: AfterToolExec flush
[2026-07-31T23:23:48.268Z] InitialReadForge.onBeforeSend: SKIP (fr=true syn=false hasRead=true)
[2026-07-31T23:23:50.070Z] LiveUpdateForge: EndTurn fallback flush
[2026-07-31T23:23:50.070Z] onEndTurn: naturalStop=undefined toolCalls=8 nudgeMsg=no
[2026-07-31T23:23:50.071Z] LiveUpdateForge: EndTurn fallback flush
[2026-07-31T23:23:50.071Z] onEndTurn: naturalStop=false toolCalls=8 nudgeMsg=no
[2026-07-31T23:23:50.453Z] LiveUpdateForge: AfterToolExec flush
[2026-07-31T23:23:50.486Z] InitialReadForge.onBeforeSend: SKIP (fr=true syn=false hasRead=true)
[2026-07-31T23:23:53.501Z] LiveUpdateForge: EndTurn fallback flush
[2026-07-31T23:23:53.501Z] onEndTurn: naturalStop=undefined toolCalls=9 nudgeMsg=no
[2026-07-31T23:23:53.501Z] LiveUpdateForge: EndTurn fallback flush
[2026-07-31T23:23:53.502Z] onEndTurn: naturalStop=false toolCalls=9 nudgeMsg=no
[2026-07-31T23:23:53.716Z] LiveUpdateForge: AfterToolExec flush
[2026-07-31T23:23:53.750Z] InitialReadForge.onBeforeSend: SKIP (fr=true syn=false hasRead=true)
[2026-07-31T23:23:55.999Z] LiveUpdateForge: EndTurn fallback flush
[2026-07-31T23:23:55.999Z] onEndTurn: naturalStop=undefined toolCalls=10 nudgeMsg=no
[2026-07-31T23:23:55.999Z] LiveUpdateForge: EndTurn fallback flush
[2026-07-31T23:23:55.999Z] onEndTurn: naturalStop=false toolCalls=10 nudgeMsg=no
[2026-07-31T23:24:19.794Z] LiveUpdateForge: AfterToolExec flush
[2026-07-31T23:24:19.832Z] InitialReadForge.onBeforeSend: SKIP (fr=true syn=false hasRead=true)
[2026-07-31T23:24:22.201Z] LiveUpdateForge: EndTurn fallback flush
[2026-07-31T23:24:22.201Z] onEndTurn: naturalStop=undefined toolCalls=11 nudgeMsg=no
[2026-07-31T23:24:22.202Z] LiveUpdateForge: EndTurn fallback flush
[2026-07-31T23:24:22.202Z] onEndTurn: naturalStop=true toolCalls=11 nudgeMsg=no
[2026-07-31T23:25:31.409Z] ResumeDiffForge: running checkResumeConsistency
[2026-07-31T23:25:31.411Z] checkResumeConsistency: forgedTimestamps=[]
[2026-07-31T23:25:31.438Z] checkResumeConsistency: no changes detected
[2026-07-31T23:25:31.439Z] LiveUpdateForge: session reset, allowLiveUpdate = false
[2026-07-31T23:25:31.439Z] NudgeForge: ResumeComplete — restoring count from history
[2026-07-31T23:25:31.440Z] restoreNudgeCountFromHistory: found last write at idx=287 count=11
[2026-07-31T23:25:31.521Z] LiveUpdateForge: allowLiveUpdate = true (first real BeforeSend)
[2026-07-31T23:25:31.523Z] InitialReadForge.onBeforeSend: SKIP (fr=false syn=false hasRead=true)
[2026-07-31T23:25:34.841Z] LiveUpdateForge: EndTurn fallback flush
[2026-07-31T23:25:34.841Z] onEndTurn: naturalStop=undefined toolCalls=11 nudgeMsg=no
[2026-07-31T23:25:34.842Z] LiveUpdateForge: EndTurn fallback flush
[2026-07-31T23:25:34.842Z] onEndTurn: naturalStop=false toolCalls=11 nudgeMsg=no
[2026-07-31T23:26:30.070Z] LiveUpdateForge: AfterToolExec flush
[2026-07-31T23:26:30.106Z] InitialReadForge.onBeforeSend: SKIP (fr=true syn=false hasRead=true)
[2026-07-31T23:26:31.246Z] LiveUpdateForge: AfterToolExec flush
[2026-07-31T23:26:31.280Z] InitialReadForge.onBeforeSend: SKIP (fr=true syn=false hasRead=true)
[2026-07-31T23:26:33.960Z] LiveUpdateForge: EndTurn fallback flush
[2026-07-31T23:26:33.960Z] onEndTurn: naturalStop=undefined toolCalls=43 nudgeMsg=no
[2026-07-31T23:26:33.960Z] LiveUpdateForge: EndTurn fallback flush
[2026-07-31T23:26:33.961Z] onEndTurn: naturalStop=false toolCalls=43 nudgeMsg=no
[2026-07-31T23:26:37.548Z] LiveUpdateForge: AfterToolExec flush
[2026-07-31T23:26:37.576Z] InitialReadForge.onBeforeSend: SKIP (fr=true syn=false hasRead=true)
[2026-07-31T23:26:39.976Z] LiveUpdateForge: EndTurn fallback flush
[2026-07-31T23:26:39.976Z] onEndTurn: naturalStop=undefined toolCalls=44 nudgeMsg=no
[2026-07-31T23:26:39.977Z] LiveUpdateForge: EndTurn fallback flush
[2026-07-31T23:26:39.977Z] onEndTurn: naturalStop=false toolCalls=44 nudgeMsg=no
[2026-07-31T23:26:42.077Z] LiveUpdateForge: AfterToolExec flush
[2026-07-31T23:26:42.104Z] InitialReadForge.onBeforeSend: SKIP (fr=true syn=false hasRead=true)
[2026-07-31T23:26:44.200Z] LiveUpdateForge: EndTurn fallback flush
[2026-07-31T23:26:44.201Z] onEndTurn: naturalStop=undefined toolCalls=45 nudgeMsg=no
[2026-07-31T23:26:44.201Z] LiveUpdateForge: EndTurn fallback flush
[2026-07-31T23:26:44.201Z] onEndTurn: naturalStop=false toolCalls=45 nudgeMsg=no
[2026-07-31T23:26:44.221Z] LiveUpdateForge: AfterToolExec flush
[2026-07-31T23:26:44.250Z] InitialReadForge.onBeforeSend: SKIP (fr=true syn=false hasRead=true)
[2026-07-31T23:26:46.898Z] LiveUpdateForge: EndTurn fallback flush
[2026-07-31T23:26:46.898Z] onEndTurn: naturalStop=undefined toolCalls=46 nudgeMsg=no
[2026-07-31T23:26:46.899Z] LiveUpdateForge: EndTurn fallback flush
[2026-07-31T23:26:46.899Z] onEndTurn: naturalStop=false toolCalls=46 nudgeMsg=no
[2026-07-31T23:26:47.397Z] LiveUpdateForge: EndTurn fallback flush
[2026-07-31T23:26:47.398Z] onEndTurn: naturalStop=undefined toolCalls=12 nudgeMsg=no
[2026-07-31T23:26:47.398Z] LiveUpdateForge: EndTurn fallback flush
[2026-07-31T23:26:47.398Z] onEndTurn: naturalStop=false toolCalls=12 nudgeMsg=no
[2026-07-31T23:26:48.616Z] LiveUpdateForge: AfterToolExec flush
[2026-07-31T23:26:48.650Z] InitialReadForge.onBeforeSend: SKIP (fr=true syn=false hasRead=true)
[2026-07-31T23:26:51.618Z] LiveUpdateForge: EndTurn fallback flush
[2026-07-31T23:26:51.618Z] onEndTurn: naturalStop=undefined toolCalls=13 nudgeMsg=no
[2026-07-31T23:26:51.619Z] LiveUpdateForge: EndTurn fallback flush
[2026-07-31T23:26:51.619Z] onEndTurn: naturalStop=false toolCalls=13 nudgeMsg=no
[2026-07-31T23:26:52.269Z] LiveUpdateForge: AfterToolExec flush
[2026-07-31T23:26:52.296Z] InitialReadForge.onBeforeSend: SKIP (fr=true syn=false hasRead=true)
[2026-07-31T23:26:53.146Z] LiveUpdateForge: AfterToolExec flush
[2026-07-31T23:26:53.178Z] InitialReadForge.onBeforeSend: SKIP (fr=true syn=false hasRead=true)
[2026-07-31T23:26:55.996Z] LiveUpdateForge: EndTurn fallback flush
[2026-07-31T23:26:55.996Z] onEndTurn: naturalStop=undefined toolCalls=47 nudgeMsg=no
[2026-07-31T23:26:55.996Z] LiveUpdateForge: EndTurn fallback flush
[2026-07-31T23:26:55.997Z] onEndTurn: naturalStop=false toolCalls=47 nudgeMsg=no
[2026-07-31T23:27:02.215Z] LiveUpdateForge: AfterToolExec flush
[2026-07-31T23:27:02.240Z] InitialReadForge.onBeforeSend: SKIP (fr=true syn=false hasRead=true)
[2026-07-31T23:27:03.746Z] LiveUpdateForge: EndTurn fallback flush
[2026-07-31T23:27:03.746Z] onEndTurn: naturalStop=undefined toolCalls=14 nudgeMsg=no
[2026-07-31T23:27:03.747Z] LiveUpdateForge: EndTurn fallback flush
[2026-07-31T23:27:03.747Z] onEndTurn: naturalStop=false toolCalls=14 nudgeMsg=no
[2026-07-31T23:27:03.815Z] LiveUpdateForge: AfterToolExec flush
[2026-07-31T23:27:03.845Z] InitialReadForge.onBeforeSend: SKIP (fr=true syn=false hasRead=true)
[2026-07-31T23:27:04.386Z] LiveUpdateForge: EndTurn fallback flush
[2026-07-31T23:27:04.386Z] onEndTurn: naturalStop=undefined toolCalls=48 nudgeMsg=no
[2026-07-31T23:27:04.387Z] LiveUpdateForge: EndTurn fallback flush
[2026-07-31T23:27:04.387Z] onEndTurn: naturalStop=false toolCalls=48 nudgeMsg=no
[2026-07-31T23:27:05.618Z] LiveUpdateForge: EndTurn fallback flush
[2026-07-31T23:27:05.618Z] onEndTurn: naturalStop=undefined toolCalls=15 nudgeMsg=no
[2026-07-31T23:27:05.619Z] LiveUpdateForge: EndTurn fallback flush
[2026-07-31T23:27:05.619Z] onEndTurn: naturalStop=false toolCalls=15 nudgeMsg=no
[2026-07-31T23:27:06.608Z] LiveUpdateForge: AfterToolExec flush
[2026-07-31T23:27:06.632Z] InitialReadForge.onBeforeSend: SKIP (fr=true syn=false hasRead=true)
[2026-07-31T23:27:11.247Z] LiveUpdateForge: EndTurn fallback flush
[2026-07-31T23:27:11.248Z] onEndTurn: naturalStop=undefined toolCalls=49 nudgeMsg=no
[2026-07-31T23:27:11.248Z] LiveUpdateForge: EndTurn fallback flush
[2026-07-31T23:27:11.249Z] onEndTurn: naturalStop=true toolCalls=49 nudgeMsg=no
[2026-07-31T23:27:17.448Z] LiveUpdateForge: AfterToolExec flush
[2026-07-31T23:27:17.478Z] InitialReadForge.onBeforeSend: SKIP (fr=true syn=false hasRead=true)
[2026-07-31T23:27:19.343Z] LiveUpdateForge: EndTurn fallback flush
[2026-07-31T23:27:19.343Z] onEndTurn: naturalStop=undefined toolCalls=16 nudgeMsg=no
[2026-07-31T23:27:19.344Z] LiveUpdateForge: EndTurn fallback flush
[2026-07-31T23:27:19.344Z] onEndTurn: naturalStop=false toolCalls=16 nudgeMsg=no
[2026-07-31T23:27:19.775Z] LiveUpdateForge: AfterToolExec flush
[2026-07-31T23:27:19.813Z] InitialReadForge.onBeforeSend: SKIP (fr=true syn=false hasRead=true)
[2026-07-31T23:27:21.634Z] LiveUpdateForge: EndTurn fallback flush
[2026-07-31T23:27:21.634Z] onEndTurn: naturalStop=undefined toolCalls=17 nudgeMsg=no
[2026-07-31T23:27:21.635Z] LiveUpdateForge: EndTurn fallback flush
[2026-07-31T23:27:21.635Z] onEndTurn: naturalStop=false toolCalls=17 nudgeMsg=no
[2026-07-31T23:27:21.897Z] LiveUpdateForge: AfterToolExec flush
[2026-07-31T23:27:21.939Z] InitialReadForge.onBeforeSend: SKIP (fr=true syn=false hasRead=true)
[2026-07-31T23:27:24.075Z] LiveUpdateForge: EndTurn fallback flush
[2026-07-31T23:27:24.075Z] onEndTurn: naturalStop=undefined toolCalls=18 nudgeMsg=no
[2026-07-31T23:27:24.076Z] LiveUpdateForge: EndTurn fallback flush
[2026-07-31T23:27:24.076Z] onEndTurn: naturalStop=false toolCalls=18 nudgeMsg=no
[2026-07-31T23:27:40.767Z] LiveUpdateForge: AfterToolExec flush
[2026-07-31T23:27:40.808Z] InitialReadForge.onBeforeSend: SKIP (fr=true syn=false hasRead=true)
[2026-07-31T23:27:50.198Z] LiveUpdateForge: EndTurn fallback flush
[2026-07-31T23:27:50.199Z] onEndTurn: naturalStop=undefined toolCalls=19 nudgeMsg=no
[2026-07-31T23:27:50.199Z] LiveUpdateForge: EndTurn fallback flush
[2026-07-31T23:27:50.199Z] onEndTurn: naturalStop=false toolCalls=19 nudgeMsg=no
[2026-07-31T23:27:52.282Z] LiveUpdateForge: AfterToolExec flush
[2026-07-31T23:27:52.319Z] InitialReadForge.onBeforeSend: SKIP (fr=true syn=false hasRead=true)
[2026-07-31T23:27:57.416Z] LiveUpdateForge: EndTurn fallback flush
[2026-07-31T23:27:57.416Z] onEndTurn: naturalStop=undefined toolCalls=20 nudgeMsg=no
[2026-07-31T23:27:57.416Z] LiveUpdateForge: EndTurn fallback flush
[2026-07-31T23:27:57.417Z] onEndTurn: naturalStop=false toolCalls=20 nudgeMsg=no
[2026-07-31T23:27:57.444Z] LiveUpdateForge: AfterToolExec flush
[2026-07-31T23:27:57.470Z] LiveUpdateForge: AfterToolExec flush
[2026-07-31T23:27:57.503Z] InitialReadForge.onBeforeSend: SKIP (fr=true syn=false hasRead=true)
[2026-07-31T23:27:59.485Z] LiveUpdateForge: EndTurn fallback flush
[2026-07-31T23:27:59.486Z] onEndTurn: naturalStop=undefined toolCalls=22 nudgeMsg=no
[2026-07-31T23:27:59.486Z] LiveUpdateForge: EndTurn fallback flush
[2026-07-31T23:27:59.486Z] onEndTurn: naturalStop=false toolCalls=22 nudgeMsg=no
[2026-07-31T23:28:09.206Z] LiveUpdateForge: AfterToolExec flush
[2026-07-31T23:28:09.240Z] InitialReadForge.onBeforeSend: SKIP (fr=true syn=false hasRead=true)
[2026-07-31T23:28:11.178Z] LiveUpdateForge: EndTurn fallback flush
[2026-07-31T23:28:11.178Z] onEndTurn: naturalStop=undefined toolCalls=23 nudgeMsg=no
[2026-07-31T23:28:11.179Z] LiveUpdateForge: EndTurn fallback flush
[2026-07-31T23:28:11.179Z] onEndTurn: naturalStop=false toolCalls=23 nudgeMsg=no
[2026-07-31T23:28:11.531Z] LiveUpdateForge: AfterToolExec flush
[2026-07-31T23:28:11.567Z] InitialReadForge.onBeforeSend: SKIP (fr=true syn=false hasRead=true)
[2026-07-31T23:28:13.422Z] LiveUpdateForge: EndTurn fallback flush
[2026-07-31T23:28:13.422Z] onEndTurn: naturalStop=undefined toolCalls=24 nudgeMsg=no
[2026-07-31T23:28:13.423Z] LiveUpdateForge: EndTurn fallback flush
[2026-07-31T23:28:13.423Z] onEndTurn: naturalStop=false toolCalls=24 nudgeMsg=no
[2026-07-31T23:28:13.704Z] LiveUpdateForge: AfterToolExec flush
[2026-07-31T23:28:13.739Z] InitialReadForge.onBeforeSend: SKIP (fr=true syn=false hasRead=true)
[2026-07-31T23:28:16.443Z] LiveUpdateForge: EndTurn fallback flush
[2026-07-31T23:28:16.443Z] onEndTurn: naturalStop=undefined toolCalls=25 nudgeMsg=no
[2026-07-31T23:28:16.443Z] LiveUpdateForge: EndTurn fallback flush
[2026-07-31T23:28:16.444Z] onEndTurn: naturalStop=false toolCalls=25 nudgeMsg=no
[2026-07-31T23:28:42.355Z] LiveUpdateForge: AfterToolExec flush
[2026-07-31T23:28:42.385Z] InitialReadForge.onBeforeSend: SKIP (fr=true syn=false hasRead=true)
[2026-07-31T23:28:59.890Z] LiveUpdateForge: EndTurn fallback flush
[2026-07-31T23:28:59.891Z] onEndTurn: naturalStop=undefined toolCalls=26 nudgeMsg=no
[2026-07-31T23:28:59.891Z] LiveUpdateForge: EndTurn fallback flush
[2026-07-31T23:28:59.891Z] onEndTurn: naturalStop=false toolCalls=26 nudgeMsg=no
[2026-07-31T23:28:59.909Z] LiveUpdateForge: AfterToolExec flush
[2026-07-31T23:28:59.940Z] InitialReadForge.onBeforeSend: SKIP (fr=true syn=false hasRead=true)
[2026-07-31T23:29:01.784Z] LiveUpdateForge: EndTurn fallback flush
[2026-07-31T23:29:01.784Z] onEndTurn: naturalStop=undefined toolCalls=27 nudgeMsg=no
[2026-07-31T23:29:01.785Z] LiveUpdateForge: EndTurn fallback flush
[2026-07-31T23:29:01.785Z] onEndTurn: naturalStop=false toolCalls=27 nudgeMsg=no
[2026-07-31T23:29:11.114Z] LiveUpdateForge: AfterToolExec flush
[2026-07-31T23:29:11.163Z] InitialReadForge.onBeforeSend: SKIP (fr=true syn=false hasRead=true)
[2026-07-31T23:29:13.443Z] LiveUpdateForge: EndTurn fallback flush
[2026-07-31T23:29:13.443Z] onEndTurn: naturalStop=undefined toolCalls=28 nudgeMsg=no
[2026-07-31T23:29:13.443Z] LiveUpdateForge: EndTurn fallback flush
[2026-07-31T23:29:13.444Z] onEndTurn: naturalStop=false toolCalls=28 nudgeMsg=no
[2026-07-31T23:29:13.832Z] LiveUpdateForge: AfterToolExec flush
[2026-07-31T23:29:13.877Z] InitialReadForge.onBeforeSend: SKIP (fr=true syn=false hasRead=true)
[2026-07-31T23:29:15.874Z] LiveUpdateForge: EndTurn fallback flush
[2026-07-31T23:29:15.874Z] onEndTurn: naturalStop=undefined toolCalls=29 nudgeMsg=no
[2026-07-31T23:29:15.874Z] LiveUpdateForge: EndTurn fallback flush
[2026-07-31T23:29:15.875Z] onEndTurn: naturalStop=false toolCalls=29 nudgeMsg=no
[2026-07-31T23:29:16.074Z] LiveUpdateForge: AfterToolExec flush
[2026-07-31T23:29:16.109Z] InitialReadForge.onBeforeSend: SKIP (fr=true syn=false hasRead=true)
[2026-07-31T23:29:18.355Z] LiveUpdateForge: EndTurn fallback flush
[2026-07-31T23:29:18.355Z] onEndTurn: naturalStop=undefined toolCalls=30 nudgeMsg=no
[2026-07-31T23:29:18.355Z] LiveUpdateForge: EndTurn fallback flush
[2026-07-31T23:29:18.356Z] onEndTurn: naturalStop=false toolCalls=30 nudgeMsg=no
[2026-07-31T23:29:32.043Z] LiveUpdateForge: AfterToolExec flush
[2026-07-31T23:29:32.097Z] InitialReadForge.onBeforeSend: SKIP (fr=true syn=false hasRead=true)
[2026-07-31T23:29:34.571Z] LiveUpdateForge: EndTurn fallback flush
[2026-07-31T23:29:34.571Z] onEndTurn: naturalStop=undefined toolCalls=31 nudgeMsg=no
[2026-07-31T23:29:34.572Z] LiveUpdateForge: EndTurn fallback flush
[2026-07-31T23:29:34.572Z] onEndTurn: naturalStop=false toolCalls=31 nudgeMsg=no
[2026-07-31T23:29:35.680Z] LiveUpdateForge: AfterToolExec flush
[2026-07-31T23:29:35.719Z] InitialReadForge.onBeforeSend: SKIP (fr=true syn=false hasRead=true)
[2026-07-31T23:29:37.548Z] LiveUpdateForge: EndTurn fallback flush
[2026-07-31T23:29:37.549Z] onEndTurn: naturalStop=undefined toolCalls=32 nudgeMsg=no
[2026-07-31T23:29:37.550Z] LiveUpdateForge: EndTurn fallback flush
[2026-07-31T23:29:37.550Z] onEndTurn: naturalStop=false toolCalls=32 nudgeMsg=no
[2026-07-31T23:29:37.739Z] LiveUpdateForge: AfterToolExec flush
[2026-07-31T23:29:37.775Z] InitialReadForge.onBeforeSend: SKIP (fr=true syn=false hasRead=true)
[2026-07-31T23:29:40.148Z] LiveUpdateForge: EndTurn fallback flush
[2026-07-31T23:29:40.149Z] onEndTurn: naturalStop=undefined toolCalls=33 nudgeMsg=no
[2026-07-31T23:29:40.149Z] LiveUpdateForge: EndTurn fallback flush
[2026-07-31T23:29:40.150Z] onEndTurn: naturalStop=false toolCalls=33 nudgeMsg=no
[2026-07-31T23:29:52.673Z] LiveUpdateForge: AfterToolExec flush
[2026-07-31T23:29:52.720Z] InitialReadForge.onBeforeSend: SKIP (fr=true syn=false hasRead=true)
[2026-07-31T23:29:55.744Z] LiveUpdateForge: EndTurn fallback flush
[2026-07-31T23:29:55.744Z] onEndTurn: naturalStop=undefined toolCalls=34 nudgeMsg=no
[2026-07-31T23:29:55.745Z] LiveUpdateForge: EndTurn fallback flush
[2026-07-31T23:29:55.745Z] onEndTurn: naturalStop=false toolCalls=34 nudgeMsg=no
[2026-07-31T23:29:57.493Z] LiveUpdateForge: AfterToolExec flush
[2026-07-31T23:29:57.542Z] InitialReadForge.onBeforeSend: SKIP (fr=true syn=false hasRead=true)
[2026-07-31T23:30:02.194Z] LiveUpdateForge: EndTurn fallback flush
[2026-07-31T23:30:02.194Z] onEndTurn: naturalStop=undefined toolCalls=35 nudgeMsg=no
[2026-07-31T23:30:02.194Z] LiveUpdateForge: EndTurn fallback flush
[2026-07-31T23:30:02.195Z] onEndTurn: naturalStop=false toolCalls=35 nudgeMsg=no
[2026-07-31T23:30:02.212Z] LiveUpdateForge: AfterToolExec flush
[2026-07-31T23:30:02.248Z] InitialReadForge.onBeforeSend: SKIP (fr=true syn=false hasRead=true)
[2026-07-31T23:30:04.333Z] LiveUpdateForge: EndTurn fallback flush
[2026-07-31T23:30:04.334Z] onEndTurn: naturalStop=undefined toolCalls=36 nudgeMsg=no
[2026-07-31T23:30:04.334Z] LiveUpdateForge: EndTurn fallback flush
[2026-07-31T23:30:04.335Z] onEndTurn: naturalStop=false toolCalls=36 nudgeMsg=no
[2026-07-31T23:30:04.381Z] LiveUpdateForge: AfterToolExec flush
[2026-07-31T23:30:04.420Z] InitialReadForge.onBeforeSend: SKIP (fr=true syn=false hasRead=true)
[2026-07-31T23:30:06.324Z] LiveUpdateForge: EndTurn fallback flush
[2026-07-31T23:30:06.325Z] onEndTurn: naturalStop=undefined toolCalls=37 nudgeMsg=no
[2026-07-31T23:30:06.325Z] LiveUpdateForge: EndTurn fallback flush
[2026-07-31T23:30:06.325Z] onEndTurn: naturalStop=false toolCalls=37 nudgeMsg=no
[2026-07-31T23:30:06.513Z] LiveUpdateForge: AfterToolExec flush
[2026-07-31T23:30:06.556Z] InitialReadForge.onBeforeSend: SKIP (fr=true syn=false hasRead=true)
[2026-07-31T23:30:08.918Z] LiveUpdateForge: EndTurn fallback flush
[2026-07-31T23:30:08.918Z] onEndTurn: naturalStop=undefined toolCalls=38 nudgeMsg=no
[2026-07-31T23:30:08.918Z] LiveUpdateForge: EndTurn fallback flush
[2026-07-31T23:30:08.919Z] onEndTurn: naturalStop=false toolCalls=38 nudgeMsg=no
[2026-07-31T23:30:33.987Z] LiveUpdateForge: AfterToolExec flush
[2026-07-31T23:30:34.027Z] InitialReadForge.onBeforeSend: SKIP (fr=true syn=false hasRead=true)
[2026-07-31T23:30:45.094Z] LiveUpdateForge: EndTurn fallback flush
[2026-07-31T23:30:45.094Z] onEndTurn: naturalStop=undefined toolCalls=39 nudgeMsg=no
[2026-07-31T23:30:45.095Z] LiveUpdateForge: EndTurn fallback flush
[2026-07-31T23:30:45.095Z] onEndTurn: naturalStop=false toolCalls=39 nudgeMsg=no
[2026-07-31T23:30:45.114Z] LiveUpdateForge: AfterToolExec flush
[2026-07-31T23:30:45.161Z] InitialReadForge.onBeforeSend: SKIP (fr=true syn=false hasRead=true)
[2026-07-31T23:31:22.685Z] LiveUpdateForge: EndTurn fallback flush
[2026-07-31T23:31:22.686Z] onEndTurn: naturalStop=undefined toolCalls=40 nudgeMsg=no
[2026-07-31T23:31:22.686Z] LiveUpdateForge: EndTurn fallback flush
[2026-07-31T23:31:22.686Z] onEndTurn: naturalStop=false toolCalls=40 nudgeMsg=no
[2026-07-31T23:31:23.424Z] LiveUpdateForge: AfterToolExec flush
[2026-07-31T23:31:23.467Z] InitialReadForge.onBeforeSend: SKIP (fr=true syn=false hasRead=true)
[2026-07-31T23:31:31.041Z] LiveUpdateForge: EndTurn fallback flush
[2026-07-31T23:31:31.041Z] onEndTurn: naturalStop=undefined toolCalls=41 nudgeMsg=no
[2026-07-31T23:31:31.041Z] LiveUpdateForge: EndTurn fallback flush
[2026-07-31T23:31:31.042Z] onEndTurn: naturalStop=false toolCalls=41 nudgeMsg=no
[2026-07-31T23:31:41.726Z] LiveUpdateForge: AfterToolExec flush
[2026-07-31T23:31:41.771Z] InitialReadForge.onBeforeSend: SKIP (fr=true syn=false hasRead=true)
[2026-07-31T23:31:44.606Z] ResumeDiffForge: running checkResumeConsistency
[2026-07-31T23:31:44.607Z] checkResumeConsistency: forgedTimestamps=[]
[2026-07-31T23:31:44.616Z] checkResumeConsistency: no changes detected
[2026-07-31T23:31:44.616Z] LiveUpdateForge: session reset, allowLiveUpdate = false
[2026-07-31T23:31:44.616Z] NudgeForge: ResumeComplete — restoring count from history
[2026-07-31T23:31:44.617Z] restoreNudgeCountFromHistory: no reset point found, count=49
[2026-07-31T23:31:44.695Z] LiveUpdateForge: allowLiveUpdate = true (first real BeforeSend)
[2026-07-31T23:31:44.695Z] InitialReadForge.onBeforeSend: SKIP (fr=false syn=false hasRead=true)
[2026-07-31T23:31:49.593Z] LiveUpdateForge: EndTurn fallback flush
[2026-07-31T23:31:49.593Z] onEndTurn: naturalStop=undefined toolCalls=42 nudgeMsg=no
[2026-07-31T23:31:49.593Z] LiveUpdateForge: EndTurn fallback flush
[2026-07-31T23:31:49.594Z] onEndTurn: naturalStop=false toolCalls=42 nudgeMsg=no
[2026-07-31T23:31:49.965Z] LiveUpdateForge: AfterToolExec flush
[2026-07-31T23:31:50.004Z] InitialReadForge.onBeforeSend: SKIP (fr=true syn=false hasRead=true)
[2026-07-31T23:31:55.039Z] LiveUpdateForge: EndTurn fallback flush
[2026-07-31T23:31:55.040Z] onEndTurn: naturalStop=undefined toolCalls=49 nudgeMsg=no
[2026-07-31T23:31:55.040Z] LiveUpdateForge: EndTurn fallback flush
[2026-07-31T23:31:55.040Z] onEndTurn: naturalStop=true toolCalls=49 nudgeMsg=no
[2026-07-31T23:31:58.519Z] LiveUpdateForge: EndTurn fallback flush
[2026-07-31T23:31:58.519Z] onEndTurn: naturalStop=undefined toolCalls=43 nudgeMsg=no
[2026-07-31T23:31:58.519Z] LiveUpdateForge: EndTurn fallback flush
[2026-07-31T23:31:58.520Z] onEndTurn: naturalStop=false toolCalls=43 nudgeMsg=no
[2026-07-31T23:31:59.597Z] LiveUpdateForge: AfterToolExec flush
[2026-07-31T23:31:59.638Z] InitialReadForge.onBeforeSend: SKIP (fr=true syn=false hasRead=true)
[2026-07-31T23:32:07.184Z] LiveUpdateForge: EndTurn fallback flush
[2026-07-31T23:32:07.184Z] onEndTurn: naturalStop=undefined toolCalls=44 nudgeMsg=no
[2026-07-31T23:32:07.185Z] LiveUpdateForge: EndTurn fallback flush
[2026-07-31T23:32:07.185Z] onEndTurn: naturalStop=false toolCalls=44 nudgeMsg=no
[2026-07-31T23:32:07.253Z] LiveUpdateForge: AfterToolExec flush
[2026-07-31T23:32:07.298Z] InitialReadForge.onBeforeSend: SKIP (fr=true syn=false hasRead=true)
[2026-07-31T23:32:14.891Z] LiveUpdateForge: EndTurn fallback flush
[2026-07-31T23:32:14.892Z] onEndTurn: naturalStop=undefined toolCalls=45 nudgeMsg=no
[2026-07-31T23:32:14.892Z] LiveUpdateForge: EndTurn fallback flush
[2026-07-31T23:32:14.893Z] onEndTurn: naturalStop=false toolCalls=45 nudgeMsg=no
[2026-07-31T23:32:15.150Z] LiveUpdateForge: AfterToolExec flush
[2026-07-31T23:32:15.195Z] InitialReadForge.onBeforeSend: SKIP (fr=true syn=false hasRead=true)
[2026-07-31T23:32:23.564Z] LiveUpdateForge: EndTurn fallback flush
[2026-07-31T23:32:23.564Z] onEndTurn: naturalStop=undefined toolCalls=46 nudgeMsg=no
[2026-07-31T23:32:23.564Z] LiveUpdateForge: EndTurn fallback flush
[2026-07-31T23:32:23.565Z] onEndTurn: naturalStop=false toolCalls=46 nudgeMsg=no
[2026-07-31T23:32:32.371Z] LiveUpdateForge: AfterToolExec flush
[2026-07-31T23:32:32.418Z] InitialReadForge.onBeforeSend: SKIP (fr=true syn=false hasRead=true)
[2026-07-31T23:32:40.641Z] LiveUpdateForge: EndTurn fallback flush
[2026-07-31T23:32:40.641Z] onEndTurn: naturalStop=undefined toolCalls=47 nudgeMsg=no
[2026-07-31T23:32:40.642Z] LiveUpdateForge: EndTurn fallback flush
[2026-07-31T23:32:40.642Z] onEndTurn: naturalStop=false toolCalls=47 nudgeMsg=no
[2026-07-31T23:32:41.480Z] LiveUpdateForge: AfterToolExec flush
[2026-07-31T23:32:41.526Z] InitialReadForge.onBeforeSend: SKIP (fr=true syn=false hasRead=true)
[2026-07-31T23:32:52.196Z] LiveUpdateForge: EndTurn fallback flush
[2026-07-31T23:32:52.196Z] onEndTurn: naturalStop=undefined toolCalls=48 nudgeMsg=no
[2026-07-31T23:32:52.196Z] LiveUpdateForge: EndTurn fallback flush
[2026-07-31T23:32:52.197Z] onEndTurn: naturalStop=true toolCalls=48 nudgeMsg=no
[2026-07-31T23:32:52.209Z] InitialReadForge.onBeforeSend: SKIP (fr=false syn=false hasRead=true)
[2026-07-31T23:33:05.693Z] LiveUpdateForge: EndTurn fallback flush
[2026-07-31T23:33:05.693Z] onEndTurn: naturalStop=undefined toolCalls=48 nudgeMsg=no
[2026-07-31T23:33:05.694Z] LiveUpdateForge: EndTurn fallback flush
[2026-07-31T23:33:05.694Z] onEndTurn: naturalStop=false toolCalls=48 nudgeMsg=no
[2026-07-31T23:33:05.745Z] LiveUpdateForge: AfterToolExec flush
[2026-07-31T23:33:05.792Z] InitialReadForge.onBeforeSend: SKIP (fr=true syn=false hasRead=true)
[2026-07-31T23:33:13.927Z] LiveUpdateForge: EndTurn fallback flush
[2026-07-31T23:33:13.928Z] onEndTurn: naturalStop=undefined toolCalls=49 nudgeMsg=no
[2026-07-31T23:33:13.928Z] LiveUpdateForge: EndTurn fallback flush
[2026-07-31T23:33:13.928Z] onEndTurn: naturalStop=false toolCalls=49 nudgeMsg=no
[2026-07-31T23:33:13.937Z] LiveUpdateForge: AfterToolExec flush
[2026-07-31T23:33:13.986Z] InitialReadForge.onBeforeSend: SKIP (fr=true syn=false hasRead=true)
[2026-07-31T23:33:17.461Z] ResumeDiffForge: running checkResumeConsistency
[2026-07-31T23:33:17.461Z] checkResumeConsistency: forgedTimestamps=[]
[2026-07-31T23:33:17.468Z] checkResumeConsistency: no changes detected
[2026-07-31T23:33:17.468Z] LiveUpdateForge: session reset, allowLiveUpdate = false
[2026-07-31T23:33:17.469Z] NudgeForge: ResumeComplete — restoring count from history
[2026-07-31T23:33:17.469Z] restoreNudgeCountFromHistory: no reset point found, count=49
[2026-07-31T23:33:17.537Z] LiveUpdateForge: allowLiveUpdate = true (first real BeforeSend)
[2026-07-31T23:33:17.538Z] InitialReadForge.onBeforeSend: SKIP (fr=false syn=false hasRead=true)
[2026-07-31T23:33:24.793Z] LiveUpdateForge: EndTurn fallback flush
[2026-07-31T23:33:24.793Z] onEndTurn: naturalStop=undefined toolCalls=50 nudgeMsg=no
[2026-07-31T23:33:24.793Z] LiveUpdateForge: EndTurn fallback flush
[2026-07-31T23:33:24.794Z] onEndTurn: naturalStop=true toolCalls=0 nudgeMsg=YES
[2026-07-31T23:33:24.802Z] InitialReadForge.onBeforeSend: SKIP (fr=false syn=false hasRead=true)
[2026-07-31T23:33:34.460Z] LiveUpdateForge: EndTurn fallback flush
[2026-07-31T23:33:34.461Z] onEndTurn: naturalStop=undefined toolCalls=49 nudgeMsg=no
[2026-07-31T23:33:34.461Z] LiveUpdateForge: EndTurn fallback flush
[2026-07-31T23:33:34.462Z] onEndTurn: naturalStop=false toolCalls=49 nudgeMsg=no
[2026-07-31T23:33:34.556Z] LiveUpdateForge: AfterToolExec flush
[2026-07-31T23:33:34.584Z] InitialReadForge.onBeforeSend: SKIP (fr=true syn=false hasRead=true)
[2026-07-31T23:33:38.489Z] LiveUpdateForge: EndTurn fallback flush
[2026-07-31T23:33:38.489Z] onEndTurn: naturalStop=undefined toolCalls=0 nudgeMsg=no
[2026-07-31T23:33:38.490Z] LiveUpdateForge: EndTurn fallback flush
[2026-07-31T23:33:38.490Z] onEndTurn: naturalStop=true toolCalls=0 nudgeMsg=no
[2026-07-31T23:33:41.493Z] LiveUpdateForge: EndTurn fallback flush
[2026-07-31T23:33:41.493Z] onEndTurn: naturalStop=undefined toolCalls=50 nudgeMsg=no
[2026-07-31T23:33:41.494Z] LiveUpdateForge: EndTurn fallback flush
[2026-07-31T23:33:41.494Z] onEndTurn: naturalStop=true toolCalls=0 nudgeMsg=YES
[2026-07-31T23:33:41.497Z] InitialReadForge.onBeforeSend: SKIP (fr=false syn=false hasRead=true)
[2026-07-31T23:33:59.877Z] LiveUpdateForge: EndTurn fallback flush
[2026-07-31T23:33:59.878Z] onEndTurn: naturalStop=undefined toolCalls=0 nudgeMsg=no
[2026-07-31T23:33:59.879Z] LiveUpdateForge: EndTurn fallback flush
[2026-07-31T23:33:59.879Z] onEndTurn: naturalStop=false toolCalls=0 nudgeMsg=no
[2026-07-31T23:33:59.901Z] LiveUpdateForge: self-write on D:\unity\mowang\CODELY.md, baseline aligned
[2026-07-31T23:33:59.902Z] LiveUpdateForge: AfterToolExec flush
[2026-07-31T23:33:59.931Z] LiveUpdateForge: self-write on D:\unity\mowang\CODELY.md, baseline aligned
[2026-07-31T23:33:59.932Z] LiveUpdateForge: AfterToolExec flush
[2026-07-31T23:33:59.950Z] LiveUpdateForge: self-write on D:\unity\mowang\CODELY.md, baseline aligned
[2026-07-31T23:33:59.951Z] LiveUpdateForge: AfterToolExec flush
[2026-07-31T23:33:59.972Z] LiveUpdateForge: self-write on D:\unity\mowang\CODELY.md, baseline aligned
[2026-07-31T23:33:59.973Z] LiveUpdateForge: AfterToolExec flush
[2026-07-31T23:34:00.013Z] InitialReadForge.onBeforeSend: SKIP (fr=true syn=false hasRead=true)
[2026-07-31T23:34:00.493Z] LiveUpdateForge: pending external change on D:\unity\mowang\CODELY.md
[2026-07-31T23:34:07.352Z] LiveUpdateForge: EndTurn fallback flush
[2026-07-31T23:34:07.352Z] onEndTurn: naturalStop=undefined toolCalls=0 nudgeMsg=no
[2026-07-31T23:34:07.353Z] LiveUpdateForge: EndTurn fallback flush
[2026-07-31T23:34:07.353Z] onEndTurn: naturalStop=true toolCalls=0 nudgeMsg=no
[2026-07-31T23:35:56.146Z] ResumeDiffForge: running checkResumeConsistency
[2026-07-31T23:35:56.147Z] checkResumeConsistency: forgedTimestamps=[]
[2026-07-31T23:35:56.155Z] checkResumeConsistency: no changes detected
[2026-07-31T23:35:56.155Z] LiveUpdateForge: session reset, allowLiveUpdate = false
[2026-07-31T23:35:56.156Z] NudgeForge: ResumeComplete — restoring count from history
[2026-07-31T23:35:56.156Z] restoreNudgeCountFromHistory: found nudge message at idx=392 count=0
[2026-07-31T23:35:56.214Z] LiveUpdateForge: allowLiveUpdate = true (first real BeforeSend)
[2026-07-31T23:35:56.215Z] InitialReadForge.onBeforeSend: SKIP (fr=false syn=false hasRead=true)
[2026-07-31T23:35:56.397Z] LiveUpdateForge: EndTurn fallback flush
[2026-07-31T23:35:56.397Z] onEndTurn: naturalStop=undefined toolCalls=0 nudgeMsg=no
[2026-07-31T23:35:56.398Z] LiveUpdateForge: EndTurn fallback flush
[2026-07-31T23:35:56.398Z] onEndTurn: naturalStop=false toolCalls=0 nudgeMsg=no
[2026-07-31T23:35:56.405Z] InitialReadForge.onBeforeSend: SKIP (fr=false syn=false hasRead=true)
[2026-07-31T23:36:07.574Z] LiveUpdateForge: EndTurn fallback flush
[2026-07-31T23:36:07.575Z] onEndTurn: naturalStop=undefined toolCalls=0 nudgeMsg=no
[2026-07-31T23:36:07.575Z] LiveUpdateForge: EndTurn fallback flush
[2026-07-31T23:36:07.575Z] onEndTurn: naturalStop=false toolCalls=0 nudgeMsg=no
[2026-07-31T23:36:27.547Z] LiveUpdateForge: AfterToolExec flush
[2026-07-31T23:36:27.587Z] InitialReadForge.onBeforeSend: SKIP (fr=true syn=false hasRead=true)
[2026-07-31T23:36:47.302Z] ResumeDiffForge: running checkResumeConsistency
[2026-07-31T23:36:47.303Z] checkResumeConsistency: forgedTimestamps=[]
[2026-07-31T23:36:47.312Z] checkResumeConsistency: no changes detected
[2026-07-31T23:36:47.312Z] LiveUpdateForge: session reset, allowLiveUpdate = false
[2026-07-31T23:36:47.312Z] NudgeForge: ResumeComplete — restoring count from history
[2026-07-31T23:36:47.313Z] restoreNudgeCountFromHistory: found last write at idx=97 count=0
[2026-07-31T23:36:47.400Z] LiveUpdateForge: allowLiveUpdate = true (first real BeforeSend)
[2026-07-31T23:36:47.400Z] InitialReadForge.onBeforeSend: SKIP (fr=false syn=false hasRead=true)
[2026-07-31T23:36:55.970Z] LiveUpdateForge: EndTurn fallback flush
[2026-07-31T23:36:55.971Z] onEndTurn: naturalStop=undefined toolCalls=0 nudgeMsg=no
[2026-07-31T23:36:55.971Z] LiveUpdateForge: EndTurn fallback flush
[2026-07-31T23:36:55.971Z] onEndTurn: naturalStop=false toolCalls=0 nudgeMsg=no
[2026-07-31T23:36:58.585Z] LiveUpdateForge: AfterToolExec flush
[2026-07-31T23:36:58.623Z] InitialReadForge.onBeforeSend: SKIP (fr=true syn=false hasRead=true)
[2026-07-31T23:37:04.078Z] LiveUpdateForge: EndTurn fallback flush
[2026-07-31T23:37:04.078Z] onEndTurn: naturalStop=undefined toolCalls=1 nudgeMsg=no
[2026-07-31T23:37:04.079Z] LiveUpdateForge: EndTurn fallback flush
[2026-07-31T23:37:04.079Z] onEndTurn: naturalStop=false toolCalls=1 nudgeMsg=no
[2026-07-31T23:37:04.148Z] LiveUpdateForge: AfterToolExec flush
[2026-07-31T23:37:04.181Z] InitialReadForge.onBeforeSend: SKIP (fr=true syn=false hasRead=true)
[2026-07-31T23:37:14.280Z] LiveUpdateForge: EndTurn fallback flush
[2026-07-31T23:37:14.280Z] onEndTurn: naturalStop=undefined toolCalls=2 nudgeMsg=no
[2026-07-31T23:37:14.280Z] LiveUpdateForge: EndTurn fallback flush
[2026-07-31T23:37:14.280Z] onEndTurn: naturalStop=false toolCalls=2 nudgeMsg=no
[2026-07-31T23:37:14.347Z] LiveUpdateForge: AfterToolExec flush
[2026-07-31T23:37:14.383Z] InitialReadForge.onBeforeSend: SKIP (fr=true syn=false hasRead=true)
[2026-07-31T23:37:20.413Z] LiveUpdateForge: EndTurn fallback flush
[2026-07-31T23:37:20.414Z] onEndTurn: naturalStop=undefined toolCalls=1 nudgeMsg=no
[2026-07-31T23:37:20.414Z] LiveUpdateForge: EndTurn fallback flush
[2026-07-31T23:37:20.415Z] onEndTurn: naturalStop=false toolCalls=1 nudgeMsg=no
[2026-07-31T23:37:22.345Z] LiveUpdateForge: EndTurn fallback flush
[2026-07-31T23:37:22.346Z] onEndTurn: naturalStop=undefined toolCalls=3 nudgeMsg=no
[2026-07-31T23:37:22.346Z] LiveUpdateForge: EndTurn fallback flush
[2026-07-31T23:37:22.346Z] onEndTurn: naturalStop=false toolCalls=3 nudgeMsg=no
[2026-07-31T23:37:26.312Z] LiveUpdateForge: AfterToolExec flush
[2026-07-31T23:37:26.344Z] InitialReadForge.onBeforeSend: SKIP (fr=true syn=false hasRead=true)
[2026-07-31T23:37:27.965Z] LiveUpdateForge: AfterToolExec flush
[2026-07-31T23:37:28.003Z] InitialReadForge.onBeforeSend: SKIP (fr=true syn=false hasRead=true)
[2026-07-31T23:37:34.634Z] LiveUpdateForge: EndTurn fallback flush
[2026-07-31T23:37:34.634Z] onEndTurn: naturalStop=undefined toolCalls=4 nudgeMsg=no
[2026-07-31T23:37:34.635Z] LiveUpdateForge: EndTurn fallback flush
[2026-07-31T23:37:34.635Z] onEndTurn: naturalStop=false toolCalls=4 nudgeMsg=no
[2026-07-31T23:37:34.686Z] LiveUpdateForge: EndTurn fallback flush
[2026-07-31T23:37:34.686Z] onEndTurn: naturalStop=undefined toolCalls=2 nudgeMsg=no
[2026-07-31T23:37:34.687Z] LiveUpdateForge: EndTurn fallback flush
[2026-07-31T23:37:34.687Z] onEndTurn: naturalStop=false toolCalls=2 nudgeMsg=no
[2026-07-31T23:37:36.562Z] LiveUpdateForge: AfterToolExec flush
[2026-07-31T23:37:36.606Z] InitialReadForge.onBeforeSend: SKIP (fr=true syn=false hasRead=true)
[2026-07-31T23:37:55.219Z] LiveUpdateForge: EndTurn fallback flush
[2026-07-31T23:37:55.220Z] onEndTurn: naturalStop=undefined toolCalls=5 nudgeMsg=no
[2026-07-31T23:37:55.220Z] LiveUpdateForge: EndTurn fallback flush
[2026-07-31T23:37:55.220Z] onEndTurn: naturalStop=false toolCalls=5 nudgeMsg=no
[2026-07-31T23:38:03.572Z] LiveUpdateForge: AfterToolExec flush
[2026-07-31T23:38:03.607Z] InitialReadForge.onBeforeSend: SKIP (fr=true syn=false hasRead=true)
[2026-07-31T23:38:07.989Z] LiveUpdateForge: AfterToolExec flush
[2026-07-31T23:38:08.025Z] InitialReadForge.onBeforeSend: SKIP (fr=true syn=false hasRead=true)
[2026-07-31T23:38:11.645Z] LiveUpdateForge: EndTurn fallback flush
[2026-07-31T23:38:11.645Z] onEndTurn: naturalStop=undefined toolCalls=6 nudgeMsg=no
[2026-07-31T23:38:11.646Z] LiveUpdateForge: EndTurn fallback flush
[2026-07-31T23:38:11.646Z] onEndTurn: naturalStop=false toolCalls=6 nudgeMsg=no
[2026-07-31T23:38:12.308Z] LiveUpdateForge: AfterToolExec flush
[2026-07-31T23:38:12.344Z] InitialReadForge.onBeforeSend: SKIP (fr=true syn=false hasRead=true)
[2026-07-31T23:38:13.547Z] LiveUpdateForge: EndTurn fallback flush
[2026-07-31T23:38:13.548Z] onEndTurn: naturalStop=undefined toolCalls=3 nudgeMsg=no
[2026-07-31T23:38:13.548Z] LiveUpdateForge: EndTurn fallback flush
[2026-07-31T23:38:13.548Z] onEndTurn: naturalStop=false toolCalls=3 nudgeMsg=no
[2026-07-31T23:38:17.216Z] LiveUpdateForge: AfterToolExec flush
[2026-07-31T23:38:17.253Z] InitialReadForge.onBeforeSend: SKIP (fr=true syn=false hasRead=true)
[2026-07-31T23:38:20.075Z] LiveUpdateForge: EndTurn fallback flush
[2026-07-31T23:38:20.076Z] onEndTurn: naturalStop=undefined toolCalls=7 nudgeMsg=no
[2026-07-31T23:38:20.076Z] LiveUpdateForge: EndTurn fallback flush
[2026-07-31T23:38:20.076Z] onEndTurn: naturalStop=false toolCalls=7 nudgeMsg=no
[2026-07-31T23:38:21.587Z] LiveUpdateForge: AfterToolExec flush
[2026-07-31T23:38:21.648Z] InitialReadForge.onBeforeSend: SKIP (fr=true syn=false hasRead=true)
[2026-07-31T23:38:25.256Z] LiveUpdateForge: EndTurn fallback flush
[2026-07-31T23:38:25.256Z] onEndTurn: naturalStop=undefined toolCalls=4 nudgeMsg=no
[2026-07-31T23:38:25.256Z] LiveUpdateForge: EndTurn fallback flush
[2026-07-31T23:38:25.257Z] onEndTurn: naturalStop=true toolCalls=4 nudgeMsg=no
[2026-07-31T23:38:29.102Z] LiveUpdateForge: EndTurn fallback flush
[2026-07-31T23:38:29.103Z] onEndTurn: naturalStop=undefined toolCalls=8 nudgeMsg=no
[2026-07-31T23:38:29.104Z] LiveUpdateForge: EndTurn fallback flush
[2026-07-31T23:38:29.105Z] onEndTurn: naturalStop=false toolCalls=8 nudgeMsg=no
[2026-07-31T23:38:29.355Z] LiveUpdateForge: AfterToolExec flush
[2026-07-31T23:38:29.400Z] InitialReadForge.onBeforeSend: SKIP (fr=true syn=false hasRead=true)
[2026-07-31T23:38:37.159Z] LiveUpdateForge: EndTurn fallback flush
[2026-07-31T23:38:37.160Z] onEndTurn: naturalStop=undefined toolCalls=9 nudgeMsg=no
[2026-07-31T23:38:37.160Z] LiveUpdateForge: EndTurn fallback flush
[2026-07-31T23:38:37.161Z] onEndTurn: naturalStop=false toolCalls=9 nudgeMsg=no
[2026-07-31T23:38:44.738Z] LiveUpdateForge: AfterToolExec flush
[2026-07-31T23:38:44.780Z] InitialReadForge.onBeforeSend: SKIP (fr=true syn=false hasRead=true)
[2026-07-31T23:38:53.003Z] LiveUpdateForge: EndTurn fallback flush
[2026-07-31T23:38:53.003Z] onEndTurn: naturalStop=undefined toolCalls=10 nudgeMsg=no
[2026-07-31T23:38:53.004Z] LiveUpdateForge: EndTurn fallback flush
[2026-07-31T23:38:53.004Z] onEndTurn: naturalStop=false toolCalls=10 nudgeMsg=no
[2026-07-31T23:38:53.065Z] LiveUpdateForge: AfterToolExec flush
[2026-07-31T23:38:53.108Z] InitialReadForge.onBeforeSend: SKIP (fr=true syn=false hasRead=true)
[2026-07-31T23:39:00.583Z] LiveUpdateForge: EndTurn fallback flush
[2026-07-31T23:39:00.584Z] onEndTurn: naturalStop=undefined toolCalls=11 nudgeMsg=no
[2026-07-31T23:39:00.584Z] LiveUpdateForge: EndTurn fallback flush
[2026-07-31T23:39:00.585Z] onEndTurn: naturalStop=false toolCalls=11 nudgeMsg=no
[2026-07-31T23:39:00.822Z] LiveUpdateForge: AfterToolExec flush
[2026-07-31T23:39:00.864Z] InitialReadForge.onBeforeSend: SKIP (fr=true syn=false hasRead=true)
[2026-07-31T23:39:10.982Z] LiveUpdateForge: EndTurn fallback flush
[2026-07-31T23:39:10.982Z] onEndTurn: naturalStop=undefined toolCalls=12 nudgeMsg=no
[2026-07-31T23:39:10.983Z] LiveUpdateForge: EndTurn fallback flush
[2026-07-31T23:39:10.983Z] onEndTurn: naturalStop=false toolCalls=12 nudgeMsg=no
[2026-07-31T23:39:24.539Z] LiveUpdateForge: AfterToolExec flush
[2026-07-31T23:39:24.583Z] InitialReadForge.onBeforeSend: SKIP (fr=true syn=false hasRead=true)
[2026-07-31T23:39:41.323Z] LiveUpdateForge: EndTurn fallback flush
[2026-07-31T23:39:41.325Z] onEndTurn: naturalStop=undefined toolCalls=13 nudgeMsg=no
[2026-07-31T23:39:41.325Z] LiveUpdateForge: EndTurn fallback flush
[2026-07-31T23:39:41.326Z] onEndTurn: naturalStop=false toolCalls=13 nudgeMsg=no
[2026-07-31T23:39:41.342Z] LiveUpdateForge: AfterToolExec flush
[2026-07-31T23:39:41.399Z] InitialReadForge.onBeforeSend: SKIP (fr=true syn=false hasRead=true)
[2026-07-31T23:39:51.234Z] LiveUpdateForge: EndTurn fallback flush
[2026-07-31T23:39:51.235Z] onEndTurn: naturalStop=undefined toolCalls=14 nudgeMsg=no
[2026-07-31T23:39:51.235Z] LiveUpdateForge: EndTurn fallback flush
[2026-07-31T23:39:51.235Z] onEndTurn: naturalStop=false toolCalls=14 nudgeMsg=no
[2026-07-31T23:39:51.257Z] LiveUpdateForge: AfterToolExec flush
[2026-07-31T23:39:51.305Z] InitialReadForge.onBeforeSend: SKIP (fr=true syn=false hasRead=true)
[2026-07-31T23:40:02.870Z] LiveUpdateForge: EndTurn fallback flush
[2026-07-31T23:40:02.871Z] onEndTurn: naturalStop=undefined toolCalls=15 nudgeMsg=no
[2026-07-31T23:40:02.871Z] LiveUpdateForge: EndTurn fallback flush
[2026-07-31T23:40:02.872Z] onEndTurn: naturalStop=false toolCalls=15 nudgeMsg=no
[2026-07-31T23:40:02.904Z] LiveUpdateForge: AfterToolExec flush
[2026-07-31T23:40:02.949Z] InitialReadForge.onBeforeSend: SKIP (fr=true syn=false hasRead=true)
[2026-07-31T23:40:12.692Z] LiveUpdateForge: EndTurn fallback flush
[2026-07-31T23:40:12.692Z] onEndTurn: naturalStop=undefined toolCalls=16 nudgeMsg=no
[2026-07-31T23:40:12.693Z] LiveUpdateForge: EndTurn fallback flush
[2026-07-31T23:40:12.693Z] onEndTurn: naturalStop=false toolCalls=16 nudgeMsg=no
[2026-07-31T23:40:12.713Z] LiveUpdateForge: AfterToolExec flush
[2026-07-31T23:40:12.755Z] InitialReadForge.onBeforeSend: SKIP (fr=true syn=false hasRead=true)
[2026-07-31T23:40:25.006Z] LiveUpdateForge: EndTurn fallback flush
[2026-07-31T23:40:25.006Z] onEndTurn: naturalStop=undefined toolCalls=17 nudgeMsg=no
[2026-07-31T23:40:25.007Z] LiveUpdateForge: EndTurn fallback flush
[2026-07-31T23:40:25.007Z] onEndTurn: naturalStop=false toolCalls=17 nudgeMsg=no
[2026-07-31T23:40:25.031Z] LiveUpdateForge: AfterToolExec flush
[2026-07-31T23:40:25.073Z] InitialReadForge.onBeforeSend: SKIP (fr=true syn=false hasRead=true)
[2026-07-31T23:40:33.516Z] LiveUpdateForge: EndTurn fallback flush
[2026-07-31T23:40:33.516Z] onEndTurn: naturalStop=undefined toolCalls=18 nudgeMsg=no
[2026-07-31T23:40:33.517Z] LiveUpdateForge: EndTurn fallback flush
[2026-07-31T23:40:33.517Z] onEndTurn: naturalStop=false toolCalls=18 nudgeMsg=no
[2026-07-31T23:40:34.296Z] LiveUpdateForge: AfterToolExec flush
[2026-07-31T23:40:34.336Z] InitialReadForge.onBeforeSend: SKIP (fr=true syn=false hasRead=true)
[2026-07-31T23:40:40.952Z] LiveUpdateForge: EndTurn fallback flush
[2026-07-31T23:40:40.953Z] onEndTurn: naturalStop=undefined toolCalls=19 nudgeMsg=no
[2026-07-31T23:40:40.953Z] LiveUpdateForge: EndTurn fallback flush
[2026-07-31T23:40:40.953Z] onEndTurn: naturalStop=false toolCalls=19 nudgeMsg=no
[2026-07-31T23:40:53.471Z] LiveUpdateForge: AfterToolExec flush
[2026-07-31T23:40:53.514Z] InitialReadForge.onBeforeSend: SKIP (fr=true syn=false hasRead=true)
[2026-07-31T23:41:01.448Z] LiveUpdateForge: EndTurn fallback flush
[2026-07-31T23:41:01.449Z] onEndTurn: naturalStop=undefined toolCalls=20 nudgeMsg=no
[2026-07-31T23:41:01.449Z] LiveUpdateForge: EndTurn fallback flush
[2026-07-31T23:41:01.449Z] onEndTurn: naturalStop=false toolCalls=20 nudgeMsg=no
[2026-07-31T23:41:01.927Z] LiveUpdateForge: AfterToolExec flush
[2026-07-31T23:41:01.966Z] InitialReadForge.onBeforeSend: SKIP (fr=true syn=false hasRead=true)
[2026-07-31T23:41:10.113Z] LiveUpdateForge: EndTurn fallback flush
[2026-07-31T23:41:10.113Z] onEndTurn: naturalStop=undefined toolCalls=21 nudgeMsg=no
[2026-07-31T23:41:10.113Z] LiveUpdateForge: EndTurn fallback flush
[2026-07-31T23:41:10.113Z] onEndTurn: naturalStop=false toolCalls=21 nudgeMsg=no
[2026-07-31T23:41:11.480Z] LiveUpdateForge: AfterToolExec flush
[2026-07-31T23:41:11.519Z] InitialReadForge.onBeforeSend: SKIP (fr=true syn=false hasRead=true)
[2026-07-31T23:41:19.218Z] LiveUpdateForge: EndTurn fallback flush
[2026-07-31T23:41:19.219Z] onEndTurn: naturalStop=undefined toolCalls=22 nudgeMsg=no
[2026-07-31T23:41:19.219Z] LiveUpdateForge: EndTurn fallback flush
[2026-07-31T23:41:19.219Z] onEndTurn: naturalStop=false toolCalls=22 nudgeMsg=no
[2026-07-31T23:41:19.279Z] LiveUpdateForge: AfterToolExec flush
[2026-07-31T23:41:19.319Z] InitialReadForge.onBeforeSend: SKIP (fr=true syn=false hasRead=true)
[2026-07-31T23:41:23.500Z] InitialReadForge.onBeforeSend: SKIP (fr=false syn=false hasRead=true)
[2026-07-31T23:41:26.847Z] LiveUpdateForge: EndTurn fallback flush
[2026-07-31T23:41:26.847Z] onEndTurn: naturalStop=undefined toolCalls=23 nudgeMsg=no
[2026-07-31T23:41:26.848Z] LiveUpdateForge: EndTurn fallback flush
[2026-07-31T23:41:26.848Z] onEndTurn: naturalStop=false toolCalls=23 nudgeMsg=no
[2026-07-31T23:41:27.056Z] LiveUpdateForge: AfterToolExec flush
[2026-07-31T23:41:27.105Z] InitialReadForge.onBeforeSend: SKIP (fr=true syn=false hasRead=true)
[2026-07-31T23:41:31.049Z] LiveUpdateForge: EndTurn fallback flush
[2026-07-31T23:41:31.049Z] onEndTurn: naturalStop=undefined toolCalls=4 nudgeMsg=no
[2026-07-31T23:41:31.050Z] LiveUpdateForge: EndTurn fallback flush
[2026-07-31T23:41:31.050Z] onEndTurn: naturalStop=false toolCalls=4 nudgeMsg=no
[2026-07-31T23:41:33.794Z] LiveUpdateForge: AfterToolExec flush
[2026-07-31T23:41:33.824Z] InitialReadForge.onBeforeSend: SKIP (fr=true syn=false hasRead=true)
[2026-07-31T23:41:36.061Z] LiveUpdateForge: EndTurn fallback flush
[2026-07-31T23:41:36.062Z] onEndTurn: naturalStop=undefined toolCalls=24 nudgeMsg=no
[2026-07-31T23:41:36.062Z] LiveUpdateForge: EndTurn fallback flush
[2026-07-31T23:41:36.064Z] onEndTurn: naturalStop=false toolCalls=24 nudgeMsg=no
[2026-07-31T23:41:42.544Z] LiveUpdateForge: EndTurn fallback flush
[2026-07-31T23:41:42.545Z] onEndTurn: naturalStop=undefined toolCalls=5 nudgeMsg=no
[2026-07-31T23:41:42.545Z] LiveUpdateForge: EndTurn fallback flush
[2026-07-31T23:41:42.545Z] onEndTurn: naturalStop=false toolCalls=5 nudgeMsg=no
[2026-07-31T23:41:53.852Z] LiveUpdateForge: AfterToolExec flush
[2026-07-31T23:41:53.883Z] InitialReadForge.onBeforeSend: SKIP (fr=true syn=false hasRead=true)
[2026-07-31T23:41:55.721Z] LiveUpdateForge: AfterToolExec flush
[2026-07-31T23:41:55.764Z] InitialReadForge.onBeforeSend: SKIP (fr=true syn=false hasRead=true)
[2026-07-31T23:42:00.165Z] LiveUpdateForge: EndTurn fallback flush
[2026-07-31T23:42:00.165Z] onEndTurn: naturalStop=undefined toolCalls=6 nudgeMsg=no
[2026-07-31T23:42:00.165Z] LiveUpdateForge: EndTurn fallback flush
[2026-07-31T23:42:00.166Z] onEndTurn: naturalStop=true toolCalls=6 nudgeMsg=no
[2026-07-31T23:42:00.195Z] InitialReadForge.onBeforeSend: SKIP (fr=false syn=false hasRead=true)
[2026-07-31T23:42:19.888Z] LiveUpdateForge: EndTurn fallback flush
[2026-07-31T23:42:19.889Z] onEndTurn: naturalStop=undefined toolCalls=6 nudgeMsg=no
[2026-07-31T23:42:19.889Z] LiveUpdateForge: EndTurn fallback flush
[2026-07-31T23:42:19.890Z] onEndTurn: naturalStop=false toolCalls=6 nudgeMsg=no
[2026-07-31T23:42:26.760Z] LiveUpdateForge: EndTurn fallback flush
[2026-07-31T23:42:26.760Z] onEndTurn: naturalStop=undefined toolCalls=25 nudgeMsg=no
[2026-07-31T23:42:26.760Z] LiveUpdateForge: EndTurn fallback flush
[2026-07-31T23:42:26.761Z] onEndTurn: naturalStop=false toolCalls=25 nudgeMsg=no
[2026-07-31T23:42:26.818Z] LiveUpdateForge: AfterToolExec flush
[2026-07-31T23:42:26.859Z] InitialReadForge.onBeforeSend: SKIP (fr=true syn=false hasRead=true)
[2026-07-31T23:42:35.553Z] LiveUpdateForge: EndTurn fallback flush
[2026-07-31T23:42:35.554Z] onEndTurn: naturalStop=undefined toolCalls=26 nudgeMsg=no
[2026-07-31T23:42:35.554Z] LiveUpdateForge: EndTurn fallback flush
[2026-07-31T23:42:35.554Z] onEndTurn: naturalStop=false toolCalls=26 nudgeMsg=no
[2026-07-31T23:42:35.572Z] LiveUpdateForge: AfterToolExec flush
[2026-07-31T23:42:35.613Z] InitialReadForge.onBeforeSend: SKIP (fr=true syn=false hasRead=true)
[2026-07-31T23:42:36.763Z] LiveUpdateForge: AfterToolExec flush
[2026-07-31T23:42:36.799Z] InitialReadForge.onBeforeSend: SKIP (fr=true syn=false hasRead=true)
[2026-07-31T23:42:42.830Z] LiveUpdateForge: EndTurn fallback flush
[2026-07-31T23:42:42.830Z] onEndTurn: naturalStop=undefined toolCalls=7 nudgeMsg=no
[2026-07-31T23:42:42.831Z] LiveUpdateForge: EndTurn fallback flush
[2026-07-31T23:42:42.831Z] onEndTurn: naturalStop=false toolCalls=7 nudgeMsg=no
[2026-07-31T23:42:44.692Z] LiveUpdateForge: EndTurn fallback flush
[2026-07-31T23:42:44.692Z] onEndTurn: naturalStop=undefined toolCalls=27 nudgeMsg=no
[2026-07-31T23:42:44.693Z] LiveUpdateForge: EndTurn fallback flush
[2026-07-31T23:42:44.693Z] onEndTurn: naturalStop=false toolCalls=27 nudgeMsg=no
[2026-07-31T23:42:44.721Z] LiveUpdateForge: AfterToolExec flush
[2026-07-31T23:42:44.781Z] InitialReadForge.onBeforeSend: SKIP (fr=true syn=false hasRead=true)
[2026-07-31T23:42:52.193Z] LiveUpdateForge: EndTurn fallback flush
[2026-07-31T23:42:52.193Z] onEndTurn: naturalStop=undefined toolCalls=28 nudgeMsg=no
[2026-07-31T23:42:52.194Z] LiveUpdateForge: EndTurn fallback flush
[2026-07-31T23:42:52.194Z] onEndTurn: naturalStop=false toolCalls=28 nudgeMsg=no
[2026-07-31T23:42:53.579Z] LiveUpdateForge: AfterToolExec flush
[2026-07-31T23:42:53.611Z] InitialReadForge.onBeforeSend: SKIP (fr=true syn=false hasRead=true)
[2026-07-31T23:43:02.986Z] LiveUpdateForge: EndTurn fallback flush
[2026-07-31T23:43:02.986Z] onEndTurn: naturalStop=undefined toolCalls=8 nudgeMsg=no
[2026-07-31T23:43:02.987Z] LiveUpdateForge: EndTurn fallback flush
[2026-07-31T23:43:02.987Z] onEndTurn: naturalStop=false toolCalls=8 nudgeMsg=no
[2026-07-31T23:43:08.084Z] LiveUpdateForge: AfterToolExec flush
[2026-07-31T23:43:08.140Z] InitialReadForge.onBeforeSend: SKIP (fr=true syn=false hasRead=true)
[2026-07-31T23:43:16.937Z] LiveUpdateForge: EndTurn fallback flush
[2026-07-31T23:43:16.938Z] onEndTurn: naturalStop=undefined toolCalls=29 nudgeMsg=no
[2026-07-31T23:43:16.938Z] LiveUpdateForge: EndTurn fallback flush
[2026-07-31T23:43:16.939Z] onEndTurn: naturalStop=false toolCalls=29 nudgeMsg=no
[2026-07-31T23:43:24.547Z] LiveUpdateForge: AfterToolExec flush
[2026-07-31T23:43:24.587Z] InitialReadForge.onBeforeSend: SKIP (fr=true syn=false hasRead=true)
[2026-07-31T23:43:32.190Z] LiveUpdateForge: EndTurn fallback flush
[2026-07-31T23:43:32.190Z] onEndTurn: naturalStop=undefined toolCalls=30 nudgeMsg=no
[2026-07-31T23:43:32.191Z] LiveUpdateForge: EndTurn fallback flush
[2026-07-31T23:43:32.191Z] onEndTurn: naturalStop=false toolCalls=30 nudgeMsg=no
[2026-07-31T23:43:32.578Z] LiveUpdateForge: AfterToolExec flush
[2026-07-31T23:43:32.624Z] InitialReadForge.onBeforeSend: SKIP (fr=true syn=false hasRead=true)
[2026-07-31T23:43:32.938Z] LiveUpdateForge: AfterToolExec flush
[2026-07-31T23:43:32.971Z] InitialReadForge.onBeforeSend: SKIP (fr=true syn=false hasRead=true)
[2026-07-31T23:43:40.529Z] LiveUpdateForge: EndTurn fallback flush
[2026-07-31T23:43:40.529Z] onEndTurn: naturalStop=undefined toolCalls=31 nudgeMsg=no
[2026-07-31T23:43:40.530Z] LiveUpdateForge: EndTurn fallback flush
[2026-07-31T23:43:40.530Z] onEndTurn: naturalStop=false toolCalls=31 nudgeMsg=no
[2026-07-31T23:43:41.782Z] LiveUpdateForge: AfterToolExec flush
[2026-07-31T23:43:41.833Z] InitialReadForge.onBeforeSend: SKIP (fr=true syn=false hasRead=true)
[2026-07-31T23:43:43.792Z] LiveUpdateForge: EndTurn fallback flush
[2026-07-31T23:43:43.792Z] onEndTurn: naturalStop=undefined toolCalls=9 nudgeMsg=no
[2026-07-31T23:43:43.793Z] LiveUpdateForge: EndTurn fallback flush
[2026-07-31T23:43:43.793Z] onEndTurn: naturalStop=false toolCalls=9 nudgeMsg=no
[2026-07-31T23:43:46.782Z] LiveUpdateForge: AfterToolExec flush
[2026-07-31T23:43:46.818Z] InitialReadForge.onBeforeSend: SKIP (fr=true syn=false hasRead=true)
[2026-07-31T23:43:49.109Z] LiveUpdateForge: EndTurn fallback flush
[2026-07-31T23:43:49.109Z] onEndTurn: naturalStop=undefined toolCalls=32 nudgeMsg=no
[2026-07-31T23:43:49.110Z] LiveUpdateForge: EndTurn fallback flush
[2026-07-31T23:43:49.110Z] onEndTurn: naturalStop=false toolCalls=32 nudgeMsg=no
[2026-07-31T23:43:49.175Z] LiveUpdateForge: AfterToolExec flush
[2026-07-31T23:43:49.215Z] InitialReadForge.onBeforeSend: SKIP (fr=true syn=false hasRead=true)
[2026-07-31T23:43:55.493Z] LiveUpdateForge: EndTurn fallback flush
[2026-07-31T23:43:55.493Z] onEndTurn: naturalStop=undefined toolCalls=10 nudgeMsg=no
[2026-07-31T23:43:55.494Z] LiveUpdateForge: EndTurn fallback flush
[2026-07-31T23:43:55.494Z] onEndTurn: naturalStop=true toolCalls=10 nudgeMsg=no
[2026-07-31T23:43:56.339Z] LiveUpdateForge: EndTurn fallback flush
[2026-07-31T23:43:56.340Z] onEndTurn: naturalStop=undefined toolCalls=33 nudgeMsg=no
[2026-07-31T23:43:56.340Z] LiveUpdateForge: EndTurn fallback flush
[2026-07-31T23:43:56.340Z] onEndTurn: naturalStop=false toolCalls=33 nudgeMsg=no
[2026-07-31T23:43:56.548Z] LiveUpdateForge: AfterToolExec flush
[2026-07-31T23:43:56.591Z] InitialReadForge.onBeforeSend: SKIP (fr=true syn=false hasRead=true)
[2026-07-31T23:44:04.891Z] LiveUpdateForge: EndTurn fallback flush
[2026-07-31T23:44:04.892Z] onEndTurn: naturalStop=undefined toolCalls=34 nudgeMsg=no
[2026-07-31T23:44:04.892Z] LiveUpdateForge: EndTurn fallback flush
[2026-07-31T23:44:04.892Z] onEndTurn: naturalStop=false toolCalls=34 nudgeMsg=no
[2026-07-31T23:44:55.140Z] LiveUpdateForge: AfterToolExec flush
[2026-07-31T23:44:55.200Z] InitialReadForge.onBeforeSend: SKIP (fr=true syn=false hasRead=true)
[2026-07-31T23:45:11.422Z] LiveUpdateForge: EndTurn fallback flush
[2026-07-31T23:45:11.423Z] onEndTurn: naturalStop=undefined toolCalls=35 nudgeMsg=no
[2026-07-31T23:45:11.423Z] LiveUpdateForge: EndTurn fallback flush
[2026-07-31T23:45:11.423Z] onEndTurn: naturalStop=false toolCalls=35 nudgeMsg=no
[2026-07-31T23:45:11.446Z] LiveUpdateForge: AfterToolExec flush
[2026-07-31T23:45:11.497Z] InitialReadForge.onBeforeSend: SKIP (fr=true syn=false hasRead=true)
[2026-07-31T23:45:19.687Z] LiveUpdateForge: EndTurn fallback flush
[2026-07-31T23:45:19.688Z] onEndTurn: naturalStop=undefined toolCalls=36 nudgeMsg=no
[2026-07-31T23:45:19.688Z] LiveUpdateForge: EndTurn fallback flush
[2026-07-31T23:45:19.688Z] onEndTurn: naturalStop=false toolCalls=36 nudgeMsg=no
[2026-07-31T23:45:26.077Z] LiveUpdateForge: AfterToolExec flush
[2026-07-31T23:45:26.121Z] InitialReadForge.onBeforeSend: SKIP (fr=true syn=false hasRead=true)
[2026-07-31T23:45:35.121Z] LiveUpdateForge: EndTurn fallback flush
[2026-07-31T23:45:35.122Z] onEndTurn: naturalStop=undefined toolCalls=37 nudgeMsg=no
[2026-07-31T23:45:35.122Z] LiveUpdateForge: EndTurn fallback flush
[2026-07-31T23:45:35.122Z] onEndTurn: naturalStop=false toolCalls=37 nudgeMsg=no
[2026-07-31T23:45:42.936Z] LiveUpdateForge: AfterToolExec flush
[2026-07-31T23:45:42.986Z] InitialReadForge.onBeforeSend: SKIP (fr=true syn=false hasRead=true)
[2026-07-31T23:45:51.323Z] LiveUpdateForge: EndTurn fallback flush
[2026-07-31T23:45:51.324Z] onEndTurn: naturalStop=undefined toolCalls=38 nudgeMsg=no
[2026-07-31T23:45:51.324Z] LiveUpdateForge: EndTurn fallback flush
[2026-07-31T23:45:51.324Z] onEndTurn: naturalStop=false toolCalls=38 nudgeMsg=no
[2026-07-31T23:45:51.907Z] LiveUpdateForge: AfterToolExec flush
[2026-07-31T23:45:51.956Z] InitialReadForge.onBeforeSend: SKIP (fr=true syn=false hasRead=true)
[2026-07-31T23:45:59.126Z] LiveUpdateForge: EndTurn fallback flush
[2026-07-31T23:45:59.126Z] onEndTurn: naturalStop=undefined toolCalls=39 nudgeMsg=no
[2026-07-31T23:45:59.127Z] LiveUpdateForge: EndTurn fallback flush
[2026-07-31T23:45:59.127Z] onEndTurn: naturalStop=false toolCalls=39 nudgeMsg=no
[2026-07-31T23:46:00.473Z] LiveUpdateForge: AfterToolExec flush
[2026-07-31T23:46:00.516Z] InitialReadForge.onBeforeSend: SKIP (fr=true syn=false hasRead=true)
[2026-07-31T23:46:08.883Z] LiveUpdateForge: EndTurn fallback flush
[2026-07-31T23:46:08.883Z] onEndTurn: naturalStop=undefined toolCalls=40 nudgeMsg=no
[2026-07-31T23:46:08.884Z] LiveUpdateForge: EndTurn fallback flush
[2026-07-31T23:46:08.884Z] onEndTurn: naturalStop=false toolCalls=40 nudgeMsg=no
[2026-07-31T23:46:08.950Z] LiveUpdateForge: AfterToolExec flush
[2026-07-31T23:46:08.997Z] InitialReadForge.onBeforeSend: SKIP (fr=true syn=false hasRead=true)
[2026-07-31T23:46:18.035Z] LiveUpdateForge: EndTurn fallback flush
[2026-07-31T23:46:18.036Z] onEndTurn: naturalStop=undefined toolCalls=41 nudgeMsg=no
[2026-07-31T23:46:18.036Z] LiveUpdateForge: EndTurn fallback flush
[2026-07-31T23:46:18.037Z] onEndTurn: naturalStop=false toolCalls=41 nudgeMsg=no
[2026-07-31T23:46:18.254Z] LiveUpdateForge: AfterToolExec flush
[2026-07-31T23:46:18.297Z] InitialReadForge.onBeforeSend: SKIP (fr=true syn=false hasRead=true)
[2026-07-31T23:46:30.549Z] LiveUpdateForge: EndTurn fallback flush
[2026-07-31T23:46:30.549Z] onEndTurn: naturalStop=undefined toolCalls=42 nudgeMsg=no
[2026-07-31T23:46:30.550Z] LiveUpdateForge: EndTurn fallback flush
[2026-07-31T23:46:30.550Z] onEndTurn: naturalStop=false toolCalls=42 nudgeMsg=no
[2026-07-31T23:47:24.681Z] LiveUpdateForge: AfterToolExec flush
[2026-07-31T23:47:24.728Z] InitialReadForge.onBeforeSend: SKIP (fr=true syn=false hasRead=true)
[2026-07-31T23:47:51.830Z] LiveUpdateForge: EndTurn fallback flush
[2026-07-31T23:47:51.830Z] onEndTurn: naturalStop=undefined toolCalls=43 nudgeMsg=no
[2026-07-31T23:47:51.831Z] LiveUpdateForge: EndTurn fallback flush
[2026-07-31T23:47:51.831Z] onEndTurn: naturalStop=false toolCalls=43 nudgeMsg=no
[2026-07-31T23:47:51.864Z] LiveUpdateForge: AfterToolExec flush
[2026-07-31T23:47:51.914Z] InitialReadForge.onBeforeSend: SKIP (fr=true syn=false hasRead=true)
[2026-07-31T23:48:00.836Z] LiveUpdateForge: EndTurn fallback flush
[2026-07-31T23:48:00.837Z] onEndTurn: naturalStop=undefined toolCalls=44 nudgeMsg=no
[2026-07-31T23:48:00.837Z] LiveUpdateForge: EndTurn fallback flush
[2026-07-31T23:48:00.837Z] onEndTurn: naturalStop=false toolCalls=44 nudgeMsg=no
[2026-07-31T23:48:01.714Z] LiveUpdateForge: AfterToolExec flush
[2026-07-31T23:48:01.769Z] InitialReadForge.onBeforeSend: SKIP (fr=true syn=false hasRead=true)
[2026-07-31T23:48:11.134Z] LiveUpdateForge: EndTurn fallback flush
[2026-07-31T23:48:11.134Z] onEndTurn: naturalStop=undefined toolCalls=45 nudgeMsg=no
[2026-07-31T23:48:11.135Z] LiveUpdateForge: EndTurn fallback flush
[2026-07-31T23:48:11.135Z] onEndTurn: naturalStop=false toolCalls=45 nudgeMsg=no
[2026-07-31T23:48:20.891Z] LiveUpdateForge: AfterToolExec flush
[2026-07-31T23:48:20.943Z] InitialReadForge.onBeforeSend: SKIP (fr=true syn=false hasRead=true)
[2026-07-31T23:48:41.845Z] LiveUpdateForge: EndTurn fallback flush
[2026-07-31T23:48:41.846Z] onEndTurn: naturalStop=undefined toolCalls=46 nudgeMsg=no
[2026-07-31T23:48:41.846Z] LiveUpdateForge: EndTurn fallback flush
[2026-07-31T23:48:41.846Z] onEndTurn: naturalStop=false toolCalls=46 nudgeMsg=no
[2026-07-31T23:48:42.803Z] LiveUpdateForge: AfterToolExec flush
[2026-07-31T23:48:42.850Z] InitialReadForge.onBeforeSend: SKIP (fr=true syn=false hasRead=true)
[2026-07-31T23:48:52.054Z] LiveUpdateForge: EndTurn fallback flush
[2026-07-31T23:48:52.054Z] onEndTurn: naturalStop=undefined toolCalls=47 nudgeMsg=no
[2026-07-31T23:48:52.054Z] LiveUpdateForge: EndTurn fallback flush
[2026-07-31T23:48:52.055Z] onEndTurn: naturalStop=false toolCalls=47 nudgeMsg=no
[2026-07-31T23:48:52.115Z] LiveUpdateForge: AfterToolExec flush
[2026-07-31T23:48:52.166Z] InitialReadForge.onBeforeSend: SKIP (fr=true syn=false hasRead=true)
[2026-07-31T23:49:00.529Z] LiveUpdateForge: EndTurn fallback flush
[2026-07-31T23:49:00.530Z] onEndTurn: naturalStop=undefined toolCalls=48 nudgeMsg=no
[2026-07-31T23:49:00.530Z] LiveUpdateForge: EndTurn fallback flush
[2026-07-31T23:49:00.531Z] onEndTurn: naturalStop=false toolCalls=48 nudgeMsg=no
[2026-07-31T23:49:00.758Z] LiveUpdateForge: AfterToolExec flush
[2026-07-31T23:49:00.809Z] InitialReadForge.onBeforeSend: SKIP (fr=true syn=false hasRead=true)
[2026-07-31T23:49:11.995Z] LiveUpdateForge: EndTurn fallback flush
[2026-07-31T23:49:11.995Z] onEndTurn: naturalStop=undefined toolCalls=49 nudgeMsg=no
[2026-07-31T23:49:11.996Z] LiveUpdateForge: EndTurn fallback flush
[2026-07-31T23:49:11.996Z] onEndTurn: naturalStop=false toolCalls=49 nudgeMsg=no
[2026-07-31T23:49:38.037Z] ResumeDiffForge: running checkResumeConsistency
[2026-07-31T23:49:38.038Z] checkResumeConsistency: forgedTimestamps=[]
[2026-07-31T23:49:38.067Z] checkResumeConsistency: no changes detected
[2026-07-31T23:49:38.068Z] LiveUpdateForge: session reset, allowLiveUpdate = false
[2026-07-31T23:49:38.068Z] NudgeForge: ResumeComplete — restoring count from history
[2026-07-31T23:49:38.068Z] restoreNudgeCountFromHistory: found last write at idx=97 count=10
[2026-07-31T23:49:38.150Z] LiveUpdateForge: allowLiveUpdate = true (first real BeforeSend)
[2026-07-31T23:49:38.151Z] InitialReadForge.onBeforeSend: SKIP (fr=false syn=false hasRead=true)
[2026-07-31T23:49:43.887Z] LiveUpdateForge: AfterToolExec flush
[2026-07-31T23:49:43.938Z] InitialReadForge.onBeforeSend: SKIP (fr=true syn=false hasRead=true)
[2026-07-31T23:49:49.371Z] LiveUpdateForge: EndTurn fallback flush
[2026-07-31T23:49:49.371Z] onEndTurn: naturalStop=undefined toolCalls=10 nudgeMsg=no
[2026-07-31T23:49:49.371Z] LiveUpdateForge: EndTurn fallback flush
[2026-07-31T23:49:49.372Z] onEndTurn: naturalStop=false toolCalls=10 nudgeMsg=no
[2026-07-31T23:49:57.199Z] LiveUpdateForge: AfterToolExec flush
[2026-07-31T23:49:57.235Z] InitialReadForge.onBeforeSend: SKIP (fr=true syn=false hasRead=true)
[2026-07-31T23:50:04.810Z] LiveUpdateForge: EndTurn fallback flush
[2026-07-31T23:50:04.811Z] onEndTurn: naturalStop=undefined toolCalls=11 nudgeMsg=no
[2026-07-31T23:50:04.811Z] LiveUpdateForge: EndTurn fallback flush
[2026-07-31T23:50:04.811Z] onEndTurn: naturalStop=false toolCalls=11 nudgeMsg=no
[2026-07-31T23:50:10.006Z] LiveUpdateForge: EndTurn fallback flush
[2026-07-31T23:50:10.006Z] onEndTurn: naturalStop=undefined toolCalls=50 nudgeMsg=no
[2026-07-31T23:50:10.007Z] LiveUpdateForge: EndTurn fallback flush
[2026-07-31T23:50:10.007Z] onEndTurn: naturalStop=false toolCalls=50 nudgeMsg=no
[2026-07-31T23:50:10.040Z] LiveUpdateForge: AfterToolExec flush
[2026-07-31T23:50:10.104Z] InitialReadForge.onBeforeSend: SKIP (fr=true syn=false hasRead=true)
[2026-07-31T23:50:19.034Z] LiveUpdateForge: AfterToolExec flush
[2026-07-31T23:50:19.065Z] InitialReadForge.onBeforeSend: SKIP (fr=true syn=false hasRead=true)
[2026-07-31T23:50:23.232Z] LiveUpdateForge: EndTurn fallback flush
[2026-07-31T23:50:23.233Z] onEndTurn: naturalStop=undefined toolCalls=51 nudgeMsg=no
[2026-07-31T23:50:23.233Z] LiveUpdateForge: EndTurn fallback flush
[2026-07-31T23:50:23.233Z] onEndTurn: naturalStop=false toolCalls=51 nudgeMsg=no
[2026-07-31T23:50:23.984Z] LiveUpdateForge: AfterToolExec flush
[2026-07-31T23:50:24.038Z] InitialReadForge.onBeforeSend: SKIP (fr=true syn=false hasRead=true)
[2026-07-31T23:50:30.314Z] LiveUpdateForge: EndTurn fallback flush
[2026-07-31T23:50:30.315Z] onEndTurn: naturalStop=undefined toolCalls=12 nudgeMsg=no
[2026-07-31T23:50:30.315Z] LiveUpdateForge: EndTurn fallback flush
[2026-07-31T23:50:30.315Z] onEndTurn: naturalStop=false toolCalls=12 nudgeMsg=no
[2026-07-31T23:50:33.675Z] LiveUpdateForge: AfterToolExec flush
[2026-07-31T23:50:33.703Z] InitialReadForge.onBeforeSend: SKIP (fr=true syn=false hasRead=true)
[2026-07-31T23:50:41.437Z] LiveUpdateForge: EndTurn fallback flush
[2026-07-31T23:50:41.438Z] onEndTurn: naturalStop=undefined toolCalls=52 nudgeMsg=no
[2026-07-31T23:50:41.438Z] LiveUpdateForge: EndTurn fallback flush
[2026-07-31T23:50:41.438Z] onEndTurn: naturalStop=false toolCalls=52 nudgeMsg=no
[2026-07-31T23:50:48.578Z] LiveUpdateForge: EndTurn fallback flush
[2026-07-31T23:50:48.578Z] onEndTurn: naturalStop=undefined toolCalls=13 nudgeMsg=no
[2026-07-31T23:50:48.578Z] LiveUpdateForge: EndTurn fallback flush
[2026-07-31T23:50:48.579Z] onEndTurn: naturalStop=true toolCalls=13 nudgeMsg=no
[2026-07-31T23:50:55.504Z] ResumeDiffForge: running checkResumeConsistency
[2026-07-31T23:50:55.505Z] checkResumeConsistency: forgedTimestamps=[]
[2026-07-31T23:50:55.695Z] checkResumeConsistency: no changes detected
[2026-07-31T23:50:55.695Z] LiveUpdateForge: session reset, allowLiveUpdate = false
[2026-07-31T23:50:55.696Z] NudgeForge: ResumeComplete — restoring count from history
[2026-07-31T23:50:55.696Z] restoreNudgeCountFromHistory: found last write at idx=97 count=13
[2026-07-31T23:51:00.717Z] MemoryForge: attached 5 listener(s)
[2026-07-31T23:51:00.720Z] InitialReadForge: armed one-shot BeforeSend after NewSessionStart
[2026-07-31T23:51:00.721Z] LiveUpdateForge: session reset, allowLiveUpdate = false
[2026-07-31T23:51:02.789Z] MemoryForge: attached 5 listener(s)
[2026-07-31T23:51:02.789Z] InitialReadForge: armed one-shot BeforeSend after NewSessionStart
[2026-07-31T23:51:02.789Z] LiveUpdateForge: session reset, allowLiveUpdate = false
[2026-07-31T23:51:24.146Z] LiveUpdateForge: AfterToolExec flush
[2026-07-31T23:51:24.199Z] InitialReadForge.onBeforeSend: SKIP (fr=true syn=false hasRead=true)
[2026-07-31T23:51:37.058Z] LiveUpdateForge: EndTurn fallback flush
[2026-07-31T23:51:37.058Z] onEndTurn: naturalStop=undefined toolCalls=53 nudgeMsg=no
[2026-07-31T23:51:37.059Z] LiveUpdateForge: EndTurn fallback flush
[2026-07-31T23:51:37.059Z] onEndTurn: naturalStop=false toolCalls=53 nudgeMsg=no
[2026-07-31T23:51:37.610Z] LiveUpdateForge: AfterToolExec flush
[2026-07-31T23:51:37.672Z] InitialReadForge.onBeforeSend: SKIP (fr=true syn=false hasRead=true)
[2026-07-31T23:51:48.710Z] LiveUpdateForge: EndTurn fallback flush
[2026-07-31T23:51:48.711Z] onEndTurn: naturalStop=undefined toolCalls=54 nudgeMsg=no
[2026-07-31T23:51:48.711Z] LiveUpdateForge: EndTurn fallback flush
[2026-07-31T23:51:48.711Z] onEndTurn: naturalStop=false toolCalls=54 nudgeMsg=no
[2026-07-31T23:51:50.208Z] LiveUpdateForge: AfterToolExec flush
[2026-07-31T23:51:50.268Z] InitialReadForge.onBeforeSend: SKIP (fr=true syn=false hasRead=true)
[2026-07-31T23:52:01.318Z] LiveUpdateForge: EndTurn fallback flush
[2026-07-31T23:52:01.319Z] onEndTurn: naturalStop=undefined toolCalls=55 nudgeMsg=no
[2026-07-31T23:52:01.319Z] LiveUpdateForge: EndTurn fallback flush
[2026-07-31T23:52:01.319Z] onEndTurn: naturalStop=false toolCalls=55 nudgeMsg=no
[2026-07-31T23:52:01.378Z] LiveUpdateForge: AfterToolExec flush
[2026-07-31T23:52:01.430Z] InitialReadForge.onBeforeSend: SKIP (fr=true syn=false hasRead=true)
[2026-07-31T23:52:09.867Z] LiveUpdateForge: EndTurn fallback flush
[2026-07-31T23:52:09.867Z] onEndTurn: naturalStop=undefined toolCalls=56 nudgeMsg=no
[2026-07-31T23:52:09.868Z] LiveUpdateForge: EndTurn fallback flush
[2026-07-31T23:52:09.868Z] onEndTurn: naturalStop=false toolCalls=56 nudgeMsg=no
[2026-07-31T23:52:10.147Z] LiveUpdateForge: AfterToolExec flush
[2026-07-31T23:52:10.199Z] InitialReadForge.onBeforeSend: SKIP (fr=true syn=false hasRead=true)
[2026-07-31T23:52:22.243Z] LiveUpdateForge: EndTurn fallback flush
[2026-07-31T23:52:22.243Z] onEndTurn: naturalStop=undefined toolCalls=57 nudgeMsg=no
[2026-07-31T23:52:22.244Z] LiveUpdateForge: EndTurn fallback flush
[2026-07-31T23:52:22.244Z] onEndTurn: naturalStop=false toolCalls=57 nudgeMsg=no
[2026-07-31T23:52:27.055Z] LiveUpdateForge: AfterToolExec flush
[2026-07-31T23:52:27.121Z] InitialReadForge.onBeforeSend: SKIP (fr=true syn=false hasRead=true)
[2026-07-31T23:52:44.028Z] LiveUpdateForge: EndTurn fallback flush
[2026-07-31T23:52:44.028Z] onEndTurn: naturalStop=undefined toolCalls=58 nudgeMsg=no
[2026-07-31T23:52:44.029Z] LiveUpdateForge: EndTurn fallback flush
[2026-07-31T23:52:44.029Z] onEndTurn: naturalStop=true toolCalls=0 nudgeMsg=YES
[2026-07-31T23:52:44.049Z] InitialReadForge.onBeforeSend: SKIP (fr=false syn=false hasRead=true)
[2026-07-31T23:52:57.562Z] LiveUpdateForge: EndTurn fallback flush
[2026-07-31T23:52:57.562Z] onEndTurn: naturalStop=undefined toolCalls=0 nudgeMsg=no
[2026-07-31T23:52:57.563Z] LiveUpdateForge: EndTurn fallback flush
[2026-07-31T23:52:57.563Z] onEndTurn: naturalStop=false toolCalls=0 nudgeMsg=no
[2026-07-31T23:52:57.627Z] LiveUpdateForge: self-write on D:\unity\mowang\CODELY.md, baseline aligned
[2026-07-31T23:52:57.628Z] LiveUpdateForge: AfterToolExec flush
[2026-07-31T23:52:57.690Z] InitialReadForge.onBeforeSend: SKIP (fr=true syn=false hasRead=true)
[2026-07-31T23:52:58.139Z] LiveUpdateForge: pending external change on D:\unity\mowang\CODELY.md
[2026-07-31T23:52:58.144Z] LiveUpdateForge: pending external change on D:\unity\mowang\CODELY.md
[2026-07-31T23:52:58.145Z] LiveUpdateForge: pending external change on D:\unity\mowang\CODELY.md
[2026-07-31T23:53:06.346Z] LiveUpdateForge: EndTurn fallback flush
[2026-07-31T23:53:06.347Z] onEndTurn: naturalStop=undefined toolCalls=0 nudgeMsg=no
[2026-07-31T23:53:06.347Z] LiveUpdateForge: EndTurn fallback flush
[2026-07-31T23:53:06.348Z] onEndTurn: naturalStop=true toolCalls=0 nudgeMsg=no
[2026-07-31T23:53:41.867Z] ResumeDiffForge: running checkResumeConsistency
[2026-07-31T23:53:41.868Z] checkResumeConsistency: forgedTimestamps=[]
[2026-07-31T23:53:41.879Z] checkResumeConsistency: no changes detected
[2026-07-31T23:53:41.880Z] LiveUpdateForge: session reset, allowLiveUpdate = false
[2026-07-31T23:53:41.880Z] NudgeForge: ResumeComplete — restoring count from history
[2026-07-31T23:53:41.881Z] restoreNudgeCountFromHistory: found last write at idx=97 count=13
[2026-07-31T23:53:41.965Z] LiveUpdateForge: allowLiveUpdate = true (first real BeforeSend)
[2026-07-31T23:53:41.966Z] InitialReadForge.onBeforeSend: SKIP (fr=false syn=false hasRead=true)
[2026-07-31T23:53:50.204Z] LiveUpdateForge: EndTurn fallback flush
[2026-07-31T23:53:50.204Z] onEndTurn: naturalStop=undefined toolCalls=13 nudgeMsg=no
[2026-07-31T23:53:50.205Z] LiveUpdateForge: EndTurn fallback flush
[2026-07-31T23:53:50.205Z] onEndTurn: naturalStop=false toolCalls=13 nudgeMsg=no
[2026-07-31T23:53:50.213Z] LiveUpdateForge: AfterToolExec flush
[2026-07-31T23:53:50.253Z] InitialReadForge.onBeforeSend: SKIP (fr=true syn=false hasRead=true)
[2026-07-31T23:53:58.004Z] LiveUpdateForge: EndTurn fallback flush
[2026-07-31T23:53:58.005Z] onEndTurn: naturalStop=undefined toolCalls=14 nudgeMsg=no
[2026-07-31T23:53:58.007Z] LiveUpdateForge: EndTurn fallback flush
[2026-07-31T23:53:58.007Z] onEndTurn: naturalStop=false toolCalls=14 nudgeMsg=no
[2026-07-31T23:54:02.609Z] LiveUpdateForge: AfterToolExec flush
[2026-07-31T23:54:02.644Z] InitialReadForge.onBeforeSend: SKIP (fr=true syn=false hasRead=true)
[2026-07-31T23:54:10.791Z] LiveUpdateForge: EndTurn fallback flush
[2026-07-31T23:54:10.792Z] onEndTurn: naturalStop=undefined toolCalls=15 nudgeMsg=no
[2026-07-31T23:54:10.792Z] LiveUpdateForge: EndTurn fallback flush
[2026-07-31T23:54:10.792Z] onEndTurn: naturalStop=false toolCalls=15 nudgeMsg=no
[2026-07-31T23:54:13.135Z] LiveUpdateForge: AfterToolExec flush
[2026-07-31T23:54:13.165Z] InitialReadForge.onBeforeSend: SKIP (fr=true syn=false hasRead=true)
[2026-07-31T23:54:33.725Z] LiveUpdateForge: EndTurn fallback flush
[2026-07-31T23:54:33.725Z] onEndTurn: naturalStop=undefined toolCalls=16 nudgeMsg=no
[2026-07-31T23:54:33.726Z] LiveUpdateForge: EndTurn fallback flush
[2026-07-31T23:54:33.726Z] onEndTurn: naturalStop=true toolCalls=16 nudgeMsg=no
[2026-07-31T23:54:43.813Z] ResumeDiffForge: running checkResumeConsistency
[2026-07-31T23:54:43.813Z] checkResumeConsistency: forgedTimestamps=[]
[2026-07-31T23:54:43.821Z] checkResumeConsistency: no changes detected
[2026-07-31T23:54:43.822Z] LiveUpdateForge: session reset, allowLiveUpdate = false
[2026-07-31T23:54:43.822Z] NudgeForge: ResumeComplete — restoring count from history
[2026-07-31T23:54:43.822Z] restoreNudgeCountFromHistory: found last write at idx=97 count=16
[2026-07-31T23:54:43.911Z] LiveUpdateForge: allowLiveUpdate = true (first real BeforeSend)
[2026-07-31T23:54:43.912Z] InitialReadForge.onBeforeSend: SKIP (fr=false syn=false hasRead=true)
[2026-07-31T23:54:53.090Z] LiveUpdateForge: EndTurn fallback flush
[2026-07-31T23:54:53.091Z] onEndTurn: naturalStop=undefined toolCalls=16 nudgeMsg=no
[2026-07-31T23:54:53.091Z] LiveUpdateForge: EndTurn fallback flush
[2026-07-31T23:54:53.091Z] onEndTurn: naturalStop=false toolCalls=16 nudgeMsg=no
[2026-07-31T23:55:01.823Z] LiveUpdateForge: AfterToolExec flush
[2026-07-31T23:55:01.856Z] InitialReadForge.onBeforeSend: SKIP (fr=true syn=false hasRead=true)
[2026-07-31T23:55:11.723Z] LiveUpdateForge: EndTurn fallback flush
[2026-07-31T23:55:11.724Z] onEndTurn: naturalStop=undefined toolCalls=17 nudgeMsg=no
[2026-07-31T23:55:11.724Z] LiveUpdateForge: EndTurn fallback flush
[2026-07-31T23:55:11.725Z] onEndTurn: naturalStop=false toolCalls=17 nudgeMsg=no
[2026-07-31T23:55:15.633Z] LiveUpdateForge: AfterToolExec flush
[2026-07-31T23:55:15.666Z] InitialReadForge.onBeforeSend: SKIP (fr=true syn=false hasRead=true)
[2026-07-31T23:55:27.594Z] LiveUpdateForge: EndTurn fallback flush
[2026-07-31T23:55:27.594Z] onEndTurn: naturalStop=undefined toolCalls=18 nudgeMsg=no
[2026-07-31T23:55:27.595Z] LiveUpdateForge: EndTurn fallback flush
[2026-07-31T23:55:27.595Z] onEndTurn: naturalStop=false toolCalls=18 nudgeMsg=no
[2026-07-31T23:55:32.226Z] LiveUpdateForge: AfterToolExec flush
[2026-07-31T23:55:32.259Z] InitialReadForge.onBeforeSend: SKIP (fr=true syn=false hasRead=true)
[2026-07-31T23:55:43.384Z] LiveUpdateForge: EndTurn fallback flush
[2026-07-31T23:55:43.384Z] onEndTurn: naturalStop=undefined toolCalls=19 nudgeMsg=no
[2026-07-31T23:55:43.384Z] LiveUpdateForge: EndTurn fallback flush
[2026-07-31T23:55:43.385Z] onEndTurn: naturalStop=false toolCalls=19 nudgeMsg=no
[2026-07-31T23:55:48.883Z] LiveUpdateForge: AfterToolExec flush
[2026-07-31T23:55:48.914Z] InitialReadForge.onBeforeSend: SKIP (fr=true syn=false hasRead=true)
[2026-07-31T23:56:02.939Z] LiveUpdateForge: EndTurn fallback flush
[2026-07-31T23:56:02.939Z] onEndTurn: naturalStop=undefined toolCalls=20 nudgeMsg=no
[2026-07-31T23:56:02.940Z] LiveUpdateForge: EndTurn fallback flush
[2026-07-31T23:56:02.940Z] onEndTurn: naturalStop=true toolCalls=20 nudgeMsg=no
