[2026-08-01T00:42:55.727Z] MemoryForge: attached 5 listener(s)
[2026-08-01T00:42:55.727Z] InitialReadForge: armed one-shot BeforeSend after NewSessionStart
[2026-08-01T00:42:55.728Z] LiveUpdateForge: session reset, allowLiveUpdate = false
[2026-08-01T00:42:56.045Z] LiveUpdateForge: session reset, allowLiveUpdate = false
[2026-08-01T00:42:56.064Z] ResumeDiffForge: running checkResumeConsistency
[2026-08-01T00:42:56.065Z] checkResumeConsistency: forgedTimestamps=[]
[2026-08-01T00:42:56.072Z] checkResumeConsistency: no changes detected
[2026-08-01T00:42:56.072Z] LiveUpdateForge: session reset, allowLiveUpdate = false
[2026-08-01T00:42:56.072Z] NudgeForge: ResumeComplete — restoring count from history
[2026-08-01T00:42:56.073Z] restoreNudgeCountFromHistory: found last write at idx=97 count=39
[2026-08-01T00:42:56.498Z] ResumeDiffForge: running checkResumeConsistency
[2026-08-01T00:42:56.498Z] checkResumeConsistency: forgedTimestamps=[]
[2026-08-01T00:42:56.504Z] checkResumeConsistency: no changes detected
[2026-08-01T00:42:56.505Z] LiveUpdateForge: session reset, allowLiveUpdate = false
[2026-08-01T00:42:56.505Z] NudgeForge: ResumeComplete — restoring count from history
[2026-08-01T00:42:56.506Z] restoreNudgeCountFromHistory: found last write at idx=97 count=39
[2026-08-01T00:42:56.632Z] ResumeDiffForge: running checkResumeConsistency
[2026-08-01T00:42:56.633Z] checkResumeConsistency: forgedTimestamps=[]
[2026-08-01T00:42:56.638Z] checkResumeConsistency: no changes detected
[2026-08-01T00:42:56.639Z] LiveUpdateForge: session reset, allowLiveUpdate = false
[2026-08-01T00:42:56.639Z] NudgeForge: ResumeComplete — restoring count from history
[2026-08-01T00:42:56.639Z] restoreNudgeCountFromHistory: found last write at idx=97 count=39
[2026-08-01T00:42:56.951Z] MemoryForge: attached 5 listener(s)
[2026-08-01T00:42:56.951Z] InitialReadForge: armed one-shot BeforeSend after NewSessionStart
[2026-08-01T00:42:56.952Z] LiveUpdateForge: session reset, allowLiveUpdate = false
[2026-08-01T00:42:56.955Z] MemoryForge: detached all listeners
[2026-08-01T00:42:56.956Z] ResumeDiffForge: running checkResumeConsistency
[2026-08-01T00:42:56.956Z] checkResumeConsistency: forgedTimestamps=[]
[2026-08-01T00:42:56.988Z] checkResumeConsistency: no changes detected
[2026-08-01T00:42:56.988Z] LiveUpdateForge: session reset, allowLiveUpdate = false
[2026-08-01T00:42:56.988Z] NudgeForge: ResumeComplete — restoring count from history
[2026-08-01T00:42:56.989Z] restoreNudgeCountFromHistory: found last write at idx=97 count=39
[2026-08-01T00:42:57.011Z] LiveUpdateForge: allowLiveUpdate = true (first real BeforeSend)
[2026-08-01T00:42:57.012Z] InitialReadForge.onBeforeSend: SKIP (fr=false syn=false hasRead=true)
[2026-08-01T00:43:08.512Z] LiveUpdateForge: EndTurn fallback flush
[2026-08-01T00:43:08.512Z] onEndTurn: naturalStop=undefined toolCalls=39 nudgeMsg=no
[2026-08-01T00:43:08.512Z] LiveUpdateForge: EndTurn fallback flush
[2026-08-01T00:43:08.513Z] onEndTurn: naturalStop=false toolCalls=39 nudgeMsg=no
[2026-08-01T00:43:14.632Z] LiveUpdateForge: AfterToolExec flush
[2026-08-01T00:43:14.658Z] InitialReadForge.onBeforeSend: SKIP (fr=true syn=false hasRead=true)
[2026-08-01T00:43:17.083Z] LiveUpdateForge: EndTurn fallback flush
[2026-08-01T00:43:17.083Z] onEndTurn: naturalStop=undefined toolCalls=40 nudgeMsg=no
[2026-08-01T00:43:17.084Z] LiveUpdateForge: EndTurn fallback flush
[2026-08-01T00:43:17.084Z] onEndTurn: naturalStop=true toolCalls=40 nudgeMsg=no
[2026-08-01T00:44:21.656Z] ResumeDiffForge: running checkResumeConsistency
[2026-08-01T00:44:21.657Z] checkResumeConsistency: forgedTimestamps=[]
[2026-08-01T00:44:21.665Z] checkResumeConsistency: no changes detected
[2026-08-01T00:44:21.666Z] LiveUpdateForge: session reset, allowLiveUpdate = false
[2026-08-01T00:44:21.666Z] NudgeForge: ResumeComplete — restoring count from history
[2026-08-01T00:44:21.667Z] restoreNudgeCountFromHistory: found last write at idx=97 count=40
[2026-08-01T00:44:21.756Z] LiveUpdateForge: allowLiveUpdate = true (first real BeforeSend)
[2026-08-01T00:44:21.757Z] InitialReadForge.onBeforeSend: SKIP (fr=false syn=false hasRead=true)
[2026-08-01T00:44:24.710Z] LiveUpdateForge: EndTurn fallback flush
[2026-08-01T00:44:24.710Z] onEndTurn: naturalStop=undefined toolCalls=40 nudgeMsg=no
[2026-08-01T00:44:24.711Z] LiveUpdateForge: EndTurn fallback flush
[2026-08-01T00:44:24.711Z] onEndTurn: naturalStop=false toolCalls=40 nudgeMsg=no
[2026-08-01T00:44:27.612Z] LiveUpdateForge: AfterToolExec flush
[2026-08-01T00:44:27.650Z] InitialReadForge.onBeforeSend: SKIP (fr=true syn=false hasRead=true)
[2026-08-01T00:44:30.589Z] LiveUpdateForge: EndTurn fallback flush
[2026-08-01T00:44:30.589Z] onEndTurn: naturalStop=undefined toolCalls=41 nudgeMsg=no
[2026-08-01T00:44:30.589Z] LiveUpdateForge: EndTurn fallback flush
[2026-08-01T00:44:30.590Z] onEndTurn: naturalStop=false toolCalls=41 nudgeMsg=no
[2026-08-01T00:44:30.662Z] LiveUpdateForge: AfterToolExec flush
[2026-08-01T00:44:30.691Z] InitialReadForge.onBeforeSend: SKIP (fr=true syn=false hasRead=true)
[2026-08-01T00:44:32.461Z] LiveUpdateForge: EndTurn fallback flush
[2026-08-01T00:44:32.461Z] onEndTurn: naturalStop=undefined toolCalls=42 nudgeMsg=no
[2026-08-01T00:44:32.461Z] LiveUpdateForge: EndTurn fallback flush
[2026-08-01T00:44:32.462Z] onEndTurn: naturalStop=false toolCalls=42 nudgeMsg=no
[2026-08-01T00:44:32.474Z] LiveUpdateForge: AfterToolExec flush
[2026-08-01T00:44:32.502Z] InitialReadForge.onBeforeSend: SKIP (fr=true syn=false hasRead=true)
[2026-08-01T00:44:35.967Z] LiveUpdateForge: EndTurn fallback flush
[2026-08-01T00:44:35.967Z] onEndTurn: naturalStop=undefined toolCalls=43 nudgeMsg=no
[2026-08-01T00:44:35.968Z] LiveUpdateForge: EndTurn fallback flush
[2026-08-01T00:44:35.968Z] onEndTurn: naturalStop=false toolCalls=43 nudgeMsg=no
[2026-08-01T00:44:36.034Z] LiveUpdateForge: AfterToolExec flush
[2026-08-01T00:44:36.060Z] InitialReadForge.onBeforeSend: SKIP (fr=true syn=false hasRead=true)
[2026-08-01T00:44:38.856Z] LiveUpdateForge: EndTurn fallback flush
[2026-08-01T00:44:38.857Z] onEndTurn: naturalStop=undefined toolCalls=44 nudgeMsg=no
[2026-08-01T00:44:38.857Z] LiveUpdateForge: EndTurn fallback flush
[2026-08-01T00:44:38.858Z] onEndTurn: naturalStop=false toolCalls=44 nudgeMsg=no
[2026-08-01T00:44:38.873Z] LiveUpdateForge: AfterToolExec flush
[2026-08-01T00:44:38.900Z] InitialReadForge.onBeforeSend: SKIP (fr=true syn=false hasRead=true)
[2026-08-01T00:44:40.814Z] LiveUpdateForge: EndTurn fallback flush
[2026-08-01T00:44:40.815Z] onEndTurn: naturalStop=undefined toolCalls=45 nudgeMsg=no
[2026-08-01T00:44:40.815Z] LiveUpdateForge: EndTurn fallback flush
[2026-08-01T00:44:40.815Z] onEndTurn: naturalStop=false toolCalls=45 nudgeMsg=no
[2026-08-01T00:44:43.177Z] LiveUpdateForge: AfterToolExec flush
[2026-08-01T00:44:43.205Z] InitialReadForge.onBeforeSend: SKIP (fr=true syn=false hasRead=true)
[2026-08-01T00:44:45.529Z] LiveUpdateForge: EndTurn fallback flush
[2026-08-01T00:44:45.530Z] onEndTurn: naturalStop=undefined toolCalls=46 nudgeMsg=no
[2026-08-01T00:44:45.530Z] LiveUpdateForge: EndTurn fallback flush
[2026-08-01T00:44:45.530Z] onEndTurn: naturalStop=true toolCalls=46 nudgeMsg=no
[2026-08-01T00:45:34.219Z] ResumeDiffForge: running checkResumeConsistency
[2026-08-01T00:45:34.220Z] checkResumeConsistency: forgedTimestamps=[]
[2026-08-01T00:45:34.226Z] checkResumeConsistency: no changes detected
[2026-08-01T00:45:34.227Z] LiveUpdateForge: session reset, allowLiveUpdate = false
[2026-08-01T00:45:34.227Z] NudgeForge: ResumeComplete — restoring count from history
[2026-08-01T00:45:34.227Z] restoreNudgeCountFromHistory: found last write at idx=97 count=46
[2026-08-01T00:45:34.300Z] LiveUpdateForge: allowLiveUpdate = true (first real BeforeSend)
[2026-08-01T00:45:34.301Z] InitialReadForge.onBeforeSend: SKIP (fr=false syn=false hasRead=true)
[2026-08-01T00:45:40.073Z] LiveUpdateForge: EndTurn fallback flush
[2026-08-01T00:45:40.073Z] onEndTurn: naturalStop=undefined toolCalls=46 nudgeMsg=no
[2026-08-01T00:45:40.073Z] LiveUpdateForge: EndTurn fallback flush
[2026-08-01T00:45:40.074Z] onEndTurn: naturalStop=false toolCalls=46 nudgeMsg=no
[2026-08-01T00:45:40.095Z] LiveUpdateForge: AfterToolExec flush
[2026-08-01T00:45:40.125Z] InitialReadForge.onBeforeSend: SKIP (fr=true syn=false hasRead=true)
[2026-08-01T00:45:42.081Z] LiveUpdateForge: EndTurn fallback flush
[2026-08-01T00:45:42.082Z] onEndTurn: naturalStop=undefined toolCalls=47 nudgeMsg=no
[2026-08-01T00:45:42.082Z] LiveUpdateForge: EndTurn fallback flush
[2026-08-01T00:45:42.082Z] onEndTurn: naturalStop=false toolCalls=47 nudgeMsg=no
[2026-08-01T00:45:48.170Z] LiveUpdateForge: AfterToolExec flush
[2026-08-01T00:45:48.203Z] InitialReadForge.onBeforeSend: SKIP (fr=true syn=false hasRead=true)
[2026-08-01T00:45:51.941Z] LiveUpdateForge: EndTurn fallback flush
[2026-08-01T00:45:51.942Z] onEndTurn: naturalStop=undefined toolCalls=48 nudgeMsg=no
[2026-08-01T00:45:51.942Z] LiveUpdateForge: EndTurn fallback flush
[2026-08-01T00:45:51.943Z] onEndTurn: naturalStop=false toolCalls=48 nudgeMsg=no
[2026-08-01T00:45:55.037Z] LiveUpdateForge: AfterToolExec flush
[2026-08-01T00:45:55.066Z] InitialReadForge.onBeforeSend: SKIP (fr=true syn=false hasRead=true)
[2026-08-01T00:45:58.412Z] LiveUpdateForge: EndTurn fallback flush
[2026-08-01T00:45:58.413Z] onEndTurn: naturalStop=undefined toolCalls=49 nudgeMsg=no
[2026-08-01T00:45:58.413Z] LiveUpdateForge: EndTurn fallback flush
[2026-08-01T00:45:58.413Z] onEndTurn: naturalStop=true toolCalls=49 nudgeMsg=no
[2026-08-01T00:47:03.866Z] ResumeDiffForge: running checkResumeConsistency
[2026-08-01T00:47:03.867Z] checkResumeConsistency: forgedTimestamps=[]
[2026-08-01T00:47:03.873Z] checkResumeConsistency: no changes detected
[2026-08-01T00:47:03.873Z] LiveUpdateForge: session reset, allowLiveUpdate = false
[2026-08-01T00:47:03.874Z] NudgeForge: ResumeComplete — restoring count from history
[2026-08-01T00:47:03.875Z] restoreNudgeCountFromHistory: found last write at idx=97 count=49
[2026-08-01T00:47:03.956Z] LiveUpdateForge: allowLiveUpdate = true (first real BeforeSend)
[2026-08-01T00:47:03.957Z] InitialReadForge.onBeforeSend: SKIP (fr=false syn=false hasRead=true)
[2026-08-01T00:47:07.087Z] LiveUpdateForge: EndTurn fallback flush
[2026-08-01T00:47:07.087Z] onEndTurn: naturalStop=undefined toolCalls=49 nudgeMsg=no
[2026-08-01T00:47:07.088Z] LiveUpdateForge: EndTurn fallback flush
[2026-08-01T00:47:07.088Z] onEndTurn: naturalStop=false toolCalls=49 nudgeMsg=no
[2026-08-01T00:47:10.241Z] LiveUpdateForge: AfterToolExec flush
[2026-08-01T00:47:10.269Z] InitialReadForge.onBeforeSend: SKIP (fr=true syn=false hasRead=true)
[2026-08-01T00:47:12.962Z] LiveUpdateForge: EndTurn fallback flush
[2026-08-01T00:47:12.962Z] onEndTurn: naturalStop=undefined toolCalls=50 nudgeMsg=no
[2026-08-01T00:47:12.962Z] LiveUpdateForge: EndTurn fallback flush
[2026-08-01T00:47:12.963Z] onEndTurn: naturalStop=false toolCalls=50 nudgeMsg=no
[2026-08-01T00:47:16.059Z] LiveUpdateForge: AfterToolExec flush
[2026-08-01T00:47:16.089Z] InitialReadForge.onBeforeSend: SKIP (fr=true syn=false hasRead=true)
[2026-08-01T00:47:18.809Z] LiveUpdateForge: EndTurn fallback flush
[2026-08-01T00:47:18.810Z] onEndTurn: naturalStop=undefined toolCalls=51 nudgeMsg=no
[2026-08-01T00:47:18.810Z] LiveUpdateForge: EndTurn fallback flush
[2026-08-01T00:47:18.810Z] onEndTurn: naturalStop=true toolCalls=0 nudgeMsg=YES
[2026-08-01T00:47:18.814Z] InitialReadForge.onBeforeSend: SKIP (fr=false syn=false hasRead=true)
[2026-08-01T00:47:24.932Z] LiveUpdateForge: EndTurn fallback flush
[2026-08-01T00:47:24.932Z] onEndTurn: naturalStop=undefined toolCalls=0 nudgeMsg=no
[2026-08-01T00:47:24.933Z] LiveUpdateForge: EndTurn fallback flush
[2026-08-01T00:47:24.933Z] onEndTurn: naturalStop=false toolCalls=0 nudgeMsg=no
[2026-08-01T00:47:24.946Z] LiveUpdateForge: self-write on D:\unity\mowang\CODELY.md, baseline aligned
[2026-08-01T00:47:24.947Z] LiveUpdateForge: AfterToolExec flush
[2026-08-01T00:47:24.989Z] LiveUpdateForge: self-write on D:\unity\mowang\CODELY.md, baseline aligned
[2026-08-01T00:47:24.990Z] LiveUpdateForge: AfterToolExec flush
[2026-08-01T00:47:25.016Z] InitialReadForge.onBeforeSend: SKIP (fr=true syn=false hasRead=true)
[2026-08-01T00:47:27.570Z] LiveUpdateForge: EndTurn fallback flush
[2026-08-01T00:47:27.570Z] onEndTurn: naturalStop=undefined toolCalls=0 nudgeMsg=no
[2026-08-01T00:47:27.571Z] LiveUpdateForge: EndTurn fallback flush
[2026-08-01T00:47:27.571Z] onEndTurn: naturalStop=true toolCalls=0 nudgeMsg=no
[2026-08-01T00:47:45.723Z] ResumeDiffForge: running checkResumeConsistency
[2026-08-01T00:47:45.724Z] checkResumeConsistency: forgedTimestamps=[]
[2026-08-01T00:47:45.730Z] checkResumeConsistency: no changes detected
[2026-08-01T00:47:45.731Z] LiveUpdateForge: session reset, allowLiveUpdate = false
[2026-08-01T00:47:45.731Z] NudgeForge: ResumeComplete — restoring count from history
[2026-08-01T00:47:45.731Z] restoreNudgeCountFromHistory: found last write at idx=234 count=0
[2026-08-01T00:47:45.832Z] LiveUpdateForge: allowLiveUpdate = true (first real BeforeSend)
[2026-08-01T00:47:45.833Z] InitialReadForge.onBeforeSend: SKIP (fr=false syn=false hasRead=true)
[2026-08-01T00:47:48.460Z] LiveUpdateForge: EndTurn fallback flush
[2026-08-01T00:47:48.460Z] onEndTurn: naturalStop=undefined toolCalls=0 nudgeMsg=no
[2026-08-01T00:47:48.460Z] LiveUpdateForge: EndTurn fallback flush
[2026-08-01T00:47:48.461Z] onEndTurn: naturalStop=false toolCalls=0 nudgeMsg=no
[2026-08-01T00:47:51.841Z] LiveUpdateForge: AfterToolExec flush
[2026-08-01T00:47:51.870Z] InitialReadForge.onBeforeSend: SKIP (fr=true syn=false hasRead=true)
[2026-08-01T00:47:54.435Z] LiveUpdateForge: EndTurn fallback flush
[2026-08-01T00:47:54.435Z] onEndTurn: naturalStop=undefined toolCalls=1 nudgeMsg=no
[2026-08-01T00:47:54.435Z] LiveUpdateForge: EndTurn fallback flush
[2026-08-01T00:47:54.436Z] onEndTurn: naturalStop=true toolCalls=1 nudgeMsg=no
[2026-08-01T00:53:07.924Z] MemoryForge: attached 5 listener(s)
[2026-08-01T00:53:07.924Z] InitialReadForge: armed one-shot BeforeSend after NewSessionStart
[2026-08-01T00:53:07.925Z] LiveUpdateForge: session reset, allowLiveUpdate = false
[2026-08-01T00:53:08.417Z] LiveUpdateForge: session reset, allowLiveUpdate = false
[2026-08-01T00:53:08.451Z] ResumeDiffForge: running checkResumeConsistency
[2026-08-01T00:53:08.452Z] checkResumeConsistency: forgedTimestamps=[]
[2026-08-01T00:53:08.463Z] checkResumeConsistency: no changes detected
[2026-08-01T00:53:08.463Z] LiveUpdateForge: session reset, allowLiveUpdate = false
[2026-08-01T00:53:08.463Z] NudgeForge: ResumeComplete — restoring count from history
[2026-08-01T00:53:08.464Z] restoreNudgeCountFromHistory: found last write at idx=234 count=1
[2026-08-01T00:53:08.821Z] ResumeDiffForge: running checkResumeConsistency
[2026-08-01T00:53:08.822Z] checkResumeConsistency: forgedTimestamps=[]
[2026-08-01T00:53:08.828Z] checkResumeConsistency: no changes detected
[2026-08-01T00:53:08.828Z] LiveUpdateForge: session reset, allowLiveUpdate = false
[2026-08-01T00:53:08.829Z] NudgeForge: ResumeComplete — restoring count from history
[2026-08-01T00:53:08.829Z] restoreNudgeCountFromHistory: found last write at idx=234 count=1
[2026-08-01T00:53:08.952Z] ResumeDiffForge: running checkResumeConsistency
[2026-08-01T00:53:08.953Z] checkResumeConsistency: forgedTimestamps=[]
[2026-08-01T00:53:08.959Z] checkResumeConsistency: no changes detected
[2026-08-01T00:53:08.959Z] LiveUpdateForge: session reset, allowLiveUpdate = false
[2026-08-01T00:53:08.959Z] NudgeForge: ResumeComplete — restoring count from history
[2026-08-01T00:53:08.960Z] restoreNudgeCountFromHistory: found last write at idx=234 count=1
[2026-08-01T00:53:09.270Z] MemoryForge: attached 5 listener(s)
[2026-08-01T00:53:09.270Z] InitialReadForge: armed one-shot BeforeSend after NewSessionStart
[2026-08-01T00:53:09.270Z] LiveUpdateForge: session reset, allowLiveUpdate = false
[2026-08-01T00:53:09.274Z] MemoryForge: detached all listeners
[2026-08-01T00:53:09.274Z] ResumeDiffForge: running checkResumeConsistency
[2026-08-01T00:53:09.275Z] checkResumeConsistency: forgedTimestamps=[]
[2026-08-01T00:53:09.304Z] checkResumeConsistency: no changes detected
[2026-08-01T00:53:09.304Z] LiveUpdateForge: session reset, allowLiveUpdate = false
[2026-08-01T00:53:09.305Z] NudgeForge: ResumeComplete — restoring count from history
[2026-08-01T00:53:09.305Z] restoreNudgeCountFromHistory: found last write at idx=234 count=1
[2026-08-01T00:53:09.330Z] LiveUpdateForge: allowLiveUpdate = true (first real BeforeSend)
[2026-08-01T00:53:09.331Z] InitialReadForge.onBeforeSend: SKIP (fr=false syn=false hasRead=true)
[2026-08-01T00:53:21.375Z] LiveUpdateForge: EndTurn fallback flush
[2026-08-01T00:53:21.376Z] onEndTurn: naturalStop=undefined toolCalls=1 nudgeMsg=no
[2026-08-01T00:53:21.376Z] LiveUpdateForge: EndTurn fallback flush
[2026-08-01T00:53:21.376Z] onEndTurn: naturalStop=false toolCalls=1 nudgeMsg=no
[2026-08-01T00:53:27.041Z] LiveUpdateForge: AfterToolExec flush
[2026-08-01T00:53:27.071Z] InitialReadForge.onBeforeSend: SKIP (fr=true syn=false hasRead=true)
[2026-08-01T00:53:31.570Z] LiveUpdateForge: EndTurn fallback flush
[2026-08-01T00:53:31.571Z] onEndTurn: naturalStop=undefined toolCalls=2 nudgeMsg=no
[2026-08-01T00:53:31.571Z] LiveUpdateForge: EndTurn fallback flush
[2026-08-01T00:53:31.571Z] onEndTurn: naturalStop=false toolCalls=2 nudgeMsg=no
[2026-08-01T00:53:58.009Z] LiveUpdateForge: AfterToolExec flush
[2026-08-01T00:53:58.041Z] InitialReadForge.onBeforeSend: SKIP (fr=true syn=false hasRead=true)
[2026-08-01T00:54:00.485Z] LiveUpdateForge: EndTurn fallback flush
[2026-08-01T00:54:00.485Z] onEndTurn: naturalStop=undefined toolCalls=3 nudgeMsg=no
[2026-08-01T00:54:00.486Z] LiveUpdateForge: EndTurn fallback flush
[2026-08-01T00:54:00.486Z] onEndTurn: naturalStop=true toolCalls=3 nudgeMsg=no
[2026-08-01T00:54:49.639Z] ResumeDiffForge: running checkResumeConsistency
[2026-08-01T00:54:49.639Z] checkResumeConsistency: forgedTimestamps=[]
[2026-08-01T00:54:49.646Z] checkResumeConsistency: no changes detected
[2026-08-01T00:54:49.646Z] LiveUpdateForge: session reset, allowLiveUpdate = false
[2026-08-01T00:54:49.646Z] NudgeForge: ResumeComplete — restoring count from history
[2026-08-01T00:54:49.647Z] restoreNudgeCountFromHistory: found last write at idx=234 count=3
[2026-08-01T00:54:49.716Z] LiveUpdateForge: allowLiveUpdate = true (first real BeforeSend)
[2026-08-01T00:54:49.717Z] InitialReadForge.onBeforeSend: SKIP (fr=false syn=false hasRead=true)
[2026-08-01T00:54:52.417Z] LiveUpdateForge: EndTurn fallback flush
[2026-08-01T00:54:52.418Z] onEndTurn: naturalStop=undefined toolCalls=3 nudgeMsg=no
[2026-08-01T00:54:52.418Z] LiveUpdateForge: EndTurn fallback flush
[2026-08-01T00:54:52.418Z] onEndTurn: naturalStop=false toolCalls=3 nudgeMsg=no
[2026-08-01T00:55:16.298Z] LiveUpdateForge: AfterToolExec flush
[2026-08-01T00:55:16.327Z] InitialReadForge.onBeforeSend: SKIP (fr=true syn=false hasRead=true)
[2026-08-01T00:55:18.732Z] LiveUpdateForge: EndTurn fallback flush
[2026-08-01T00:55:18.732Z] onEndTurn: naturalStop=undefined toolCalls=4 nudgeMsg=no
[2026-08-01T00:55:18.733Z] LiveUpdateForge: EndTurn fallback flush
[2026-08-01T00:55:18.733Z] onEndTurn: naturalStop=true toolCalls=4 nudgeMsg=no
[2026-08-01T00:55:50.483Z] ResumeDiffForge: running checkResumeConsistency
[2026-08-01T00:55:50.483Z] checkResumeConsistency: forgedTimestamps=[]
[2026-08-01T00:55:50.490Z] checkResumeConsistency: no changes detected
[2026-08-01T00:55:50.490Z] LiveUpdateForge: session reset, allowLiveUpdate = false
[2026-08-01T00:55:50.490Z] NudgeForge: ResumeComplete — restoring count from history
[2026-08-01T00:55:50.491Z] restoreNudgeCountFromHistory: found last write at idx=234 count=4
[2026-08-01T00:55:50.570Z] LiveUpdateForge: allowLiveUpdate = true (first real BeforeSend)
[2026-08-01T00:55:50.570Z] InitialReadForge.onBeforeSend: SKIP (fr=false syn=false hasRead=true)
[2026-08-01T00:55:53.292Z] LiveUpdateForge: EndTurn fallback flush
[2026-08-01T00:55:53.292Z] onEndTurn: naturalStop=undefined toolCalls=4 nudgeMsg=no
[2026-08-01T00:55:53.292Z] LiveUpdateForge: EndTurn fallback flush
[2026-08-01T00:55:53.293Z] onEndTurn: naturalStop=false toolCalls=4 nudgeMsg=no
[2026-08-01T00:56:17.164Z] LiveUpdateForge: AfterToolExec flush
[2026-08-01T00:56:17.192Z] InitialReadForge.onBeforeSend: SKIP (fr=true syn=false hasRead=true)
[2026-08-01T00:56:20.910Z] LiveUpdateForge: EndTurn fallback flush
[2026-08-01T00:56:20.910Z] onEndTurn: naturalStop=undefined toolCalls=5 nudgeMsg=no
[2026-08-01T00:56:20.910Z] LiveUpdateForge: EndTurn fallback flush
[2026-08-01T00:56:20.911Z] onEndTurn: naturalStop=false toolCalls=5 nudgeMsg=no
[2026-08-01T00:56:25.593Z] LiveUpdateForge: AfterToolExec flush
[2026-08-01T00:56:25.621Z] InitialReadForge.onBeforeSend: SKIP (fr=true syn=false hasRead=true)
[2026-08-01T00:56:28.273Z] LiveUpdateForge: EndTurn fallback flush
[2026-08-01T00:56:28.273Z] onEndTurn: naturalStop=undefined toolCalls=6 nudgeMsg=no
[2026-08-01T00:56:28.273Z] LiveUpdateForge: EndTurn fallback flush
[2026-08-01T00:56:28.274Z] onEndTurn: naturalStop=false toolCalls=6 nudgeMsg=no
[2026-08-01T00:56:31.406Z] LiveUpdateForge: AfterToolExec flush
[2026-08-01T00:56:31.436Z] InitialReadForge.onBeforeSend: SKIP (fr=true syn=false hasRead=true)
[2026-08-01T00:56:33.883Z] LiveUpdateForge: EndTurn fallback flush
[2026-08-01T00:56:33.883Z] onEndTurn: naturalStop=undefined toolCalls=7 nudgeMsg=no
[2026-08-01T00:56:33.883Z] LiveUpdateForge: EndTurn fallback flush
[2026-08-01T00:56:33.883Z] onEndTurn: naturalStop=false toolCalls=7 nudgeMsg=no
[2026-08-01T00:56:33.940Z] LiveUpdateForge: AfterToolExec flush
[2026-08-01T00:56:33.964Z] InitialReadForge.onBeforeSend: SKIP (fr=true syn=false hasRead=true)
[2026-08-01T00:56:38.561Z] LiveUpdateForge: EndTurn fallback flush
[2026-08-01T00:56:38.561Z] onEndTurn: naturalStop=undefined toolCalls=8 nudgeMsg=no
[2026-08-01T00:56:38.562Z] LiveUpdateForge: EndTurn fallback flush
[2026-08-01T00:56:38.562Z] onEndTurn: naturalStop=false toolCalls=8 nudgeMsg=no
[2026-08-01T00:56:38.615Z] LiveUpdateForge: AfterToolExec flush
[2026-08-01T00:56:38.641Z] InitialReadForge.onBeforeSend: SKIP (fr=true syn=false hasRead=true)
[2026-08-01T00:56:41.695Z] LiveUpdateForge: EndTurn fallback flush
[2026-08-01T00:56:41.695Z] onEndTurn: naturalStop=undefined toolCalls=9 nudgeMsg=no
[2026-08-01T00:56:41.696Z] LiveUpdateForge: EndTurn fallback flush
[2026-08-01T00:56:41.696Z] onEndTurn: naturalStop=true toolCalls=9 nudgeMsg=no
[2026-08-01T00:57:15.523Z] ResumeDiffForge: running checkResumeConsistency
[2026-08-01T00:57:15.524Z] checkResumeConsistency: forgedTimestamps=[]
[2026-08-01T00:57:15.530Z] checkResumeConsistency: no changes detected
[2026-08-01T00:57:15.531Z] LiveUpdateForge: session reset, allowLiveUpdate = false
[2026-08-01T00:57:15.531Z] NudgeForge: ResumeComplete — restoring count from history
[2026-08-01T00:57:15.531Z] restoreNudgeCountFromHistory: found last write at idx=234 count=9
[2026-08-01T00:57:15.612Z] LiveUpdateForge: allowLiveUpdate = true (first real BeforeSend)
[2026-08-01T00:57:15.612Z] InitialReadForge.onBeforeSend: SKIP (fr=false syn=false hasRead=true)
[2026-08-01T00:57:19.323Z] LiveUpdateForge: EndTurn fallback flush
[2026-08-01T00:57:19.324Z] onEndTurn: naturalStop=undefined toolCalls=9 nudgeMsg=no
[2026-08-01T00:57:19.324Z] LiveUpdateForge: EndTurn fallback flush
[2026-08-01T00:57:19.324Z] onEndTurn: naturalStop=false toolCalls=9 nudgeMsg=no
[2026-08-01T00:57:24.335Z] LiveUpdateForge: AfterToolExec flush
[2026-08-01T00:57:24.366Z] InitialReadForge.onBeforeSend: SKIP (fr=true syn=false hasRead=true)
[2026-08-01T00:57:27.637Z] LiveUpdateForge: EndTurn fallback flush
[2026-08-01T00:57:27.638Z] onEndTurn: naturalStop=undefined toolCalls=10 nudgeMsg=no
[2026-08-01T00:57:27.638Z] LiveUpdateForge: EndTurn fallback flush
[2026-08-01T00:57:27.638Z] onEndTurn: naturalStop=true toolCalls=10 nudgeMsg=no
[2026-08-01T01:08:08.074Z] MemoryForge: attached 5 listener(s)
[2026-08-01T01:08:08.075Z] InitialReadForge: armed one-shot BeforeSend after NewSessionStart
[2026-08-01T01:08:08.075Z] LiveUpdateForge: session reset, allowLiveUpdate = false
[2026-08-01T01:08:08.648Z] LiveUpdateForge: session reset, allowLiveUpdate = false
[2026-08-01T01:08:08.678Z] ResumeDiffForge: running checkResumeConsistency
[2026-08-01T01:08:08.679Z] checkResumeConsistency: forgedTimestamps=[]
[2026-08-01T01:08:08.687Z] checkResumeConsistency: no changes detected
[2026-08-01T01:08:08.687Z] LiveUpdateForge: session reset, allowLiveUpdate = false
[2026-08-01T01:08:08.688Z] NudgeForge: ResumeComplete — restoring count from history
[2026-08-01T01:08:08.688Z] restoreNudgeCountFromHistory: found last write at idx=234 count=10
[2026-08-01T01:08:09.073Z] ResumeDiffForge: running checkResumeConsistency
[2026-08-01T01:08:09.074Z] checkResumeConsistency: forgedTimestamps=[]
[2026-08-01T01:08:09.080Z] checkResumeConsistency: no changes detected
[2026-08-01T01:08:09.080Z] LiveUpdateForge: session reset, allowLiveUpdate = false
[2026-08-01T01:08:09.080Z] NudgeForge: ResumeComplete — restoring count from history
[2026-08-01T01:08:09.081Z] restoreNudgeCountFromHistory: found last write at idx=234 count=10
[2026-08-01T01:08:09.210Z] ResumeDiffForge: running checkResumeConsistency
[2026-08-01T01:08:09.210Z] checkResumeConsistency: forgedTimestamps=[]
[2026-08-01T01:08:09.216Z] checkResumeConsistency: no changes detected
[2026-08-01T01:08:09.217Z] LiveUpdateForge: session reset, allowLiveUpdate = false
[2026-08-01T01:08:09.217Z] NudgeForge: ResumeComplete — restoring count from history
[2026-08-01T01:08:09.217Z] restoreNudgeCountFromHistory: found last write at idx=234 count=10
[2026-08-01T01:08:09.519Z] MemoryForge: attached 5 listener(s)
[2026-08-01T01:08:09.519Z] InitialReadForge: armed one-shot BeforeSend after NewSessionStart
[2026-08-01T01:08:09.520Z] LiveUpdateForge: session reset, allowLiveUpdate = false
[2026-08-01T01:08:09.524Z] MemoryForge: detached all listeners
[2026-08-01T01:08:09.524Z] ResumeDiffForge: running checkResumeConsistency
[2026-08-01T01:08:09.525Z] checkResumeConsistency: forgedTimestamps=[]
[2026-08-01T01:08:09.555Z] checkResumeConsistency: no changes detected
[2026-08-01T01:08:09.556Z] LiveUpdateForge: session reset, allowLiveUpdate = false
[2026-08-01T01:08:09.556Z] NudgeForge: ResumeComplete — restoring count from history
[2026-08-01T01:08:09.556Z] restoreNudgeCountFromHistory: found last write at idx=234 count=10
[2026-08-01T01:08:09.579Z] LiveUpdateForge: allowLiveUpdate = true (first real BeforeSend)
[2026-08-01T01:08:09.580Z] InitialReadForge.onBeforeSend: SKIP (fr=false syn=false hasRead=true)
[2026-08-01T01:08:22.644Z] LiveUpdateForge: EndTurn fallback flush
[2026-08-01T01:08:22.644Z] onEndTurn: naturalStop=undefined toolCalls=10 nudgeMsg=no
[2026-08-01T01:08:22.645Z] LiveUpdateForge: EndTurn fallback flush
[2026-08-01T01:08:22.645Z] onEndTurn: naturalStop=false toolCalls=10 nudgeMsg=no
[2026-08-01T01:08:28.566Z] LiveUpdateForge: AfterToolExec flush
[2026-08-01T01:08:28.603Z] InitialReadForge.onBeforeSend: SKIP (fr=true syn=false hasRead=true)
[2026-08-01T01:08:32.128Z] LiveUpdateForge: EndTurn fallback flush
[2026-08-01T01:08:32.128Z] onEndTurn: naturalStop=undefined toolCalls=11 nudgeMsg=no
[2026-08-01T01:08:32.129Z] LiveUpdateForge: EndTurn fallback flush
[2026-08-01T01:08:32.129Z] onEndTurn: naturalStop=false toolCalls=11 nudgeMsg=no
[2026-08-01T01:08:37.044Z] LiveUpdateForge: AfterToolExec flush
[2026-08-01T01:08:37.073Z] InitialReadForge.onBeforeSend: SKIP (fr=true syn=false hasRead=true)
[2026-08-01T01:08:40.229Z] LiveUpdateForge: EndTurn fallback flush
[2026-08-01T01:08:40.229Z] onEndTurn: naturalStop=undefined toolCalls=12 nudgeMsg=no
[2026-08-01T01:08:40.229Z] LiveUpdateForge: EndTurn fallback flush
[2026-08-01T01:08:40.229Z] onEndTurn: naturalStop=false toolCalls=12 nudgeMsg=no
[2026-08-01T01:08:42.915Z] LiveUpdateForge: AfterToolExec flush
[2026-08-01T01:08:42.943Z] InitialReadForge.onBeforeSend: SKIP (fr=true syn=false hasRead=true)
[2026-08-01T01:08:46.966Z] LiveUpdateForge: EndTurn fallback flush
[2026-08-01T01:08:46.967Z] onEndTurn: naturalStop=undefined toolCalls=13 nudgeMsg=no
[2026-08-01T01:08:46.967Z] LiveUpdateForge: EndTurn fallback flush
[2026-08-01T01:08:46.967Z] onEndTurn: naturalStop=false toolCalls=13 nudgeMsg=no
[2026-08-01T01:08:50.656Z] LiveUpdateForge: AfterToolExec flush
[2026-08-01T01:08:50.685Z] InitialReadForge.onBeforeSend: SKIP (fr=true syn=false hasRead=true)
[2026-08-01T01:08:53.423Z] LiveUpdateForge: EndTurn fallback flush
[2026-08-01T01:08:53.423Z] onEndTurn: naturalStop=undefined toolCalls=14 nudgeMsg=no
[2026-08-01T01:08:53.424Z] LiveUpdateForge: EndTurn fallback flush
[2026-08-01T01:08:53.424Z] onEndTurn: naturalStop=true toolCalls=14 nudgeMsg=no
[2026-08-01T01:12:34.293Z] ResumeDiffForge: running checkResumeConsistency
[2026-08-01T01:12:34.294Z] checkResumeConsistency: forgedTimestamps=[]
[2026-08-01T01:12:34.302Z] checkResumeConsistency: no changes detected
[2026-08-01T01:12:34.302Z] LiveUpdateForge: session reset, allowLiveUpdate = false
[2026-08-01T01:12:34.303Z] NudgeForge: ResumeComplete — restoring count from history
[2026-08-01T01:12:34.303Z] restoreNudgeCountFromHistory: found last write at idx=234 count=14
[2026-08-01T01:12:34.393Z] LiveUpdateForge: allowLiveUpdate = true (first real BeforeSend)
[2026-08-01T01:12:34.394Z] InitialReadForge.onBeforeSend: SKIP (fr=false syn=false hasRead=true)
[2026-08-01T01:12:39.552Z] LiveUpdateForge: EndTurn fallback flush
[2026-08-01T01:12:39.552Z] onEndTurn: naturalStop=undefined toolCalls=14 nudgeMsg=no
[2026-08-01T01:12:39.553Z] LiveUpdateForge: EndTurn fallback flush
[2026-08-01T01:12:39.553Z] onEndTurn: naturalStop=false toolCalls=14 nudgeMsg=no
[2026-08-01T01:12:55.092Z] LiveUpdateForge: AfterToolExec flush
[2026-08-01T01:12:55.124Z] InitialReadForge.onBeforeSend: SKIP (fr=true syn=false hasRead=true)
[2026-08-01T01:12:57.723Z] LiveUpdateForge: EndTurn fallback flush
[2026-08-01T01:12:57.724Z] onEndTurn: naturalStop=undefined toolCalls=15 nudgeMsg=no
[2026-08-01T01:12:57.724Z] LiveUpdateForge: EndTurn fallback flush
[2026-08-01T01:12:57.724Z] onEndTurn: naturalStop=true toolCalls=15 nudgeMsg=no
[2026-08-01T01:19:21.429Z] MemoryForge: attached 5 listener(s)
[2026-08-01T01:19:21.429Z] InitialReadForge: armed one-shot BeforeSend after NewSessionStart
[2026-08-01T01:19:21.430Z] LiveUpdateForge: session reset, allowLiveUpdate = false
[2026-08-01T01:19:22.017Z] LiveUpdateForge: session reset, allowLiveUpdate = false
[2026-08-01T01:19:22.047Z] ResumeDiffForge: running checkResumeConsistency
[2026-08-01T01:19:22.048Z] checkResumeConsistency: forgedTimestamps=[]
[2026-08-01T01:19:22.055Z] checkResumeConsistency: no changes detected
[2026-08-01T01:19:22.055Z] LiveUpdateForge: session reset, allowLiveUpdate = false
[2026-08-01T01:19:22.055Z] NudgeForge: ResumeComplete — restoring count from history
[2026-08-01T01:19:22.056Z] restoreNudgeCountFromHistory: found last write at idx=234 count=15
[2026-08-01T01:19:22.470Z] ResumeDiffForge: running checkResumeConsistency
[2026-08-01T01:19:22.470Z] checkResumeConsistency: forgedTimestamps=[]
[2026-08-01T01:19:22.479Z] checkResumeConsistency: no changes detected
[2026-08-01T01:19:22.480Z] LiveUpdateForge: session reset, allowLiveUpdate = false
[2026-08-01T01:19:22.480Z] NudgeForge: ResumeComplete — restoring count from history
[2026-08-01T01:19:22.480Z] restoreNudgeCountFromHistory: found last write at idx=234 count=15
[2026-08-01T01:19:22.616Z] ResumeDiffForge: running checkResumeConsistency
[2026-08-01T01:19:22.617Z] checkResumeConsistency: forgedTimestamps=[]
[2026-08-01T01:19:22.623Z] checkResumeConsistency: no changes detected
[2026-08-01T01:19:22.624Z] LiveUpdateForge: session reset, allowLiveUpdate = false
[2026-08-01T01:19:22.624Z] NudgeForge: ResumeComplete — restoring count from history
[2026-08-01T01:19:22.625Z] restoreNudgeCountFromHistory: found last write at idx=234 count=15
[2026-08-01T01:19:22.960Z] MemoryForge: attached 5 listener(s)
[2026-08-01T01:19:22.960Z] InitialReadForge: armed one-shot BeforeSend after NewSessionStart
[2026-08-01T01:19:22.961Z] LiveUpdateForge: session reset, allowLiveUpdate = false
[2026-08-01T01:19:22.965Z] MemoryForge: detached all listeners
[2026-08-01T01:19:22.966Z] ResumeDiffForge: running checkResumeConsistency
[2026-08-01T01:19:22.966Z] checkResumeConsistency: forgedTimestamps=[]
[2026-08-01T01:19:22.996Z] checkResumeConsistency: no changes detected
[2026-08-01T01:19:22.996Z] LiveUpdateForge: session reset, allowLiveUpdate = false
[2026-08-01T01:19:22.996Z] NudgeForge: ResumeComplete — restoring count from history
[2026-08-01T01:19:22.996Z] restoreNudgeCountFromHistory: found last write at idx=234 count=15
[2026-08-01T01:19:23.021Z] LiveUpdateForge: allowLiveUpdate = true (first real BeforeSend)
[2026-08-01T01:19:23.022Z] InitialReadForge.onBeforeSend: SKIP (fr=false syn=false hasRead=true)
[2026-08-01T01:19:36.322Z] LiveUpdateForge: EndTurn fallback flush
[2026-08-01T01:19:36.322Z] onEndTurn: naturalStop=undefined toolCalls=15 nudgeMsg=no
[2026-08-01T01:19:36.323Z] LiveUpdateForge: EndTurn fallback flush
[2026-08-01T01:19:36.325Z] onEndTurn: naturalStop=false toolCalls=15 nudgeMsg=no
[2026-08-01T01:19:45.044Z] LiveUpdateForge: AfterToolExec flush
[2026-08-01T01:19:45.074Z] InitialReadForge.onBeforeSend: SKIP (fr=true syn=false hasRead=true)
[2026-08-01T01:19:47.468Z] LiveUpdateForge: EndTurn fallback flush
[2026-08-01T01:19:47.469Z] onEndTurn: naturalStop=undefined toolCalls=16 nudgeMsg=no
[2026-08-01T01:19:47.469Z] LiveUpdateForge: EndTurn fallback flush
[2026-08-01T01:19:47.469Z] onEndTurn: naturalStop=false toolCalls=16 nudgeMsg=no
[2026-08-01T01:19:55.439Z] LiveUpdateForge: AfterToolExec flush
[2026-08-01T01:19:55.470Z] InitialReadForge.onBeforeSend: SKIP (fr=true syn=false hasRead=true)
[2026-08-01T01:19:57.687Z] LiveUpdateForge: EndTurn fallback flush
[2026-08-01T01:19:57.688Z] onEndTurn: naturalStop=undefined toolCalls=17 nudgeMsg=no
[2026-08-01T01:19:57.688Z] LiveUpdateForge: EndTurn fallback flush
[2026-08-01T01:19:57.688Z] onEndTurn: naturalStop=false toolCalls=17 nudgeMsg=no
[2026-08-01T01:20:00.779Z] LiveUpdateForge: AfterToolExec flush
[2026-08-01T01:20:00.811Z] InitialReadForge.onBeforeSend: SKIP (fr=true syn=false hasRead=true)
[2026-08-01T01:20:05.116Z] LiveUpdateForge: EndTurn fallback flush
[2026-08-01T01:20:05.116Z] onEndTurn: naturalStop=undefined toolCalls=18 nudgeMsg=no
[2026-08-01T01:20:05.116Z] LiveUpdateForge: EndTurn fallback flush
[2026-08-01T01:20:05.117Z] onEndTurn: naturalStop=false toolCalls=18 nudgeMsg=no
[2026-08-01T01:20:10.497Z] LiveUpdateForge: AfterToolExec flush
[2026-08-01T01:20:10.528Z] InitialReadForge.onBeforeSend: SKIP (fr=true syn=false hasRead=true)
[2026-08-01T01:20:18.079Z] LiveUpdateForge: EndTurn fallback flush
[2026-08-01T01:20:18.080Z] onEndTurn: naturalStop=undefined toolCalls=19 nudgeMsg=no
[2026-08-01T01:20:18.080Z] LiveUpdateForge: EndTurn fallback flush
[2026-08-01T01:20:18.080Z] onEndTurn: naturalStop=false toolCalls=19 nudgeMsg=no
[2026-08-01T01:20:22.268Z] LiveUpdateForge: AfterToolExec flush
[2026-08-01T01:20:22.299Z] InitialReadForge.onBeforeSend: SKIP (fr=true syn=false hasRead=true)
[2026-08-01T01:20:26.968Z] LiveUpdateForge: EndTurn fallback flush
[2026-08-01T01:20:26.968Z] onEndTurn: naturalStop=undefined toolCalls=20 nudgeMsg=no
[2026-08-01T01:20:26.969Z] LiveUpdateForge: EndTurn fallback flush
[2026-08-01T01:20:26.969Z] onEndTurn: naturalStop=false toolCalls=20 nudgeMsg=no
[2026-08-01T01:20:31.948Z] LiveUpdateForge: AfterToolExec flush
[2026-08-01T01:20:31.983Z] InitialReadForge.onBeforeSend: SKIP (fr=true syn=false hasRead=true)
[2026-08-01T01:20:34.648Z] LiveUpdateForge: EndTurn fallback flush
[2026-08-01T01:20:34.648Z] onEndTurn: naturalStop=undefined toolCalls=21 nudgeMsg=no
[2026-08-01T01:20:34.649Z] LiveUpdateForge: EndTurn fallback flush
[2026-08-01T01:20:34.649Z] onEndTurn: naturalStop=true toolCalls=21 nudgeMsg=no
[2026-08-01T01:29:57.876Z] MemoryForge: attached 5 listener(s)
[2026-08-01T01:29:57.876Z] InitialReadForge: armed one-shot BeforeSend after NewSessionStart
[2026-08-01T01:29:57.876Z] LiveUpdateForge: session reset, allowLiveUpdate = false
[2026-08-01T01:29:58.509Z] LiveUpdateForge: session reset, allowLiveUpdate = false
[2026-08-01T01:29:58.538Z] ResumeDiffForge: running checkResumeConsistency
[2026-08-01T01:29:58.539Z] checkResumeConsistency: forgedTimestamps=[]
[2026-08-01T01:29:58.546Z] checkResumeConsistency: no changes detected
[2026-08-01T01:29:58.546Z] LiveUpdateForge: session reset, allowLiveUpdate = false
[2026-08-01T01:29:58.546Z] NudgeForge: ResumeComplete — restoring count from history
[2026-08-01T01:29:58.547Z] restoreNudgeCountFromHistory: found last write at idx=234 count=21
[2026-08-01T01:29:58.918Z] ResumeDiffForge: running checkResumeConsistency
[2026-08-01T01:29:58.919Z] checkResumeConsistency: forgedTimestamps=[]
[2026-08-01T01:29:58.928Z] checkResumeConsistency: no changes detected
[2026-08-01T01:29:58.928Z] LiveUpdateForge: session reset, allowLiveUpdate = false
[2026-08-01T01:29:58.928Z] NudgeForge: ResumeComplete — restoring count from history
[2026-08-01T01:29:58.929Z] restoreNudgeCountFromHistory: found last write at idx=234 count=21
[2026-08-01T01:29:59.051Z] ResumeDiffForge: running checkResumeConsistency
[2026-08-01T01:29:59.052Z] checkResumeConsistency: forgedTimestamps=[]
[2026-08-01T01:29:59.059Z] checkResumeConsistency: no changes detected
[2026-08-01T01:29:59.059Z] LiveUpdateForge: session reset, allowLiveUpdate = false
[2026-08-01T01:29:59.059Z] NudgeForge: ResumeComplete — restoring count from history
[2026-08-01T01:29:59.059Z] restoreNudgeCountFromHistory: found last write at idx=234 count=21
[2026-08-01T01:29:59.383Z] MemoryForge: attached 5 listener(s)
[2026-08-01T01:29:59.384Z] InitialReadForge: armed one-shot BeforeSend after NewSessionStart
[2026-08-01T01:29:59.384Z] LiveUpdateForge: session reset, allowLiveUpdate = false
[2026-08-01T01:29:59.388Z] MemoryForge: detached all listeners
[2026-08-01T01:29:59.389Z] ResumeDiffForge: running checkResumeConsistency
[2026-08-01T01:29:59.389Z] checkResumeConsistency: forgedTimestamps=[]
[2026-08-01T01:29:59.418Z] checkResumeConsistency: no changes detected
[2026-08-01T01:29:59.419Z] LiveUpdateForge: session reset, allowLiveUpdate = false
[2026-08-01T01:29:59.419Z] NudgeForge: ResumeComplete — restoring count from history
[2026-08-01T01:29:59.419Z] restoreNudgeCountFromHistory: found last write at idx=234 count=21
[2026-08-01T01:29:59.442Z] LiveUpdateForge: allowLiveUpdate = true (first real BeforeSend)
[2026-08-01T01:29:59.442Z] InitialReadForge.onBeforeSend: SKIP (fr=false syn=false hasRead=true)
[2026-08-01T01:30:14.094Z] LiveUpdateForge: EndTurn fallback flush
[2026-08-01T01:30:14.094Z] onEndTurn: naturalStop=undefined toolCalls=21 nudgeMsg=no
[2026-08-01T01:30:14.095Z] LiveUpdateForge: EndTurn fallback flush
[2026-08-01T01:30:14.095Z] onEndTurn: naturalStop=false toolCalls=21 nudgeMsg=no
[2026-08-01T01:30:24.714Z] LiveUpdateForge: AfterToolExec flush
[2026-08-01T01:30:24.743Z] InitialReadForge.onBeforeSend: SKIP (fr=true syn=false hasRead=true)
[2026-08-01T01:30:29.601Z] LiveUpdateForge: EndTurn fallback flush
[2026-08-01T01:30:29.601Z] onEndTurn: naturalStop=undefined toolCalls=22 nudgeMsg=no
[2026-08-01T01:30:29.601Z] LiveUpdateForge: EndTurn fallback flush
[2026-08-01T01:30:29.602Z] onEndTurn: naturalStop=false toolCalls=22 nudgeMsg=no
[2026-08-01T01:30:33.110Z] LiveUpdateForge: AfterToolExec flush
[2026-08-01T01:30:33.138Z] InitialReadForge.onBeforeSend: SKIP (fr=true syn=false hasRead=true)
[2026-08-01T01:30:35.300Z] LiveUpdateForge: EndTurn fallback flush
[2026-08-01T01:30:35.301Z] onEndTurn: naturalStop=undefined toolCalls=23 nudgeMsg=no
[2026-08-01T01:30:35.301Z] LiveUpdateForge: EndTurn fallback flush
[2026-08-01T01:30:35.301Z] onEndTurn: naturalStop=true toolCalls=23 nudgeMsg=no
[2026-08-01T01:32:22.579Z] CompactComplete: resetting forge state
[2026-08-01T01:33:14.210Z] ResumeDiffForge: no read_memory in history, backfilling forge
[2026-08-01T01:33:14.338Z] recordForgedToolExchange: toolName=read_memory callId=resume-forge-read-memory-backfill
[2026-08-01T01:33:14.376Z] recordForgedToolExchange: recordMessage + recordToolCalls persisted
[2026-08-01T01:33:14.376Z] injectForgedHistory: role=user preview=""
[2026-08-01T01:33:14.395Z] injectForgedHistory: recordMessage persisted
[2026-08-01T01:33:14.401Z] ResumeDiffForge: backfilled read_memory and baseline for 2 raw + 2 provider file(s)
[2026-08-01T01:33:14.402Z] LiveUpdateForge: session reset, allowLiveUpdate = false
[2026-08-01T01:33:14.402Z] NudgeForge: ResumeComplete — restoring count from history
[2026-08-01T01:33:14.402Z] restoreNudgeCountFromHistory: no reset point found, count=0
[2026-08-01T01:33:14.407Z] LiveUpdateForge: allowLiveUpdate = true (first real BeforeSend)
[2026-08-01T01:33:14.408Z] InitialReadForge.onBeforeSend: SKIP (fr=false syn=false hasRead=true)
[2026-08-01T01:33:16.857Z] LiveUpdateForge: EndTurn fallback flush
[2026-08-01T01:33:16.858Z] onEndTurn: naturalStop=undefined toolCalls=0 nudgeMsg=no
[2026-08-01T01:33:16.858Z] LiveUpdateForge: EndTurn fallback flush
[2026-08-01T01:33:16.858Z] onEndTurn: naturalStop=false toolCalls=0 nudgeMsg=no
[2026-08-01T01:33:18.729Z] LiveUpdateForge: AfterToolExec flush
[2026-08-01T01:33:18.750Z] InitialReadForge.onBeforeSend: SKIP (fr=true syn=false hasRead=true)
[2026-08-01T01:33:20.135Z] LiveUpdateForge: EndTurn fallback flush
[2026-08-01T01:33:20.135Z] onEndTurn: naturalStop=undefined toolCalls=1 nudgeMsg=no
[2026-08-01T01:33:20.136Z] LiveUpdateForge: EndTurn fallback flush
[2026-08-01T01:33:20.136Z] onEndTurn: naturalStop=false toolCalls=1 nudgeMsg=no
[2026-08-01T01:33:22.791Z] LiveUpdateForge: AfterToolExec flush
[2026-08-01T01:33:22.810Z] InitialReadForge.onBeforeSend: SKIP (fr=true syn=false hasRead=true)
[2026-08-01T01:33:24.791Z] LiveUpdateForge: EndTurn fallback flush
[2026-08-01T01:33:24.791Z] onEndTurn: naturalStop=undefined toolCalls=2 nudgeMsg=no
[2026-08-01T01:33:24.791Z] LiveUpdateForge: EndTurn fallback flush
[2026-08-01T01:33:24.792Z] onEndTurn: naturalStop=false toolCalls=2 nudgeMsg=no
[2026-08-01T01:33:29.185Z] LiveUpdateForge: AfterToolExec flush
[2026-08-01T01:33:29.233Z] LiveUpdateForge: AfterToolExec flush
[2026-08-01T01:33:29.332Z] LiveUpdateForge: AfterToolExec flush
[2026-08-01T01:33:29.355Z] InitialReadForge.onBeforeSend: SKIP (fr=true syn=false hasRead=true)
[2026-08-01T01:33:32.844Z] LiveUpdateForge: EndTurn fallback flush
[2026-08-01T01:33:32.844Z] onEndTurn: naturalStop=undefined toolCalls=5 nudgeMsg=no
[2026-08-01T01:33:32.844Z] LiveUpdateForge: EndTurn fallback flush
[2026-08-01T01:33:32.845Z] onEndTurn: naturalStop=false toolCalls=5 nudgeMsg=no
[2026-08-01T01:33:35.975Z] LiveUpdateForge: AfterToolExec flush
[2026-08-01T01:33:35.998Z] InitialReadForge.onBeforeSend: SKIP (fr=true syn=false hasRead=true)
[2026-08-01T01:33:42.039Z] LiveUpdateForge: EndTurn fallback flush
[2026-08-01T01:33:42.039Z] onEndTurn: naturalStop=undefined toolCalls=6 nudgeMsg=no
[2026-08-01T01:33:42.039Z] LiveUpdateForge: EndTurn fallback flush
[2026-08-01T01:33:42.039Z] onEndTurn: naturalStop=true toolCalls=6 nudgeMsg=no
[2026-08-01T01:34:22.889Z] ResumeDiffForge: running checkResumeConsistency
[2026-08-01T01:34:22.889Z] checkResumeConsistency: forgedTimestamps=[]
[2026-08-01T01:34:22.896Z] checkResumeConsistency: no changes detected
[2026-08-01T01:34:22.896Z] LiveUpdateForge: session reset, allowLiveUpdate = false
[2026-08-01T01:34:22.896Z] NudgeForge: ResumeComplete — restoring count from history
[2026-08-01T01:34:22.896Z] restoreNudgeCountFromHistory: no reset point found, count=6
[2026-08-01T01:34:22.902Z] LiveUpdateForge: allowLiveUpdate = true (first real BeforeSend)
[2026-08-01T01:34:22.902Z] InitialReadForge.onBeforeSend: SKIP (fr=false syn=false hasRead=true)
[2026-08-01T01:34:24.540Z] LiveUpdateForge: EndTurn fallback flush
[2026-08-01T01:34:24.541Z] onEndTurn: naturalStop=undefined toolCalls=6 nudgeMsg=no
[2026-08-01T01:34:24.541Z] LiveUpdateForge: EndTurn fallback flush
[2026-08-01T01:34:24.541Z] onEndTurn: naturalStop=false toolCalls=6 nudgeMsg=no
[2026-08-01T01:34:26.236Z] LiveUpdateForge: AfterToolExec flush
[2026-08-01T01:34:26.258Z] InitialReadForge.onBeforeSend: SKIP (fr=true syn=false hasRead=true)
[2026-08-01T01:34:28.218Z] LiveUpdateForge: EndTurn fallback flush
[2026-08-01T01:34:28.218Z] onEndTurn: naturalStop=undefined toolCalls=7 nudgeMsg=no
[2026-08-01T01:34:28.219Z] LiveUpdateForge: EndTurn fallback flush
[2026-08-01T01:34:28.219Z] onEndTurn: naturalStop=true toolCalls=7 nudgeMsg=no
[2026-08-01T01:39:44.173Z] ResumeDiffForge: running checkResumeConsistency
[2026-08-01T01:39:44.174Z] checkResumeConsistency: forgedTimestamps=[]
[2026-08-01T01:39:44.182Z] checkResumeConsistency: no changes detected
[2026-08-01T01:39:44.182Z] LiveUpdateForge: session reset, allowLiveUpdate = false
[2026-08-01T01:39:44.183Z] NudgeForge: ResumeComplete — restoring count from history
[2026-08-01T01:39:44.183Z] restoreNudgeCountFromHistory: no reset point found, count=7
[2026-08-01T01:39:44.192Z] LiveUpdateForge: allowLiveUpdate = true (first real BeforeSend)
[2026-08-01T01:39:44.192Z] InitialReadForge.onBeforeSend: SKIP (fr=false syn=false hasRead=true)
[2026-08-01T01:39:46.945Z] LiveUpdateForge: EndTurn fallback flush
[2026-08-01T01:39:46.945Z] onEndTurn: naturalStop=undefined toolCalls=7 nudgeMsg=no
[2026-08-01T01:39:46.945Z] LiveUpdateForge: EndTurn fallback flush
[2026-08-01T01:39:46.946Z] onEndTurn: naturalStop=false toolCalls=7 nudgeMsg=no
[2026-08-01T01:39:51.670Z] LiveUpdateForge: AfterToolExec flush
[2026-08-01T01:39:51.995Z] LiveUpdateForge: AfterToolExec flush
[2026-08-01T01:39:52.998Z] LiveUpdateForge: AfterToolExec flush
[2026-08-01T01:39:53.026Z] InitialReadForge.onBeforeSend: SKIP (fr=true syn=false hasRead=true)
[2026-08-01T01:39:54.367Z] LiveUpdateForge: EndTurn fallback flush
[2026-08-01T01:39:54.367Z] onEndTurn: naturalStop=undefined toolCalls=10 nudgeMsg=no
[2026-08-01T01:39:54.367Z] LiveUpdateForge: EndTurn fallback flush
[2026-08-01T01:39:54.368Z] onEndTurn: naturalStop=false toolCalls=10 nudgeMsg=no
[2026-08-01T01:39:58.253Z] LiveUpdateForge: AfterToolExec flush
[2026-08-01T01:39:58.277Z] LiveUpdateForge: AfterToolExec flush
[2026-08-01T01:39:58.296Z] InitialReadForge.onBeforeSend: SKIP (fr=true syn=false hasRead=true)
[2026-08-01T01:40:19.290Z] LiveUpdateForge: EndTurn fallback flush
[2026-08-01T01:40:19.290Z] onEndTurn: naturalStop=undefined toolCalls=12 nudgeMsg=no
[2026-08-01T01:40:19.291Z] LiveUpdateForge: EndTurn fallback flush
[2026-08-01T01:40:19.291Z] onEndTurn: naturalStop=false toolCalls=12 nudgeMsg=no
[2026-08-01T01:40:23.980Z] LiveUpdateForge: AfterToolExec flush
[2026-08-01T01:40:24.789Z] LiveUpdateForge: AfterToolExec flush
[2026-08-01T01:40:24.828Z] LiveUpdateForge: AfterToolExec flush
[2026-08-01T01:40:24.857Z] InitialReadForge.onBeforeSend: SKIP (fr=true syn=false hasRead=true)
[2026-08-01T01:40:38.693Z] LiveUpdateForge: EndTurn fallback flush
[2026-08-01T01:40:38.694Z] onEndTurn: naturalStop=undefined toolCalls=15 nudgeMsg=no
[2026-08-01T01:40:38.694Z] LiveUpdateForge: EndTurn fallback flush
[2026-08-01T01:40:38.695Z] onEndTurn: naturalStop=true toolCalls=15 nudgeMsg=no
[2026-08-01T01:40:58.661Z] ResumeDiffForge: running checkResumeConsistency
[2026-08-01T01:40:58.662Z] checkResumeConsistency: forgedTimestamps=[]
[2026-08-01T01:40:58.669Z] checkResumeConsistency: no changes detected
[2026-08-01T01:40:58.669Z] LiveUpdateForge: session reset, allowLiveUpdate = false
[2026-08-01T01:40:58.669Z] NudgeForge: ResumeComplete — restoring count from history
[2026-08-01T01:40:58.670Z] restoreNudgeCountFromHistory: no reset point found, count=15
[2026-08-01T01:40:58.680Z] LiveUpdateForge: allowLiveUpdate = true (first real BeforeSend)
[2026-08-01T01:40:58.681Z] InitialReadForge.onBeforeSend: SKIP (fr=false syn=false hasRead=true)
[2026-08-01T01:41:02.136Z] LiveUpdateForge: EndTurn fallback flush
[2026-08-01T01:41:02.136Z] onEndTurn: naturalStop=undefined toolCalls=15 nudgeMsg=no
[2026-08-01T01:41:02.137Z] LiveUpdateForge: EndTurn fallback flush
[2026-08-01T01:41:02.137Z] onEndTurn: naturalStop=false toolCalls=15 nudgeMsg=no
[2026-08-01T01:41:07.569Z] LiveUpdateForge: AfterToolExec flush
[2026-08-01T01:41:07.589Z] InitialReadForge.onBeforeSend: SKIP (fr=true syn=false hasRead=true)
[2026-08-01T01:41:10.136Z] LiveUpdateForge: EndTurn fallback flush
[2026-08-01T01:41:10.136Z] onEndTurn: naturalStop=undefined toolCalls=16 nudgeMsg=no
[2026-08-01T01:41:10.136Z] LiveUpdateForge: EndTurn fallback flush
[2026-08-01T01:41:10.137Z] onEndTurn: naturalStop=false toolCalls=16 nudgeMsg=no
[2026-08-01T01:41:11.971Z] LiveUpdateForge: AfterToolExec flush
[2026-08-01T01:41:11.993Z] InitialReadForge.onBeforeSend: SKIP (fr=true syn=false hasRead=true)
[2026-08-01T01:41:16.821Z] LiveUpdateForge: EndTurn fallback flush
[2026-08-01T01:41:16.821Z] onEndTurn: naturalStop=undefined toolCalls=17 nudgeMsg=no
[2026-08-01T01:41:16.822Z] LiveUpdateForge: EndTurn fallback flush
[2026-08-01T01:41:16.822Z] onEndTurn: naturalStop=false toolCalls=17 nudgeMsg=no
[2026-08-01T01:41:20.011Z] LiveUpdateForge: AfterToolExec flush
[2026-08-01T01:41:23.609Z] LiveUpdateForge: AfterToolExec flush
[2026-08-01T01:41:23.628Z] InitialReadForge.onBeforeSend: SKIP (fr=true syn=false hasRead=true)
[2026-08-01T01:41:27.572Z] LiveUpdateForge: EndTurn fallback flush
[2026-08-01T01:41:27.572Z] onEndTurn: naturalStop=undefined toolCalls=19 nudgeMsg=no
[2026-08-01T01:41:27.573Z] LiveUpdateForge: EndTurn fallback flush
[2026-08-01T01:41:27.573Z] onEndTurn: naturalStop=false toolCalls=19 nudgeMsg=no
[2026-08-01T01:41:30.606Z] LiveUpdateForge: AfterToolExec flush
[2026-08-01T01:41:30.672Z] LiveUpdateForge: AfterToolExec flush
[2026-08-01T01:41:30.693Z] InitialReadForge.onBeforeSend: SKIP (fr=true syn=false hasRead=true)
[2026-08-01T01:41:37.546Z] LiveUpdateForge: EndTurn fallback flush
[2026-08-01T01:41:37.547Z] onEndTurn: naturalStop=undefined toolCalls=21 nudgeMsg=no
[2026-08-01T01:41:37.547Z] LiveUpdateForge: EndTurn fallback flush
[2026-08-01T01:41:37.547Z] onEndTurn: naturalStop=false toolCalls=21 nudgeMsg=no
[2026-08-01T01:41:40.603Z] LiveUpdateForge: AfterToolExec flush
[2026-08-01T01:41:40.696Z] LiveUpdateForge: AfterToolExec flush
[2026-08-01T01:41:40.720Z] InitialReadForge.onBeforeSend: SKIP (fr=true syn=false hasRead=true)
[2026-08-01T01:41:44.949Z] LiveUpdateForge: EndTurn fallback flush
[2026-08-01T01:41:44.949Z] onEndTurn: naturalStop=undefined toolCalls=23 nudgeMsg=no
[2026-08-01T01:41:44.949Z] LiveUpdateForge: EndTurn fallback flush
[2026-08-01T01:41:44.950Z] onEndTurn: naturalStop=false toolCalls=23 nudgeMsg=no
[2026-08-01T01:41:46.695Z] LiveUpdateForge: AfterToolExec flush
[2026-08-01T01:41:46.717Z] InitialReadForge.onBeforeSend: SKIP (fr=true syn=false hasRead=true)
[2026-08-01T01:41:51.088Z] LiveUpdateForge: EndTurn fallback flush
[2026-08-01T01:41:51.088Z] onEndTurn: naturalStop=undefined toolCalls=24 nudgeMsg=no
[2026-08-01T01:41:51.088Z] LiveUpdateForge: EndTurn fallback flush
[2026-08-01T01:41:51.089Z] onEndTurn: naturalStop=false toolCalls=24 nudgeMsg=no
[2026-08-01T01:41:58.581Z] LiveUpdateForge: AfterToolExec flush
[2026-08-01T01:41:58.609Z] InitialReadForge.onBeforeSend: SKIP (fr=true syn=false hasRead=true)
[2026-08-01T01:42:08.903Z] LiveUpdateForge: EndTurn fallback flush
[2026-08-01T01:42:08.903Z] onEndTurn: naturalStop=undefined toolCalls=25 nudgeMsg=no
[2026-08-01T01:42:08.904Z] LiveUpdateForge: EndTurn fallback flush
[2026-08-01T01:42:08.904Z] onEndTurn: naturalStop=false toolCalls=25 nudgeMsg=no
[2026-08-01T01:42:12.303Z] LiveUpdateForge: AfterToolExec flush
[2026-08-01T01:42:12.340Z] InitialReadForge.onBeforeSend: SKIP (fr=true syn=false hasRead=true)
[2026-08-01T01:42:18.098Z] LiveUpdateForge: EndTurn fallback flush
[2026-08-01T01:42:18.099Z] onEndTurn: naturalStop=undefined toolCalls=26 nudgeMsg=no
[2026-08-01T01:42:18.099Z] LiveUpdateForge: EndTurn fallback flush
[2026-08-01T01:42:18.100Z] onEndTurn: naturalStop=false toolCalls=26 nudgeMsg=no
[2026-08-01T01:42:21.486Z] LiveUpdateForge: AfterToolExec flush
[2026-08-01T01:42:21.511Z] InitialReadForge.onBeforeSend: SKIP (fr=true syn=false hasRead=true)
[2026-08-01T01:42:26.504Z] LiveUpdateForge: EndTurn fallback flush
[2026-08-01T01:42:26.505Z] onEndTurn: naturalStop=undefined toolCalls=27 nudgeMsg=no
[2026-08-01T01:42:26.505Z] LiveUpdateForge: EndTurn fallback flush
[2026-08-01T01:42:26.505Z] onEndTurn: naturalStop=false toolCalls=27 nudgeMsg=no
[2026-08-01T01:42:34.220Z] LiveUpdateForge: AfterToolExec flush
[2026-08-01T01:42:34.244Z] InitialReadForge.onBeforeSend: SKIP (fr=true syn=false hasRead=true)
[2026-08-01T01:42:37.086Z] LiveUpdateForge: EndTurn fallback flush
[2026-08-01T01:42:37.087Z] onEndTurn: naturalStop=undefined toolCalls=28 nudgeMsg=no
[2026-08-01T01:42:37.087Z] LiveUpdateForge: EndTurn fallback flush
[2026-08-01T01:42:37.087Z] onEndTurn: naturalStop=false toolCalls=28 nudgeMsg=no
[2026-08-01T01:42:38.808Z] LiveUpdateForge: AfterToolExec flush
[2026-08-01T01:42:38.834Z] InitialReadForge.onBeforeSend: SKIP (fr=true syn=false hasRead=true)
[2026-08-01T01:42:46.144Z] LiveUpdateForge: EndTurn fallback flush
[2026-08-01T01:42:46.145Z] onEndTurn: naturalStop=undefined toolCalls=29 nudgeMsg=no
[2026-08-01T01:42:46.145Z] LiveUpdateForge: EndTurn fallback flush
[2026-08-01T01:42:46.145Z] onEndTurn: naturalStop=false toolCalls=29 nudgeMsg=no
[2026-08-01T01:42:59.797Z] LiveUpdateForge: AfterToolExec flush
[2026-08-01T01:42:59.824Z] InitialReadForge.onBeforeSend: SKIP (fr=true syn=false hasRead=true)
[2026-08-01T01:43:01.833Z] LiveUpdateForge: EndTurn fallback flush
[2026-08-01T01:43:01.833Z] onEndTurn: naturalStop=undefined toolCalls=30 nudgeMsg=no
[2026-08-01T01:43:01.833Z] LiveUpdateForge: EndTurn fallback flush
[2026-08-01T01:43:01.834Z] onEndTurn: naturalStop=false toolCalls=30 nudgeMsg=no
[2026-08-01T01:43:03.643Z] LiveUpdateForge: AfterToolExec flush
[2026-08-01T01:43:03.673Z] InitialReadForge.onBeforeSend: SKIP (fr=true syn=false hasRead=true)
[2026-08-01T01:43:11.176Z] LiveUpdateForge: EndTurn fallback flush
[2026-08-01T01:43:11.176Z] onEndTurn: naturalStop=undefined toolCalls=31 nudgeMsg=no
[2026-08-01T01:43:11.176Z] LiveUpdateForge: EndTurn fallback flush
[2026-08-01T01:43:11.177Z] onEndTurn: naturalStop=false toolCalls=31 nudgeMsg=no
[2026-08-01T01:43:13.895Z] LiveUpdateForge: AfterToolExec flush
[2026-08-01T01:43:13.920Z] InitialReadForge.onBeforeSend: SKIP (fr=true syn=false hasRead=true)
[2026-08-01T01:43:17.865Z] LiveUpdateForge: EndTurn fallback flush
[2026-08-01T01:43:17.865Z] onEndTurn: naturalStop=undefined toolCalls=32 nudgeMsg=no
[2026-08-01T01:43:17.866Z] LiveUpdateForge: EndTurn fallback flush
[2026-08-01T01:43:17.866Z] onEndTurn: naturalStop=false toolCalls=32 nudgeMsg=no
[2026-08-01T01:43:17.930Z] LiveUpdateForge: AfterToolExec flush
[2026-08-01T01:43:17.960Z] InitialReadForge.onBeforeSend: SKIP (fr=true syn=false hasRead=true)
[2026-08-01T01:43:19.870Z] LiveUpdateForge: EndTurn fallback flush
[2026-08-01T01:43:19.871Z] onEndTurn: naturalStop=undefined toolCalls=33 nudgeMsg=no
[2026-08-01T01:43:19.871Z] LiveUpdateForge: EndTurn fallback flush
[2026-08-01T01:43:19.871Z] onEndTurn: naturalStop=false toolCalls=33 nudgeMsg=no
[2026-08-01T01:43:32.638Z] LiveUpdateForge: AfterToolExec flush
[2026-08-01T01:43:32.662Z] InitialReadForge.onBeforeSend: SKIP (fr=true syn=false hasRead=true)
[2026-08-01T01:43:35.438Z] LiveUpdateForge: EndTurn fallback flush
[2026-08-01T01:43:35.438Z] onEndTurn: naturalStop=undefined toolCalls=34 nudgeMsg=no
[2026-08-01T01:43:35.439Z] LiveUpdateForge: EndTurn fallback flush
[2026-08-01T01:43:35.439Z] onEndTurn: naturalStop=false toolCalls=34 nudgeMsg=no
[2026-08-01T01:43:37.187Z] LiveUpdateForge: AfterToolExec flush
[2026-08-01T01:43:37.219Z] InitialReadForge.onBeforeSend: SKIP (fr=true syn=false hasRead=true)
[2026-08-01T01:43:41.165Z] LiveUpdateForge: EndTurn fallback flush
[2026-08-01T01:43:41.166Z] onEndTurn: naturalStop=undefined toolCalls=35 nudgeMsg=no
[2026-08-01T01:43:41.166Z] LiveUpdateForge: EndTurn fallback flush
[2026-08-01T01:43:41.166Z] onEndTurn: naturalStop=true toolCalls=35 nudgeMsg=no
[2026-08-01T01:43:43.709Z] ResumeDiffForge: running checkResumeConsistency
[2026-08-01T01:43:43.710Z] checkResumeConsistency: forgedTimestamps=[]
[2026-08-01T01:43:43.717Z] checkResumeConsistency: no changes detected
[2026-08-01T01:43:43.717Z] LiveUpdateForge: session reset, allowLiveUpdate = false
[2026-08-01T01:43:43.718Z] NudgeForge: ResumeComplete — restoring count from history
[2026-08-01T01:43:43.718Z] restoreNudgeCountFromHistory: no reset point found, count=35
[2026-08-01T01:43:43.729Z] LiveUpdateForge: allowLiveUpdate = true (first real BeforeSend)
[2026-08-01T01:43:43.729Z] InitialReadForge.onBeforeSend: SKIP (fr=false syn=false hasRead=true)
[2026-08-01T01:43:45.659Z] LiveUpdateForge: EndTurn fallback flush
[2026-08-01T01:43:45.659Z] onEndTurn: naturalStop=undefined toolCalls=35 nudgeMsg=no
[2026-08-01T01:43:45.659Z] LiveUpdateForge: EndTurn fallback flush
[2026-08-01T01:43:45.660Z] onEndTurn: naturalStop=false toolCalls=35 nudgeMsg=no
[2026-08-01T01:43:45.669Z] LiveUpdateForge: AfterToolExec flush
[2026-08-01T01:43:45.697Z] InitialReadForge.onBeforeSend: SKIP (fr=true syn=false hasRead=true)
[2026-08-01T01:43:51.807Z] LiveUpdateForge: EndTurn fallback flush
[2026-08-01T01:43:51.807Z] onEndTurn: naturalStop=undefined toolCalls=36 nudgeMsg=no
[2026-08-01T01:43:51.808Z] LiveUpdateForge: EndTurn fallback flush
[2026-08-01T01:43:51.808Z] onEndTurn: naturalStop=true toolCalls=36 nudgeMsg=no
[2026-08-01T05:19:40.482Z] MemoryForge: attached 5 listener(s)
[2026-08-01T05:19:40.483Z] InitialReadForge: armed one-shot BeforeSend after NewSessionStart
[2026-08-01T05:19:40.484Z] LiveUpdateForge: session reset, allowLiveUpdate = false
[2026-08-01T05:19:43.126Z] MemoryForge: attached 5 listener(s)
[2026-08-01T05:19:43.127Z] InitialReadForge: armed one-shot BeforeSend after NewSessionStart
[2026-08-01T05:19:43.127Z] LiveUpdateForge: session reset, allowLiveUpdate = false
[2026-08-01T05:19:58.780Z] MemoryForge: attached 5 listener(s)
[2026-08-01T05:19:58.780Z] InitialReadForge: armed one-shot BeforeSend after NewSessionStart
[2026-08-01T05:19:58.781Z] LiveUpdateForge: session reset, allowLiveUpdate = false
[2026-08-01T05:19:59.488Z] LiveUpdateForge: session reset, allowLiveUpdate = false
[2026-08-01T05:19:59.505Z] ResumeDiffForge: running checkResumeConsistency
[2026-08-01T05:19:59.506Z] checkResumeConsistency: forgedTimestamps=[]
[2026-08-01T05:19:59.511Z] checkResumeConsistency: no changes detected
[2026-08-01T05:19:59.512Z] LiveUpdateForge: session reset, allowLiveUpdate = false
[2026-08-01T05:19:59.512Z] NudgeForge: ResumeComplete — restoring count from history
[2026-08-01T05:19:59.512Z] restoreNudgeCountFromHistory: no reset point found, count=36
[2026-08-01T05:20:37.509Z] MemoryForge: attached 5 listener(s)
[2026-08-01T05:20:37.510Z] InitialReadForge: armed one-shot BeforeSend after NewSessionStart
[2026-08-01T05:20:37.510Z] LiveUpdateForge: session reset, allowLiveUpdate = false
[2026-08-01T05:20:38.055Z] LiveUpdateForge: session reset, allowLiveUpdate = false
[2026-08-01T05:20:38.070Z] ResumeDiffForge: running checkResumeConsistency
[2026-08-01T05:20:38.070Z] checkResumeConsistency: forgedTimestamps=[]
[2026-08-01T05:20:38.076Z] checkResumeConsistency: no changes detected
[2026-08-01T05:20:38.076Z] LiveUpdateForge: session reset, allowLiveUpdate = false
[2026-08-01T05:20:38.076Z] NudgeForge: ResumeComplete — restoring count from history
[2026-08-01T05:20:38.077Z] restoreNudgeCountFromHistory: no reset point found, count=36
[2026-08-01T05:20:38.314Z] ResumeDiffForge: running checkResumeConsistency
[2026-08-01T05:20:38.315Z] checkResumeConsistency: forgedTimestamps=[]
[2026-08-01T05:20:38.318Z] checkResumeConsistency: no changes detected
[2026-08-01T05:20:38.318Z] LiveUpdateForge: session reset, allowLiveUpdate = false
[2026-08-01T05:20:38.318Z] NudgeForge: ResumeComplete — restoring count from history
[2026-08-01T05:20:38.318Z] restoreNudgeCountFromHistory: no reset point found, count=36
[2026-08-01T05:20:38.357Z] ResumeDiffForge: running checkResumeConsistency
[2026-08-01T05:20:38.357Z] checkResumeConsistency: forgedTimestamps=[]
[2026-08-01T05:20:38.362Z] checkResumeConsistency: no changes detected
[2026-08-01T05:20:38.363Z] LiveUpdateForge: session reset, allowLiveUpdate = false
[2026-08-01T05:20:38.363Z] NudgeForge: ResumeComplete — restoring count from history
[2026-08-01T05:20:38.363Z] restoreNudgeCountFromHistory: no reset point found, count=36
[2026-08-01T05:20:39.845Z] MemoryForge: attached 5 listener(s)
[2026-08-01T05:20:39.845Z] InitialReadForge: armed one-shot BeforeSend after NewSessionStart
[2026-08-01T05:20:39.845Z] LiveUpdateForge: session reset, allowLiveUpdate = false
[2026-08-01T05:20:39.847Z] MemoryForge: detached all listeners
[2026-08-01T05:20:39.847Z] ResumeDiffForge: running checkResumeConsistency
[2026-08-01T05:20:39.848Z] checkResumeConsistency: forgedTimestamps=[]
[2026-08-01T05:20:39.870Z] checkResumeConsistency: no changes detected
[2026-08-01T05:20:39.871Z] LiveUpdateForge: session reset, allowLiveUpdate = false
[2026-08-01T05:20:39.871Z] NudgeForge: ResumeComplete — restoring count from history
[2026-08-01T05:20:39.871Z] restoreNudgeCountFromHistory: no reset point found, count=36
[2026-08-01T05:20:39.885Z] LiveUpdateForge: allowLiveUpdate = true (first real BeforeSend)
[2026-08-01T05:20:39.885Z] InitialReadForge.onBeforeSend: SKIP (fr=false syn=false hasRead=true)
[2026-08-01T05:20:48.610Z] LiveUpdateForge: EndTurn fallback flush
[2026-08-01T05:20:48.611Z] onEndTurn: naturalStop=undefined toolCalls=36 nudgeMsg=no
[2026-08-01T05:20:48.611Z] LiveUpdateForge: EndTurn fallback flush
[2026-08-01T05:20:48.611Z] onEndTurn: naturalStop=false toolCalls=36 nudgeMsg=no
[2026-08-01T05:20:53.176Z] LiveUpdateForge: AfterToolExec flush
[2026-08-01T05:20:54.259Z] LiveUpdateForge: AfterToolExec flush
[2026-08-01T05:20:58.163Z] LiveUpdateForge: AfterToolExec flush
[2026-08-01T05:20:58.193Z] InitialReadForge.onBeforeSend: SKIP (fr=true syn=false hasRead=true)
[2026-08-01T05:21:11.626Z] LiveUpdateForge: EndTurn fallback flush
[2026-08-01T05:21:11.627Z] onEndTurn: naturalStop=undefined toolCalls=39 nudgeMsg=no
[2026-08-01T05:21:11.658Z] LiveUpdateForge: EndTurn fallback flush
[2026-08-01T05:21:11.658Z] onEndTurn: naturalStop=false toolCalls=39 nudgeMsg=no
[2026-08-01T05:21:28.846Z] LiveUpdateForge: AfterToolExec flush
[2026-08-01T05:21:29.854Z] LiveUpdateForge: AfterToolExec flush
[2026-08-01T05:21:29.897Z] InitialReadForge.onBeforeSend: SKIP (fr=true syn=false hasRead=true)
[2026-08-01T05:21:32.217Z] LiveUpdateForge: EndTurn fallback flush
[2026-08-01T05:21:32.217Z] onEndTurn: naturalStop=undefined toolCalls=41 nudgeMsg=no
[2026-08-01T05:21:32.218Z] LiveUpdateForge: EndTurn fallback flush
[2026-08-01T05:21:32.218Z] onEndTurn: naturalStop=false toolCalls=41 nudgeMsg=no
[2026-08-01T05:21:34.327Z] LiveUpdateForge: AfterToolExec flush
[2026-08-01T05:21:34.359Z] InitialReadForge.onBeforeSend: SKIP (fr=true syn=false hasRead=true)
[2026-08-01T05:21:36.569Z] LiveUpdateForge: EndTurn fallback flush
[2026-08-01T05:21:36.569Z] onEndTurn: naturalStop=undefined toolCalls=42 nudgeMsg=no
[2026-08-01T05:21:36.569Z] LiveUpdateForge: EndTurn fallback flush
[2026-08-01T05:21:36.569Z] onEndTurn: naturalStop=false toolCalls=42 nudgeMsg=no
[2026-08-01T05:21:38.319Z] LiveUpdateForge: AfterToolExec flush
[2026-08-01T05:21:38.345Z] InitialReadForge.onBeforeSend: SKIP (fr=true syn=false hasRead=true)
[2026-08-01T05:21:53.739Z] LiveUpdateForge: EndTurn fallback flush
[2026-08-01T05:21:53.739Z] onEndTurn: naturalStop=undefined toolCalls=43 nudgeMsg=no
[2026-08-01T05:21:53.739Z] LiveUpdateForge: EndTurn fallback flush
[2026-08-01T05:21:53.740Z] onEndTurn: naturalStop=true toolCalls=43 nudgeMsg=no
[2026-08-01T05:23:18.159Z] ResumeDiffForge: running checkResumeConsistency
[2026-08-01T05:23:18.159Z] checkResumeConsistency: forgedTimestamps=[]
[2026-08-01T05:23:18.172Z] checkResumeConsistency: no changes detected
[2026-08-01T05:23:18.172Z] LiveUpdateForge: session reset, allowLiveUpdate = false
[2026-08-01T05:23:18.173Z] NudgeForge: ResumeComplete — restoring count from history
[2026-08-01T05:23:18.173Z] restoreNudgeCountFromHistory: no reset point found, count=43
[2026-08-01T05:27:33.530Z] ResumeDiffForge: running checkResumeConsistency
[2026-08-01T05:27:33.533Z] checkResumeConsistency: forgedTimestamps=[]
[2026-08-01T05:27:33.551Z] checkResumeConsistency: no changes detected
[2026-08-01T05:27:33.552Z] LiveUpdateForge: session reset, allowLiveUpdate = false
[2026-08-01T05:27:33.552Z] NudgeForge: ResumeComplete — restoring count from history
[2026-08-01T05:27:33.552Z] restoreNudgeCountFromHistory: no reset point found, count=43
[2026-08-01T05:27:33.568Z] LiveUpdateForge: allowLiveUpdate = true (first real BeforeSend)
[2026-08-01T05:27:33.569Z] InitialReadForge.onBeforeSend: SKIP (fr=false syn=false hasRead=true)
[2026-08-01T05:27:45.746Z] LiveUpdateForge: EndTurn fallback flush
[2026-08-01T05:27:45.747Z] onEndTurn: naturalStop=undefined toolCalls=43 nudgeMsg=no
[2026-08-01T05:27:45.747Z] LiveUpdateForge: EndTurn fallback flush
[2026-08-01T05:27:45.747Z] onEndTurn: naturalStop=false toolCalls=43 nudgeMsg=no
[2026-08-01T05:27:49.353Z] LiveUpdateForge: AfterToolExec flush
[2026-08-01T05:27:49.379Z] InitialReadForge.onBeforeSend: SKIP (fr=true syn=false hasRead=true)
[2026-08-01T05:27:54.828Z] LiveUpdateForge: EndTurn fallback flush
[2026-08-01T05:27:54.828Z] onEndTurn: naturalStop=undefined toolCalls=44 nudgeMsg=no
[2026-08-01T05:27:54.828Z] LiveUpdateForge: EndTurn fallback flush
[2026-08-01T05:27:54.829Z] onEndTurn: naturalStop=false toolCalls=44 nudgeMsg=no
[2026-08-01T05:28:05.108Z] LiveUpdateForge: AfterToolExec flush
[2026-08-01T05:28:05.141Z] InitialReadForge.onBeforeSend: SKIP (fr=true syn=false hasRead=true)
[2026-08-01T05:28:12.502Z] LiveUpdateForge: EndTurn fallback flush
[2026-08-01T05:28:12.503Z] onEndTurn: naturalStop=undefined toolCalls=45 nudgeMsg=no
[2026-08-01T05:28:12.503Z] LiveUpdateForge: EndTurn fallback flush
[2026-08-01T05:28:12.503Z] onEndTurn: naturalStop=false toolCalls=45 nudgeMsg=no
[2026-08-01T05:28:15.195Z] LiveUpdateForge: AfterToolExec flush
[2026-08-01T05:28:15.217Z] InitialReadForge.onBeforeSend: SKIP (fr=true syn=false hasRead=true)
[2026-08-01T05:28:18.519Z] LiveUpdateForge: EndTurn fallback flush
[2026-08-01T05:28:18.520Z] onEndTurn: naturalStop=undefined toolCalls=46 nudgeMsg=no
[2026-08-01T05:28:18.520Z] LiveUpdateForge: EndTurn fallback flush
[2026-08-01T05:28:18.521Z] onEndTurn: naturalStop=true toolCalls=46 nudgeMsg=no
[2026-08-01T05:28:26.816Z] ResumeDiffForge: running checkResumeConsistency
[2026-08-01T05:28:26.816Z] checkResumeConsistency: forgedTimestamps=[]
[2026-08-01T05:28:26.824Z] checkResumeConsistency: no changes detected
[2026-08-01T05:28:26.824Z] LiveUpdateForge: session reset, allowLiveUpdate = false
[2026-08-01T05:28:26.824Z] NudgeForge: ResumeComplete — restoring count from history
[2026-08-01T05:28:26.824Z] restoreNudgeCountFromHistory: no reset point found, count=46
[2026-08-01T05:28:58.572Z] MemoryForge: attached 5 listener(s)
[2026-08-01T05:28:58.573Z] InitialReadForge: armed one-shot BeforeSend after NewSessionStart
[2026-08-01T05:28:58.573Z] LiveUpdateForge: session reset, allowLiveUpdate = false
[2026-08-01T05:28:59.146Z] LiveUpdateForge: session reset, allowLiveUpdate = false
[2026-08-01T05:28:59.190Z] ResumeDiffForge: running checkResumeConsistency
[2026-08-01T05:28:59.192Z] checkResumeConsistency: forgedTimestamps=[]
[2026-08-01T05:28:59.200Z] checkResumeConsistency: no changes detected
[2026-08-01T05:28:59.200Z] LiveUpdateForge: session reset, allowLiveUpdate = false
[2026-08-01T05:28:59.200Z] NudgeForge: ResumeComplete — restoring count from history
[2026-08-01T05:28:59.201Z] restoreNudgeCountFromHistory: found last write at idx=515 count=0
[2026-08-01T05:30:12.870Z] ResumeDiffForge: running checkResumeConsistency
[2026-08-01T05:30:12.871Z] checkResumeConsistency: forgedTimestamps=[]
[2026-08-01T05:30:12.879Z] checkResumeConsistency: no changes detected
[2026-08-01T05:30:12.880Z] LiveUpdateForge: session reset, allowLiveUpdate = false
[2026-08-01T05:30:12.880Z] NudgeForge: ResumeComplete — restoring count from history
[2026-08-01T05:30:12.880Z] restoreNudgeCountFromHistory: no reset point found, count=46
[2026-08-01T05:30:13.060Z] ResumeDiffForge: running checkResumeConsistency
[2026-08-01T05:30:13.061Z] checkResumeConsistency: forgedTimestamps=[]
[2026-08-01T05:30:13.069Z] checkResumeConsistency: no changes detected
[2026-08-01T05:30:13.070Z] LiveUpdateForge: session reset, allowLiveUpdate = false
[2026-08-01T05:30:13.070Z] NudgeForge: ResumeComplete — restoring count from history
[2026-08-01T05:30:13.071Z] restoreNudgeCountFromHistory: found last write at idx=514 count=0
[2026-08-01T05:32:23.470Z] MemoryForge: attached 5 listener(s)
[2026-08-01T05:32:23.471Z] InitialReadForge: armed one-shot BeforeSend after NewSessionStart
[2026-08-01T05:32:23.471Z] LiveUpdateForge: session reset, allowLiveUpdate = false
[2026-08-01T05:32:23.935Z] LiveUpdateForge: session reset, allowLiveUpdate = false
[2026-08-01T05:32:23.980Z] ResumeDiffForge: running checkResumeConsistency
[2026-08-01T05:32:23.981Z] checkResumeConsistency: forgedTimestamps=[]
[2026-08-01T05:32:23.987Z] checkResumeConsistency: no changes detected
[2026-08-01T05:32:23.988Z] LiveUpdateForge: session reset, allowLiveUpdate = false
[2026-08-01T05:32:23.988Z] NudgeForge: ResumeComplete — restoring count from history
[2026-08-01T05:32:23.989Z] restoreNudgeCountFromHistory: found last write at idx=514 count=0
[2026-08-01T05:32:24.594Z] ResumeDiffForge: running checkResumeConsistency
[2026-08-01T05:32:24.595Z] checkResumeConsistency: forgedTimestamps=[]
[2026-08-01T05:32:24.603Z] checkResumeConsistency: no changes detected
[2026-08-01T05:32:24.603Z] LiveUpdateForge: session reset, allowLiveUpdate = false
[2026-08-01T05:32:24.603Z] NudgeForge: ResumeComplete — restoring count from history
[2026-08-01T05:32:24.604Z] restoreNudgeCountFromHistory: found last write at idx=514 count=0
[2026-08-01T05:32:24.767Z] ResumeDiffForge: running checkResumeConsistency
[2026-08-01T05:32:24.768Z] checkResumeConsistency: forgedTimestamps=[]
[2026-08-01T05:32:24.776Z] checkResumeConsistency: no changes detected
[2026-08-01T05:32:24.776Z] LiveUpdateForge: session reset, allowLiveUpdate = false
[2026-08-01T05:32:24.776Z] NudgeForge: ResumeComplete — restoring count from history
[2026-08-01T05:32:24.777Z] restoreNudgeCountFromHistory: found last write at idx=514 count=0
[2026-08-01T05:32:25.101Z] MemoryForge: attached 5 listener(s)
[2026-08-01T05:32:25.101Z] InitialReadForge: armed one-shot BeforeSend after NewSessionStart
[2026-08-01T05:32:25.102Z] LiveUpdateForge: session reset, allowLiveUpdate = false
[2026-08-01T05:32:25.109Z] MemoryForge: detached all listeners
[2026-08-01T05:32:25.110Z] ResumeDiffForge: running checkResumeConsistency
[2026-08-01T05:32:25.110Z] checkResumeConsistency: forgedTimestamps=[]
[2026-08-01T05:32:25.151Z] checkResumeConsistency: no changes detected
[2026-08-01T05:32:25.151Z] LiveUpdateForge: session reset, allowLiveUpdate = false
[2026-08-01T05:32:25.151Z] NudgeForge: ResumeComplete — restoring count from history
[2026-08-01T05:32:25.152Z] restoreNudgeCountFromHistory: found last write at idx=514 count=0
[2026-08-01T05:32:25.181Z] LiveUpdateForge: allowLiveUpdate = true (first real BeforeSend)
[2026-08-01T05:32:25.182Z] InitialReadForge.onBeforeSend: SKIP (fr=false syn=false hasRead=true)
[2026-08-01T05:32:46.977Z] LiveUpdateForge: EndTurn fallback flush
[2026-08-01T05:32:46.978Z] onEndTurn: naturalStop=undefined toolCalls=0 nudgeMsg=no
[2026-08-01T05:32:46.978Z] LiveUpdateForge: EndTurn fallback flush
[2026-08-01T05:32:46.978Z] onEndTurn: naturalStop=false toolCalls=0 nudgeMsg=no
[2026-08-01T05:32:47.046Z] LiveUpdateForge: AfterToolExec flush
[2026-08-01T05:32:47.084Z] InitialReadForge.onBeforeSend: SKIP (fr=true syn=false hasRead=true)
[2026-08-01T05:32:47.626Z] ResumeDiffForge: running checkResumeConsistency
[2026-08-01T05:32:47.627Z] checkResumeConsistency: forgedTimestamps=[]
[2026-08-01T05:32:47.636Z] checkResumeConsistency: no changes detected
[2026-08-01T05:32:47.636Z] LiveUpdateForge: session reset, allowLiveUpdate = false
[2026-08-01T05:32:47.636Z] NudgeForge: ResumeComplete — restoring count from history
[2026-08-01T05:32:47.637Z] restoreNudgeCountFromHistory: no reset point found, count=46
[2026-08-01T05:32:50.416Z] LiveUpdateForge: EndTurn fallback flush
[2026-08-01T05:32:50.416Z] onEndTurn: naturalStop=undefined toolCalls=1 nudgeMsg=no
[2026-08-01T05:32:50.417Z] LiveUpdateForge: EndTurn fallback flush
[2026-08-01T05:32:50.417Z] onEndTurn: naturalStop=false toolCalls=1 nudgeMsg=no
[2026-08-01T05:32:50.669Z] LiveUpdateForge: AfterToolExec flush
[2026-08-01T05:32:50.706Z] InitialReadForge.onBeforeSend: SKIP (fr=true syn=false hasRead=true)
[2026-08-01T05:32:52.077Z] MemoryForge: attached 5 listener(s)
[2026-08-01T05:32:52.079Z] InitialReadForge: armed one-shot BeforeSend after NewSessionStart
[2026-08-01T05:32:52.079Z] LiveUpdateForge: session reset, allowLiveUpdate = false
[2026-08-01T05:32:53.297Z] MemoryForge: attached 5 listener(s)
[2026-08-01T05:32:53.297Z] InitialReadForge: armed one-shot BeforeSend after NewSessionStart
[2026-08-01T05:32:53.297Z] LiveUpdateForge: session reset, allowLiveUpdate = false
[2026-08-01T05:32:59.909Z] LiveUpdateForge: EndTurn fallback flush
[2026-08-01T05:32:59.909Z] onEndTurn: naturalStop=undefined toolCalls=2 nudgeMsg=no
[2026-08-01T05:32:59.909Z] LiveUpdateForge: EndTurn fallback flush
[2026-08-01T05:32:59.909Z] onEndTurn: naturalStop=false toolCalls=2 nudgeMsg=no
[2026-08-01T05:33:03.095Z] MemoryForge: attached 5 listener(s)
[2026-08-01T05:33:03.095Z] InitialReadForge: armed one-shot BeforeSend after NewSessionStart
[2026-08-01T05:33:03.096Z] LiveUpdateForge: session reset, allowLiveUpdate = false
[2026-08-01T05:33:03.680Z] LiveUpdateForge: session reset, allowLiveUpdate = false
[2026-08-01T05:33:03.715Z] ResumeDiffForge: running checkResumeConsistency
[2026-08-01T05:33:03.716Z] checkResumeConsistency: forgedTimestamps=[]
[2026-08-01T05:33:03.726Z] checkResumeConsistency: no changes detected
[2026-08-01T05:33:03.726Z] LiveUpdateForge: session reset, allowLiveUpdate = false
[2026-08-01T05:33:03.726Z] NudgeForge: ResumeComplete — restoring count from history
[2026-08-01T05:33:03.728Z] restoreNudgeCountFromHistory: no reset point found, count=18
[2026-08-01T05:33:20.402Z] MemoryForge: attached 5 listener(s)
[2026-08-01T05:33:20.402Z] InitialReadForge: armed one-shot BeforeSend after NewSessionStart
[2026-08-01T05:33:20.402Z] LiveUpdateForge: session reset, allowLiveUpdate = false
[2026-08-01T05:33:20.534Z] LiveUpdateForge: session reset, allowLiveUpdate = false
[2026-08-01T05:33:20.553Z] ResumeDiffForge: running checkResumeConsistency
[2026-08-01T05:33:20.555Z] checkResumeConsistency: forgedTimestamps=[]
[2026-08-01T05:33:20.563Z] checkResumeConsistency: no changes detected
[2026-08-01T05:33:20.563Z] LiveUpdateForge: session reset, allowLiveUpdate = false
[2026-08-01T05:33:20.564Z] NudgeForge: ResumeComplete — restoring count from history
[2026-08-01T05:33:20.565Z] restoreNudgeCountFromHistory: no reset point found, count=12
[2026-08-01T05:33:29.501Z] LiveUpdateForge: AfterToolExec flush
[2026-08-01T05:33:29.541Z] InitialReadForge.onBeforeSend: SKIP (fr=true syn=false hasRead=true)
[2026-08-01T05:33:42.935Z] LiveUpdateForge: EndTurn fallback flush
[2026-08-01T05:33:42.935Z] onEndTurn: naturalStop=undefined toolCalls=3 nudgeMsg=no
[2026-08-01T05:33:42.936Z] LiveUpdateForge: EndTurn fallback flush
[2026-08-01T05:33:42.936Z] onEndTurn: naturalStop=false toolCalls=3 nudgeMsg=no
[2026-08-01T05:33:43.043Z] LiveUpdateForge: AfterToolExec flush
[2026-08-01T05:33:43.846Z] InitialReadForge.onBeforeSend: SKIP (fr=true syn=false hasRead=true)
[2026-08-01T05:33:49.694Z] LiveUpdateForge: EndTurn fallback flush
[2026-08-01T05:33:49.694Z] onEndTurn: naturalStop=undefined toolCalls=4 nudgeMsg=no
[2026-08-01T05:33:49.695Z] LiveUpdateForge: EndTurn fallback flush
[2026-08-01T05:33:49.695Z] onEndTurn: naturalStop=false toolCalls=4 nudgeMsg=no
[2026-08-01T05:33:49.751Z] LiveUpdateForge: AfterToolExec flush
[2026-08-01T05:33:49.785Z] InitialReadForge.onBeforeSend: SKIP (fr=true syn=false hasRead=true)
[2026-08-01T05:33:52.141Z] LiveUpdateForge: EndTurn fallback flush
[2026-08-01T05:33:52.142Z] onEndTurn: naturalStop=undefined toolCalls=5 nudgeMsg=no
[2026-08-01T05:33:52.142Z] LiveUpdateForge: EndTurn fallback flush
[2026-08-01T05:33:52.143Z] onEndTurn: naturalStop=false toolCalls=5 nudgeMsg=no
[2026-08-01T05:33:52.157Z] LiveUpdateForge: AfterToolExec flush
[2026-08-01T05:33:52.195Z] InitialReadForge.onBeforeSend: SKIP (fr=true syn=false hasRead=true)
[2026-08-01T05:33:54.324Z] LiveUpdateForge: EndTurn fallback flush
[2026-08-01T05:33:54.325Z] onEndTurn: naturalStop=undefined toolCalls=6 nudgeMsg=no
[2026-08-01T05:33:54.325Z] LiveUpdateForge: EndTurn fallback flush
[2026-08-01T05:33:54.325Z] onEndTurn: naturalStop=false toolCalls=6 nudgeMsg=no
[2026-08-01T05:33:54.388Z] LiveUpdateForge: AfterToolExec flush
[2026-08-01T05:33:54.441Z] InitialReadForge.onBeforeSend: SKIP (fr=true syn=false hasRead=true)
[2026-08-01T05:33:57.322Z] LiveUpdateForge: EndTurn fallback flush
[2026-08-01T05:33:57.322Z] onEndTurn: naturalStop=undefined toolCalls=7 nudgeMsg=no
[2026-08-01T05:33:57.322Z] LiveUpdateForge: EndTurn fallback flush
[2026-08-01T05:33:57.323Z] onEndTurn: naturalStop=false toolCalls=7 nudgeMsg=no
[2026-08-01T05:33:57.978Z] LiveUpdateForge: AfterToolExec flush
[2026-08-01T05:33:58.013Z] InitialReadForge.onBeforeSend: SKIP (fr=true syn=false hasRead=true)
[2026-08-01T05:34:00.199Z] LiveUpdateForge: EndTurn fallback flush
[2026-08-01T05:34:00.200Z] onEndTurn: naturalStop=undefined toolCalls=8 nudgeMsg=no
[2026-08-01T05:34:00.200Z] LiveUpdateForge: EndTurn fallback flush
[2026-08-01T05:34:00.200Z] onEndTurn: naturalStop=false toolCalls=8 nudgeMsg=no
[2026-08-01T05:34:26.705Z] LiveUpdateForge: AfterToolExec flush
[2026-08-01T05:34:26.746Z] InitialReadForge.onBeforeSend: SKIP (fr=true syn=false hasRead=true)
[2026-08-01T05:34:29.233Z] LiveUpdateForge: EndTurn fallback flush
[2026-08-01T05:34:29.233Z] onEndTurn: naturalStop=undefined toolCalls=9 nudgeMsg=no
[2026-08-01T05:34:29.233Z] LiveUpdateForge: EndTurn fallback flush
[2026-08-01T05:34:29.234Z] onEndTurn: naturalStop=false toolCalls=9 nudgeMsg=no
[2026-08-01T05:34:29.957Z] LiveUpdateForge: AfterToolExec flush
[2026-08-01T05:34:29.995Z] InitialReadForge.onBeforeSend: SKIP (fr=true syn=false hasRead=true)
[2026-08-01T05:34:32.491Z] LiveUpdateForge: EndTurn fallback flush
[2026-08-01T05:34:32.491Z] onEndTurn: naturalStop=undefined toolCalls=10 nudgeMsg=no
[2026-08-01T05:34:32.492Z] LiveUpdateForge: EndTurn fallback flush
[2026-08-01T05:34:32.492Z] onEndTurn: naturalStop=false toolCalls=10 nudgeMsg=no
[2026-08-01T05:34:33.640Z] LiveUpdateForge: AfterToolExec flush
[2026-08-01T05:34:33.680Z] InitialReadForge.onBeforeSend: SKIP (fr=true syn=false hasRead=true)
[2026-08-01T05:34:36.217Z] LiveUpdateForge: EndTurn fallback flush
[2026-08-01T05:34:36.218Z] onEndTurn: naturalStop=undefined toolCalls=11 nudgeMsg=no
[2026-08-01T05:34:36.218Z] LiveUpdateForge: EndTurn fallback flush
[2026-08-01T05:34:36.219Z] onEndTurn: naturalStop=false toolCalls=11 nudgeMsg=no
[2026-08-01T05:34:36.278Z] LiveUpdateForge: AfterToolExec flush
[2026-08-01T05:34:36.311Z] InitialReadForge.onBeforeSend: SKIP (fr=true syn=false hasRead=true)
[2026-08-01T05:34:38.835Z] LiveUpdateForge: EndTurn fallback flush
[2026-08-01T05:34:38.835Z] onEndTurn: naturalStop=undefined toolCalls=12 nudgeMsg=no
[2026-08-01T05:34:38.835Z] LiveUpdateForge: EndTurn fallback flush
[2026-08-01T05:34:38.836Z] onEndTurn: naturalStop=false toolCalls=12 nudgeMsg=no
[2026-08-01T05:34:39.042Z] LiveUpdateForge: AfterToolExec flush
[2026-08-01T05:34:39.077Z] InitialReadForge.onBeforeSend: SKIP (fr=true syn=false hasRead=true)
[2026-08-01T05:34:41.751Z] LiveUpdateForge: EndTurn fallback flush
[2026-08-01T05:34:41.751Z] onEndTurn: naturalStop=undefined toolCalls=13 nudgeMsg=no
[2026-08-01T05:34:41.751Z] LiveUpdateForge: EndTurn fallback flush
[2026-08-01T05:34:41.752Z] onEndTurn: naturalStop=false toolCalls=13 nudgeMsg=no
[2026-08-01T05:34:57.357Z] MemoryForge: attached 5 listener(s)
[2026-08-01T05:34:57.358Z] InitialReadForge: armed one-shot BeforeSend after NewSessionStart
[2026-08-01T05:34:57.358Z] LiveUpdateForge: session reset, allowLiveUpdate = false
[2026-08-01T05:34:57.463Z] LiveUpdateForge: session reset, allowLiveUpdate = false
[2026-08-01T05:34:57.478Z] ResumeDiffForge: running checkResumeConsistency
[2026-08-01T05:34:57.480Z] checkResumeConsistency: forgedTimestamps=[]
[2026-08-01T05:34:57.488Z] checkResumeConsistency: no changes detected
[2026-08-01T05:34:57.489Z] LiveUpdateForge: session reset, allowLiveUpdate = false
[2026-08-01T05:34:57.489Z] NudgeForge: ResumeComplete — restoring count from history
[2026-08-01T05:34:57.491Z] restoreNudgeCountFromHistory: no reset point found, count=12
[2026-08-01T05:34:57.890Z] ResumeDiffForge: running checkResumeConsistency
[2026-08-01T05:34:57.890Z] checkResumeConsistency: forgedTimestamps=[]
[2026-08-01T05:34:57.909Z] checkResumeConsistency: no changes detected
[2026-08-01T05:34:57.910Z] LiveUpdateForge: session reset, allowLiveUpdate = false
[2026-08-01T05:34:57.910Z] NudgeForge: ResumeComplete — restoring count from history
[2026-08-01T05:34:57.911Z] restoreNudgeCountFromHistory: no reset point found, count=12
[2026-08-01T05:34:57.972Z] ResumeDiffForge: running checkResumeConsistency
[2026-08-01T05:34:57.972Z] checkResumeConsistency: forgedTimestamps=[]
[2026-08-01T05:34:57.979Z] checkResumeConsistency: no changes detected
[2026-08-01T05:34:57.979Z] LiveUpdateForge: session reset, allowLiveUpdate = false
[2026-08-01T05:34:57.980Z] NudgeForge: ResumeComplete — restoring count from history
[2026-08-01T05:34:57.980Z] restoreNudgeCountFromHistory: no reset point found, count=12
[2026-08-01T05:34:58.245Z] MemoryForge: attached 5 listener(s)
[2026-08-01T05:34:58.246Z] InitialReadForge: armed one-shot BeforeSend after NewSessionStart
[2026-08-01T05:34:58.246Z] LiveUpdateForge: session reset, allowLiveUpdate = false
[2026-08-01T05:34:58.248Z] MemoryForge: detached all listeners
[2026-08-01T05:34:58.249Z] ResumeDiffForge: running checkResumeConsistency
[2026-08-01T05:34:58.249Z] checkResumeConsistency: forgedTimestamps=[]
[2026-08-01T05:34:58.283Z] checkResumeConsistency: no changes detected
[2026-08-01T05:34:58.284Z] LiveUpdateForge: session reset, allowLiveUpdate = false
[2026-08-01T05:34:58.284Z] NudgeForge: ResumeComplete — restoring count from history
[2026-08-01T05:34:58.284Z] restoreNudgeCountFromHistory: no reset point found, count=12
[2026-08-01T05:34:58.306Z] LiveUpdateForge: allowLiveUpdate = true (first real BeforeSend)
[2026-08-01T05:34:58.307Z] InitialReadForge.onBeforeSend: SKIP (fr=false syn=false hasRead=true)
[2026-08-01T05:35:06.433Z] LiveUpdateForge: AfterToolExec flush
[2026-08-01T05:35:06.473Z] InitialReadForge.onBeforeSend: SKIP (fr=true syn=false hasRead=true)
[2026-08-01T05:35:09.602Z] LiveUpdateForge: EndTurn fallback flush
[2026-08-01T05:35:09.602Z] onEndTurn: naturalStop=undefined toolCalls=14 nudgeMsg=no
[2026-08-01T05:35:09.603Z] LiveUpdateForge: EndTurn fallback flush
[2026-08-01T05:35:09.603Z] onEndTurn: naturalStop=false toolCalls=14 nudgeMsg=no
[2026-08-01T05:35:10.340Z] LiveUpdateForge: AfterToolExec flush
[2026-08-01T05:35:10.378Z] InitialReadForge.onBeforeSend: SKIP (fr=true syn=false hasRead=true)
[2026-08-01T05:35:11.932Z] LiveUpdateForge: EndTurn fallback flush
[2026-08-01T05:35:11.933Z] onEndTurn: naturalStop=undefined toolCalls=12 nudgeMsg=no
[2026-08-01T05:35:11.933Z] LiveUpdateForge: EndTurn fallback flush
[2026-08-01T05:35:11.933Z] onEndTurn: naturalStop=false toolCalls=12 nudgeMsg=no
[2026-08-01T05:35:14.191Z] LiveUpdateForge: EndTurn fallback flush
[2026-08-01T05:35:14.191Z] onEndTurn: naturalStop=undefined toolCalls=15 nudgeMsg=no
[2026-08-01T05:35:14.191Z] LiveUpdateForge: EndTurn fallback flush
[2026-08-01T05:35:14.192Z] onEndTurn: naturalStop=true toolCalls=15 nudgeMsg=no
[2026-08-01T05:35:18.519Z] LiveUpdateForge: AfterToolExec flush
[2026-08-01T05:35:18.553Z] InitialReadForge.onBeforeSend: SKIP (fr=true syn=false hasRead=true)
[2026-08-01T05:37:26.093Z] LiveUpdateForge: EndTurn fallback flush
[2026-08-01T05:37:26.093Z] onEndTurn: naturalStop=undefined toolCalls=13 nudgeMsg=no
[2026-08-01T05:37:26.094Z] LiveUpdateForge: EndTurn fallback flush
[2026-08-01T05:37:26.094Z] onEndTurn: naturalStop=false toolCalls=13 nudgeMsg=no
[2026-08-01T05:37:29.285Z] LiveUpdateForge: AfterToolExec flush
[2026-08-01T05:37:29.329Z] InitialReadForge.onBeforeSend: SKIP (fr=true syn=false hasRead=true)
[2026-08-01T05:37:37.063Z] ResumeDiffForge: running checkResumeConsistency
[2026-08-01T05:37:37.064Z] checkResumeConsistency: forgedTimestamps=[]
[2026-08-01T05:37:37.073Z] checkResumeConsistency: no changes detected
[2026-08-01T05:37:37.074Z] LiveUpdateForge: session reset, allowLiveUpdate = false
[2026-08-01T05:37:37.074Z] NudgeForge: ResumeComplete — restoring count from history
[2026-08-01T05:37:37.075Z] restoreNudgeCountFromHistory: found last write at idx=514 count=15
[2026-08-01T05:37:37.140Z] LiveUpdateForge: allowLiveUpdate = true (first real BeforeSend)
[2026-08-01T05:37:37.141Z] InitialReadForge.onBeforeSend: SKIP (fr=false syn=false hasRead=true)
[2026-08-01T05:37:38.276Z] LiveUpdateForge: EndTurn fallback flush
[2026-08-01T05:37:38.277Z] onEndTurn: naturalStop=undefined toolCalls=14 nudgeMsg=no
[2026-08-01T05:37:38.277Z] LiveUpdateForge: EndTurn fallback flush
[2026-08-01T05:37:38.278Z] onEndTurn: naturalStop=false toolCalls=14 nudgeMsg=no
[2026-08-01T05:37:38.895Z] LiveUpdateForge: AfterToolExec flush
[2026-08-01T05:37:38.946Z] InitialReadForge.onBeforeSend: SKIP (fr=true syn=false hasRead=true)
[2026-08-01T05:37:42.926Z] LiveUpdateForge: EndTurn fallback flush
[2026-08-01T05:37:42.927Z] onEndTurn: naturalStop=undefined toolCalls=15 nudgeMsg=no
[2026-08-01T05:37:42.927Z] LiveUpdateForge: EndTurn fallback flush
[2026-08-01T05:37:42.927Z] onEndTurn: naturalStop=false toolCalls=15 nudgeMsg=no
[2026-08-01T05:37:44.564Z] LiveUpdateForge: EndTurn fallback flush
[2026-08-01T05:37:44.564Z] onEndTurn: naturalStop=undefined toolCalls=15 nudgeMsg=no
[2026-08-01T05:37:44.565Z] LiveUpdateForge: EndTurn fallback flush
[2026-08-01T05:37:44.565Z] onEndTurn: naturalStop=true toolCalls=15 nudgeMsg=no
[2026-08-01T05:38:06.019Z] LiveUpdateForge: AfterToolExec flush
[2026-08-01T05:38:06.058Z] InitialReadForge.onBeforeSend: SKIP (fr=true syn=false hasRead=true)
[2026-08-01T05:38:24.343Z] LiveUpdateForge: EndTurn fallback flush
[2026-08-01T05:38:24.344Z] onEndTurn: naturalStop=undefined toolCalls=16 nudgeMsg=no
[2026-08-01T05:38:24.344Z] LiveUpdateForge: EndTurn fallback flush
[2026-08-01T05:38:24.345Z] onEndTurn: naturalStop=false toolCalls=16 nudgeMsg=no
[2026-08-01T05:38:24.423Z] LiveUpdateForge: AfterToolExec flush
[2026-08-01T05:38:24.463Z] InitialReadForge.onBeforeSend: SKIP (fr=true syn=false hasRead=true)
[2026-08-01T05:38:30.152Z] LiveUpdateForge: EndTurn fallback flush
[2026-08-01T05:38:30.152Z] onEndTurn: naturalStop=undefined toolCalls=17 nudgeMsg=no
[2026-08-01T05:38:30.153Z] LiveUpdateForge: EndTurn fallback flush
[2026-08-01T05:38:30.153Z] onEndTurn: naturalStop=false toolCalls=17 nudgeMsg=no
[2026-08-01T05:38:30.204Z] LiveUpdateForge: AfterToolExec flush
[2026-08-01T05:38:30.241Z] InitialReadForge.onBeforeSend: SKIP (fr=true syn=false hasRead=true)
[2026-08-01T05:38:32.864Z] LiveUpdateForge: EndTurn fallback flush
[2026-08-01T05:38:32.864Z] onEndTurn: naturalStop=undefined toolCalls=18 nudgeMsg=no
[2026-08-01T05:38:32.865Z] LiveUpdateForge: EndTurn fallback flush
[2026-08-01T05:38:32.865Z] onEndTurn: naturalStop=false toolCalls=18 nudgeMsg=no
[2026-08-01T05:38:44.375Z] LiveUpdateForge: AfterToolExec flush
[2026-08-01T05:38:44.420Z] InitialReadForge.onBeforeSend: SKIP (fr=true syn=false hasRead=true)
[2026-08-01T05:38:59.616Z] LiveUpdateForge: EndTurn fallback flush
[2026-08-01T05:38:59.616Z] onEndTurn: naturalStop=undefined toolCalls=19 nudgeMsg=no
[2026-08-01T05:38:59.617Z] LiveUpdateForge: EndTurn fallback flush
[2026-08-01T05:38:59.617Z] onEndTurn: naturalStop=false toolCalls=19 nudgeMsg=no
[2026-08-01T05:39:00.014Z] LiveUpdateForge: AfterToolExec flush
[2026-08-01T05:39:00.050Z] InitialReadForge.onBeforeSend: SKIP (fr=true syn=false hasRead=true)
[2026-08-01T05:39:08.617Z] LiveUpdateForge: EndTurn fallback flush
[2026-08-01T05:39:08.618Z] onEndTurn: naturalStop=undefined toolCalls=20 nudgeMsg=no
[2026-08-01T05:39:08.618Z] LiveUpdateForge: EndTurn fallback flush
[2026-08-01T05:39:08.618Z] onEndTurn: naturalStop=false toolCalls=20 nudgeMsg=no
[2026-08-01T05:39:09.417Z] LiveUpdateForge: AfterToolExec flush
[2026-08-01T05:39:09.455Z] InitialReadForge.onBeforeSend: SKIP (fr=true syn=false hasRead=true)
[2026-08-01T05:39:13.627Z] LiveUpdateForge: EndTurn fallback flush
[2026-08-01T05:39:13.627Z] onEndTurn: naturalStop=undefined toolCalls=21 nudgeMsg=no
[2026-08-01T05:39:13.627Z] LiveUpdateForge: EndTurn fallback flush
[2026-08-01T05:39:13.627Z] onEndTurn: naturalStop=false toolCalls=21 nudgeMsg=no
[2026-08-01T05:39:13.681Z] LiveUpdateForge: AfterToolExec flush
[2026-08-01T05:39:13.715Z] InitialReadForge.onBeforeSend: SKIP (fr=true syn=false hasRead=true)
[2026-08-01T05:39:16.379Z] LiveUpdateForge: EndTurn fallback flush
[2026-08-01T05:39:16.380Z] onEndTurn: naturalStop=undefined toolCalls=22 nudgeMsg=no
[2026-08-01T05:39:16.380Z] LiveUpdateForge: EndTurn fallback flush
[2026-08-01T05:39:16.380Z] onEndTurn: naturalStop=false toolCalls=22 nudgeMsg=no
[2026-08-01T05:39:16.587Z] LiveUpdateForge: AfterToolExec flush
[2026-08-01T05:39:16.624Z] InitialReadForge.onBeforeSend: SKIP (fr=true syn=false hasRead=true)
[2026-08-01T05:39:21.327Z] LiveUpdateForge: EndTurn fallback flush
[2026-08-01T05:39:21.327Z] onEndTurn: naturalStop=undefined toolCalls=23 nudgeMsg=no
[2026-08-01T05:39:21.328Z] LiveUpdateForge: EndTurn fallback flush
[2026-08-01T05:39:21.328Z] onEndTurn: naturalStop=false toolCalls=23 nudgeMsg=no
[2026-08-01T05:39:56.510Z] LiveUpdateForge: AfterToolExec flush
[2026-08-01T05:39:56.547Z] InitialReadForge.onBeforeSend: SKIP (fr=true syn=false hasRead=true)
[2026-08-01T05:40:28.427Z] ResumeDiffForge: running checkResumeConsistency
[2026-08-01T05:40:28.428Z] checkResumeConsistency: forgedTimestamps=[]
[2026-08-01T05:40:28.436Z] checkResumeConsistency: no changes detected
[2026-08-01T05:40:28.436Z] LiveUpdateForge: session reset, allowLiveUpdate = false
[2026-08-01T05:40:28.437Z] NudgeForge: ResumeComplete — restoring count from history
[2026-08-01T05:40:28.437Z] restoreNudgeCountFromHistory: no reset point found, count=15
[2026-08-01T05:40:28.453Z] LiveUpdateForge: allowLiveUpdate = true (first real BeforeSend)
[2026-08-01T05:40:28.453Z] InitialReadForge.onBeforeSend: SKIP (fr=false syn=false hasRead=true)
[2026-08-01T05:40:36.640Z] LiveUpdateForge: EndTurn fallback flush
[2026-08-01T05:40:36.640Z] onEndTurn: naturalStop=undefined toolCalls=15 nudgeMsg=no
[2026-08-01T05:40:36.640Z] LiveUpdateForge: EndTurn fallback flush
[2026-08-01T05:40:36.640Z] onEndTurn: naturalStop=false toolCalls=15 nudgeMsg=no
[2026-08-01T05:40:36.703Z] LiveUpdateForge: AfterToolExec flush
[2026-08-01T05:40:36.704Z] LiveUpdateForge: AfterToolExec flush
[2026-08-01T05:40:36.704Z] LiveUpdateForge: AfterToolExec flush
[2026-08-01T05:40:36.738Z] InitialReadForge.onBeforeSend: SKIP (fr=true syn=false hasRead=true)
[2026-08-01T05:40:58.584Z] LiveUpdateForge: EndTurn fallback flush
[2026-08-01T05:40:58.584Z] onEndTurn: naturalStop=undefined toolCalls=18 nudgeMsg=no
[2026-08-01T05:40:58.585Z] LiveUpdateForge: EndTurn fallback flush
[2026-08-01T05:40:58.585Z] onEndTurn: naturalStop=false toolCalls=18 nudgeMsg=no
[2026-08-01T05:41:01.569Z] LiveUpdateForge: AfterToolExec flush
[2026-08-01T05:41:01.593Z] InitialReadForge.onBeforeSend: SKIP (fr=true syn=false hasRead=true)
[2026-08-01T05:41:08.154Z] LiveUpdateForge: EndTurn fallback flush
[2026-08-01T05:41:08.155Z] onEndTurn: naturalStop=undefined toolCalls=19 nudgeMsg=no
[2026-08-01T05:41:08.155Z] LiveUpdateForge: EndTurn fallback flush
[2026-08-01T05:41:08.155Z] onEndTurn: naturalStop=false toolCalls=19 nudgeMsg=no
[2026-08-01T05:41:08.743Z] LiveUpdateForge: AfterToolExec flush
[2026-08-01T05:41:08.786Z] InitialReadForge.onBeforeSend: SKIP (fr=true syn=false hasRead=true)
[2026-08-01T05:41:09.142Z] LiveUpdateForge: EndTurn fallback flush
[2026-08-01T05:41:09.142Z] onEndTurn: naturalStop=undefined toolCalls=24 nudgeMsg=no
[2026-08-01T05:41:09.143Z] LiveUpdateForge: EndTurn fallback flush
[2026-08-01T05:41:09.143Z] onEndTurn: naturalStop=false toolCalls=24 nudgeMsg=no
[2026-08-01T05:41:09.832Z] LiveUpdateForge: AfterToolExec flush
[2026-08-01T05:41:09.887Z] InitialReadForge.onBeforeSend: SKIP (fr=true syn=false hasRead=true)
[2026-08-01T05:41:16.630Z] LiveUpdateForge: EndTurn fallback flush
[2026-08-01T05:41:16.630Z] onEndTurn: naturalStop=undefined toolCalls=25 nudgeMsg=no
[2026-08-01T05:41:16.630Z] LiveUpdateForge: EndTurn fallback flush
[2026-08-01T05:41:16.631Z] onEndTurn: naturalStop=true toolCalls=25 nudgeMsg=no
[2026-08-01T05:41:17.271Z] LiveUpdateForge: EndTurn fallback flush
[2026-08-01T05:41:17.272Z] onEndTurn: naturalStop=undefined toolCalls=20 nudgeMsg=no
[2026-08-01T05:41:17.272Z] LiveUpdateForge: EndTurn fallback flush
[2026-08-01T05:41:17.272Z] onEndTurn: naturalStop=false toolCalls=20 nudgeMsg=no
[2026-08-01T05:41:17.832Z] MemoryForge: attached 5 listener(s)
[2026-08-01T05:41:17.833Z] InitialReadForge: armed one-shot BeforeSend after NewSessionStart
[2026-08-01T05:41:17.833Z] LiveUpdateForge: session reset, allowLiveUpdate = false
[2026-08-01T05:41:18.034Z] LiveUpdateForge: AfterToolExec flush
[2026-08-01T05:41:18.068Z] InitialReadForge.onBeforeSend: SKIP (fr=true syn=false hasRead=true)
[2026-08-01T05:41:23.616Z] LiveUpdateForge: EndTurn fallback flush
[2026-08-01T05:41:23.616Z] onEndTurn: naturalStop=undefined toolCalls=21 nudgeMsg=no
[2026-08-01T05:41:23.616Z] LiveUpdateForge: EndTurn fallback flush
[2026-08-01T05:41:23.616Z] onEndTurn: naturalStop=false toolCalls=21 nudgeMsg=no
[2026-08-01T05:41:24.143Z] LiveUpdateForge: AfterToolExec flush
[2026-08-01T05:41:24.172Z] InitialReadForge.onBeforeSend: SKIP (fr=true syn=false hasRead=true)
[2026-08-01T05:41:26.433Z] LiveUpdateForge: EndTurn fallback flush
[2026-08-01T05:41:26.434Z] onEndTurn: naturalStop=undefined toolCalls=22 nudgeMsg=no
[2026-08-01T05:41:26.434Z] LiveUpdateForge: EndTurn fallback flush
[2026-08-01T05:41:26.434Z] onEndTurn: naturalStop=true toolCalls=22 nudgeMsg=no
[2026-08-01T05:41:48.701Z] MemoryForge: attached 5 listener(s)
[2026-08-01T05:41:48.701Z] InitialReadForge: armed one-shot BeforeSend after NewSessionStart
[2026-08-01T05:41:48.701Z] LiveUpdateForge: session reset, allowLiveUpdate = false
[2026-08-01T05:41:48.703Z] MemoryForge: detached all listeners
[2026-08-01T05:41:48.703Z] ResumeDiffForge: no read_memory in history, backfilling forge
[2026-08-01T05:41:48.838Z] recordForgedToolExchange: toolName=read_memory callId=resume-forge-read-memory-backfill
[2026-08-01T05:41:48.879Z] recordForgedToolExchange: recordMessage + recordToolCalls persisted
[2026-08-01T05:41:48.880Z] injectForgedHistory: role=user preview=""
[2026-08-01T05:41:48.898Z] injectForgedHistory: recordMessage persisted
[2026-08-01T05:41:48.903Z] ResumeDiffForge: backfilled read_memory and baseline for 2 raw + 2 provider file(s)
[2026-08-01T05:41:48.903Z] LiveUpdateForge: session reset, allowLiveUpdate = false
[2026-08-01T05:41:48.903Z] NudgeForge: ResumeComplete — restoring count from history
[2026-08-01T05:41:48.903Z] restoreNudgeCountFromHistory: no reset point found, count=0
[2026-08-01T05:41:48.918Z] LiveUpdateForge: allowLiveUpdate = true (first real BeforeSend)
[2026-08-01T05:41:48.918Z] InitialReadForge.onBeforeSend: SKIP (fr=false syn=false hasRead=true)
[2026-08-01T05:41:54.657Z] LiveUpdateForge: EndTurn fallback flush
[2026-08-01T05:41:54.657Z] onEndTurn: naturalStop=undefined toolCalls=0 nudgeMsg=no
[2026-08-01T05:41:54.657Z] LiveUpdateForge: EndTurn fallback flush
[2026-08-01T05:41:54.658Z] onEndTurn: naturalStop=false toolCalls=0 nudgeMsg=no
[2026-08-01T05:42:07.869Z] LiveUpdateForge: AfterToolExec flush
[2026-08-01T05:42:07.887Z] InitialReadForge.onBeforeSend: SKIP (fr=true syn=false hasRead=true)
[2026-08-01T05:42:10.166Z] LiveUpdateForge: EndTurn fallback flush
[2026-08-01T05:42:10.166Z] onEndTurn: naturalStop=undefined toolCalls=1 nudgeMsg=no
[2026-08-01T05:42:10.167Z] LiveUpdateForge: EndTurn fallback flush
[2026-08-01T05:42:10.167Z] onEndTurn: naturalStop=false toolCalls=1 nudgeMsg=no
[2026-08-01T05:42:10.180Z] LiveUpdateForge: AfterToolExec flush
[2026-08-01T05:42:10.181Z] LiveUpdateForge: AfterToolExec flush
[2026-08-01T05:42:10.182Z] LiveUpdateForge: AfterToolExec flush
[2026-08-01T05:42:10.205Z] InitialReadForge.onBeforeSend: SKIP (fr=true syn=false hasRead=true)
[2026-08-01T05:42:12.269Z] LiveUpdateForge: EndTurn fallback flush
[2026-08-01T05:42:12.270Z] onEndTurn: naturalStop=undefined toolCalls=4 nudgeMsg=no
[2026-08-01T05:42:12.270Z] LiveUpdateForge: EndTurn fallback flush
[2026-08-01T05:42:12.270Z] onEndTurn: naturalStop=false toolCalls=4 nudgeMsg=no
[2026-08-01T05:42:12.391Z] LiveUpdateForge: AfterToolExec flush
[2026-08-01T05:42:12.412Z] InitialReadForge.onBeforeSend: SKIP (fr=true syn=false hasRead=true)
[2026-08-01T05:42:14.590Z] LiveUpdateForge: EndTurn fallback flush
[2026-08-01T05:42:14.590Z] onEndTurn: naturalStop=undefined toolCalls=5 nudgeMsg=no
[2026-08-01T05:42:14.590Z] LiveUpdateForge: EndTurn fallback flush
[2026-08-01T05:42:14.591Z] onEndTurn: naturalStop=false toolCalls=5 nudgeMsg=no
[2026-08-01T05:42:14.597Z] LiveUpdateForge: AfterToolExec flush
[2026-08-01T05:42:14.620Z] InitialReadForge.onBeforeSend: SKIP (fr=true syn=false hasRead=true)
[2026-08-01T05:42:16.547Z] LiveUpdateForge: EndTurn fallback flush
[2026-08-01T05:42:16.547Z] onEndTurn: naturalStop=undefined toolCalls=6 nudgeMsg=no
[2026-08-01T05:42:16.547Z] LiveUpdateForge: EndTurn fallback flush
[2026-08-01T05:42:16.548Z] onEndTurn: naturalStop=false toolCalls=6 nudgeMsg=no
[2026-08-01T05:42:17.062Z] LiveUpdateForge: AfterToolExec flush
[2026-08-01T05:42:17.086Z] InitialReadForge.onBeforeSend: SKIP (fr=true syn=false hasRead=true)
[2026-08-01T05:42:18.901Z] LiveUpdateForge: EndTurn fallback flush
[2026-08-01T05:42:18.901Z] onEndTurn: naturalStop=undefined toolCalls=7 nudgeMsg=no
[2026-08-01T05:42:18.902Z] LiveUpdateForge: EndTurn fallback flush
[2026-08-01T05:42:18.902Z] onEndTurn: naturalStop=false toolCalls=7 nudgeMsg=no
[2026-08-01T05:42:19.038Z] LiveUpdateForge: AfterToolExec flush
[2026-08-01T05:42:19.062Z] InitialReadForge.onBeforeSend: SKIP (fr=true syn=false hasRead=true)
[2026-08-01T05:42:20.913Z] ResumeDiffForge: running checkResumeConsistency
[2026-08-01T05:42:20.914Z] checkResumeConsistency: forgedTimestamps=[]
[2026-08-01T05:42:20.921Z] checkResumeConsistency: no changes detected
[2026-08-01T05:42:20.921Z] LiveUpdateForge: session reset, allowLiveUpdate = false
[2026-08-01T05:42:20.922Z] NudgeForge: ResumeComplete — restoring count from history
[2026-08-01T05:42:20.922Z] restoreNudgeCountFromHistory: no reset point found, count=22
[2026-08-01T05:42:20.940Z] LiveUpdateForge: allowLiveUpdate = true (first real BeforeSend)
[2026-08-01T05:42:20.940Z] InitialReadForge.onBeforeSend: SKIP (fr=false syn=false hasRead=true)
[2026-08-01T05:42:23.328Z] LiveUpdateForge: EndTurn fallback flush
[2026-08-01T05:42:23.329Z] onEndTurn: naturalStop=undefined toolCalls=8 nudgeMsg=no
[2026-08-01T05:42:23.329Z] LiveUpdateForge: EndTurn fallback flush
[2026-08-01T05:42:23.329Z] onEndTurn: naturalStop=false toolCalls=8 nudgeMsg=no
[2026-08-01T05:42:23.337Z] LiveUpdateForge: AfterToolExec flush
[2026-08-01T05:42:23.362Z] InitialReadForge.onBeforeSend: SKIP (fr=true syn=false hasRead=true)
[2026-08-01T05:42:28.446Z] LiveUpdateForge: EndTurn fallback flush
[2026-08-01T05:42:28.446Z] onEndTurn: naturalStop=undefined toolCalls=9 nudgeMsg=no
[2026-08-01T05:42:28.447Z] LiveUpdateForge: EndTurn fallback flush
[2026-08-01T05:42:28.447Z] onEndTurn: naturalStop=true toolCalls=9 nudgeMsg=no
[2026-08-01T05:42:39.136Z] LiveUpdateForge: EndTurn fallback flush
[2026-08-01T05:42:39.137Z] onEndTurn: naturalStop=undefined toolCalls=22 nudgeMsg=no
[2026-08-01T05:42:39.137Z] LiveUpdateForge: EndTurn fallback flush
[2026-08-01T05:42:39.137Z] onEndTurn: naturalStop=false toolCalls=22 nudgeMsg=no
[2026-08-01T05:42:39.720Z] LiveUpdateForge: AfterToolExec flush
[2026-08-01T05:42:39.755Z] InitialReadForge.onBeforeSend: SKIP (fr=true syn=false hasRead=true)
[2026-08-01T05:43:27.348Z] LiveUpdateForge: EndTurn fallback flush
[2026-08-01T05:43:27.348Z] onEndTurn: naturalStop=undefined toolCalls=23 nudgeMsg=no
[2026-08-01T05:43:27.349Z] LiveUpdateForge: EndTurn fallback flush
[2026-08-01T05:43:27.349Z] onEndTurn: naturalStop=false toolCalls=23 nudgeMsg=no
[2026-08-01T05:43:31.701Z] LiveUpdateForge: AfterToolExec flush
[2026-08-01T05:43:31.729Z] InitialReadForge.onBeforeSend: SKIP (fr=true syn=false hasRead=true)
[2026-08-01T05:43:35.953Z] LiveUpdateForge: EndTurn fallback flush
[2026-08-01T05:43:35.953Z] onEndTurn: naturalStop=undefined toolCalls=24 nudgeMsg=no
[2026-08-01T05:43:35.953Z] LiveUpdateForge: EndTurn fallback flush
[2026-08-01T05:43:35.954Z] onEndTurn: naturalStop=false toolCalls=24 nudgeMsg=no
[2026-08-01T05:43:39.539Z] LiveUpdateForge: AfterToolExec flush
[2026-08-01T05:43:39.573Z] InitialReadForge.onBeforeSend: SKIP (fr=true syn=false hasRead=true)
[2026-08-01T05:43:40.941Z] LiveUpdateForge: EndTurn fallback flush
[2026-08-01T05:43:40.941Z] onEndTurn: naturalStop=undefined toolCalls=25 nudgeMsg=no
[2026-08-01T05:43:40.941Z] LiveUpdateForge: EndTurn fallback flush
[2026-08-01T05:43:40.942Z] onEndTurn: naturalStop=false toolCalls=25 nudgeMsg=no
[2026-08-01T05:43:44.056Z] LiveUpdateForge: AfterToolExec flush
[2026-08-01T05:43:44.089Z] InitialReadForge.onBeforeSend: SKIP (fr=true syn=false hasRead=true)
[2026-08-01T05:43:46.179Z] LiveUpdateForge: EndTurn fallback flush
[2026-08-01T05:43:46.180Z] onEndTurn: naturalStop=undefined toolCalls=26 nudgeMsg=no
[2026-08-01T05:43:46.180Z] LiveUpdateForge: EndTurn fallback flush
[2026-08-01T05:43:46.180Z] onEndTurn: naturalStop=false toolCalls=26 nudgeMsg=no
[2026-08-01T05:43:49.606Z] LiveUpdateForge: AfterToolExec flush
[2026-08-01T05:43:49.636Z] InitialReadForge.onBeforeSend: SKIP (fr=true syn=false hasRead=true)
[2026-08-01T05:43:51.110Z] LiveUpdateForge: EndTurn fallback flush
[2026-08-01T05:43:51.110Z] onEndTurn: naturalStop=undefined toolCalls=27 nudgeMsg=no
[2026-08-01T05:43:51.110Z] LiveUpdateForge: EndTurn fallback flush
[2026-08-01T05:43:51.110Z] onEndTurn: naturalStop=false toolCalls=27 nudgeMsg=no
[2026-08-01T05:43:53.865Z] LiveUpdateForge: AfterToolExec flush
[2026-08-01T05:43:53.897Z] InitialReadForge.onBeforeSend: SKIP (fr=true syn=false hasRead=true)
[2026-08-01T05:43:56.060Z] LiveUpdateForge: EndTurn fallback flush
[2026-08-01T05:43:56.060Z] onEndTurn: naturalStop=undefined toolCalls=28 nudgeMsg=no
[2026-08-01T05:43:56.060Z] LiveUpdateForge: EndTurn fallback flush
[2026-08-01T05:43:56.060Z] onEndTurn: naturalStop=false toolCalls=28 nudgeMsg=no
[2026-08-01T05:43:58.636Z] LiveUpdateForge: AfterToolExec flush
[2026-08-01T05:43:58.670Z] InitialReadForge.onBeforeSend: SKIP (fr=true syn=false hasRead=true)
[2026-08-01T05:44:01.318Z] LiveUpdateForge: EndTurn fallback flush
[2026-08-01T05:44:01.318Z] onEndTurn: naturalStop=undefined toolCalls=29 nudgeMsg=no
[2026-08-01T05:44:01.319Z] LiveUpdateForge: EndTurn fallback flush
[2026-08-01T05:44:01.319Z] onEndTurn: naturalStop=false toolCalls=29 nudgeMsg=no
[2026-08-01T05:44:03.822Z] LiveUpdateForge: AfterToolExec flush
[2026-08-01T05:44:03.858Z] InitialReadForge.onBeforeSend: SKIP (fr=true syn=false hasRead=true)
[2026-08-01T05:44:08.446Z] LiveUpdateForge: EndTurn fallback flush
[2026-08-01T05:44:08.447Z] onEndTurn: naturalStop=undefined toolCalls=30 nudgeMsg=no
[2026-08-01T05:44:08.447Z] LiveUpdateForge: EndTurn fallback flush
[2026-08-01T05:44:08.447Z] onEndTurn: naturalStop=false toolCalls=30 nudgeMsg=no
[2026-08-01T05:44:11.023Z] LiveUpdateForge: AfterToolExec flush
[2026-08-01T05:44:11.054Z] InitialReadForge.onBeforeSend: SKIP (fr=true syn=false hasRead=true)
[2026-08-01T05:44:14.885Z] LiveUpdateForge: EndTurn fallback flush
[2026-08-01T05:44:14.885Z] onEndTurn: naturalStop=undefined toolCalls=31 nudgeMsg=no
[2026-08-01T05:44:14.886Z] LiveUpdateForge: EndTurn fallback flush
[2026-08-01T05:44:14.886Z] onEndTurn: naturalStop=false toolCalls=31 nudgeMsg=no
[2026-08-01T05:44:15.450Z] LiveUpdateForge: AfterToolExec flush
[2026-08-01T05:44:15.491Z] InitialReadForge.onBeforeSend: SKIP (fr=true syn=false hasRead=true)
[2026-08-01T05:44:17.756Z] LiveUpdateForge: EndTurn fallback flush
[2026-08-01T05:44:17.756Z] onEndTurn: naturalStop=undefined toolCalls=32 nudgeMsg=no
[2026-08-01T05:44:17.756Z] LiveUpdateForge: EndTurn fallback flush
[2026-08-01T05:44:17.757Z] onEndTurn: naturalStop=true toolCalls=32 nudgeMsg=no
[2026-08-01T05:44:17.921Z] ResumeDiffForge: running checkResumeConsistency
[2026-08-01T05:44:17.921Z] checkResumeConsistency: forgedTimestamps=[]
[2026-08-01T05:44:17.929Z] checkResumeConsistency: no changes detected
[2026-08-01T05:44:17.929Z] LiveUpdateForge: session reset, allowLiveUpdate = false
[2026-08-01T05:44:17.929Z] NudgeForge: ResumeComplete — restoring count from history
[2026-08-01T05:44:17.930Z] restoreNudgeCountFromHistory: no reset point found, count=9
[2026-08-01T05:44:17.939Z] LiveUpdateForge: allowLiveUpdate = true (first real BeforeSend)
[2026-08-01T05:44:17.940Z] InitialReadForge.onBeforeSend: SKIP (fr=false syn=false hasRead=true)
[2026-08-01T05:44:21.884Z] LiveUpdateForge: EndTurn fallback flush
[2026-08-01T05:44:21.884Z] onEndTurn: naturalStop=undefined toolCalls=9 nudgeMsg=no
[2026-08-01T05:44:21.884Z] LiveUpdateForge: EndTurn fallback flush
[2026-08-01T05:44:21.885Z] onEndTurn: naturalStop=false toolCalls=9 nudgeMsg=no
[2026-08-01T05:44:21.915Z] LiveUpdateForge: AfterToolExec flush
[2026-08-01T05:44:21.943Z] InitialReadForge.onBeforeSend: SKIP (fr=true syn=false hasRead=true)
[2026-08-01T05:44:25.770Z] LiveUpdateForge: EndTurn fallback flush
[2026-08-01T05:44:25.770Z] onEndTurn: naturalStop=undefined toolCalls=10 nudgeMsg=no
[2026-08-01T05:44:25.771Z] LiveUpdateForge: EndTurn fallback flush
[2026-08-01T05:44:25.771Z] onEndTurn: naturalStop=false toolCalls=10 nudgeMsg=no
[2026-08-01T05:44:26.172Z] LiveUpdateForge: AfterToolExec flush
[2026-08-01T05:44:26.211Z] InitialReadForge.onBeforeSend: SKIP (fr=true syn=false hasRead=true)
[2026-08-01T05:44:50.324Z] LiveUpdateForge: EndTurn fallback flush
[2026-08-01T05:44:50.325Z] onEndTurn: naturalStop=undefined toolCalls=11 nudgeMsg=no
[2026-08-01T05:44:50.325Z] LiveUpdateForge: EndTurn fallback flush
[2026-08-01T05:44:50.326Z] onEndTurn: naturalStop=false toolCalls=11 nudgeMsg=no
[2026-08-01T05:44:51.099Z] LiveUpdateForge: AfterToolExec flush
[2026-08-01T05:44:51.126Z] InitialReadForge.onBeforeSend: SKIP (fr=true syn=false hasRead=true)
[2026-08-01T05:44:52.241Z] LiveUpdateForge: EndTurn fallback flush
[2026-08-01T05:44:52.241Z] onEndTurn: naturalStop=undefined toolCalls=12 nudgeMsg=no
[2026-08-01T05:44:52.241Z] LiveUpdateForge: EndTurn fallback flush
[2026-08-01T05:44:52.242Z] onEndTurn: naturalStop=false toolCalls=12 nudgeMsg=no
[2026-08-01T05:44:52.446Z] LiveUpdateForge: AfterToolExec flush
[2026-08-01T05:44:52.484Z] InitialReadForge.onBeforeSend: SKIP (fr=true syn=false hasRead=true)
[2026-08-01T05:44:54.434Z] LiveUpdateForge: EndTurn fallback flush
[2026-08-01T05:44:54.434Z] onEndTurn: naturalStop=undefined toolCalls=13 nudgeMsg=no
[2026-08-01T05:44:54.435Z] LiveUpdateForge: EndTurn fallback flush
[2026-08-01T05:44:54.435Z] onEndTurn: naturalStop=false toolCalls=13 nudgeMsg=no
[2026-08-01T05:45:13.457Z] LiveUpdateForge: AfterToolExec flush
[2026-08-01T05:45:13.495Z] InitialReadForge.onBeforeSend: SKIP (fr=true syn=false hasRead=true)
[2026-08-01T05:45:17.519Z] LiveUpdateForge: EndTurn fallback flush
[2026-08-01T05:45:17.520Z] onEndTurn: naturalStop=undefined toolCalls=14 nudgeMsg=no
[2026-08-01T05:45:17.520Z] LiveUpdateForge: EndTurn fallback flush
[2026-08-01T05:45:17.520Z] onEndTurn: naturalStop=false toolCalls=14 nudgeMsg=no
[2026-08-01T05:45:18.055Z] LiveUpdateForge: AfterToolExec flush
[2026-08-01T05:45:18.095Z] InitialReadForge.onBeforeSend: SKIP (fr=true syn=false hasRead=true)
[2026-08-01T05:45:21.066Z] LiveUpdateForge: EndTurn fallback flush
[2026-08-01T05:45:21.066Z] onEndTurn: naturalStop=undefined toolCalls=15 nudgeMsg=no
[2026-08-01T05:45:21.066Z] LiveUpdateForge: EndTurn fallback flush
[2026-08-01T05:45:21.067Z] onEndTurn: naturalStop=false toolCalls=15 nudgeMsg=no
[2026-08-01T05:45:21.525Z] LiveUpdateForge: AfterToolExec flush
[2026-08-01T05:45:21.563Z] InitialReadForge.onBeforeSend: SKIP (fr=true syn=false hasRead=true)
[2026-08-01T05:45:23.750Z] LiveUpdateForge: EndTurn fallback flush
[2026-08-01T05:45:23.750Z] onEndTurn: naturalStop=undefined toolCalls=16 nudgeMsg=no
[2026-08-01T05:45:23.751Z] LiveUpdateForge: EndTurn fallback flush
[2026-08-01T05:45:23.751Z] onEndTurn: naturalStop=true toolCalls=16 nudgeMsg=no
[2026-08-01T05:45:31.334Z] ResumeDiffForge: running checkResumeConsistency
[2026-08-01T05:45:31.335Z] checkResumeConsistency: forgedTimestamps=[]
[2026-08-01T05:45:31.340Z] ResumeDiffForge: running checkResumeConsistency
[2026-08-01T05:45:31.340Z] checkResumeConsistency: forgedTimestamps=[]
[2026-08-01T05:45:31.347Z] checkResumeConsistency: no changes detected
[2026-08-01T05:45:31.347Z] LiveUpdateForge: session reset, allowLiveUpdate = false
[2026-08-01T05:45:31.348Z] NudgeForge: ResumeComplete — restoring count from history
[2026-08-01T05:45:31.348Z] restoreNudgeCountFromHistory: no reset point found, count=16
[2026-08-01T05:45:31.350Z] checkResumeConsistency: no changes detected
[2026-08-01T05:45:31.350Z] LiveUpdateForge: session reset, allowLiveUpdate = false
[2026-08-01T05:45:31.351Z] NudgeForge: ResumeComplete — restoring count from history
[2026-08-01T05:45:31.351Z] restoreNudgeCountFromHistory: no reset point found, count=16
[2026-08-01T05:48:24.394Z] MemoryForge: attached 5 listener(s)
[2026-08-01T05:48:24.405Z] InitialReadForge: armed one-shot BeforeSend after NewSessionStart
[2026-08-01T05:48:24.405Z] LiveUpdateForge: session reset, allowLiveUpdate = false
[2026-08-01T05:52:35.519Z] MemoryForge: attached 5 listener(s)
[2026-08-01T05:52:35.521Z] InitialReadForge: armed one-shot BeforeSend after NewSessionStart
[2026-08-01T05:52:35.521Z] LiveUpdateForge: session reset, allowLiveUpdate = false
[2026-08-01T05:52:35.523Z] MemoryForge: detached all listeners
[2026-08-01T05:52:35.523Z] ResumeDiffForge: no read_memory in history, backfilling forge
[2026-08-01T05:52:35.739Z] recordForgedToolExchange: toolName=read_memory callId=resume-forge-read-memory-backfill
[2026-08-01T05:52:35.786Z] recordForgedToolExchange: recordMessage + recordToolCalls persisted
[2026-08-01T05:52:35.787Z] injectForgedHistory: role=user preview=""
[2026-08-01T05:52:35.808Z] injectForgedHistory: recordMessage persisted
[2026-08-01T05:52:35.814Z] ResumeDiffForge: backfilled read_memory and baseline for 2 raw + 2 provider file(s)
[2026-08-01T05:52:35.815Z] LiveUpdateForge: session reset, allowLiveUpdate = false
[2026-08-01T05:52:35.815Z] NudgeForge: ResumeComplete — restoring count from history
[2026-08-01T05:52:35.815Z] restoreNudgeCountFromHistory: no reset point found, count=0
[2026-08-01T05:52:35.853Z] LiveUpdateForge: allowLiveUpdate = true (first real BeforeSend)
[2026-08-01T05:52:35.854Z] InitialReadForge.onBeforeSend: SKIP (fr=false syn=false hasRead=true)
[2026-08-01T05:52:49.618Z] LiveUpdateForge: EndTurn fallback flush
[2026-08-01T05:52:49.619Z] onEndTurn: naturalStop=undefined toolCalls=0 nudgeMsg=no
[2026-08-01T05:52:49.620Z] LiveUpdateForge: EndTurn fallback flush
[2026-08-01T05:52:49.620Z] onEndTurn: naturalStop=false toolCalls=0 nudgeMsg=no
[2026-08-01T05:54:35.338Z] LiveUpdateForge: AfterToolExec flush
[2026-08-01T05:54:35.379Z] InitialReadForge.onBeforeSend: SKIP (fr=true syn=false hasRead=true)
[2026-08-01T05:55:32.381Z] LiveUpdateForge: EndTurn fallback flush
[2026-08-01T05:55:32.382Z] onEndTurn: naturalStop=undefined toolCalls=1 nudgeMsg=no
[2026-08-01T05:55:32.383Z] LiveUpdateForge: EndTurn fallback flush
[2026-08-01T05:55:32.383Z] onEndTurn: naturalStop=true toolCalls=1 nudgeMsg=no
[2026-08-01T05:59:41.802Z] ResumeDiffForge: running checkResumeConsistency
[2026-08-01T05:59:41.803Z] checkResumeConsistency: forgedTimestamps=[]
[2026-08-01T05:59:41.813Z] checkResumeConsistency: no changes detected
[2026-08-01T05:59:41.813Z] LiveUpdateForge: session reset, allowLiveUpdate = false
[2026-08-01T05:59:41.814Z] NudgeForge: ResumeComplete — restoring count from history
[2026-08-01T05:59:41.814Z] restoreNudgeCountFromHistory: no reset point found, count=1
[2026-08-01T05:59:41.859Z] LiveUpdateForge: allowLiveUpdate = true (first real BeforeSend)
[2026-08-01T05:59:41.859Z] InitialReadForge.onBeforeSend: SKIP (fr=false syn=false hasRead=true)
[2026-08-01T06:00:02.996Z] LiveUpdateForge: EndTurn fallback flush
[2026-08-01T06:00:02.996Z] onEndTurn: naturalStop=undefined toolCalls=1 nudgeMsg=no
[2026-08-01T06:00:02.997Z] LiveUpdateForge: EndTurn fallback flush
[2026-08-01T06:00:02.997Z] onEndTurn: naturalStop=true toolCalls=1 nudgeMsg=no
[2026-08-01T06:00:40.359Z] ResumeDiffForge: running checkResumeConsistency
[2026-08-01T06:00:40.360Z] checkResumeConsistency: forgedTimestamps=[]
[2026-08-01T06:00:40.367Z] checkResumeConsistency: no changes detected
[2026-08-01T06:00:40.367Z] LiveUpdateForge: session reset, allowLiveUpdate = false
[2026-08-01T06:00:40.368Z] NudgeForge: ResumeComplete — restoring count from history
[2026-08-01T06:00:40.368Z] restoreNudgeCountFromHistory: no reset point found, count=1
[2026-08-01T06:00:40.398Z] LiveUpdateForge: allowLiveUpdate = true (first real BeforeSend)
[2026-08-01T06:00:40.399Z] InitialReadForge.onBeforeSend: SKIP (fr=false syn=false hasRead=true)
[2026-08-01T06:00:48.561Z] LiveUpdateForge: EndTurn fallback flush
[2026-08-01T06:00:48.562Z] onEndTurn: naturalStop=undefined toolCalls=1 nudgeMsg=no
[2026-08-01T06:00:48.562Z] LiveUpdateForge: EndTurn fallback flush
[2026-08-01T06:00:48.562Z] onEndTurn: naturalStop=false toolCalls=1 nudgeMsg=no
[2026-08-01T06:00:48.626Z] LiveUpdateForge: AfterToolExec flush
[2026-08-01T06:00:48.657Z] InitialReadForge.onBeforeSend: SKIP (fr=true syn=false hasRead=true)
[2026-08-01T06:00:51.626Z] LiveUpdateForge: EndTurn fallback flush
[2026-08-01T06:00:51.627Z] onEndTurn: naturalStop=undefined toolCalls=2 nudgeMsg=no
[2026-08-01T06:00:51.627Z] LiveUpdateForge: EndTurn fallback flush
[2026-08-01T06:00:51.627Z] onEndTurn: naturalStop=true toolCalls=2 nudgeMsg=no
[2026-08-01T06:47:22.733Z] MemoryForge: attached 5 listener(s)
[2026-08-01T06:47:22.734Z] InitialReadForge: armed one-shot BeforeSend after NewSessionStart
[2026-08-01T06:47:22.734Z] LiveUpdateForge: session reset, allowLiveUpdate = false
[2026-08-01T06:47:26.413Z] LiveUpdateForge: session reset, allowLiveUpdate = false
[2026-08-01T06:47:26.422Z] ResumeDiffForge: running checkResumeConsistency
[2026-08-01T06:47:26.423Z] checkResumeConsistency: forgedTimestamps=[]
[2026-08-01T06:47:26.429Z] checkResumeConsistency: no changes detected
[2026-08-01T06:47:26.429Z] LiveUpdateForge: session reset, allowLiveUpdate = false
[2026-08-01T06:47:26.430Z] NudgeForge: ResumeComplete — restoring count from history
[2026-08-01T06:47:26.430Z] restoreNudgeCountFromHistory: no reset point found, count=46
[2026-08-01T06:47:26.778Z] ResumeDiffForge: running checkResumeConsistency
[2026-08-01T06:47:26.778Z] checkResumeConsistency: forgedTimestamps=[]
[2026-08-01T06:47:26.792Z] checkResumeConsistency: no changes detected
[2026-08-01T06:47:26.792Z] LiveUpdateForge: session reset, allowLiveUpdate = false
[2026-08-01T06:47:26.793Z] NudgeForge: ResumeComplete — restoring count from history
[2026-08-01T06:47:26.793Z] restoreNudgeCountFromHistory: no reset point found, count=46
[2026-08-01T06:47:26.839Z] ResumeDiffForge: running checkResumeConsistency
[2026-08-01T06:47:26.839Z] checkResumeConsistency: forgedTimestamps=[]
[2026-08-01T06:47:26.846Z] checkResumeConsistency: no changes detected
[2026-08-01T06:47:26.846Z] LiveUpdateForge: session reset, allowLiveUpdate = false
[2026-08-01T06:47:26.846Z] NudgeForge: ResumeComplete — restoring count from history
[2026-08-01T06:47:26.847Z] restoreNudgeCountFromHistory: no reset point found, count=46
[2026-08-01T06:47:27.098Z] MemoryForge: attached 5 listener(s)
[2026-08-01T06:47:27.099Z] InitialReadForge: armed one-shot BeforeSend after NewSessionStart
[2026-08-01T06:47:27.099Z] LiveUpdateForge: session reset, allowLiveUpdate = false
[2026-08-01T06:47:27.101Z] MemoryForge: detached all listeners
[2026-08-01T06:47:27.102Z] ResumeDiffForge: running checkResumeConsistency
[2026-08-01T06:47:27.102Z] checkResumeConsistency: forgedTimestamps=[]
[2026-08-01T06:47:27.129Z] checkResumeConsistency: no changes detected
[2026-08-01T06:47:27.129Z] LiveUpdateForge: session reset, allowLiveUpdate = false
[2026-08-01T06:47:27.130Z] NudgeForge: ResumeComplete — restoring count from history
[2026-08-01T06:47:27.130Z] restoreNudgeCountFromHistory: no reset point found, count=46
[2026-08-01T06:47:27.151Z] LiveUpdateForge: allowLiveUpdate = true (first real BeforeSend)
[2026-08-01T06:47:27.151Z] InitialReadForge.onBeforeSend: SKIP (fr=false syn=false hasRead=true)
[2026-08-01T06:47:34.017Z] LiveUpdateForge: EndTurn fallback flush
[2026-08-01T06:47:34.017Z] onEndTurn: naturalStop=undefined toolCalls=46 nudgeMsg=no
[2026-08-01T06:47:34.018Z] LiveUpdateForge: EndTurn fallback flush
[2026-08-01T06:47:34.018Z] onEndTurn: naturalStop=false toolCalls=46 nudgeMsg=no
[2026-08-01T06:47:57.928Z] LiveUpdateForge: AfterToolExec flush
[2026-08-01T06:47:57.957Z] InitialReadForge.onBeforeSend: SKIP (fr=true syn=false hasRead=true)
[2026-08-01T06:47:59.782Z] LiveUpdateForge: EndTurn fallback flush
[2026-08-01T06:47:59.782Z] onEndTurn: naturalStop=undefined toolCalls=47 nudgeMsg=no
[2026-08-01T06:47:59.783Z] LiveUpdateForge: EndTurn fallback flush
[2026-08-01T06:47:59.783Z] onEndTurn: naturalStop=false toolCalls=47 nudgeMsg=no
[2026-08-01T06:48:03.644Z] LiveUpdateForge: AfterToolExec flush
[2026-08-01T06:48:03.669Z] InitialReadForge.onBeforeSend: SKIP (fr=true syn=false hasRead=true)
[2026-08-01T06:48:06.579Z] LiveUpdateForge: EndTurn fallback flush
[2026-08-01T06:48:06.579Z] onEndTurn: naturalStop=undefined toolCalls=48 nudgeMsg=no
[2026-08-01T06:48:06.580Z] LiveUpdateForge: EndTurn fallback flush
[2026-08-01T06:48:06.580Z] onEndTurn: naturalStop=true toolCalls=48 nudgeMsg=no
[2026-08-01T07:37:29.923Z] MemoryForge: attached 5 listener(s)
[2026-08-01T07:37:29.924Z] InitialReadForge: armed one-shot BeforeSend after NewSessionStart
[2026-08-01T07:37:29.925Z] LiveUpdateForge: session reset, allowLiveUpdate = false
[2026-08-01T07:37:30.031Z] LiveUpdateForge: session reset, allowLiveUpdate = false
[2026-08-01T07:37:30.037Z] ResumeDiffForge: running checkResumeConsistency
[2026-08-01T07:37:30.038Z] checkResumeConsistency: forgedTimestamps=[]
[2026-08-01T07:37:30.049Z] checkResumeConsistency: no changes detected
[2026-08-01T07:37:30.050Z] LiveUpdateForge: session reset, allowLiveUpdate = false
[2026-08-01T07:37:30.050Z] NudgeForge: ResumeComplete — restoring count from history
[2026-08-01T07:37:30.050Z] restoreNudgeCountFromHistory: no reset point found, count=2
[2026-08-01T07:37:30.392Z] ResumeDiffForge: running checkResumeConsistency
[2026-08-01T07:37:30.392Z] checkResumeConsistency: forgedTimestamps=[]
[2026-08-01T07:37:30.398Z] checkResumeConsistency: no changes detected
[2026-08-01T07:37:30.399Z] LiveUpdateForge: session reset, allowLiveUpdate = false
[2026-08-01T07:37:30.399Z] NudgeForge: ResumeComplete — restoring count from history
[2026-08-01T07:37:30.400Z] restoreNudgeCountFromHistory: no reset point found, count=2
[2026-08-01T07:37:30.459Z] ResumeDiffForge: running checkResumeConsistency
[2026-08-01T07:37:30.459Z] checkResumeConsistency: forgedTimestamps=[]
[2026-08-01T07:37:30.465Z] checkResumeConsistency: no changes detected
[2026-08-01T07:37:30.466Z] LiveUpdateForge: session reset, allowLiveUpdate = false
[2026-08-01T07:37:30.466Z] NudgeForge: ResumeComplete — restoring count from history
[2026-08-01T07:37:30.466Z] restoreNudgeCountFromHistory: no reset point found, count=2
[2026-08-01T07:37:30.747Z] MemoryForge: attached 5 listener(s)
[2026-08-01T07:37:30.748Z] InitialReadForge: armed one-shot BeforeSend after NewSessionStart
[2026-08-01T07:37:30.748Z] LiveUpdateForge: session reset, allowLiveUpdate = false
[2026-08-01T07:37:30.751Z] MemoryForge: detached all listeners
[2026-08-01T07:37:30.751Z] ResumeDiffForge: running checkResumeConsistency
[2026-08-01T07:37:30.752Z] checkResumeConsistency: forgedTimestamps=[]
[2026-08-01T07:37:30.780Z] checkResumeConsistency: no changes detected
[2026-08-01T07:37:30.780Z] LiveUpdateForge: session reset, allowLiveUpdate = false
[2026-08-01T07:37:30.780Z] NudgeForge: ResumeComplete — restoring count from history
[2026-08-01T07:37:30.781Z] restoreNudgeCountFromHistory: no reset point found, count=2
[2026-08-01T07:37:30.801Z] LiveUpdateForge: allowLiveUpdate = true (first real BeforeSend)
[2026-08-01T07:37:30.802Z] InitialReadForge.onBeforeSend: SKIP (fr=false syn=false hasRead=true)
[2026-08-01T07:37:41.354Z] LiveUpdateForge: EndTurn fallback flush
[2026-08-01T07:37:41.354Z] onEndTurn: naturalStop=undefined toolCalls=2 nudgeMsg=no
[2026-08-01T07:37:41.354Z] LiveUpdateForge: EndTurn fallback flush
[2026-08-01T07:37:41.355Z] onEndTurn: naturalStop=false toolCalls=2 nudgeMsg=no
[2026-08-01T07:37:41.438Z] LiveUpdateForge: AfterToolExec flush
[2026-08-01T07:37:41.465Z] LiveUpdateForge: AfterToolExec flush
[2026-08-01T07:37:41.491Z] InitialReadForge.onBeforeSend: SKIP (fr=true syn=false hasRead=true)
[2026-08-01T07:37:44.500Z] LiveUpdateForge: EndTurn fallback flush
[2026-08-01T07:37:44.501Z] onEndTurn: naturalStop=undefined toolCalls=4 nudgeMsg=no
[2026-08-01T07:37:44.501Z] LiveUpdateForge: EndTurn fallback flush
[2026-08-01T07:37:44.501Z] onEndTurn: naturalStop=true toolCalls=4 nudgeMsg=no
[2026-08-01T10:01:45.871Z] MemoryForge: attached 5 listener(s)
[2026-08-01T10:01:45.873Z] InitialReadForge: armed one-shot BeforeSend after NewSessionStart
[2026-08-01T10:01:45.873Z] LiveUpdateForge: session reset, allowLiveUpdate = false
[2026-08-01T10:01:46.099Z] LiveUpdateForge: session reset, allowLiveUpdate = false
[2026-08-01T10:01:46.105Z] ResumeDiffForge: running checkResumeConsistency
[2026-08-01T10:01:46.106Z] checkResumeConsistency: forgedTimestamps=[]
[2026-08-01T10:01:46.118Z] checkResumeConsistency: no changes detected
[2026-08-01T10:01:46.118Z] LiveUpdateForge: session reset, allowLiveUpdate = false
[2026-08-01T10:01:46.118Z] NudgeForge: ResumeComplete — restoring count from history
[2026-08-01T10:01:46.119Z] restoreNudgeCountFromHistory: no reset point found, count=4
[2026-08-01T10:01:51.592Z] MemoryForge: attached 5 listener(s)
[2026-08-01T10:01:51.592Z] InitialReadForge: armed one-shot BeforeSend after NewSessionStart
[2026-08-01T10:01:51.593Z] LiveUpdateForge: session reset, allowLiveUpdate = false
[2026-08-01T10:01:52.659Z] MemoryForge: attached 5 listener(s)
[2026-08-01T10:01:52.659Z] InitialReadForge: armed one-shot BeforeSend after NewSessionStart
[2026-08-01T10:01:52.659Z] LiveUpdateForge: session reset, allowLiveUpdate = false
[2026-08-01T10:04:26.170Z] ResumeDiffForge: running checkResumeConsistency
[2026-08-01T10:04:26.171Z] checkResumeConsistency: forgedTimestamps=[]
[2026-08-01T10:04:26.234Z] checkResumeConsistency: no changes detected
[2026-08-01T10:04:26.234Z] LiveUpdateForge: session reset, allowLiveUpdate = false
[2026-08-01T10:04:26.234Z] NudgeForge: ResumeComplete — restoring count from history
[2026-08-01T10:04:26.235Z] restoreNudgeCountFromHistory: no reset point found, count=4
[2026-08-01T10:09:13.252Z] MemoryForge: attached 5 listener(s)
[2026-08-01T10:09:13.253Z] InitialReadForge: armed one-shot BeforeSend after NewSessionStart
[2026-08-01T10:09:13.253Z] LiveUpdateForge: session reset, allowLiveUpdate = false
[2026-08-01T10:09:13.362Z] LiveUpdateForge: session reset, allowLiveUpdate = false
[2026-08-01T10:09:13.367Z] ResumeDiffForge: running checkResumeConsistency
[2026-08-01T10:09:13.368Z] checkResumeConsistency: forgedTimestamps=[]
[2026-08-01T10:09:13.379Z] checkResumeConsistency: no changes detected
[2026-08-01T10:09:13.380Z] LiveUpdateForge: session reset, allowLiveUpdate = false
[2026-08-01T10:09:13.380Z] NudgeForge: ResumeComplete — restoring count from history
[2026-08-01T10:09:13.381Z] restoreNudgeCountFromHistory: no reset point found, count=4
[2026-08-01T10:09:14.817Z] ResumeDiffForge: running checkResumeConsistency
[2026-08-01T10:09:14.818Z] checkResumeConsistency: forgedTimestamps=[]
[2026-08-01T10:09:14.854Z] checkResumeConsistency: no changes detected
[2026-08-01T10:09:14.854Z] LiveUpdateForge: session reset, allowLiveUpdate = false
[2026-08-01T10:09:14.856Z] NudgeForge: ResumeComplete — restoring count from history
[2026-08-01T10:09:14.857Z] restoreNudgeCountFromHistory: no reset point found, count=4
[2026-08-01T10:09:14.987Z] ResumeDiffForge: running checkResumeConsistency
[2026-08-01T10:09:14.989Z] checkResumeConsistency: forgedTimestamps=[]
[2026-08-01T10:09:15.000Z] checkResumeConsistency: no changes detected
[2026-08-01T10:09:15.000Z] LiveUpdateForge: session reset, allowLiveUpdate = false
[2026-08-01T10:09:15.001Z] NudgeForge: ResumeComplete — restoring count from history
[2026-08-01T10:09:15.001Z] restoreNudgeCountFromHistory: no reset point found, count=4
[2026-08-01T10:09:15.169Z] MemoryForge: attached 5 listener(s)
[2026-08-01T10:09:15.170Z] InitialReadForge: armed one-shot BeforeSend after NewSessionStart
[2026-08-01T10:09:15.170Z] LiveUpdateForge: session reset, allowLiveUpdate = false
[2026-08-01T10:09:15.369Z] MemoryForge: attached 5 listener(s)
[2026-08-01T10:09:15.369Z] InitialReadForge: armed one-shot BeforeSend after NewSessionStart
[2026-08-01T10:09:15.370Z] LiveUpdateForge: session reset, allowLiveUpdate = false
[2026-08-01T10:09:15.374Z] MemoryForge: detached all listeners
[2026-08-01T10:09:15.375Z] ResumeDiffForge: running checkResumeConsistency
[2026-08-01T10:09:15.377Z] checkResumeConsistency: forgedTimestamps=[]
[2026-08-01T10:09:15.416Z] checkResumeConsistency: no changes detected
[2026-08-01T10:09:15.416Z] LiveUpdateForge: session reset, allowLiveUpdate = false
[2026-08-01T10:09:15.416Z] NudgeForge: ResumeComplete — restoring count from history
[2026-08-01T10:09:15.417Z] restoreNudgeCountFromHistory: no reset point found, count=4
[2026-08-01T10:09:15.497Z] LiveUpdateForge: allowLiveUpdate = true (first real BeforeSend)
[2026-08-01T10:09:15.499Z] InitialReadForge.onBeforeSend: SKIP (fr=false syn=false hasRead=true)
[2026-08-01T10:09:16.628Z] MemoryForge: attached 5 listener(s)
[2026-08-01T10:09:16.629Z] InitialReadForge: armed one-shot BeforeSend after NewSessionStart
[2026-08-01T10:09:16.629Z] LiveUpdateForge: session reset, allowLiveUpdate = false
[2026-08-01T10:09:19.771Z] LiveUpdateForge: EndTurn fallback flush
[2026-08-01T10:09:19.771Z] onEndTurn: naturalStop=undefined toolCalls=4 nudgeMsg=no
[2026-08-01T10:09:19.772Z] LiveUpdateForge: EndTurn fallback flush
[2026-08-01T10:09:19.772Z] onEndTurn: naturalStop=false toolCalls=4 nudgeMsg=no
[2026-08-01T10:09:24.080Z] LiveUpdateForge: AfterToolExec flush
[2026-08-01T10:09:24.107Z] InitialReadForge.onBeforeSend: SKIP (fr=true syn=false hasRead=true)
[2026-08-01T10:09:27.274Z] LiveUpdateForge: EndTurn fallback flush
[2026-08-01T10:09:27.274Z] onEndTurn: naturalStop=undefined toolCalls=5 nudgeMsg=no
[2026-08-01T10:09:27.274Z] LiveUpdateForge: EndTurn fallback flush
[2026-08-01T10:09:27.275Z] onEndTurn: naturalStop=true toolCalls=5 nudgeMsg=no
[2026-08-01T10:13:41.930Z] ResumeDiffForge: running checkResumeConsistency
[2026-08-01T10:13:41.931Z] checkResumeConsistency: forgedTimestamps=[]
[2026-08-01T10:13:41.998Z] checkResumeConsistency: no changes detected
[2026-08-01T10:13:41.999Z] LiveUpdateForge: session reset, allowLiveUpdate = false
[2026-08-01T10:13:41.999Z] NudgeForge: ResumeComplete — restoring count from history
[2026-08-01T10:13:41.999Z] restoreNudgeCountFromHistory: no reset point found, count=5
[2026-08-01T10:13:42.023Z] LiveUpdateForge: allowLiveUpdate = true (first real BeforeSend)
[2026-08-01T10:13:42.023Z] InitialReadForge.onBeforeSend: SKIP (fr=false syn=false hasRead=true)
[2026-08-01T10:13:57.289Z] LiveUpdateForge: EndTurn fallback flush
[2026-08-01T10:13:57.289Z] onEndTurn: naturalStop=undefined toolCalls=5 nudgeMsg=no
[2026-08-01T10:13:57.289Z] LiveUpdateForge: EndTurn fallback flush
[2026-08-01T10:13:57.290Z] onEndTurn: naturalStop=false toolCalls=5 nudgeMsg=no
[2026-08-01T10:13:57.414Z] LiveUpdateForge: AfterToolExec flush
[2026-08-01T10:13:57.568Z] LiveUpdateForge: AfterToolExec flush
[2026-08-01T10:13:57.597Z] InitialReadForge.onBeforeSend: SKIP (fr=true syn=false hasRead=true)
[2026-08-01T10:14:04.481Z] LiveUpdateForge: EndTurn fallback flush
[2026-08-01T10:14:04.482Z] onEndTurn: naturalStop=undefined toolCalls=7 nudgeMsg=no
[2026-08-01T10:14:04.482Z] LiveUpdateForge: EndTurn fallback flush
[2026-08-01T10:14:04.482Z] onEndTurn: naturalStop=false toolCalls=7 nudgeMsg=no
[2026-08-01T10:14:04.500Z] LiveUpdateForge: AfterToolExec flush
[2026-08-01T10:14:04.821Z] LiveUpdateForge: AfterToolExec flush
[2026-08-01T10:14:04.850Z] InitialReadForge.onBeforeSend: SKIP (fr=true syn=false hasRead=true)
[2026-08-01T10:14:07.144Z] LiveUpdateForge: EndTurn fallback flush
[2026-08-01T10:14:07.145Z] onEndTurn: naturalStop=undefined toolCalls=9 nudgeMsg=no
[2026-08-01T10:14:07.146Z] LiveUpdateForge: EndTurn fallback flush
[2026-08-01T10:14:07.146Z] onEndTurn: naturalStop=false toolCalls=9 nudgeMsg=no
[2026-08-01T10:14:07.157Z] LiveUpdateForge: AfterToolExec flush
[2026-08-01T10:14:07.195Z] InitialReadForge.onBeforeSend: SKIP (fr=true syn=false hasRead=true)
[2026-08-01T10:14:11.405Z] LiveUpdateForge: EndTurn fallback flush
[2026-08-01T10:14:11.405Z] onEndTurn: naturalStop=undefined toolCalls=10 nudgeMsg=no
[2026-08-01T10:14:11.406Z] LiveUpdateForge: EndTurn fallback flush
[2026-08-01T10:14:11.406Z] onEndTurn: naturalStop=false toolCalls=10 nudgeMsg=no
[2026-08-01T10:14:11.415Z] LiveUpdateForge: AfterToolExec flush
[2026-08-01T10:14:11.764Z] LiveUpdateForge: AfterToolExec flush
[2026-08-01T10:14:11.793Z] InitialReadForge.onBeforeSend: SKIP (fr=true syn=false hasRead=true)
[2026-08-01T10:14:14.157Z] LiveUpdateForge: EndTurn fallback flush
[2026-08-01T10:14:14.157Z] onEndTurn: naturalStop=undefined toolCalls=12 nudgeMsg=no
[2026-08-01T10:14:14.158Z] LiveUpdateForge: EndTurn fallback flush
[2026-08-01T10:14:14.158Z] onEndTurn: naturalStop=false toolCalls=12 nudgeMsg=no
[2026-08-01T10:14:46.790Z] LiveUpdateForge: AfterToolExec flush
[2026-08-01T10:14:46.820Z] InitialReadForge.onBeforeSend: SKIP (fr=true syn=false hasRead=true)
[2026-08-01T10:14:50.045Z] LiveUpdateForge: EndTurn fallback flush
[2026-08-01T10:14:50.045Z] onEndTurn: naturalStop=undefined toolCalls=13 nudgeMsg=no
[2026-08-01T10:14:50.046Z] LiveUpdateForge: EndTurn fallback flush
[2026-08-01T10:14:50.046Z] onEndTurn: naturalStop=false toolCalls=13 nudgeMsg=no
[2026-08-01T10:14:50.053Z] LiveUpdateForge: AfterToolExec flush
[2026-08-01T10:14:50.083Z] InitialReadForge.onBeforeSend: SKIP (fr=true syn=false hasRead=true)
[2026-08-01T10:14:54.891Z] LiveUpdateForge: EndTurn fallback flush
[2026-08-01T10:14:54.892Z] onEndTurn: naturalStop=undefined toolCalls=14 nudgeMsg=no
[2026-08-01T10:14:54.892Z] LiveUpdateForge: EndTurn fallback flush
[2026-08-01T10:14:54.892Z] onEndTurn: naturalStop=false toolCalls=14 nudgeMsg=no
[2026-08-01T10:14:57.905Z] LiveUpdateForge: AfterToolExec flush
[2026-08-01T10:14:57.937Z] InitialReadForge.onBeforeSend: SKIP (fr=true syn=false hasRead=true)
[2026-08-01T10:15:00.618Z] LiveUpdateForge: EndTurn fallback flush
[2026-08-01T10:15:00.618Z] onEndTurn: naturalStop=undefined toolCalls=15 nudgeMsg=no
[2026-08-01T10:15:00.618Z] LiveUpdateForge: EndTurn fallback flush
[2026-08-01T10:15:00.619Z] onEndTurn: naturalStop=false toolCalls=15 nudgeMsg=no
[2026-08-01T10:15:00.625Z] LiveUpdateForge: AfterToolExec flush
[2026-08-01T10:15:00.652Z] InitialReadForge.onBeforeSend: SKIP (fr=true syn=false hasRead=true)
[2026-08-01T10:15:17.771Z] LiveUpdateForge: EndTurn fallback flush
[2026-08-01T10:15:17.772Z] onEndTurn: naturalStop=undefined toolCalls=16 nudgeMsg=no
[2026-08-01T10:15:17.772Z] LiveUpdateForge: EndTurn fallback flush
[2026-08-01T10:15:17.772Z] onEndTurn: naturalStop=true toolCalls=16 nudgeMsg=no
[2026-08-01T10:18:35.835Z] ResumeDiffForge: running checkResumeConsistency
[2026-08-01T10:18:35.836Z] checkResumeConsistency: forgedTimestamps=[]
[2026-08-01T10:18:35.845Z] checkResumeConsistency: no changes detected
[2026-08-01T10:18:35.845Z] LiveUpdateForge: session reset, allowLiveUpdate = false
[2026-08-01T10:18:35.846Z] NudgeForge: ResumeComplete — restoring count from history
[2026-08-01T10:18:35.846Z] restoreNudgeCountFromHistory: no reset point found, count=16
[2026-08-01T10:18:35.891Z] LiveUpdateForge: allowLiveUpdate = true (first real BeforeSend)
[2026-08-01T10:18:35.892Z] InitialReadForge.onBeforeSend: SKIP (fr=false syn=false hasRead=true)
[2026-08-01T10:19:00.226Z] LiveUpdateForge: EndTurn fallback flush
[2026-08-01T10:19:00.226Z] onEndTurn: naturalStop=undefined toolCalls=16 nudgeMsg=no
[2026-08-01T10:19:00.227Z] LiveUpdateForge: EndTurn fallback flush
[2026-08-01T10:19:00.227Z] onEndTurn: naturalStop=true toolCalls=16 nudgeMsg=no
[2026-08-01T10:20:19.584Z] ResumeDiffForge: running checkResumeConsistency
[2026-08-01T10:20:19.585Z] checkResumeConsistency: forgedTimestamps=[]
[2026-08-01T10:20:19.591Z] checkResumeConsistency: no changes detected
[2026-08-01T10:20:19.592Z] LiveUpdateForge: session reset, allowLiveUpdate = false
[2026-08-01T10:20:19.592Z] NudgeForge: ResumeComplete — restoring count from history
[2026-08-01T10:20:19.592Z] restoreNudgeCountFromHistory: no reset point found, count=16
[2026-08-01T10:20:19.611Z] LiveUpdateForge: allowLiveUpdate = true (first real BeforeSend)
[2026-08-01T10:20:19.611Z] InitialReadForge.onBeforeSend: SKIP (fr=false syn=false hasRead=true)
[2026-08-01T10:20:38.473Z] LiveUpdateForge: EndTurn fallback flush
[2026-08-01T10:20:38.474Z] onEndTurn: naturalStop=undefined toolCalls=16 nudgeMsg=no
[2026-08-01T10:20:38.474Z] LiveUpdateForge: EndTurn fallback flush
[2026-08-01T10:20:38.474Z] onEndTurn: naturalStop=true toolCalls=16 nudgeMsg=no
[2026-08-01T10:24:12.120Z] ResumeDiffForge: running checkResumeConsistency
[2026-08-01T10:24:12.121Z] checkResumeConsistency: forgedTimestamps=[]
[2026-08-01T10:24:12.127Z] checkResumeConsistency: no changes detected
[2026-08-01T10:24:12.127Z] LiveUpdateForge: session reset, allowLiveUpdate = false
[2026-08-01T10:24:12.127Z] NudgeForge: ResumeComplete — restoring count from history
[2026-08-01T10:24:12.128Z] restoreNudgeCountFromHistory: no reset point found, count=16
[2026-08-01T10:24:12.153Z] LiveUpdateForge: allowLiveUpdate = true (first real BeforeSend)
[2026-08-01T10:24:12.154Z] InitialReadForge.onBeforeSend: SKIP (fr=false syn=false hasRead=true)
[2026-08-01T10:24:38.908Z] LiveUpdateForge: EndTurn fallback flush
[2026-08-01T10:24:38.908Z] onEndTurn: naturalStop=undefined toolCalls=16 nudgeMsg=no
[2026-08-01T10:24:38.909Z] LiveUpdateForge: EndTurn fallback flush
[2026-08-01T10:24:38.909Z] onEndTurn: naturalStop=true toolCalls=16 nudgeMsg=no
[2026-08-01T10:24:55.558Z] ResumeDiffForge: running checkResumeConsistency
[2026-08-01T10:24:55.558Z] checkResumeConsistency: forgedTimestamps=[]
[2026-08-01T10:24:55.566Z] checkResumeConsistency: no changes detected
[2026-08-01T10:24:55.566Z] LiveUpdateForge: session reset, allowLiveUpdate = false
[2026-08-01T10:24:55.566Z] NudgeForge: ResumeComplete — restoring count from history
[2026-08-01T10:24:55.567Z] restoreNudgeCountFromHistory: no reset point found, count=16
[2026-08-01T10:24:55.589Z] LiveUpdateForge: allowLiveUpdate = true (first real BeforeSend)
[2026-08-01T10:24:55.590Z] InitialReadForge.onBeforeSend: SKIP (fr=false syn=false hasRead=true)
[2026-08-01T10:25:24.305Z] LiveUpdateForge: EndTurn fallback flush
[2026-08-01T10:25:24.305Z] onEndTurn: naturalStop=undefined toolCalls=16 nudgeMsg=no
[2026-08-01T10:25:24.305Z] LiveUpdateForge: EndTurn fallback flush
[2026-08-01T10:25:24.305Z] onEndTurn: naturalStop=true toolCalls=16 nudgeMsg=no
[2026-08-01T10:28:24.310Z] MemoryForge: attached 5 listener(s)
[2026-08-01T10:28:24.311Z] InitialReadForge: armed one-shot BeforeSend after NewSessionStart
[2026-08-01T10:28:24.311Z] LiveUpdateForge: session reset, allowLiveUpdate = false
[2026-08-01T10:28:24.933Z] MemoryForge: attached 5 listener(s)
[2026-08-01T10:28:24.934Z] InitialReadForge: armed one-shot BeforeSend after NewSessionStart
[2026-08-01T10:28:24.934Z] LiveUpdateForge: session reset, allowLiveUpdate = false
[2026-08-01T10:28:24.935Z] MemoryForge: detached all listeners
[2026-08-01T10:28:24.936Z] ResumeDiffForge: no read_memory in history, backfilling forge
[2026-08-01T10:28:25.081Z] recordForgedToolExchange: toolName=read_memory callId=resume-forge-read-memory-backfill
[2026-08-01T10:28:25.120Z] recordForgedToolExchange: recordMessage + recordToolCalls persisted
[2026-08-01T10:28:25.121Z] injectForgedHistory: role=user preview=""
[2026-08-01T10:28:25.140Z] injectForgedHistory: recordMessage persisted
[2026-08-01T10:28:25.146Z] ResumeDiffForge: backfilled read_memory and baseline for 2 raw + 2 provider file(s)
[2026-08-01T10:28:25.146Z] LiveUpdateForge: session reset, allowLiveUpdate = false
[2026-08-01T10:28:25.147Z] NudgeForge: ResumeComplete — restoring count from history
[2026-08-01T10:28:25.147Z] restoreNudgeCountFromHistory: no reset point found, count=0
[2026-08-01T10:28:25.170Z] LiveUpdateForge: allowLiveUpdate = true (first real BeforeSend)
[2026-08-01T10:28:25.171Z] InitialReadForge.onBeforeSend: SKIP (fr=false syn=false hasRead=true)
[2026-08-01T10:28:31.314Z] LiveUpdateForge: EndTurn fallback flush
[2026-08-01T10:28:31.314Z] onEndTurn: naturalStop=undefined toolCalls=0 nudgeMsg=no
[2026-08-01T10:28:31.314Z] LiveUpdateForge: EndTurn fallback flush
[2026-08-01T10:28:31.315Z] onEndTurn: naturalStop=false toolCalls=0 nudgeMsg=no
[2026-08-01T10:28:31.386Z] LiveUpdateForge: AfterToolExec flush
[2026-08-01T10:28:46.977Z] LiveUpdateForge: AfterToolExec flush
[2026-08-01T10:28:46.995Z] InitialReadForge.onBeforeSend: SKIP (fr=true syn=false hasRead=true)
[2026-08-01T10:28:52.124Z] LiveUpdateForge: EndTurn fallback flush
[2026-08-01T10:28:52.125Z] onEndTurn: naturalStop=undefined toolCalls=2 nudgeMsg=no
[2026-08-01T10:28:52.125Z] LiveUpdateForge: EndTurn fallback flush
[2026-08-01T10:28:52.125Z] onEndTurn: naturalStop=false toolCalls=2 nudgeMsg=no
[2026-08-01T10:28:52.131Z] LiveUpdateForge: AfterToolExec flush
[2026-08-01T10:28:52.132Z] LiveUpdateForge: AfterToolExec flush
[2026-08-01T10:28:52.132Z] LiveUpdateForge: AfterToolExec flush
[2026-08-01T10:28:52.133Z] LiveUpdateForge: AfterToolExec flush
[2026-08-01T10:28:52.153Z] InitialReadForge.onBeforeSend: SKIP (fr=true syn=false hasRead=true)
[2026-08-01T10:28:58.669Z] LiveUpdateForge: EndTurn fallback flush
[2026-08-01T10:28:58.669Z] onEndTurn: naturalStop=undefined toolCalls=6 nudgeMsg=no
[2026-08-01T10:28:58.670Z] LiveUpdateForge: EndTurn fallback flush
[2026-08-01T10:28:58.670Z] onEndTurn: naturalStop=false toolCalls=6 nudgeMsg=no
[2026-08-01T10:28:58.678Z] LiveUpdateForge: AfterToolExec flush
[2026-08-01T10:28:58.680Z] LiveUpdateForge: AfterToolExec flush
[2026-08-01T10:28:58.701Z] InitialReadForge.onBeforeSend: SKIP (fr=true syn=false hasRead=true)
[2026-08-01T10:29:02.502Z] LiveUpdateForge: EndTurn fallback flush
[2026-08-01T10:29:02.502Z] onEndTurn: naturalStop=undefined toolCalls=8 nudgeMsg=no
[2026-08-01T10:29:02.502Z] LiveUpdateForge: EndTurn fallback flush
[2026-08-01T10:29:02.503Z] onEndTurn: naturalStop=false toolCalls=8 nudgeMsg=no
[2026-08-01T10:29:02.514Z] LiveUpdateForge: AfterToolExec flush
[2026-08-01T10:29:03.057Z] LiveUpdateForge: AfterToolExec flush
[2026-08-01T10:29:03.078Z] InitialReadForge.onBeforeSend: SKIP (fr=true syn=false hasRead=true)
[2026-08-01T10:29:05.556Z] LiveUpdateForge: EndTurn fallback flush
[2026-08-01T10:29:05.557Z] onEndTurn: naturalStop=undefined toolCalls=10 nudgeMsg=no
[2026-08-01T10:29:05.557Z] LiveUpdateForge: EndTurn fallback flush
[2026-08-01T10:29:05.557Z] onEndTurn: naturalStop=false toolCalls=10 nudgeMsg=no
[2026-08-01T10:29:05.565Z] LiveUpdateForge: AfterToolExec flush
[2026-08-01T10:29:05.566Z] LiveUpdateForge: AfterToolExec flush
[2026-08-01T10:29:05.588Z] InitialReadForge.onBeforeSend: SKIP (fr=true syn=false hasRead=true)
[2026-08-01T10:29:09.301Z] LiveUpdateForge: EndTurn fallback flush
[2026-08-01T10:29:09.301Z] onEndTurn: naturalStop=undefined toolCalls=12 nudgeMsg=no
[2026-08-01T10:29:09.301Z] LiveUpdateForge: EndTurn fallback flush
[2026-08-01T10:29:09.302Z] onEndTurn: naturalStop=false toolCalls=12 nudgeMsg=no
[2026-08-01T10:29:09.840Z] LiveUpdateForge: AfterToolExec flush
[2026-08-01T10:29:09.870Z] InitialReadForge.onBeforeSend: SKIP (fr=true syn=false hasRead=true)
[2026-08-01T10:29:14.760Z] LiveUpdateForge: EndTurn fallback flush
[2026-08-01T10:29:14.760Z] onEndTurn: naturalStop=undefined toolCalls=13 nudgeMsg=no
[2026-08-01T10:29:14.760Z] LiveUpdateForge: EndTurn fallback flush
[2026-08-01T10:29:14.760Z] onEndTurn: naturalStop=false toolCalls=13 nudgeMsg=no
[2026-08-01T10:29:15.363Z] LiveUpdateForge: AfterToolExec flush
[2026-08-01T10:29:15.382Z] InitialReadForge.onBeforeSend: SKIP (fr=true syn=false hasRead=true)
[2026-08-01T10:29:17.474Z] LiveUpdateForge: EndTurn fallback flush
[2026-08-01T10:29:17.474Z] onEndTurn: naturalStop=undefined toolCalls=14 nudgeMsg=no
[2026-08-01T10:29:17.474Z] LiveUpdateForge: EndTurn fallback flush
[2026-08-01T10:29:17.475Z] onEndTurn: naturalStop=false toolCalls=14 nudgeMsg=no
[2026-08-01T10:29:17.482Z] LiveUpdateForge: AfterToolExec flush
[2026-08-01T10:29:17.507Z] InitialReadForge.onBeforeSend: SKIP (fr=true syn=false hasRead=true)
[2026-08-01T10:29:19.849Z] LiveUpdateForge: EndTurn fallback flush
[2026-08-01T10:29:19.849Z] onEndTurn: naturalStop=undefined toolCalls=15 nudgeMsg=no
[2026-08-01T10:29:19.849Z] LiveUpdateForge: EndTurn fallback flush
[2026-08-01T10:29:19.850Z] onEndTurn: naturalStop=false toolCalls=15 nudgeMsg=no
[2026-08-01T10:29:19.857Z] LiveUpdateForge: AfterToolExec flush
[2026-08-01T10:29:19.882Z] InitialReadForge.onBeforeSend: SKIP (fr=true syn=false hasRead=true)
[2026-08-01T10:29:22.215Z] LiveUpdateForge: EndTurn fallback flush
[2026-08-01T10:29:22.215Z] onEndTurn: naturalStop=undefined toolCalls=16 nudgeMsg=no
[2026-08-01T10:29:22.216Z] LiveUpdateForge: EndTurn fallback flush
[2026-08-01T10:29:22.216Z] onEndTurn: naturalStop=false toolCalls=16 nudgeMsg=no
[2026-08-01T10:29:22.545Z] LiveUpdateForge: AfterToolExec flush
[2026-08-01T10:29:22.563Z] InitialReadForge.onBeforeSend: SKIP (fr=true syn=false hasRead=true)
[2026-08-01T10:29:24.272Z] LiveUpdateForge: EndTurn fallback flush
[2026-08-01T10:29:24.273Z] onEndTurn: naturalStop=undefined toolCalls=17 nudgeMsg=no
[2026-08-01T10:29:24.273Z] LiveUpdateForge: EndTurn fallback flush
[2026-08-01T10:29:24.273Z] onEndTurn: naturalStop=false toolCalls=17 nudgeMsg=no
[2026-08-01T10:29:24.279Z] LiveUpdateForge: AfterToolExec flush
[2026-08-01T10:29:24.299Z] InitialReadForge.onBeforeSend: SKIP (fr=true syn=false hasRead=true)
[2026-08-01T10:29:31.134Z] LiveUpdateForge: EndTurn fallback flush
[2026-08-01T10:29:31.134Z] onEndTurn: naturalStop=undefined toolCalls=18 nudgeMsg=no
[2026-08-01T10:29:31.134Z] LiveUpdateForge: EndTurn fallback flush
[2026-08-01T10:29:31.135Z] onEndTurn: naturalStop=false toolCalls=18 nudgeMsg=no
[2026-08-01T10:29:31.721Z] LiveUpdateForge: AfterToolExec flush
[2026-08-01T10:29:31.740Z] InitialReadForge.onBeforeSend: SKIP (fr=true syn=false hasRead=true)
[2026-08-01T10:29:33.718Z] LiveUpdateForge: EndTurn fallback flush
[2026-08-01T10:29:33.719Z] onEndTurn: naturalStop=undefined toolCalls=19 nudgeMsg=no
[2026-08-01T10:29:33.719Z] LiveUpdateForge: EndTurn fallback flush
[2026-08-01T10:29:33.719Z] onEndTurn: naturalStop=false toolCalls=19 nudgeMsg=no
[2026-08-01T10:29:33.727Z] LiveUpdateForge: AfterToolExec flush
[2026-08-01T10:29:33.729Z] LiveUpdateForge: AfterToolExec flush
[2026-08-01T10:29:33.753Z] InitialReadForge.onBeforeSend: SKIP (fr=true syn=false hasRead=true)
[2026-08-01T10:30:57.253Z] LiveUpdateForge: EndTurn fallback flush
[2026-08-01T10:30:57.254Z] onEndTurn: naturalStop=undefined toolCalls=21 nudgeMsg=no
[2026-08-01T10:30:57.254Z] LiveUpdateForge: EndTurn fallback flush
[2026-08-01T10:30:57.254Z] onEndTurn: naturalStop=false toolCalls=21 nudgeMsg=no
[2026-08-01T10:30:57.793Z] LiveUpdateForge: AfterToolExec flush
[2026-08-01T10:30:57.819Z] InitialReadForge.onBeforeSend: SKIP (fr=true syn=false hasRead=true)
[2026-08-01T10:31:01.354Z] LiveUpdateForge: EndTurn fallback flush
[2026-08-01T10:31:01.354Z] onEndTurn: naturalStop=undefined toolCalls=22 nudgeMsg=no
[2026-08-01T10:31:01.355Z] LiveUpdateForge: EndTurn fallback flush
[2026-08-01T10:31:01.355Z] onEndTurn: naturalStop=false toolCalls=22 nudgeMsg=no
[2026-08-01T10:31:01.439Z] LiveUpdateForge: AfterToolExec flush
[2026-08-01T10:31:01.470Z] InitialReadForge.onBeforeSend: SKIP (fr=true syn=false hasRead=true)
[2026-08-01T10:31:46.374Z] LiveUpdateForge: EndTurn fallback flush
[2026-08-01T10:31:46.374Z] onEndTurn: naturalStop=undefined toolCalls=23 nudgeMsg=no
[2026-08-01T10:31:46.375Z] LiveUpdateForge: EndTurn fallback flush
[2026-08-01T10:31:46.375Z] onEndTurn: naturalStop=false toolCalls=23 nudgeMsg=no
[2026-08-01T10:31:46.423Z] LiveUpdateForge: AfterToolExec flush
[2026-08-01T10:31:46.424Z] LiveUpdateForge: AfterToolExec flush
[2026-08-01T10:31:46.424Z] LiveUpdateForge: AfterToolExec flush
[2026-08-01T10:31:46.424Z] LiveUpdateForge: AfterToolExec flush
[2026-08-01T10:31:46.455Z] InitialReadForge.onBeforeSend: SKIP (fr=true syn=false hasRead=true)
[2026-08-01T10:31:48.254Z] LiveUpdateForge: EndTurn fallback flush
[2026-08-01T10:31:48.254Z] onEndTurn: naturalStop=undefined toolCalls=27 nudgeMsg=no
[2026-08-01T10:31:48.254Z] LiveUpdateForge: EndTurn fallback flush
[2026-08-01T10:31:48.255Z] onEndTurn: naturalStop=false toolCalls=27 nudgeMsg=no
[2026-08-01T10:31:48.259Z] LiveUpdateForge: AfterToolExec flush
[2026-08-01T10:31:48.291Z] InitialReadForge.onBeforeSend: SKIP (fr=true syn=false hasRead=true)
[2026-08-01T10:31:52.702Z] LiveUpdateForge: EndTurn fallback flush
[2026-08-01T10:31:52.702Z] onEndTurn: naturalStop=undefined toolCalls=28 nudgeMsg=no
[2026-08-01T10:31:52.702Z] LiveUpdateForge: EndTurn fallback flush
[2026-08-01T10:31:52.703Z] onEndTurn: naturalStop=false toolCalls=28 nudgeMsg=no
[2026-08-01T10:31:52.785Z] LiveUpdateForge: AfterToolExec flush
[2026-08-01T10:31:52.814Z] InitialReadForge.onBeforeSend: SKIP (fr=true syn=false hasRead=true)
[2026-08-01T10:32:01.821Z] LiveUpdateForge: EndTurn fallback flush
[2026-08-01T10:32:01.821Z] onEndTurn: naturalStop=undefined toolCalls=29 nudgeMsg=no
[2026-08-01T10:32:01.822Z] LiveUpdateForge: EndTurn fallback flush
[2026-08-01T10:32:01.822Z] onEndTurn: naturalStop=false toolCalls=29 nudgeMsg=no
[2026-08-01T10:32:01.861Z] LiveUpdateForge: AfterToolExec flush
[2026-08-01T10:32:01.892Z] InitialReadForge.onBeforeSend: SKIP (fr=true syn=false hasRead=true)
[2026-08-01T10:32:05.415Z] LiveUpdateForge: EndTurn fallback flush
[2026-08-01T10:32:05.416Z] onEndTurn: naturalStop=undefined toolCalls=30 nudgeMsg=no
[2026-08-01T10:32:05.416Z] LiveUpdateForge: EndTurn fallback flush
[2026-08-01T10:32:05.417Z] onEndTurn: naturalStop=false toolCalls=30 nudgeMsg=no
[2026-08-01T10:32:05.439Z] LiveUpdateForge: AfterToolExec flush
[2026-08-01T10:32:05.477Z] InitialReadForge.onBeforeSend: SKIP (fr=true syn=false hasRead=true)
[2026-08-01T10:32:12.320Z] LiveUpdateForge: EndTurn fallback flush
[2026-08-01T10:32:12.320Z] onEndTurn: naturalStop=undefined toolCalls=31 nudgeMsg=no
[2026-08-01T10:32:12.321Z] LiveUpdateForge: EndTurn fallback flush
[2026-08-01T10:32:12.321Z] onEndTurn: naturalStop=false toolCalls=31 nudgeMsg=no
[2026-08-01T10:32:12.338Z] LiveUpdateForge: AfterToolExec flush
[2026-08-01T10:32:12.374Z] InitialReadForge.onBeforeSend: SKIP (fr=true syn=false hasRead=true)
[2026-08-01T10:32:15.167Z] LiveUpdateForge: EndTurn fallback flush
[2026-08-01T10:32:15.167Z] onEndTurn: naturalStop=undefined toolCalls=32 nudgeMsg=no
[2026-08-01T10:32:15.168Z] LiveUpdateForge: EndTurn fallback flush
[2026-08-01T10:32:15.168Z] onEndTurn: naturalStop=false toolCalls=32 nudgeMsg=no
[2026-08-01T10:32:15.184Z] LiveUpdateForge: AfterToolExec flush
[2026-08-01T10:32:15.216Z] InitialReadForge.onBeforeSend: SKIP (fr=true syn=false hasRead=true)
[2026-08-01T10:32:17.525Z] LiveUpdateForge: EndTurn fallback flush
[2026-08-01T10:32:17.525Z] onEndTurn: naturalStop=undefined toolCalls=33 nudgeMsg=no
[2026-08-01T10:32:17.525Z] LiveUpdateForge: EndTurn fallback flush
[2026-08-01T10:32:17.526Z] onEndTurn: naturalStop=false toolCalls=33 nudgeMsg=no
[2026-08-01T10:32:17.850Z] LiveUpdateForge: AfterToolExec flush
[2026-08-01T10:32:17.877Z] InitialReadForge.onBeforeSend: SKIP (fr=true syn=false hasRead=true)
[2026-08-01T10:32:20.730Z] LiveUpdateForge: EndTurn fallback flush
[2026-08-01T10:32:20.731Z] onEndTurn: naturalStop=undefined toolCalls=34 nudgeMsg=no
[2026-08-01T10:32:20.731Z] LiveUpdateForge: EndTurn fallback flush
[2026-08-01T10:32:20.731Z] onEndTurn: naturalStop=false toolCalls=34 nudgeMsg=no
[2026-08-01T10:32:20.745Z] LiveUpdateForge: AfterToolExec flush
[2026-08-01T10:32:20.784Z] InitialReadForge.onBeforeSend: SKIP (fr=true syn=false hasRead=true)
[2026-08-01T10:32:31.389Z] LiveUpdateForge: EndTurn fallback flush
[2026-08-01T10:32:31.390Z] onEndTurn: naturalStop=undefined toolCalls=35 nudgeMsg=no
[2026-08-01T10:32:31.390Z] LiveUpdateForge: EndTurn fallback flush
[2026-08-01T10:32:31.390Z] onEndTurn: naturalStop=false toolCalls=35 nudgeMsg=no
[2026-08-01T10:32:31.416Z] LiveUpdateForge: AfterToolExec flush
[2026-08-01T10:32:31.449Z] InitialReadForge.onBeforeSend: SKIP (fr=true syn=false hasRead=true)
[2026-08-01T10:32:33.017Z] LiveUpdateForge: EndTurn fallback flush
[2026-08-01T10:32:33.018Z] onEndTurn: naturalStop=undefined toolCalls=36 nudgeMsg=no
[2026-08-01T10:32:33.018Z] LiveUpdateForge: EndTurn fallback flush
[2026-08-01T10:32:33.018Z] onEndTurn: naturalStop=false toolCalls=36 nudgeMsg=no
[2026-08-01T10:32:33.040Z] LiveUpdateForge: AfterToolExec flush
[2026-08-01T10:32:33.041Z] LiveUpdateForge: AfterToolExec flush
[2026-08-01T10:32:33.078Z] InitialReadForge.onBeforeSend: SKIP (fr=true syn=false hasRead=true)
[2026-08-01T10:32:41.962Z] LiveUpdateForge: EndTurn fallback flush
[2026-08-01T10:32:41.962Z] onEndTurn: naturalStop=undefined toolCalls=38 nudgeMsg=no
[2026-08-01T10:32:41.962Z] LiveUpdateForge: EndTurn fallback flush
[2026-08-01T10:32:41.963Z] onEndTurn: naturalStop=false toolCalls=38 nudgeMsg=no
[2026-08-01T10:32:42.012Z] LiveUpdateForge: AfterToolExec flush
[2026-08-01T10:32:42.040Z] InitialReadForge.onBeforeSend: SKIP (fr=true syn=false hasRead=true)
[2026-08-01T10:32:48.546Z] LiveUpdateForge: EndTurn fallback flush
[2026-08-01T10:32:48.547Z] onEndTurn: naturalStop=undefined toolCalls=39 nudgeMsg=no
[2026-08-01T10:32:48.547Z] LiveUpdateForge: EndTurn fallback flush
[2026-08-01T10:32:48.547Z] onEndTurn: naturalStop=false toolCalls=39 nudgeMsg=no
[2026-08-01T10:32:48.569Z] LiveUpdateForge: AfterToolExec flush
[2026-08-01T10:32:48.610Z] InitialReadForge.onBeforeSend: SKIP (fr=true syn=false hasRead=true)
[2026-08-01T10:32:52.620Z] LiveUpdateForge: EndTurn fallback flush
[2026-08-01T10:32:52.621Z] onEndTurn: naturalStop=undefined toolCalls=40 nudgeMsg=no
[2026-08-01T10:32:52.621Z] LiveUpdateForge: EndTurn fallback flush
[2026-08-01T10:32:52.621Z] onEndTurn: naturalStop=false toolCalls=40 nudgeMsg=no
[2026-08-01T10:32:52.641Z] LiveUpdateForge: AfterToolExec flush
[2026-08-01T10:32:52.642Z] LiveUpdateForge: AfterToolExec flush
[2026-08-01T10:32:52.675Z] InitialReadForge.onBeforeSend: SKIP (fr=true syn=false hasRead=true)
[2026-08-01T10:32:59.889Z] LiveUpdateForge: EndTurn fallback flush
[2026-08-01T10:32:59.889Z] onEndTurn: naturalStop=undefined toolCalls=42 nudgeMsg=no
[2026-08-01T10:32:59.889Z] LiveUpdateForge: EndTurn fallback flush
[2026-08-01T10:32:59.890Z] onEndTurn: naturalStop=false toolCalls=42 nudgeMsg=no
[2026-08-01T10:32:59.945Z] LiveUpdateForge: AfterToolExec flush
[2026-08-01T10:32:59.982Z] InitialReadForge.onBeforeSend: SKIP (fr=true syn=false hasRead=true)
[2026-08-01T10:33:01.609Z] LiveUpdateForge: EndTurn fallback flush
[2026-08-01T10:33:01.609Z] onEndTurn: naturalStop=undefined toolCalls=43 nudgeMsg=no
[2026-08-01T10:33:01.610Z] LiveUpdateForge: EndTurn fallback flush
[2026-08-01T10:33:01.610Z] onEndTurn: naturalStop=false toolCalls=43 nudgeMsg=no
[2026-08-01T10:33:01.628Z] LiveUpdateForge: AfterToolExec flush
[2026-08-01T10:33:01.628Z] LiveUpdateForge: AfterToolExec flush
[2026-08-01T10:33:01.665Z] InitialReadForge.onBeforeSend: SKIP (fr=true syn=false hasRead=true)
[2026-08-01T10:33:04.554Z] LiveUpdateForge: EndTurn fallback flush
[2026-08-01T10:33:04.554Z] onEndTurn: naturalStop=undefined toolCalls=45 nudgeMsg=no
[2026-08-01T10:33:04.554Z] LiveUpdateForge: EndTurn fallback flush
[2026-08-01T10:33:04.554Z] onEndTurn: naturalStop=false toolCalls=45 nudgeMsg=no
[2026-08-01T10:33:04.573Z] LiveUpdateForge: AfterToolExec flush
[2026-08-01T10:33:04.609Z] InitialReadForge.onBeforeSend: SKIP (fr=true syn=false hasRead=true)
[2026-08-01T10:33:07.291Z] LiveUpdateForge: EndTurn fallback flush
[2026-08-01T10:33:07.291Z] onEndTurn: naturalStop=undefined toolCalls=46 nudgeMsg=no
[2026-08-01T10:33:07.291Z] LiveUpdateForge: EndTurn fallback flush
[2026-08-01T10:33:07.291Z] onEndTurn: naturalStop=false toolCalls=46 nudgeMsg=no
[2026-08-01T10:33:12.066Z] ResumeDiffForge: running checkResumeConsistency
[2026-08-01T10:33:12.067Z] checkResumeConsistency: forgedTimestamps=[]
[2026-08-01T10:33:12.072Z] checkResumeConsistency: no changes detected
[2026-08-01T10:33:12.072Z] LiveUpdateForge: session reset, allowLiveUpdate = false
[2026-08-01T10:33:12.073Z] NudgeForge: ResumeComplete — restoring count from history
[2026-08-01T10:33:12.073Z] restoreNudgeCountFromHistory: no reset point found, count=16
[2026-08-01T10:34:03.187Z] LiveUpdateForge: AfterToolExec flush
[2026-08-01T10:34:03.224Z] InitialReadForge.onBeforeSend: SKIP (fr=true syn=false hasRead=true)
[2026-08-01T10:34:06.216Z] LiveUpdateForge: EndTurn fallback flush
[2026-08-01T10:34:06.217Z] onEndTurn: naturalStop=undefined toolCalls=47 nudgeMsg=no
[2026-08-01T10:34:06.217Z] LiveUpdateForge: EndTurn fallback flush
[2026-08-01T10:34:06.217Z] onEndTurn: naturalStop=false toolCalls=47 nudgeMsg=no
[2026-08-01T10:34:06.307Z] LiveUpdateForge: AfterToolExec flush
[2026-08-01T10:34:06.342Z] InitialReadForge.onBeforeSend: SKIP (fr=true syn=false hasRead=true)
[2026-08-01T10:34:08.706Z] LiveUpdateForge: EndTurn fallback flush
[2026-08-01T10:34:08.707Z] onEndTurn: naturalStop=undefined toolCalls=48 nudgeMsg=no
[2026-08-01T10:34:08.708Z] LiveUpdateForge: EndTurn fallback flush
[2026-08-01T10:34:08.708Z] onEndTurn: naturalStop=false toolCalls=48 nudgeMsg=no
[2026-08-01T10:34:08.715Z] LiveUpdateForge: AfterToolExec flush
[2026-08-01T10:34:08.755Z] InitialReadForge.onBeforeSend: SKIP (fr=true syn=false hasRead=true)
[2026-08-01T10:34:13.962Z] LiveUpdateForge: EndTurn fallback flush
[2026-08-01T10:34:13.963Z] onEndTurn: naturalStop=undefined toolCalls=49 nudgeMsg=no
[2026-08-01T10:34:13.963Z] LiveUpdateForge: EndTurn fallback flush
[2026-08-01T10:34:13.963Z] onEndTurn: naturalStop=true toolCalls=49 nudgeMsg=no
[2026-08-01T10:34:19.784Z] ResumeDiffForge: running checkResumeConsistency
[2026-08-01T10:34:19.785Z] checkResumeConsistency: forgedTimestamps=[]
[2026-08-01T10:34:19.792Z] checkResumeConsistency: no changes detected
[2026-08-01T10:34:19.793Z] LiveUpdateForge: session reset, allowLiveUpdate = false
[2026-08-01T10:34:19.793Z] NudgeForge: ResumeComplete — restoring count from history
[2026-08-01T10:34:19.794Z] restoreNudgeCountFromHistory: no reset point found, count=49
[2026-08-01T10:34:21.157Z] ResumeDiffForge: running checkResumeConsistency
[2026-08-01T10:34:21.158Z] checkResumeConsistency: forgedTimestamps=[]
[2026-08-01T10:34:21.165Z] checkResumeConsistency: no changes detected
[2026-08-01T10:34:21.165Z] LiveUpdateForge: session reset, allowLiveUpdate = false
[2026-08-01T10:34:21.165Z] NudgeForge: ResumeComplete — restoring count from history
[2026-08-01T10:34:21.165Z] restoreNudgeCountFromHistory: no reset point found, count=49
[2026-08-01T10:34:35.277Z] ResumeDiffForge: running checkResumeConsistency
[2026-08-01T10:34:35.278Z] checkResumeConsistency: forgedTimestamps=[]
[2026-08-01T10:34:35.287Z] checkResumeConsistency: no changes detected
[2026-08-01T10:34:35.287Z] LiveUpdateForge: session reset, allowLiveUpdate = false
[2026-08-01T10:34:35.288Z] NudgeForge: ResumeComplete — restoring count from history
[2026-08-01T10:34:35.288Z] restoreNudgeCountFromHistory: no reset point found, count=16
[2026-08-01T10:34:35.310Z] LiveUpdateForge: allowLiveUpdate = true (first real BeforeSend)
[2026-08-01T10:34:35.311Z] InitialReadForge.onBeforeSend: SKIP (fr=false syn=false hasRead=true)
[2026-08-01T10:34:51.593Z] LiveUpdateForge: EndTurn fallback flush
[2026-08-01T10:34:51.594Z] onEndTurn: naturalStop=undefined toolCalls=16 nudgeMsg=no
[2026-08-01T10:34:51.594Z] LiveUpdateForge: EndTurn fallback flush
[2026-08-01T10:34:51.594Z] onEndTurn: naturalStop=false toolCalls=16 nudgeMsg=no
[2026-08-01T10:35:09.247Z] LiveUpdateForge: AfterToolExec flush
[2026-08-01T10:35:09.273Z] InitialReadForge.onBeforeSend: SKIP (fr=true syn=false hasRead=true)
[2026-08-01T10:35:12.734Z] LiveUpdateForge: EndTurn fallback flush
[2026-08-01T10:35:12.734Z] onEndTurn: naturalStop=undefined toolCalls=17 nudgeMsg=no
[2026-08-01T10:35:12.735Z] LiveUpdateForge: EndTurn fallback flush
[2026-08-01T10:35:12.735Z] onEndTurn: naturalStop=false toolCalls=17 nudgeMsg=no
[2026-08-01T10:35:12.744Z] LiveUpdateForge: AfterToolExec flush
[2026-08-01T10:35:12.745Z] LiveUpdateForge: AfterToolExec flush
[2026-08-01T10:35:12.769Z] InitialReadForge.onBeforeSend: SKIP (fr=true syn=false hasRead=true)
[2026-08-01T10:35:15.752Z] LiveUpdateForge: EndTurn fallback flush
[2026-08-01T10:35:15.752Z] onEndTurn: naturalStop=undefined toolCalls=19 nudgeMsg=no
[2026-08-01T10:35:15.753Z] LiveUpdateForge: EndTurn fallback flush
[2026-08-01T10:35:15.753Z] onEndTurn: naturalStop=false toolCalls=19 nudgeMsg=no
[2026-08-01T10:35:15.891Z] LiveUpdateForge: AfterToolExec flush
[2026-08-01T10:35:15.911Z] InitialReadForge.onBeforeSend: SKIP (fr=true syn=false hasRead=true)
[2026-08-01T10:35:18.647Z] LiveUpdateForge: EndTurn fallback flush
[2026-08-01T10:35:18.648Z] onEndTurn: naturalStop=undefined toolCalls=20 nudgeMsg=no
[2026-08-01T10:35:18.648Z] LiveUpdateForge: EndTurn fallback flush
[2026-08-01T10:35:18.648Z] onEndTurn: naturalStop=false toolCalls=20 nudgeMsg=no
[2026-08-01T10:35:18.785Z] LiveUpdateForge: AfterToolExec flush
[2026-08-01T10:35:18.807Z] InitialReadForge.onBeforeSend: SKIP (fr=true syn=false hasRead=true)
[2026-08-01T10:35:39.803Z] LiveUpdateForge: EndTurn fallback flush
[2026-08-01T10:35:39.803Z] onEndTurn: naturalStop=undefined toolCalls=21 nudgeMsg=no
[2026-08-01T10:35:39.803Z] LiveUpdateForge: EndTurn fallback flush
[2026-08-01T10:35:39.804Z] onEndTurn: naturalStop=true toolCalls=21 nudgeMsg=no
[2026-08-01T10:37:22.394Z] ResumeDiffForge: running checkResumeConsistency
[2026-08-01T10:37:22.394Z] checkResumeConsistency: forgedTimestamps=[]
[2026-08-01T10:37:22.401Z] checkResumeConsistency: no changes detected
[2026-08-01T10:37:22.401Z] LiveUpdateForge: session reset, allowLiveUpdate = false
[2026-08-01T10:37:22.402Z] NudgeForge: ResumeComplete — restoring count from history
[2026-08-01T10:37:22.402Z] restoreNudgeCountFromHistory: no reset point found, count=49
[2026-08-01T10:37:22.412Z] LiveUpdateForge: allowLiveUpdate = true (first real BeforeSend)
[2026-08-01T10:37:22.413Z] InitialReadForge.onBeforeSend: SKIP (fr=false syn=false hasRead=true)
[2026-08-01T10:37:41.536Z] LiveUpdateForge: EndTurn fallback flush
[2026-08-01T10:37:41.537Z] onEndTurn: naturalStop=undefined toolCalls=49 nudgeMsg=no
[2026-08-01T10:37:41.537Z] LiveUpdateForge: EndTurn fallback flush
[2026-08-01T10:37:41.537Z] onEndTurn: naturalStop=false toolCalls=49 nudgeMsg=no
[2026-08-01T10:37:41.541Z] InitialReadForge.onBeforeSend: SKIP (fr=false syn=false hasRead=true)
[2026-08-01T10:40:42.440Z] LiveUpdateForge: EndTurn fallback flush
[2026-08-01T10:40:42.440Z] onEndTurn: naturalStop=undefined toolCalls=49 nudgeMsg=no
[2026-08-01T10:40:42.441Z] LiveUpdateForge: EndTurn fallback flush
[2026-08-01T10:40:42.441Z] onEndTurn: naturalStop=false toolCalls=49 nudgeMsg=no
[2026-08-01T10:40:42.457Z] LiveUpdateForge: AfterToolExec flush
[2026-08-01T10:40:42.459Z] LiveUpdateForge: AfterToolExec flush
[2026-08-01T10:40:42.492Z] InitialReadForge.onBeforeSend: SKIP (fr=true syn=false hasRead=true)
[2026-08-01T10:40:45.691Z] LiveUpdateForge: EndTurn fallback flush
[2026-08-01T10:40:45.691Z] onEndTurn: naturalStop=undefined toolCalls=51 nudgeMsg=no
[2026-08-01T10:40:45.692Z] LiveUpdateForge: EndTurn fallback flush
[2026-08-01T10:40:45.692Z] onEndTurn: naturalStop=false toolCalls=51 nudgeMsg=no
[2026-08-01T10:40:45.743Z] LiveUpdateForge: AfterToolExec flush
[2026-08-01T10:40:45.770Z] InitialReadForge.onBeforeSend: SKIP (fr=true syn=false hasRead=true)
[2026-08-01T10:41:01.183Z] LiveUpdateForge: EndTurn fallback flush
[2026-08-01T10:41:01.184Z] onEndTurn: naturalStop=undefined toolCalls=52 nudgeMsg=no
[2026-08-01T10:41:01.184Z] LiveUpdateForge: EndTurn fallback flush
[2026-08-01T10:41:01.184Z] onEndTurn: naturalStop=false toolCalls=52 nudgeMsg=no
[2026-08-01T10:41:01.225Z] LiveUpdateForge: AfterToolExec flush
[2026-08-01T10:41:01.256Z] InitialReadForge.onBeforeSend: SKIP (fr=true syn=false hasRead=true)
[2026-08-01T10:41:04.607Z] LiveUpdateForge: EndTurn fallback flush
[2026-08-01T10:41:04.607Z] onEndTurn: naturalStop=undefined toolCalls=53 nudgeMsg=no
[2026-08-01T10:41:04.607Z] LiveUpdateForge: EndTurn fallback flush
[2026-08-01T10:41:04.608Z] onEndTurn: naturalStop=false toolCalls=53 nudgeMsg=no
[2026-08-01T10:41:04.668Z] LiveUpdateForge: AfterToolExec flush
[2026-08-01T10:41:04.708Z] InitialReadForge.onBeforeSend: SKIP (fr=true syn=false hasRead=true)
[2026-08-01T10:41:06.292Z] LiveUpdateForge: EndTurn fallback flush
[2026-08-01T10:41:06.292Z] onEndTurn: naturalStop=undefined toolCalls=54 nudgeMsg=no
[2026-08-01T10:41:06.293Z] LiveUpdateForge: EndTurn fallback flush
[2026-08-01T10:41:06.293Z] onEndTurn: naturalStop=false toolCalls=54 nudgeMsg=no
[2026-08-01T10:41:17.153Z] LiveUpdateForge: AfterToolExec flush
[2026-08-01T10:41:17.187Z] InitialReadForge.onBeforeSend: SKIP (fr=true syn=false hasRead=true)
[2026-08-01T10:41:19.354Z] LiveUpdateForge: EndTurn fallback flush
[2026-08-01T10:41:19.354Z] onEndTurn: naturalStop=undefined toolCalls=55 nudgeMsg=no
[2026-08-01T10:41:19.355Z] LiveUpdateForge: EndTurn fallback flush
[2026-08-01T10:41:19.355Z] onEndTurn: naturalStop=false toolCalls=55 nudgeMsg=no
[2026-08-01T10:41:19.489Z] LiveUpdateForge: AfterToolExec flush
[2026-08-01T10:41:19.525Z] InitialReadForge.onBeforeSend: SKIP (fr=true syn=false hasRead=true)
[2026-08-01T10:41:23.277Z] LiveUpdateForge: EndTurn fallback flush
[2026-08-01T10:41:23.277Z] onEndTurn: naturalStop=undefined toolCalls=56 nudgeMsg=no
[2026-08-01T10:41:23.278Z] LiveUpdateForge: EndTurn fallback flush
[2026-08-01T10:41:23.278Z] onEndTurn: naturalStop=true toolCalls=0 nudgeMsg=YES
[2026-08-01T10:41:23.286Z] InitialReadForge.onBeforeSend: SKIP (fr=false syn=false hasRead=true)
[2026-08-01T10:41:27.142Z] LiveUpdateForge: EndTurn fallback flush
[2026-08-01T10:41:27.144Z] onEndTurn: naturalStop=undefined toolCalls=0 nudgeMsg=no
[2026-08-01T10:41:27.145Z] LiveUpdateForge: EndTurn fallback flush
[2026-08-01T10:41:27.145Z] onEndTurn: naturalStop=false toolCalls=0 nudgeMsg=no
[2026-08-01T10:41:27.166Z] LiveUpdateForge: self-write on D:\unity\mowang\CODELY.md, baseline aligned
[2026-08-01T10:41:27.167Z] LiveUpdateForge: AfterToolExec flush
[2026-08-01T10:41:27.215Z] InitialReadForge.onBeforeSend: SKIP (fr=true syn=false hasRead=true)
[2026-08-01T10:41:30.072Z] LiveUpdateForge: EndTurn fallback flush
[2026-08-01T10:41:30.072Z] onEndTurn: naturalStop=undefined toolCalls=0 nudgeMsg=no
[2026-08-01T10:41:30.073Z] LiveUpdateForge: EndTurn fallback flush
[2026-08-01T10:41:30.073Z] onEndTurn: naturalStop=false toolCalls=0 nudgeMsg=no
[2026-08-01T10:41:30.082Z] LiveUpdateForge: self-write on D:\unity\mowang\CODELY.md, baseline aligned
[2026-08-01T10:41:30.083Z] LiveUpdateForge: AfterToolExec flush
[2026-08-01T10:41:30.119Z] InitialReadForge.onBeforeSend: SKIP (fr=true syn=false hasRead=true)
[2026-08-01T10:41:32.939Z] LiveUpdateForge: EndTurn fallback flush
[2026-08-01T10:41:32.940Z] onEndTurn: naturalStop=undefined toolCalls=0 nudgeMsg=no
[2026-08-01T10:41:32.940Z] LiveUpdateForge: EndTurn fallback flush
[2026-08-01T10:41:32.940Z] onEndTurn: naturalStop=true toolCalls=0 nudgeMsg=no
[2026-08-01T10:41:43.267Z] ResumeDiffForge: running checkResumeConsistency
[2026-08-01T10:41:43.267Z] checkResumeConsistency: forgedTimestamps=[]
[2026-08-01T10:41:43.283Z] ResumeDiffForge: running checkResumeConsistency
[2026-08-01T10:41:43.283Z] checkResumeConsistency: forgedTimestamps=[]
[2026-08-01T10:41:43.290Z] checkResumeConsistency: no changes detected
[2026-08-01T10:41:43.290Z] LiveUpdateForge: session reset, allowLiveUpdate = false
[2026-08-01T10:41:43.290Z] NudgeForge: ResumeComplete — restoring count from history
[2026-08-01T10:41:43.291Z] restoreNudgeCountFromHistory: found last write at idx=96 count=0
[2026-08-01T10:41:43.294Z] checkResumeConsistency: no changes detected
[2026-08-01T10:41:43.295Z] LiveUpdateForge: session reset, allowLiveUpdate = false
[2026-08-01T10:41:43.295Z] NudgeForge: ResumeComplete — restoring count from history
[2026-08-01T10:41:43.295Z] restoreNudgeCountFromHistory: found last write at idx=96 count=0
[2026-08-01T10:41:54.300Z] MemoryForge: attached 5 listener(s)
[2026-08-01T10:41:54.300Z] InitialReadForge: armed one-shot BeforeSend after NewSessionStart
[2026-08-01T10:41:54.300Z] LiveUpdateForge: session reset, allowLiveUpdate = false
[2026-08-01T10:41:54.499Z] LiveUpdateForge: session reset, allowLiveUpdate = false
[2026-08-01T10:41:54.507Z] ResumeDiffForge: running checkResumeConsistency
[2026-08-01T10:41:54.508Z] checkResumeConsistency: forgedTimestamps=[]
[2026-08-01T10:41:54.516Z] checkResumeConsistency: no changes detected
[2026-08-01T10:41:54.516Z] LiveUpdateForge: session reset, allowLiveUpdate = false
[2026-08-01T10:41:54.517Z] NudgeForge: ResumeComplete — restoring count from history
[2026-08-01T10:41:54.518Z] restoreNudgeCountFromHistory: no reset point found, count=21
[2026-08-01T10:41:54.875Z] ResumeDiffForge: running checkResumeConsistency
[2026-08-01T10:41:54.875Z] checkResumeConsistency: forgedTimestamps=[]
[2026-08-01T10:41:54.884Z] checkResumeConsistency: no changes detected
[2026-08-01T10:41:54.884Z] LiveUpdateForge: session reset, allowLiveUpdate = false
[2026-08-01T10:41:54.884Z] NudgeForge: ResumeComplete — restoring count from history
[2026-08-01T10:41:54.885Z] restoreNudgeCountFromHistory: no reset point found, count=21
[2026-08-01T10:41:54.956Z] ResumeDiffForge: running checkResumeConsistency
[2026-08-01T10:41:54.957Z] checkResumeConsistency: forgedTimestamps=[]
[2026-08-01T10:41:54.963Z] checkResumeConsistency: no changes detected
[2026-08-01T10:41:54.963Z] LiveUpdateForge: session reset, allowLiveUpdate = false
[2026-08-01T10:41:54.963Z] NudgeForge: ResumeComplete — restoring count from history
[2026-08-01T10:41:54.964Z] restoreNudgeCountFromHistory: no reset point found, count=21
[2026-08-01T10:41:55.212Z] MemoryForge: attached 5 listener(s)
[2026-08-01T10:41:55.213Z] InitialReadForge: armed one-shot BeforeSend after NewSessionStart
[2026-08-01T10:41:55.213Z] LiveUpdateForge: session reset, allowLiveUpdate = false
[2026-08-01T10:41:55.217Z] MemoryForge: detached all listeners
[2026-08-01T10:41:55.217Z] ResumeDiffForge: running checkResumeConsistency
[2026-08-01T10:41:55.218Z] checkResumeConsistency: forgedTimestamps=[]
[2026-08-01T10:41:55.244Z] checkResumeConsistency: no changes detected
[2026-08-01T10:41:55.244Z] LiveUpdateForge: session reset, allowLiveUpdate = false
[2026-08-01T10:41:55.245Z] NudgeForge: ResumeComplete — restoring count from history
[2026-08-01T10:41:55.245Z] restoreNudgeCountFromHistory: no reset point found, count=21
[2026-08-01T10:41:55.267Z] LiveUpdateForge: allowLiveUpdate = true (first real BeforeSend)
[2026-08-01T10:41:55.268Z] InitialReadForge.onBeforeSend: SKIP (fr=false syn=false hasRead=true)
[2026-08-01T10:42:17.518Z] LiveUpdateForge: EndTurn fallback flush
[2026-08-01T10:42:17.519Z] onEndTurn: naturalStop=undefined toolCalls=21 nudgeMsg=no
[2026-08-01T10:42:17.519Z] LiveUpdateForge: EndTurn fallback flush
[2026-08-01T10:42:17.520Z] onEndTurn: naturalStop=true toolCalls=21 nudgeMsg=no
[2026-08-01T10:44:01.867Z] ResumeDiffForge: running checkResumeConsistency
[2026-08-01T10:44:01.868Z] checkResumeConsistency: forgedTimestamps=[]
[2026-08-01T10:44:01.876Z] checkResumeConsistency: no changes detected
[2026-08-01T10:44:01.876Z] LiveUpdateForge: session reset, allowLiveUpdate = false
[2026-08-01T10:44:01.877Z] NudgeForge: ResumeComplete — restoring count from history
[2026-08-01T10:44:01.877Z] restoreNudgeCountFromHistory: no reset point found, count=21
[2026-08-01T10:44:01.917Z] LiveUpdateForge: allowLiveUpdate = true (first real BeforeSend)
[2026-08-01T10:44:01.917Z] InitialReadForge.onBeforeSend: SKIP (fr=false syn=false hasRead=true)
[2026-08-01T10:44:31.721Z] LiveUpdateForge: EndTurn fallback flush
[2026-08-01T10:44:31.722Z] onEndTurn: naturalStop=undefined toolCalls=21 nudgeMsg=no
[2026-08-01T10:44:31.722Z] LiveUpdateForge: EndTurn fallback flush
[2026-08-01T10:44:31.722Z] onEndTurn: naturalStop=false toolCalls=21 nudgeMsg=no
[2026-08-01T10:44:31.923Z] LiveUpdateForge: AfterToolExec flush
[2026-08-01T10:44:31.925Z] LiveUpdateForge: AfterToolExec flush
[2026-08-01T10:44:31.957Z] InitialReadForge.onBeforeSend: SKIP (fr=true syn=false hasRead=true)
[2026-08-01T10:44:39.267Z] LiveUpdateForge: EndTurn fallback flush
[2026-08-01T10:44:39.267Z] onEndTurn: naturalStop=undefined toolCalls=23 nudgeMsg=no
[2026-08-01T10:44:39.268Z] LiveUpdateForge: EndTurn fallback flush
[2026-08-01T10:44:39.268Z] onEndTurn: naturalStop=false toolCalls=23 nudgeMsg=no
[2026-08-01T10:44:39.280Z] LiveUpdateForge: AfterToolExec flush
[2026-08-01T10:44:39.281Z] LiveUpdateForge: AfterToolExec flush
[2026-08-01T10:44:39.308Z] InitialReadForge.onBeforeSend: SKIP (fr=true syn=false hasRead=true)
[2026-08-01T10:44:42.563Z] LiveUpdateForge: EndTurn fallback flush
[2026-08-01T10:44:42.564Z] onEndTurn: naturalStop=undefined toolCalls=25 nudgeMsg=no
[2026-08-01T10:44:42.564Z] LiveUpdateForge: EndTurn fallback flush
[2026-08-01T10:44:42.564Z] onEndTurn: naturalStop=false toolCalls=25 nudgeMsg=no
[2026-08-01T10:44:42.570Z] LiveUpdateForge: AfterToolExec flush
[2026-08-01T10:44:42.595Z] InitialReadForge.onBeforeSend: SKIP (fr=true syn=false hasRead=true)
[2026-08-01T10:44:45.389Z] LiveUpdateForge: EndTurn fallback flush
[2026-08-01T10:44:45.389Z] onEndTurn: naturalStop=undefined toolCalls=26 nudgeMsg=no
[2026-08-01T10:44:45.390Z] LiveUpdateForge: EndTurn fallback flush
[2026-08-01T10:44:45.390Z] onEndTurn: naturalStop=false toolCalls=26 nudgeMsg=no
[2026-08-01T10:44:45.396Z] LiveUpdateForge: AfterToolExec flush
[2026-08-01T10:44:45.426Z] InitialReadForge.onBeforeSend: SKIP (fr=true syn=false hasRead=true)
[2026-08-01T10:44:47.863Z] LiveUpdateForge: EndTurn fallback flush
[2026-08-01T10:44:47.863Z] onEndTurn: naturalStop=undefined toolCalls=27 nudgeMsg=no
[2026-08-01T10:44:47.864Z] LiveUpdateForge: EndTurn fallback flush
[2026-08-01T10:44:47.864Z] onEndTurn: naturalStop=false toolCalls=27 nudgeMsg=no
[2026-08-01T10:44:47.870Z] LiveUpdateForge: AfterToolExec flush
[2026-08-01T10:44:47.902Z] InitialReadForge.onBeforeSend: SKIP (fr=true syn=false hasRead=true)
[2026-08-01T10:44:51.147Z] LiveUpdateForge: EndTurn fallback flush
[2026-08-01T10:44:51.147Z] onEndTurn: naturalStop=undefined toolCalls=28 nudgeMsg=no
[2026-08-01T10:44:51.148Z] LiveUpdateForge: EndTurn fallback flush
[2026-08-01T10:44:51.148Z] onEndTurn: naturalStop=false toolCalls=28 nudgeMsg=no
[2026-08-01T10:44:54.035Z] LiveUpdateForge: AfterToolExec flush
[2026-08-01T10:44:54.060Z] InitialReadForge.onBeforeSend: SKIP (fr=true syn=false hasRead=true)
[2026-08-01T10:44:56.821Z] LiveUpdateForge: EndTurn fallback flush
[2026-08-01T10:44:56.822Z] onEndTurn: naturalStop=undefined toolCalls=29 nudgeMsg=no
[2026-08-01T10:44:56.822Z] LiveUpdateForge: EndTurn fallback flush
[2026-08-01T10:44:56.822Z] onEndTurn: naturalStop=false toolCalls=29 nudgeMsg=no
[2026-08-01T10:44:56.828Z] LiveUpdateForge: AfterToolExec flush
[2026-08-01T10:44:56.859Z] InitialReadForge.onBeforeSend: SKIP (fr=true syn=false hasRead=true)
[2026-08-01T10:45:22.300Z] LiveUpdateForge: EndTurn fallback flush
[2026-08-01T10:45:22.301Z] onEndTurn: naturalStop=undefined toolCalls=30 nudgeMsg=no
[2026-08-01T10:45:22.301Z] LiveUpdateForge: EndTurn fallback flush
[2026-08-01T10:45:22.301Z] onEndTurn: naturalStop=false toolCalls=30 nudgeMsg=no
[2026-08-01T10:45:22.311Z] LiveUpdateForge: AfterToolExec flush
[2026-08-01T10:45:22.344Z] InitialReadForge.onBeforeSend: SKIP (fr=true syn=false hasRead=true)
[2026-08-01T10:46:17.535Z] LiveUpdateForge: EndTurn fallback flush
[2026-08-01T10:46:17.536Z] onEndTurn: naturalStop=false toolCalls=31 nudgeMsg=no
[2026-08-01T10:48:07.728Z] ResumeDiffForge: running checkResumeConsistency
[2026-08-01T10:48:07.729Z] checkResumeConsistency: forgedTimestamps=[]
[2026-08-01T10:48:07.735Z] checkResumeConsistency: no changes detected
[2026-08-01T10:48:07.735Z] LiveUpdateForge: session reset, allowLiveUpdate = false
[2026-08-01T10:48:07.736Z] NudgeForge: ResumeComplete — restoring count from history
[2026-08-01T10:48:07.736Z] restoreNudgeCountFromHistory: no reset point found, count=31
[2026-08-01T10:48:07.759Z] LiveUpdateForge: allowLiveUpdate = true (first real BeforeSend)
[2026-08-01T10:48:07.760Z] InitialReadForge.onBeforeSend: SKIP (fr=false syn=false hasRead=true)
[2026-08-01T10:48:53.276Z] LiveUpdateForge: EndTurn fallback flush
[2026-08-01T10:48:53.276Z] onEndTurn: naturalStop=undefined toolCalls=31 nudgeMsg=no
[2026-08-01T10:48:53.276Z] LiveUpdateForge: EndTurn fallback flush
[2026-08-01T10:48:53.277Z] onEndTurn: naturalStop=false toolCalls=31 nudgeMsg=no
[2026-08-01T10:48:53.287Z] LiveUpdateForge: AfterToolExec flush
[2026-08-01T10:48:53.319Z] InitialReadForge.onBeforeSend: SKIP (fr=true syn=false hasRead=true)
[2026-08-01T10:48:59.453Z] LiveUpdateForge: EndTurn fallback flush
[2026-08-01T10:48:59.454Z] onEndTurn: naturalStop=undefined toolCalls=32 nudgeMsg=no
[2026-08-01T10:48:59.454Z] LiveUpdateForge: EndTurn fallback flush
[2026-08-01T10:48:59.454Z] onEndTurn: naturalStop=false toolCalls=32 nudgeMsg=no
[2026-08-01T10:48:59.459Z] LiveUpdateForge: AfterToolExec flush
[2026-08-01T10:48:59.487Z] InitialReadForge.onBeforeSend: SKIP (fr=true syn=false hasRead=true)
[2026-08-01T10:49:03.674Z] LiveUpdateForge: EndTurn fallback flush
[2026-08-01T10:49:03.674Z] onEndTurn: naturalStop=undefined toolCalls=33 nudgeMsg=no
[2026-08-01T10:49:03.674Z] LiveUpdateForge: EndTurn fallback flush
[2026-08-01T10:49:03.675Z] onEndTurn: naturalStop=false toolCalls=33 nudgeMsg=no
[2026-08-01T10:49:03.692Z] LiveUpdateForge: AfterToolExec flush
[2026-08-01T10:49:03.722Z] InitialReadForge.onBeforeSend: SKIP (fr=true syn=false hasRead=true)
[2026-08-01T10:49:06.360Z] LiveUpdateForge: EndTurn fallback flush
[2026-08-01T10:49:06.360Z] onEndTurn: naturalStop=undefined toolCalls=34 nudgeMsg=no
[2026-08-01T10:49:06.360Z] LiveUpdateForge: EndTurn fallback flush
[2026-08-01T10:49:06.361Z] onEndTurn: naturalStop=false toolCalls=34 nudgeMsg=no
[2026-08-01T10:49:24.819Z] LiveUpdateForge: AfterToolExec flush
[2026-08-01T10:49:24.852Z] InitialReadForge.onBeforeSend: SKIP (fr=true syn=false hasRead=true)
[2026-08-01T10:49:47.507Z] LiveUpdateForge: EndTurn fallback flush
[2026-08-01T10:49:47.508Z] onEndTurn: naturalStop=undefined toolCalls=35 nudgeMsg=no
[2026-08-01T10:49:47.508Z] LiveUpdateForge: EndTurn fallback flush
[2026-08-01T10:49:47.509Z] onEndTurn: naturalStop=false toolCalls=35 nudgeMsg=no
[2026-08-01T10:49:47.600Z] LiveUpdateForge: AfterToolExec flush
[2026-08-01T10:49:47.630Z] InitialReadForge.onBeforeSend: SKIP (fr=true syn=false hasRead=true)
[2026-08-01T10:49:52.865Z] LiveUpdateForge: EndTurn fallback flush
[2026-08-01T10:49:52.866Z] onEndTurn: naturalStop=undefined toolCalls=36 nudgeMsg=no
[2026-08-01T10:49:52.866Z] LiveUpdateForge: EndTurn fallback flush
[2026-08-01T10:49:52.866Z] onEndTurn: naturalStop=true toolCalls=36 nudgeMsg=no
[2026-08-01T10:50:55.572Z] ResumeDiffForge: running checkResumeConsistency
[2026-08-01T10:50:55.573Z] checkResumeConsistency: forgedTimestamps=[]
[2026-08-01T10:50:55.579Z] checkResumeConsistency: no changes detected
[2026-08-01T10:50:55.580Z] LiveUpdateForge: session reset, allowLiveUpdate = false
[2026-08-01T10:50:55.580Z] NudgeForge: ResumeComplete — restoring count from history
[2026-08-01T10:50:55.581Z] restoreNudgeCountFromHistory: no reset point found, count=36
[2026-08-01T10:50:55.616Z] LiveUpdateForge: allowLiveUpdate = true (first real BeforeSend)
[2026-08-01T10:50:55.617Z] InitialReadForge.onBeforeSend: SKIP (fr=false syn=false hasRead=true)
[2026-08-01T10:51:02.516Z] LiveUpdateForge: EndTurn fallback flush
[2026-08-01T10:51:02.517Z] onEndTurn: naturalStop=undefined toolCalls=36 nudgeMsg=no
[2026-08-01T10:51:02.517Z] LiveUpdateForge: EndTurn fallback flush
[2026-08-01T10:51:02.517Z] onEndTurn: naturalStop=true toolCalls=36 nudgeMsg=no
[2026-08-01T10:51:43.281Z] ResumeDiffForge: running checkResumeConsistency
[2026-08-01T10:51:43.281Z] checkResumeConsistency: forgedTimestamps=[]
[2026-08-01T10:51:43.287Z] checkResumeConsistency: no changes detected
[2026-08-01T10:51:43.288Z] LiveUpdateForge: session reset, allowLiveUpdate = false
[2026-08-01T10:51:43.288Z] NudgeForge: ResumeComplete — restoring count from history
[2026-08-01T10:51:43.288Z] restoreNudgeCountFromHistory: no reset point found, count=36
[2026-08-01T10:51:43.310Z] LiveUpdateForge: allowLiveUpdate = true (first real BeforeSend)
[2026-08-01T10:51:43.310Z] InitialReadForge.onBeforeSend: SKIP (fr=false syn=false hasRead=true)
[2026-08-01T10:51:51.769Z] LiveUpdateForge: EndTurn fallback flush
[2026-08-01T10:51:51.769Z] onEndTurn: naturalStop=undefined toolCalls=36 nudgeMsg=no
[2026-08-01T10:51:51.770Z] LiveUpdateForge: EndTurn fallback flush
[2026-08-01T10:51:51.770Z] onEndTurn: naturalStop=false toolCalls=36 nudgeMsg=no
[2026-08-01T10:51:51.781Z] LiveUpdateForge: AfterToolExec flush
[2026-08-01T10:51:51.808Z] InitialReadForge.onBeforeSend: SKIP (fr=true syn=false hasRead=true)
[2026-08-01T10:52:13.819Z] LiveUpdateForge: EndTurn fallback flush
[2026-08-01T10:52:13.820Z] onEndTurn: naturalStop=undefined toolCalls=37 nudgeMsg=no
[2026-08-01T10:52:13.820Z] LiveUpdateForge: EndTurn fallback flush
[2026-08-01T10:52:13.820Z] onEndTurn: naturalStop=false toolCalls=37 nudgeMsg=no
[2026-08-01T10:52:13.865Z] LiveUpdateForge: AfterToolExec flush
[2026-08-01T10:52:13.896Z] InitialReadForge.onBeforeSend: SKIP (fr=true syn=false hasRead=true)
[2026-08-01T10:52:17.386Z] LiveUpdateForge: EndTurn fallback flush
[2026-08-01T10:52:17.387Z] onEndTurn: naturalStop=undefined toolCalls=38 nudgeMsg=no
[2026-08-01T10:52:17.387Z] LiveUpdateForge: EndTurn fallback flush
[2026-08-01T10:52:17.387Z] onEndTurn: naturalStop=true toolCalls=38 nudgeMsg=no
[2026-08-01T11:04:03.108Z] MemoryForge: attached 5 listener(s)
[2026-08-01T11:04:03.109Z] InitialReadForge: armed one-shot BeforeSend after NewSessionStart
[2026-08-01T11:04:03.109Z] LiveUpdateForge: session reset, allowLiveUpdate = false
[2026-08-01T11:04:03.396Z] LiveUpdateForge: session reset, allowLiveUpdate = false
[2026-08-01T11:04:03.417Z] ResumeDiffForge: running checkResumeConsistency
[2026-08-01T11:04:03.418Z] checkResumeConsistency: forgedTimestamps=[]
[2026-08-01T11:04:03.423Z] checkResumeConsistency: no changes detected
[2026-08-01T11:04:03.424Z] LiveUpdateForge: session reset, allowLiveUpdate = false
[2026-08-01T11:04:03.424Z] NudgeForge: ResumeComplete — restoring count from history
[2026-08-01T11:04:03.425Z] restoreNudgeCountFromHistory: no reset point found, count=38
[2026-08-01T11:04:03.746Z] ResumeDiffForge: running checkResumeConsistency
[2026-08-01T11:04:03.747Z] checkResumeConsistency: forgedTimestamps=[]
[2026-08-01T11:04:03.755Z] checkResumeConsistency: no changes detected
[2026-08-01T11:04:03.755Z] LiveUpdateForge: session reset, allowLiveUpdate = false
[2026-08-01T11:04:03.756Z] NudgeForge: ResumeComplete — restoring count from history
[2026-08-01T11:04:03.756Z] restoreNudgeCountFromHistory: no reset point found, count=38
[2026-08-01T11:04:03.832Z] ResumeDiffForge: running checkResumeConsistency
[2026-08-01T11:04:03.833Z] checkResumeConsistency: forgedTimestamps=[]
[2026-08-01T11:04:03.839Z] checkResumeConsistency: no changes detected
[2026-08-01T11:04:03.839Z] LiveUpdateForge: session reset, allowLiveUpdate = false
[2026-08-01T11:04:03.839Z] NudgeForge: ResumeComplete — restoring count from history
[2026-08-01T11:04:03.840Z] restoreNudgeCountFromHistory: no reset point found, count=38
[2026-08-01T11:04:04.114Z] MemoryForge: attached 5 listener(s)
[2026-08-01T11:04:04.115Z] InitialReadForge: armed one-shot BeforeSend after NewSessionStart
[2026-08-01T11:04:04.115Z] LiveUpdateForge: session reset, allowLiveUpdate = false
[2026-08-01T11:04:04.118Z] MemoryForge: detached all listeners
[2026-08-01T11:04:04.118Z] ResumeDiffForge: running checkResumeConsistency
[2026-08-01T11:04:04.119Z] checkResumeConsistency: forgedTimestamps=[]
[2026-08-01T11:04:04.148Z] checkResumeConsistency: no changes detected
[2026-08-01T11:04:04.149Z] LiveUpdateForge: session reset, allowLiveUpdate = false
[2026-08-01T11:04:04.149Z] NudgeForge: ResumeComplete — restoring count from history
[2026-08-01T11:04:04.149Z] restoreNudgeCountFromHistory: no reset point found, count=38
[2026-08-01T11:04:04.170Z] LiveUpdateForge: allowLiveUpdate = true (first real BeforeSend)
[2026-08-01T11:04:04.171Z] InitialReadForge.onBeforeSend: SKIP (fr=false syn=false hasRead=true)
[2026-08-01T11:04:28.295Z] LiveUpdateForge: EndTurn fallback flush
[2026-08-01T11:04:28.296Z] onEndTurn: naturalStop=undefined toolCalls=38 nudgeMsg=no
[2026-08-01T11:04:28.296Z] LiveUpdateForge: EndTurn fallback flush
[2026-08-01T11:04:28.297Z] onEndTurn: naturalStop=false toolCalls=38 nudgeMsg=no
[2026-08-01T11:04:28.442Z] LiveUpdateForge: AfterToolExec flush
[2026-08-01T11:04:28.477Z] InitialReadForge.onBeforeSend: SKIP (fr=true syn=false hasRead=true)
[2026-08-01T11:04:34.180Z] LiveUpdateForge: EndTurn fallback flush
[2026-08-01T11:04:34.181Z] onEndTurn: naturalStop=undefined toolCalls=39 nudgeMsg=no
[2026-08-01T11:04:34.181Z] LiveUpdateForge: EndTurn fallback flush
[2026-08-01T11:04:34.182Z] onEndTurn: naturalStop=true toolCalls=39 nudgeMsg=no
[2026-08-01T11:05:04.796Z] MemoryForge: attached 5 listener(s)
[2026-08-01T11:05:04.796Z] InitialReadForge: armed one-shot BeforeSend after NewSessionStart
[2026-08-01T11:05:04.796Z] LiveUpdateForge: session reset, allowLiveUpdate = false
[2026-08-01T11:06:18.110Z] MemoryForge: attached 5 listener(s)
[2026-08-01T11:06:18.110Z] InitialReadForge: armed one-shot BeforeSend after NewSessionStart
[2026-08-01T11:06:18.111Z] LiveUpdateForge: session reset, allowLiveUpdate = false
[2026-08-01T11:07:14.350Z] MemoryForge: attached 5 listener(s)
[2026-08-01T11:07:14.350Z] InitialReadForge: armed one-shot BeforeSend after NewSessionStart
[2026-08-01T11:07:14.351Z] LiveUpdateForge: session reset, allowLiveUpdate = false
[2026-08-01T11:07:14.352Z] MemoryForge: detached all listeners
[2026-08-01T11:07:14.352Z] ResumeDiffForge: no read_memory in history, backfilling forge
[2026-08-01T11:07:14.476Z] recordForgedToolExchange: toolName=read_memory callId=resume-forge-read-memory-backfill
[2026-08-01T11:07:14.512Z] recordForgedToolExchange: recordMessage + recordToolCalls persisted
[2026-08-01T11:07:14.512Z] injectForgedHistory: role=user preview=""
[2026-08-01T11:07:14.529Z] injectForgedHistory: recordMessage persisted
[2026-08-01T11:07:14.533Z] ResumeDiffForge: backfilled read_memory and baseline for 2 raw + 2 provider file(s)
[2026-08-01T11:07:14.534Z] LiveUpdateForge: session reset, allowLiveUpdate = false
[2026-08-01T11:07:14.534Z] NudgeForge: ResumeComplete — restoring count from history
[2026-08-01T11:07:14.534Z] restoreNudgeCountFromHistory: no reset point found, count=0
[2026-08-01T11:07:14.549Z] LiveUpdateForge: allowLiveUpdate = true (first real BeforeSend)
[2026-08-01T11:07:14.550Z] InitialReadForge.onBeforeSend: SKIP (fr=false syn=false hasRead=true)
[2026-08-01T11:07:20.840Z] LiveUpdateForge: EndTurn fallback flush
[2026-08-01T11:07:20.841Z] onEndTurn: naturalStop=undefined toolCalls=0 nudgeMsg=no
[2026-08-01T11:07:20.841Z] LiveUpdateForge: EndTurn fallback flush
[2026-08-01T11:07:20.841Z] onEndTurn: naturalStop=false toolCalls=0 nudgeMsg=no
[2026-08-01T11:07:20.884Z] LiveUpdateForge: AfterToolExec flush
[2026-08-01T11:07:20.901Z] LiveUpdateForge: AfterToolExec flush
[2026-08-01T11:07:20.944Z] InitialReadForge.onBeforeSend: SKIP (fr=true syn=false hasRead=true)
[2026-08-01T11:07:37.424Z] LiveUpdateForge: EndTurn fallback flush
[2026-08-01T11:07:37.424Z] onEndTurn: naturalStop=undefined toolCalls=2 nudgeMsg=no
[2026-08-01T11:07:37.425Z] LiveUpdateForge: EndTurn fallback flush
[2026-08-01T11:07:37.425Z] onEndTurn: naturalStop=false toolCalls=2 nudgeMsg=no
[2026-08-01T11:08:02.349Z] LiveUpdateForge: AfterToolExec flush
[2026-08-01T11:08:02.401Z] LiveUpdateForge: AfterToolExec flush
[2026-08-01T11:08:02.424Z] InitialReadForge.onBeforeSend: SKIP (fr=true syn=false hasRead=true)
[2026-08-01T11:08:14.345Z] LiveUpdateForge: EndTurn fallback flush
[2026-08-01T11:08:14.345Z] onEndTurn: naturalStop=undefined toolCalls=4 nudgeMsg=no
[2026-08-01T11:08:14.346Z] LiveUpdateForge: EndTurn fallback flush
[2026-08-01T11:08:14.346Z] onEndTurn: naturalStop=false toolCalls=4 nudgeMsg=no
[2026-08-01T11:08:25.334Z] LiveUpdateForge: AfterToolExec flush
[2026-08-01T11:08:25.722Z] ResumeDiffForge: running checkResumeConsistency
[2026-08-01T11:08:25.723Z] checkResumeConsistency: forgedTimestamps=[]
[2026-08-01T11:08:25.732Z] checkResumeConsistency: no changes detected
[2026-08-01T11:08:25.733Z] LiveUpdateForge: session reset, allowLiveUpdate = false
[2026-08-01T11:08:25.733Z] NudgeForge: ResumeComplete — restoring count from history
[2026-08-01T11:08:25.733Z] restoreNudgeCountFromHistory: no reset point found, count=5
[2026-08-01T11:08:25.770Z] LiveUpdateForge: allowLiveUpdate = true (first real BeforeSend)
[2026-08-01T11:08:25.771Z] InitialReadForge.onBeforeSend: SKIP (fr=false syn=false hasRead=true)
[2026-08-01T11:08:30.711Z] LiveUpdateForge: EndTurn fallback flush
[2026-08-01T11:08:30.712Z] onEndTurn: naturalStop=undefined toolCalls=5 nudgeMsg=no
[2026-08-01T11:08:30.712Z] LiveUpdateForge: EndTurn fallback flush
[2026-08-01T11:08:30.712Z] onEndTurn: naturalStop=false toolCalls=5 nudgeMsg=no
[2026-08-01T11:09:28.198Z] LiveUpdateForge: AfterToolExec flush
[2026-08-01T11:09:28.222Z] InitialReadForge.onBeforeSend: SKIP (fr=true syn=false hasRead=true)
[2026-08-01T11:09:50.171Z] LiveUpdateForge: EndTurn fallback flush
[2026-08-01T11:09:50.171Z] onEndTurn: naturalStop=undefined toolCalls=6 nudgeMsg=no
[2026-08-01T11:09:50.171Z] LiveUpdateForge: EndTurn fallback flush
[2026-08-01T11:09:50.171Z] onEndTurn: naturalStop=false toolCalls=6 nudgeMsg=no
[2026-08-01T11:09:50.603Z] LiveUpdateForge: AfterToolExec flush
[2026-08-01T11:09:50.631Z] InitialReadForge.onBeforeSend: SKIP (fr=true syn=false hasRead=true)
[2026-08-01T11:10:09.767Z] LiveUpdateForge: EndTurn fallback flush
[2026-08-01T11:10:09.767Z] onEndTurn: naturalStop=undefined toolCalls=7 nudgeMsg=no
[2026-08-01T11:10:09.767Z] LiveUpdateForge: EndTurn fallback flush
[2026-08-01T11:10:09.768Z] onEndTurn: naturalStop=false toolCalls=7 nudgeMsg=no
[2026-08-01T11:10:11.037Z] LiveUpdateForge: AfterToolExec flush
[2026-08-01T11:10:11.064Z] InitialReadForge.onBeforeSend: SKIP (fr=true syn=false hasRead=true)
[2026-08-01T11:10:14.185Z] LiveUpdateForge: EndTurn fallback flush
[2026-08-01T11:10:14.185Z] onEndTurn: naturalStop=undefined toolCalls=8 nudgeMsg=no
[2026-08-01T11:10:14.186Z] LiveUpdateForge: EndTurn fallback flush
[2026-08-01T11:10:14.186Z] onEndTurn: naturalStop=false toolCalls=8 nudgeMsg=no
[2026-08-01T11:10:14.258Z] LiveUpdateForge: AfterToolExec flush
[2026-08-01T11:10:14.289Z] InitialReadForge.onBeforeSend: SKIP (fr=true syn=false hasRead=true)
[2026-08-01T11:10:17.943Z] LiveUpdateForge: EndTurn fallback flush
[2026-08-01T11:10:17.944Z] onEndTurn: naturalStop=undefined toolCalls=9 nudgeMsg=no
[2026-08-01T11:10:17.944Z] LiveUpdateForge: EndTurn fallback flush
[2026-08-01T11:10:17.945Z] onEndTurn: naturalStop=false toolCalls=9 nudgeMsg=no
[2026-08-01T11:10:31.926Z] LiveUpdateForge: AfterToolExec flush
[2026-08-01T11:10:31.954Z] InitialReadForge.onBeforeSend: SKIP (fr=true syn=false hasRead=true)
[2026-08-01T11:10:39.005Z] LiveUpdateForge: EndTurn fallback flush
[2026-08-01T11:10:39.005Z] onEndTurn: naturalStop=undefined toolCalls=10 nudgeMsg=no
[2026-08-01T11:10:39.006Z] LiveUpdateForge: EndTurn fallback flush
[2026-08-01T11:10:39.006Z] onEndTurn: naturalStop=false toolCalls=10 nudgeMsg=no
[2026-08-01T11:10:49.526Z] LiveUpdateForge: AfterToolExec flush
[2026-08-01T11:10:49.548Z] InitialReadForge.onBeforeSend: SKIP (fr=true syn=false hasRead=true)
[2026-08-01T11:10:56.207Z] LiveUpdateForge: EndTurn fallback flush
[2026-08-01T11:10:56.207Z] onEndTurn: naturalStop=undefined toolCalls=11 nudgeMsg=no
[2026-08-01T11:10:56.208Z] LiveUpdateForge: EndTurn fallback flush
[2026-08-01T11:10:56.208Z] onEndTurn: naturalStop=false toolCalls=11 nudgeMsg=no
[2026-08-01T11:10:59.458Z] LiveUpdateForge: AfterToolExec flush
[2026-08-01T11:10:59.494Z] InitialReadForge.onBeforeSend: SKIP (fr=true syn=false hasRead=true)
[2026-08-01T11:11:02.484Z] LiveUpdateForge: EndTurn fallback flush
[2026-08-01T11:11:02.484Z] onEndTurn: naturalStop=undefined toolCalls=12 nudgeMsg=no
[2026-08-01T11:11:02.485Z] LiveUpdateForge: EndTurn fallback flush
[2026-08-01T11:11:02.485Z] onEndTurn: naturalStop=false toolCalls=12 nudgeMsg=no
[2026-08-01T11:11:02.563Z] LiveUpdateForge: AfterToolExec flush
[2026-08-01T11:11:02.597Z] InitialReadForge.onBeforeSend: SKIP (fr=true syn=false hasRead=true)
[2026-08-01T11:11:05.657Z] LiveUpdateForge: EndTurn fallback flush
[2026-08-01T11:11:05.657Z] onEndTurn: naturalStop=undefined toolCalls=13 nudgeMsg=no
[2026-08-01T11:11:05.658Z] LiveUpdateForge: EndTurn fallback flush
[2026-08-01T11:11:05.658Z] onEndTurn: naturalStop=false toolCalls=13 nudgeMsg=no
[2026-08-01T11:11:15.523Z] LiveUpdateForge: AfterToolExec flush
[2026-08-01T11:11:15.551Z] InitialReadForge.onBeforeSend: SKIP (fr=true syn=false hasRead=true)
[2026-08-01T11:11:19.811Z] LiveUpdateForge: EndTurn fallback flush
[2026-08-01T11:11:19.811Z] onEndTurn: naturalStop=undefined toolCalls=14 nudgeMsg=no
[2026-08-01T11:11:19.812Z] LiveUpdateForge: EndTurn fallback flush
[2026-08-01T11:11:19.812Z] onEndTurn: naturalStop=false toolCalls=14 nudgeMsg=no
[2026-08-01T11:11:20.251Z] LiveUpdateForge: AfterToolExec flush
[2026-08-01T11:11:20.278Z] InitialReadForge.onBeforeSend: SKIP (fr=true syn=false hasRead=true)
[2026-08-01T11:11:26.726Z] LiveUpdateForge: EndTurn fallback flush
[2026-08-01T11:11:26.727Z] onEndTurn: naturalStop=undefined toolCalls=15 nudgeMsg=no
[2026-08-01T11:11:26.727Z] LiveUpdateForge: EndTurn fallback flush
[2026-08-01T11:11:26.727Z] onEndTurn: naturalStop=false toolCalls=15 nudgeMsg=no
[2026-08-01T11:11:27.155Z] LiveUpdateForge: AfterToolExec flush
[2026-08-01T11:11:27.183Z] InitialReadForge.onBeforeSend: SKIP (fr=true syn=false hasRead=true)
[2026-08-01T11:11:33.053Z] LiveUpdateForge: EndTurn fallback flush
[2026-08-01T11:11:33.053Z] onEndTurn: naturalStop=undefined toolCalls=16 nudgeMsg=no
[2026-08-01T11:11:33.053Z] LiveUpdateForge: EndTurn fallback flush
[2026-08-01T11:11:33.054Z] onEndTurn: naturalStop=false toolCalls=16 nudgeMsg=no
[2026-08-01T11:11:33.493Z] LiveUpdateForge: AfterToolExec flush
[2026-08-01T11:11:33.523Z] InitialReadForge.onBeforeSend: SKIP (fr=true syn=false hasRead=true)
[2026-08-01T11:11:41.058Z] LiveUpdateForge: EndTurn fallback flush
[2026-08-01T11:11:41.059Z] onEndTurn: naturalStop=undefined toolCalls=17 nudgeMsg=no
[2026-08-01T11:11:41.059Z] LiveUpdateForge: EndTurn fallback flush
[2026-08-01T11:11:41.059Z] onEndTurn: naturalStop=false toolCalls=17 nudgeMsg=no
[2026-08-01T11:11:41.864Z] LiveUpdateForge: AfterToolExec flush
[2026-08-01T11:11:41.894Z] InitialReadForge.onBeforeSend: SKIP (fr=true syn=false hasRead=true)
[2026-08-01T11:11:47.092Z] LiveUpdateForge: EndTurn fallback flush
[2026-08-01T11:11:47.093Z] onEndTurn: naturalStop=undefined toolCalls=18 nudgeMsg=no
[2026-08-01T11:11:47.093Z] LiveUpdateForge: EndTurn fallback flush
[2026-08-01T11:11:47.093Z] onEndTurn: naturalStop=false toolCalls=18 nudgeMsg=no
[2026-08-01T11:11:47.659Z] LiveUpdateForge: AfterToolExec flush
[2026-08-01T11:11:47.686Z] InitialReadForge.onBeforeSend: SKIP (fr=true syn=false hasRead=true)
[2026-08-01T11:11:50.668Z] LiveUpdateForge: EndTurn fallback flush
[2026-08-01T11:11:50.668Z] onEndTurn: naturalStop=undefined toolCalls=19 nudgeMsg=no
[2026-08-01T11:11:50.669Z] LiveUpdateForge: EndTurn fallback flush
[2026-08-01T11:11:50.669Z] onEndTurn: naturalStop=false toolCalls=19 nudgeMsg=no
[2026-08-01T11:11:50.717Z] LiveUpdateForge: AfterToolExec flush
[2026-08-01T11:11:50.748Z] InitialReadForge.onBeforeSend: SKIP (fr=true syn=false hasRead=true)
[2026-08-01T11:11:53.742Z] LiveUpdateForge: EndTurn fallback flush
[2026-08-01T11:11:53.742Z] onEndTurn: naturalStop=undefined toolCalls=20 nudgeMsg=no
[2026-08-01T11:11:53.743Z] LiveUpdateForge: EndTurn fallback flush
[2026-08-01T11:11:53.743Z] onEndTurn: naturalStop=false toolCalls=20 nudgeMsg=no
[2026-08-01T11:12:09.318Z] LiveUpdateForge: AfterToolExec flush
[2026-08-01T11:12:09.351Z] InitialReadForge.onBeforeSend: SKIP (fr=true syn=false hasRead=true)
[2026-08-01T11:12:17.574Z] LiveUpdateForge: EndTurn fallback flush
[2026-08-01T11:12:17.575Z] onEndTurn: naturalStop=undefined toolCalls=21 nudgeMsg=no
[2026-08-01T11:12:17.575Z] LiveUpdateForge: EndTurn fallback flush
[2026-08-01T11:12:17.576Z] onEndTurn: naturalStop=false toolCalls=21 nudgeMsg=no
[2026-08-01T11:12:18.407Z] LiveUpdateForge: AfterToolExec flush
[2026-08-01T11:12:18.445Z] InitialReadForge.onBeforeSend: SKIP (fr=true syn=false hasRead=true)
[2026-08-01T11:12:26.307Z] LiveUpdateForge: EndTurn fallback flush
[2026-08-01T11:12:26.308Z] onEndTurn: naturalStop=undefined toolCalls=22 nudgeMsg=no
[2026-08-01T11:12:26.308Z] LiveUpdateForge: EndTurn fallback flush
[2026-08-01T11:12:26.309Z] onEndTurn: naturalStop=false toolCalls=22 nudgeMsg=no
[2026-08-01T11:12:27.424Z] LiveUpdateForge: AfterToolExec flush
[2026-08-01T11:12:27.453Z] InitialReadForge.onBeforeSend: SKIP (fr=true syn=false hasRead=true)
[2026-08-01T11:12:34.237Z] LiveUpdateForge: EndTurn fallback flush
[2026-08-01T11:12:34.238Z] onEndTurn: naturalStop=undefined toolCalls=23 nudgeMsg=no
[2026-08-01T11:12:34.238Z] LiveUpdateForge: EndTurn fallback flush
[2026-08-01T11:12:34.238Z] onEndTurn: naturalStop=false toolCalls=23 nudgeMsg=no
[2026-08-01T11:12:36.204Z] LiveUpdateForge: AfterToolExec flush
[2026-08-01T11:12:36.234Z] InitialReadForge.onBeforeSend: SKIP (fr=true syn=false hasRead=true)
[2026-08-01T11:12:38.929Z] LiveUpdateForge: EndTurn fallback flush
[2026-08-01T11:12:38.930Z] onEndTurn: naturalStop=undefined toolCalls=24 nudgeMsg=no
[2026-08-01T11:12:38.930Z] LiveUpdateForge: EndTurn fallback flush
[2026-08-01T11:12:38.931Z] onEndTurn: naturalStop=false toolCalls=24 nudgeMsg=no
[2026-08-01T11:12:39.038Z] LiveUpdateForge: AfterToolExec flush
[2026-08-01T11:12:39.073Z] InitialReadForge.onBeforeSend: SKIP (fr=true syn=false hasRead=true)
[2026-08-01T11:12:42.427Z] LiveUpdateForge: EndTurn fallback flush
[2026-08-01T11:12:42.427Z] onEndTurn: naturalStop=undefined toolCalls=25 nudgeMsg=no
[2026-08-01T11:12:42.428Z] LiveUpdateForge: EndTurn fallback flush
[2026-08-01T11:12:42.428Z] onEndTurn: naturalStop=false toolCalls=25 nudgeMsg=no
[2026-08-01T11:12:48.399Z] LiveUpdateForge: AfterToolExec flush
[2026-08-01T11:12:48.432Z] InitialReadForge.onBeforeSend: SKIP (fr=true syn=false hasRead=true)
[2026-08-01T11:12:54.991Z] LiveUpdateForge: EndTurn fallback flush
[2026-08-01T11:12:54.991Z] onEndTurn: naturalStop=undefined toolCalls=26 nudgeMsg=no
[2026-08-01T11:12:54.991Z] LiveUpdateForge: EndTurn fallback flush
[2026-08-01T11:12:54.992Z] onEndTurn: naturalStop=false toolCalls=26 nudgeMsg=no
[2026-08-01T11:12:55.667Z] LiveUpdateForge: AfterToolExec flush
[2026-08-01T11:12:55.696Z] InitialReadForge.onBeforeSend: SKIP (fr=true syn=false hasRead=true)
[2026-08-01T11:13:05.074Z] LiveUpdateForge: EndTurn fallback flush
[2026-08-01T11:13:05.074Z] onEndTurn: naturalStop=undefined toolCalls=27 nudgeMsg=no
[2026-08-01T11:13:05.075Z] LiveUpdateForge: EndTurn fallback flush
[2026-08-01T11:13:05.075Z] onEndTurn: naturalStop=false toolCalls=27 nudgeMsg=no
[2026-08-01T11:13:05.794Z] LiveUpdateForge: AfterToolExec flush
[2026-08-01T11:13:05.827Z] InitialReadForge.onBeforeSend: SKIP (fr=true syn=false hasRead=true)
[2026-08-01T11:13:09.730Z] LiveUpdateForge: EndTurn fallback flush
[2026-08-01T11:13:09.731Z] onEndTurn: naturalStop=undefined toolCalls=28 nudgeMsg=no
[2026-08-01T11:13:09.731Z] LiveUpdateForge: EndTurn fallback flush
[2026-08-01T11:13:09.731Z] onEndTurn: naturalStop=false toolCalls=28 nudgeMsg=no
[2026-08-01T11:13:09.794Z] LiveUpdateForge: AfterToolExec flush
[2026-08-01T11:13:09.825Z] InitialReadForge.onBeforeSend: SKIP (fr=true syn=false hasRead=true)
[2026-08-01T11:13:13.054Z] LiveUpdateForge: EndTurn fallback flush
[2026-08-01T11:13:13.055Z] onEndTurn: naturalStop=undefined toolCalls=29 nudgeMsg=no
[2026-08-01T11:13:13.055Z] LiveUpdateForge: EndTurn fallback flush
[2026-08-01T11:13:13.056Z] onEndTurn: naturalStop=false toolCalls=29 nudgeMsg=no
[2026-08-01T11:13:18.861Z] LiveUpdateForge: AfterToolExec flush
[2026-08-01T11:13:18.889Z] InitialReadForge.onBeforeSend: SKIP (fr=true syn=false hasRead=true)
[2026-08-01T11:13:28.264Z] LiveUpdateForge: EndTurn fallback flush
[2026-08-01T11:13:28.265Z] onEndTurn: naturalStop=undefined toolCalls=30 nudgeMsg=no
[2026-08-01T11:13:28.265Z] LiveUpdateForge: EndTurn fallback flush
[2026-08-01T11:13:28.266Z] onEndTurn: naturalStop=false toolCalls=30 nudgeMsg=no
[2026-08-01T11:13:29.023Z] LiveUpdateForge: AfterToolExec flush
[2026-08-01T11:13:29.055Z] InitialReadForge.onBeforeSend: SKIP (fr=true syn=false hasRead=true)
[2026-08-01T11:13:37.735Z] LiveUpdateForge: EndTurn fallback flush
[2026-08-01T11:13:37.735Z] onEndTurn: naturalStop=undefined toolCalls=31 nudgeMsg=no
[2026-08-01T11:13:37.736Z] LiveUpdateForge: EndTurn fallback flush
[2026-08-01T11:13:37.736Z] onEndTurn: naturalStop=false toolCalls=31 nudgeMsg=no
[2026-08-01T11:13:38.423Z] LiveUpdateForge: AfterToolExec flush
[2026-08-01T11:13:38.456Z] InitialReadForge.onBeforeSend: SKIP (fr=true syn=false hasRead=true)
[2026-08-01T11:13:43.892Z] LiveUpdateForge: EndTurn fallback flush
[2026-08-01T11:13:43.892Z] onEndTurn: naturalStop=undefined toolCalls=32 nudgeMsg=no
[2026-08-01T11:13:43.892Z] LiveUpdateForge: EndTurn fallback flush
[2026-08-01T11:13:43.893Z] onEndTurn: naturalStop=false toolCalls=32 nudgeMsg=no
[2026-08-01T11:13:44.999Z] LiveUpdateForge: AfterToolExec flush
[2026-08-01T11:13:45.027Z] InitialReadForge.onBeforeSend: SKIP (fr=true syn=false hasRead=true)
[2026-08-01T11:13:47.904Z] LiveUpdateForge: EndTurn fallback flush
[2026-08-01T11:13:47.904Z] onEndTurn: naturalStop=undefined toolCalls=33 nudgeMsg=no
[2026-08-01T11:13:47.905Z] LiveUpdateForge: EndTurn fallback flush
[2026-08-01T11:13:47.905Z] onEndTurn: naturalStop=false toolCalls=33 nudgeMsg=no
[2026-08-01T11:13:47.985Z] LiveUpdateForge: AfterToolExec flush
[2026-08-01T11:13:48.016Z] InitialReadForge.onBeforeSend: SKIP (fr=true syn=false hasRead=true)
[2026-08-01T11:13:55.452Z] LiveUpdateForge: EndTurn fallback flush
[2026-08-01T11:13:55.453Z] onEndTurn: naturalStop=undefined toolCalls=34 nudgeMsg=no
[2026-08-01T11:13:55.453Z] LiveUpdateForge: EndTurn fallback flush
[2026-08-01T11:13:55.453Z] onEndTurn: naturalStop=false toolCalls=34 nudgeMsg=no
[2026-08-01T11:14:08.491Z] LiveUpdateForge: AfterToolExec flush
[2026-08-01T11:14:08.518Z] InitialReadForge.onBeforeSend: SKIP (fr=true syn=false hasRead=true)
[2026-08-01T11:14:15.413Z] LiveUpdateForge: EndTurn fallback flush
[2026-08-01T11:14:15.414Z] onEndTurn: naturalStop=undefined toolCalls=35 nudgeMsg=no
[2026-08-01T11:14:15.414Z] LiveUpdateForge: EndTurn fallback flush
[2026-08-01T11:14:15.414Z] onEndTurn: naturalStop=false toolCalls=35 nudgeMsg=no
[2026-08-01T11:14:16.229Z] LiveUpdateForge: AfterToolExec flush
[2026-08-01T11:14:16.260Z] InitialReadForge.onBeforeSend: SKIP (fr=true syn=false hasRead=true)
[2026-08-01T11:14:20.871Z] LiveUpdateForge: EndTurn fallback flush
[2026-08-01T11:14:20.871Z] onEndTurn: naturalStop=undefined toolCalls=36 nudgeMsg=no
[2026-08-01T11:14:20.871Z] LiveUpdateForge: EndTurn fallback flush
[2026-08-01T11:14:20.872Z] onEndTurn: naturalStop=false toolCalls=36 nudgeMsg=no
[2026-08-01T11:14:20.939Z] LiveUpdateForge: AfterToolExec flush
[2026-08-01T11:14:20.969Z] InitialReadForge.onBeforeSend: SKIP (fr=true syn=false hasRead=true)
[2026-08-01T11:14:24.582Z] LiveUpdateForge: EndTurn fallback flush
[2026-08-01T11:14:24.582Z] onEndTurn: naturalStop=undefined toolCalls=37 nudgeMsg=no
[2026-08-01T11:14:24.583Z] LiveUpdateForge: EndTurn fallback flush
[2026-08-01T11:14:24.583Z] onEndTurn: naturalStop=false toolCalls=37 nudgeMsg=no
[2026-08-01T11:14:42.100Z] LiveUpdateForge: AfterToolExec flush
[2026-08-01T11:14:42.128Z] InitialReadForge.onBeforeSend: SKIP (fr=true syn=false hasRead=true)
[2026-08-01T11:14:49.915Z] LiveUpdateForge: EndTurn fallback flush
[2026-08-01T11:14:49.915Z] onEndTurn: naturalStop=undefined toolCalls=38 nudgeMsg=no
[2026-08-01T11:14:49.916Z] LiveUpdateForge: EndTurn fallback flush
[2026-08-01T11:14:49.916Z] onEndTurn: naturalStop=false toolCalls=38 nudgeMsg=no
[2026-08-01T11:14:50.403Z] LiveUpdateForge: AfterToolExec flush
[2026-08-01T11:14:50.437Z] InitialReadForge.onBeforeSend: SKIP (fr=true syn=false hasRead=true)
[2026-08-01T11:14:55.804Z] ResumeDiffForge: running checkResumeConsistency
[2026-08-01T11:14:55.805Z] checkResumeConsistency: forgedTimestamps=[]
[2026-08-01T11:14:55.859Z] checkResumeConsistency: no changes detected
[2026-08-01T11:14:55.859Z] LiveUpdateForge: session reset, allowLiveUpdate = false
[2026-08-01T11:14:55.859Z] NudgeForge: ResumeComplete — restoring count from history
[2026-08-01T11:14:55.860Z] restoreNudgeCountFromHistory: no reset point found, count=39
[2026-08-01T11:14:55.893Z] LiveUpdateForge: allowLiveUpdate = true (first real BeforeSend)
[2026-08-01T11:14:55.893Z] InitialReadForge.onBeforeSend: SKIP (fr=false syn=false hasRead=true)
[2026-08-01T11:15:00.215Z] LiveUpdateForge: EndTurn fallback flush
[2026-08-01T11:15:00.216Z] onEndTurn: naturalStop=undefined toolCalls=39 nudgeMsg=no
[2026-08-01T11:15:00.216Z] LiveUpdateForge: EndTurn fallback flush
[2026-08-01T11:15:00.216Z] onEndTurn: naturalStop=false toolCalls=39 nudgeMsg=no
[2026-08-01T11:15:00.596Z] LiveUpdateForge: AfterToolExec flush
[2026-08-01T11:15:00.624Z] InitialReadForge.onBeforeSend: SKIP (fr=true syn=false hasRead=true)
[2026-08-01T11:15:08.185Z] LiveUpdateForge: EndTurn fallback flush
[2026-08-01T11:15:08.186Z] onEndTurn: naturalStop=undefined toolCalls=40 nudgeMsg=no
[2026-08-01T11:15:08.186Z] LiveUpdateForge: EndTurn fallback flush
[2026-08-01T11:15:08.186Z] onEndTurn: naturalStop=false toolCalls=40 nudgeMsg=no
[2026-08-01T11:15:09.075Z] LiveUpdateForge: AfterToolExec flush
[2026-08-01T11:15:09.104Z] InitialReadForge.onBeforeSend: SKIP (fr=true syn=false hasRead=true)
[2026-08-01T11:15:12.459Z] LiveUpdateForge: EndTurn fallback flush
[2026-08-01T11:15:12.459Z] onEndTurn: naturalStop=undefined toolCalls=41 nudgeMsg=no
[2026-08-01T11:15:12.460Z] LiveUpdateForge: EndTurn fallback flush
[2026-08-01T11:15:12.460Z] onEndTurn: naturalStop=false toolCalls=41 nudgeMsg=no
[2026-08-01T11:15:12.504Z] LiveUpdateForge: AfterToolExec flush
[2026-08-01T11:15:12.533Z] InitialReadForge.onBeforeSend: SKIP (fr=true syn=false hasRead=true)
[2026-08-01T11:15:15.494Z] LiveUpdateForge: EndTurn fallback flush
[2026-08-01T11:15:15.495Z] onEndTurn: naturalStop=undefined toolCalls=42 nudgeMsg=no
[2026-08-01T11:15:15.495Z] LiveUpdateForge: EndTurn fallback flush
[2026-08-01T11:15:15.496Z] onEndTurn: naturalStop=false toolCalls=42 nudgeMsg=no
[2026-08-01T11:15:24.035Z] LiveUpdateForge: AfterToolExec flush
[2026-08-01T11:15:24.067Z] InitialReadForge.onBeforeSend: SKIP (fr=true syn=false hasRead=true)
[2026-08-01T11:15:24.868Z] LiveUpdateForge: EndTurn fallback flush
[2026-08-01T11:15:24.868Z] onEndTurn: naturalStop=undefined toolCalls=39 nudgeMsg=no
[2026-08-01T11:15:24.868Z] LiveUpdateForge: EndTurn fallback flush
[2026-08-01T11:15:24.869Z] onEndTurn: naturalStop=false toolCalls=39 nudgeMsg=no
[2026-08-01T11:15:24.955Z] LiveUpdateForge: AfterToolExec flush
[2026-08-01T11:15:24.983Z] InitialReadForge.onBeforeSend: SKIP (fr=true syn=false hasRead=true)
[2026-08-01T11:15:27.165Z] LiveUpdateForge: EndTurn fallback flush
[2026-08-01T11:15:27.165Z] onEndTurn: naturalStop=undefined toolCalls=43 nudgeMsg=no
[2026-08-01T11:15:27.166Z] LiveUpdateForge: EndTurn fallback flush
[2026-08-01T11:15:27.166Z] onEndTurn: naturalStop=false toolCalls=43 nudgeMsg=no
[2026-08-01T11:15:27.381Z] LiveUpdateForge: AfterToolExec flush
[2026-08-01T11:15:27.411Z] InitialReadForge.onBeforeSend: SKIP (fr=true syn=false hasRead=true)
[2026-08-01T11:15:30.623Z] LiveUpdateForge: EndTurn fallback flush
[2026-08-01T11:15:30.624Z] onEndTurn: naturalStop=undefined toolCalls=40 nudgeMsg=no
[2026-08-01T11:15:30.624Z] LiveUpdateForge: EndTurn fallback flush
[2026-08-01T11:15:30.624Z] onEndTurn: naturalStop=true toolCalls=40 nudgeMsg=no
[2026-08-01T11:15:32.264Z] LiveUpdateForge: EndTurn fallback flush
[2026-08-01T11:15:32.264Z] onEndTurn: naturalStop=undefined toolCalls=44 nudgeMsg=no
[2026-08-01T11:15:32.265Z] LiveUpdateForge: EndTurn fallback flush
[2026-08-01T11:15:32.265Z] onEndTurn: naturalStop=false toolCalls=44 nudgeMsg=no
[2026-08-01T11:15:58.593Z] MemoryForge: attached 5 listener(s)
[2026-08-01T11:15:58.593Z] InitialReadForge: armed one-shot BeforeSend after NewSessionStart
[2026-08-01T11:15:58.594Z] LiveUpdateForge: session reset, allowLiveUpdate = false
[2026-08-01T11:15:59.254Z] MemoryForge: attached 5 listener(s)
[2026-08-01T11:15:59.255Z] InitialReadForge: armed one-shot BeforeSend after NewSessionStart
[2026-08-01T11:15:59.255Z] LiveUpdateForge: session reset, allowLiveUpdate = false
[2026-08-01T11:15:59.256Z] MemoryForge: detached all listeners
[2026-08-01T11:15:59.256Z] ResumeDiffForge: no read_memory in history, backfilling forge
[2026-08-01T11:15:59.406Z] recordForgedToolExchange: toolName=read_memory callId=resume-forge-read-memory-backfill
[2026-08-01T11:15:59.443Z] recordForgedToolExchange: recordMessage + recordToolCalls persisted
[2026-08-01T11:15:59.444Z] injectForgedHistory: role=user preview=""
[2026-08-01T11:15:59.464Z] injectForgedHistory: recordMessage persisted
[2026-08-01T11:15:59.469Z] ResumeDiffForge: backfilled read_memory and baseline for 2 raw + 2 provider file(s)
[2026-08-01T11:15:59.470Z] LiveUpdateForge: session reset, allowLiveUpdate = false
[2026-08-01T11:15:59.470Z] NudgeForge: ResumeComplete — restoring count from history
[2026-08-01T11:15:59.470Z] restoreNudgeCountFromHistory: no reset point found, count=0
[2026-08-01T11:15:59.490Z] LiveUpdateForge: allowLiveUpdate = true (first real BeforeSend)
[2026-08-01T11:15:59.490Z] InitialReadForge.onBeforeSend: SKIP (fr=false syn=false hasRead=true)
[2026-08-01T11:16:03.563Z] LiveUpdateForge: EndTurn fallback flush
[2026-08-01T11:16:03.564Z] onEndTurn: naturalStop=undefined toolCalls=0 nudgeMsg=no
[2026-08-01T11:16:03.564Z] LiveUpdateForge: EndTurn fallback flush
[2026-08-01T11:16:03.564Z] onEndTurn: naturalStop=false toolCalls=0 nudgeMsg=no
[2026-08-01T11:16:04.251Z] LiveUpdateForge: AfterToolExec flush
[2026-08-01T11:16:04.252Z] LiveUpdateForge: AfterToolExec flush
[2026-08-01T11:16:11.490Z] LiveUpdateForge: AfterToolExec flush
[2026-08-01T11:16:11.522Z] InitialReadForge.onBeforeSend: SKIP (fr=true syn=false hasRead=true)
[2026-08-01T11:16:23.580Z] LiveUpdateForge: EndTurn fallback flush
[2026-08-01T11:16:23.580Z] onEndTurn: naturalStop=undefined toolCalls=45 nudgeMsg=no
[2026-08-01T11:16:23.580Z] LiveUpdateForge: EndTurn fallback flush
[2026-08-01T11:16:23.581Z] onEndTurn: naturalStop=false toolCalls=45 nudgeMsg=no
[2026-08-01T11:16:23.745Z] LiveUpdateForge: AfterToolExec flush
[2026-08-01T11:16:23.783Z] InitialReadForge.onBeforeSend: SKIP (fr=true syn=false hasRead=true)
[2026-08-01T11:16:30.276Z] LiveUpdateForge: EndTurn fallback flush
[2026-08-01T11:16:30.276Z] onEndTurn: naturalStop=undefined toolCalls=46 nudgeMsg=no
[2026-08-01T11:16:30.276Z] LiveUpdateForge: EndTurn fallback flush
[2026-08-01T11:16:30.277Z] onEndTurn: naturalStop=false toolCalls=46 nudgeMsg=no
[2026-08-01T11:16:30.853Z] LiveUpdateForge: AfterToolExec flush
[2026-08-01T11:16:30.885Z] InitialReadForge.onBeforeSend: SKIP (fr=true syn=false hasRead=true)
[2026-08-01T11:16:35.962Z] LiveUpdateForge: EndTurn fallback flush
[2026-08-01T11:16:35.963Z] onEndTurn: naturalStop=undefined toolCalls=47 nudgeMsg=no
[2026-08-01T11:16:35.963Z] LiveUpdateForge: EndTurn fallback flush
[2026-08-01T11:16:35.963Z] onEndTurn: naturalStop=false toolCalls=47 nudgeMsg=no
[2026-08-01T11:16:36.072Z] LiveUpdateForge: AfterToolExec flush
[2026-08-01T11:16:36.104Z] InitialReadForge.onBeforeSend: SKIP (fr=true syn=false hasRead=true)
[2026-08-01T11:16:39.923Z] LiveUpdateForge: EndTurn fallback flush
[2026-08-01T11:16:39.923Z] onEndTurn: naturalStop=undefined toolCalls=48 nudgeMsg=no
[2026-08-01T11:16:39.924Z] LiveUpdateForge: EndTurn fallback flush
[2026-08-01T11:16:39.924Z] onEndTurn: naturalStop=false toolCalls=48 nudgeMsg=no
[2026-08-01T11:16:39.942Z] LiveUpdateForge: AfterToolExec flush
[2026-08-01T11:16:39.972Z] InitialReadForge.onBeforeSend: SKIP (fr=true syn=false hasRead=true)
[2026-08-01T11:16:44.018Z] LiveUpdateForge: EndTurn fallback flush
[2026-08-01T11:16:44.019Z] onEndTurn: naturalStop=undefined toolCalls=49 nudgeMsg=no
[2026-08-01T11:16:44.019Z] LiveUpdateForge: EndTurn fallback flush
[2026-08-01T11:16:44.019Z] onEndTurn: naturalStop=false toolCalls=49 nudgeMsg=no
[2026-08-01T11:16:56.051Z] LiveUpdateForge: AfterToolExec flush
[2026-08-01T11:16:56.075Z] InitialReadForge.onBeforeSend: SKIP (fr=true syn=false hasRead=true)
[2026-08-01T11:16:57.548Z] LiveUpdateForge: AfterToolExec flush
[2026-08-01T11:16:57.592Z] InitialReadForge.onBeforeSend: SKIP (fr=true syn=false hasRead=true)
[2026-08-01T11:16:57.755Z] LiveUpdateForge: EndTurn fallback flush
[2026-08-01T11:16:57.755Z] onEndTurn: naturalStop=undefined toolCalls=3 nudgeMsg=no
[2026-08-01T11:16:57.756Z] LiveUpdateForge: EndTurn fallback flush
[2026-08-01T11:16:57.757Z] onEndTurn: naturalStop=false toolCalls=3 nudgeMsg=no
[2026-08-01T11:16:57.785Z] LiveUpdateForge: AfterToolExec flush
[2026-08-01T11:16:57.810Z] InitialReadForge.onBeforeSend: SKIP (fr=true syn=false hasRead=true)
[2026-08-01T11:17:00.225Z] LiveUpdateForge: EndTurn fallback flush
[2026-08-01T11:17:00.226Z] onEndTurn: naturalStop=undefined toolCalls=4 nudgeMsg=no
[2026-08-01T11:17:00.226Z] LiveUpdateForge: EndTurn fallback flush
[2026-08-01T11:17:00.227Z] onEndTurn: naturalStop=false toolCalls=4 nudgeMsg=no
[2026-08-01T11:17:00.235Z] LiveUpdateForge: AfterToolExec flush
[2026-08-01T11:17:00.235Z] LiveUpdateForge: AfterToolExec flush
[2026-08-01T11:17:00.237Z] LiveUpdateForge: AfterToolExec flush
[2026-08-01T11:17:00.260Z] InitialReadForge.onBeforeSend: SKIP (fr=true syn=false hasRead=true)
[2026-08-01T11:17:06.603Z] LiveUpdateForge: EndTurn fallback flush
[2026-08-01T11:17:06.603Z] onEndTurn: naturalStop=undefined toolCalls=7 nudgeMsg=no
[2026-08-01T11:17:06.603Z] LiveUpdateForge: EndTurn fallback flush
[2026-08-01T11:17:06.603Z] onEndTurn: naturalStop=false toolCalls=7 nudgeMsg=no
[2026-08-01T11:17:09.491Z] LiveUpdateForge: EndTurn fallback flush
[2026-08-01T11:17:09.491Z] onEndTurn: naturalStop=undefined toolCalls=50 nudgeMsg=no
[2026-08-01T11:17:09.492Z] LiveUpdateForge: EndTurn fallback flush
[2026-08-01T11:17:09.492Z] onEndTurn: naturalStop=false toolCalls=50 nudgeMsg=no
[2026-08-01T11:17:09.880Z] LiveUpdateForge: AfterToolExec flush
[2026-08-01T11:17:09.913Z] InitialReadForge.onBeforeSend: SKIP (fr=true syn=false hasRead=true)
[2026-08-01T11:17:14.345Z] LiveUpdateForge: EndTurn fallback flush
[2026-08-01T11:17:14.346Z] onEndTurn: naturalStop=undefined toolCalls=51 nudgeMsg=no
[2026-08-01T11:17:14.346Z] LiveUpdateForge: EndTurn fallback flush
[2026-08-01T11:17:14.346Z] onEndTurn: naturalStop=false toolCalls=51 nudgeMsg=no
[2026-08-01T11:17:14.396Z] LiveUpdateForge: AfterToolExec flush
[2026-08-01T11:17:14.434Z] InitialReadForge.onBeforeSend: SKIP (fr=true syn=false hasRead=true)
[2026-08-01T11:17:20.153Z] LiveUpdateForge: EndTurn fallback flush
[2026-08-01T11:17:20.153Z] onEndTurn: naturalStop=undefined toolCalls=52 nudgeMsg=no
[2026-08-01T11:17:20.153Z] LiveUpdateForge: EndTurn fallback flush
[2026-08-01T11:17:20.154Z] onEndTurn: naturalStop=false toolCalls=52 nudgeMsg=no
[2026-08-01T11:17:32.781Z] LiveUpdateForge: AfterToolExec flush
[2026-08-01T11:17:32.828Z] InitialReadForge.onBeforeSend: SKIP (fr=true syn=false hasRead=true)
[2026-08-01T11:17:40.250Z] LiveUpdateForge: EndTurn fallback flush
[2026-08-01T11:17:40.251Z] onEndTurn: naturalStop=undefined toolCalls=53 nudgeMsg=no
[2026-08-01T11:17:40.251Z] LiveUpdateForge: EndTurn fallback flush
[2026-08-01T11:17:40.251Z] onEndTurn: naturalStop=false toolCalls=53 nudgeMsg=no
[2026-08-01T11:17:40.905Z] LiveUpdateForge: AfterToolExec flush
[2026-08-01T11:17:40.931Z] InitialReadForge.onBeforeSend: SKIP (fr=true syn=false hasRead=true)
[2026-08-01T11:17:48.792Z] LiveUpdateForge: EndTurn fallback flush
[2026-08-01T11:17:48.793Z] onEndTurn: naturalStop=undefined toolCalls=54 nudgeMsg=no
[2026-08-01T11:17:48.793Z] LiveUpdateForge: EndTurn fallback flush
[2026-08-01T11:17:48.793Z] onEndTurn: naturalStop=false toolCalls=54 nudgeMsg=no
[2026-08-01T11:17:49.378Z] LiveUpdateForge: AfterToolExec flush
[2026-08-01T11:17:49.418Z] InitialReadForge.onBeforeSend: SKIP (fr=true syn=false hasRead=true)
[2026-08-01T11:17:56.254Z] LiveUpdateForge: EndTurn fallback flush
[2026-08-01T11:17:56.254Z] onEndTurn: naturalStop=undefined toolCalls=55 nudgeMsg=no
[2026-08-01T11:17:56.254Z] LiveUpdateForge: EndTurn fallback flush
[2026-08-01T11:17:56.255Z] onEndTurn: naturalStop=false toolCalls=55 nudgeMsg=no
[2026-08-01T11:17:56.861Z] LiveUpdateForge: AfterToolExec flush
[2026-08-01T11:17:56.906Z] InitialReadForge.onBeforeSend: SKIP (fr=true syn=false hasRead=true)
[2026-08-01T11:18:01.808Z] LiveUpdateForge: EndTurn fallback flush
[2026-08-01T11:18:01.808Z] onEndTurn: naturalStop=undefined toolCalls=56 nudgeMsg=no
[2026-08-01T11:18:01.809Z] LiveUpdateForge: EndTurn fallback flush
[2026-08-01T11:18:01.809Z] onEndTurn: naturalStop=false toolCalls=56 nudgeMsg=no
[2026-08-01T11:18:01.891Z] LiveUpdateForge: AfterToolExec flush
[2026-08-01T11:18:01.937Z] InitialReadForge.onBeforeSend: SKIP (fr=true syn=false hasRead=true)
[2026-08-01T11:18:09.197Z] LiveUpdateForge: EndTurn fallback flush
[2026-08-01T11:18:09.197Z] onEndTurn: naturalStop=undefined toolCalls=57 nudgeMsg=no
[2026-08-01T11:18:09.198Z] LiveUpdateForge: EndTurn fallback flush
[2026-08-01T11:18:09.199Z] onEndTurn: naturalStop=false toolCalls=57 nudgeMsg=no
[2026-08-01T11:18:15.887Z] LiveUpdateForge: AfterToolExec flush
[2026-08-01T11:18:15.922Z] InitialReadForge.onBeforeSend: SKIP (fr=true syn=false hasRead=true)
[2026-08-01T11:18:23.051Z] LiveUpdateForge: EndTurn fallback flush
[2026-08-01T11:18:23.051Z] onEndTurn: naturalStop=undefined toolCalls=58 nudgeMsg=no
[2026-08-01T11:18:23.052Z] LiveUpdateForge: EndTurn fallback flush
[2026-08-01T11:18:23.053Z] onEndTurn: naturalStop=false toolCalls=58 nudgeMsg=no
[2026-08-01T11:18:23.792Z] LiveUpdateForge: AfterToolExec flush
[2026-08-01T11:18:23.825Z] InitialReadForge.onBeforeSend: SKIP (fr=true syn=false hasRead=true)
[2026-08-01T11:18:33.835Z] LiveUpdateForge: EndTurn fallback flush
[2026-08-01T11:18:33.835Z] onEndTurn: naturalStop=undefined toolCalls=59 nudgeMsg=no
[2026-08-01T11:18:33.836Z] LiveUpdateForge: EndTurn fallback flush
[2026-08-01T11:18:33.836Z] onEndTurn: naturalStop=true toolCalls=0 nudgeMsg=YES
[2026-08-01T11:18:33.846Z] InitialReadForge.onBeforeSend: SKIP (fr=false syn=false hasRead=true)
[2026-08-01T11:18:39.189Z] LiveUpdateForge: EndTurn fallback flush
[2026-08-01T11:18:39.189Z] onEndTurn: naturalStop=undefined toolCalls=0 nudgeMsg=no
[2026-08-01T11:18:39.189Z] LiveUpdateForge: EndTurn fallback flush
[2026-08-01T11:18:39.190Z] onEndTurn: naturalStop=false toolCalls=0 nudgeMsg=no
[2026-08-01T11:18:39.212Z] LiveUpdateForge: AfterToolExec flush
[2026-08-01T11:18:39.218Z] nudge: read_memory called (does NOT reset counter)
[2026-08-01T11:18:45.805Z] LiveUpdateForge: EndTurn fallback flush
[2026-08-01T11:18:45.805Z] onEndTurn: naturalStop=undefined toolCalls=1 nudgeMsg=no
[2026-08-01T11:18:45.805Z] LiveUpdateForge: EndTurn fallback flush
[2026-08-01T11:18:45.805Z] onEndTurn: naturalStop=false toolCalls=1 nudgeMsg=no
[2026-08-01T11:18:45.821Z] LiveUpdateForge: self-write on D:\unity\mowang\CODELY.md, baseline aligned
[2026-08-01T11:18:45.822Z] LiveUpdateForge: AfterToolExec flush
[2026-08-01T11:18:46.333Z] LiveUpdateForge: pending external change on D:\unity\mowang\CODELY.md
[2026-08-01T11:18:49.050Z] MemoryForge: attached 5 listener(s)
[2026-08-01T11:18:49.051Z] InitialReadForge: armed one-shot BeforeSend after NewSessionStart
[2026-08-01T11:18:49.051Z] LiveUpdateForge: session reset, allowLiveUpdate = false
[2026-08-01T11:18:50.766Z] LiveUpdateForge: EndTurn fallback flush
[2026-08-01T11:18:50.766Z] onEndTurn: naturalStop=undefined toolCalls=0 nudgeMsg=no
[2026-08-01T11:18:50.767Z] LiveUpdateForge: EndTurn fallback flush
[2026-08-01T11:18:50.767Z] onEndTurn: naturalStop=true toolCalls=0 nudgeMsg=no
[2026-08-01T11:19:09.802Z] LiveUpdateForge: AfterToolExec flush
[2026-08-01T11:19:09.843Z] InitialReadForge.onBeforeSend: SKIP (fr=true syn=false hasRead=true)
[2026-08-01T11:19:27.213Z] LiveUpdateForge: EndTurn fallback flush
[2026-08-01T11:19:27.213Z] onEndTurn: naturalStop=undefined toolCalls=8 nudgeMsg=no
[2026-08-01T11:19:27.214Z] LiveUpdateForge: EndTurn fallback flush
[2026-08-01T11:19:27.214Z] onEndTurn: naturalStop=false toolCalls=8 nudgeMsg=no
[2026-08-01T11:19:27.233Z] LiveUpdateForge: AfterToolExec flush
[2026-08-01T11:19:27.260Z] InitialReadForge.onBeforeSend: SKIP (fr=true syn=false hasRead=true)
[2026-08-01T11:19:34.774Z] LiveUpdateForge: EndTurn fallback flush
[2026-08-01T11:19:34.774Z] onEndTurn: naturalStop=undefined toolCalls=9 nudgeMsg=no
[2026-08-01T11:19:34.775Z] LiveUpdateForge: EndTurn fallback flush
[2026-08-01T11:19:34.775Z] onEndTurn: naturalStop=false toolCalls=9 nudgeMsg=no
[2026-08-01T11:19:34.802Z] LiveUpdateForge: AfterToolExec flush
[2026-08-01T11:19:34.824Z] InitialReadForge.onBeforeSend: SKIP (fr=true syn=false hasRead=true)
[2026-08-01T11:19:41.102Z] LiveUpdateForge: EndTurn fallback flush
[2026-08-01T11:19:41.102Z] onEndTurn: naturalStop=undefined toolCalls=10 nudgeMsg=no
[2026-08-01T11:19:41.103Z] LiveUpdateForge: EndTurn fallback flush
[2026-08-01T11:19:41.103Z] onEndTurn: naturalStop=false toolCalls=10 nudgeMsg=no
[2026-08-01T11:20:18.916Z] MemoryForge: attached 5 listener(s)
[2026-08-01T11:20:18.917Z] InitialReadForge: armed one-shot BeforeSend after NewSessionStart
[2026-08-01T11:20:18.917Z] LiveUpdateForge: session reset, allowLiveUpdate = false
[2026-08-01T11:20:18.918Z] MemoryForge: detached all listeners
[2026-08-01T11:20:18.919Z] ResumeDiffForge: no read_memory in history, backfilling forge
[2026-08-01T11:20:19.081Z] recordForgedToolExchange: toolName=read_memory callId=resume-forge-read-memory-backfill
[2026-08-01T11:20:19.114Z] recordForgedToolExchange: recordMessage + recordToolCalls persisted
[2026-08-01T11:20:19.115Z] injectForgedHistory: role=user preview=""
[2026-08-01T11:20:19.130Z] injectForgedHistory: recordMessage persisted
[2026-08-01T11:20:19.135Z] ResumeDiffForge: backfilled read_memory and baseline for 2 raw + 2 provider file(s)
[2026-08-01T11:20:19.135Z] LiveUpdateForge: session reset, allowLiveUpdate = false
[2026-08-01T11:20:19.136Z] NudgeForge: ResumeComplete — restoring count from history
[2026-08-01T11:20:19.136Z] restoreNudgeCountFromHistory: no reset point found, count=0
[2026-08-01T11:20:19.158Z] LiveUpdateForge: allowLiveUpdate = true (first real BeforeSend)
[2026-08-01T11:20:19.159Z] InitialReadForge.onBeforeSend: SKIP (fr=false syn=false hasRead=true)
[2026-08-01T11:20:21.919Z] LiveUpdateForge: EndTurn fallback flush
[2026-08-01T11:20:21.919Z] onEndTurn: naturalStop=undefined toolCalls=0 nudgeMsg=no
[2026-08-01T11:20:21.919Z] LiveUpdateForge: EndTurn fallback flush
[2026-08-01T11:20:21.919Z] onEndTurn: naturalStop=false toolCalls=0 nudgeMsg=no
[2026-08-01T11:20:21.964Z] LiveUpdateForge: AfterToolExec flush
[2026-08-01T11:20:21.985Z] InitialReadForge.onBeforeSend: SKIP (fr=true syn=false hasRead=true)
[2026-08-01T11:20:25.547Z] LiveUpdateForge: EndTurn fallback flush
[2026-08-01T11:20:25.548Z] onEndTurn: naturalStop=undefined toolCalls=1 nudgeMsg=no
[2026-08-01T11:20:25.548Z] LiveUpdateForge: EndTurn fallback flush
[2026-08-01T11:20:25.548Z] onEndTurn: naturalStop=false toolCalls=1 nudgeMsg=no
[2026-08-01T11:20:25.574Z] LiveUpdateForge: AfterToolExec flush
[2026-08-01T11:20:25.587Z] LiveUpdateForge: AfterToolExec flush
[2026-08-01T11:20:25.593Z] LiveUpdateForge: AfterToolExec flush
[2026-08-01T11:20:25.617Z] InitialReadForge.onBeforeSend: SKIP (fr=true syn=false hasRead=true)
[2026-08-01T11:20:34.637Z] LiveUpdateForge: EndTurn fallback flush
[2026-08-01T11:20:34.637Z] onEndTurn: naturalStop=undefined toolCalls=4 nudgeMsg=no
[2026-08-01T11:20:34.638Z] LiveUpdateForge: EndTurn fallback flush
[2026-08-01T11:20:34.638Z] onEndTurn: naturalStop=false toolCalls=4 nudgeMsg=no
[2026-08-01T11:20:44.357Z] LiveUpdateForge: AfterToolExec flush
[2026-08-01T11:20:44.388Z] InitialReadForge.onBeforeSend: SKIP (fr=true syn=false hasRead=true)
[2026-08-01T11:21:15.691Z] LiveUpdateForge: EndTurn fallback flush
[2026-08-01T11:21:15.692Z] onEndTurn: naturalStop=undefined toolCalls=11 nudgeMsg=no
[2026-08-01T11:21:15.692Z] LiveUpdateForge: EndTurn fallback flush
[2026-08-01T11:21:15.692Z] onEndTurn: naturalStop=false toolCalls=11 nudgeMsg=no
[2026-08-01T11:21:15.794Z] LiveUpdateForge: AfterToolExec flush
[2026-08-01T11:21:15.827Z] InitialReadForge.onBeforeSend: SKIP (fr=true syn=false hasRead=true)
[2026-08-01T11:21:17.413Z] LiveUpdateForge: EndTurn fallback flush
[2026-08-01T11:21:17.413Z] onEndTurn: naturalStop=undefined toolCalls=12 nudgeMsg=no
[2026-08-01T11:21:17.413Z] LiveUpdateForge: EndTurn fallback flush
[2026-08-01T11:21:17.414Z] onEndTurn: naturalStop=false toolCalls=12 nudgeMsg=no
[2026-08-01T11:21:17.470Z] LiveUpdateForge: AfterToolExec flush
[2026-08-01T11:21:17.510Z] InitialReadForge.onBeforeSend: SKIP (fr=true syn=false hasRead=true)
[2026-08-01T11:22:21.655Z] LiveUpdateForge: AfterToolExec flush
[2026-08-01T11:22:21.687Z] InitialReadForge.onBeforeSend: SKIP (fr=true syn=false hasRead=true)
[2026-08-01T11:22:27.180Z] LiveUpdateForge: EndTurn fallback flush
[2026-08-01T11:22:27.181Z] onEndTurn: naturalStop=undefined toolCalls=13 nudgeMsg=no
[2026-08-01T11:22:27.181Z] LiveUpdateForge: EndTurn fallback flush
[2026-08-01T11:22:27.181Z] onEndTurn: naturalStop=false toolCalls=13 nudgeMsg=no
[2026-08-01T11:22:27.193Z] LiveUpdateForge: AfterToolExec flush
[2026-08-01T11:22:27.194Z] LiveUpdateForge: AfterToolExec flush
[2026-08-01T11:22:27.241Z] InitialReadForge.onBeforeSend: SKIP (fr=true syn=false hasRead=true)
[2026-08-01T11:22:28.916Z] MemoryForge: attached 5 listener(s)
[2026-08-01T11:22:28.916Z] InitialReadForge: armed one-shot BeforeSend after NewSessionStart
[2026-08-01T11:22:28.916Z] LiveUpdateForge: session reset, allowLiveUpdate = false
[2026-08-01T11:22:31.411Z] LiveUpdateForge: EndTurn fallback flush
[2026-08-01T11:22:31.411Z] onEndTurn: naturalStop=undefined toolCalls=15 nudgeMsg=no
[2026-08-01T11:22:31.412Z] LiveUpdateForge: EndTurn fallback flush
[2026-08-01T11:22:31.412Z] onEndTurn: naturalStop=false toolCalls=15 nudgeMsg=no
[2026-08-01T11:22:31.419Z] LiveUpdateForge: AfterToolExec flush
[2026-08-01T11:22:31.458Z] InitialReadForge.onBeforeSend: SKIP (fr=true syn=false hasRead=true)
[2026-08-01T11:22:32.320Z] LiveUpdateForge: EndTurn fallback flush
[2026-08-01T11:22:32.320Z] onEndTurn: naturalStop=undefined toolCalls=5 nudgeMsg=no
[2026-08-01T11:22:32.320Z] LiveUpdateForge: EndTurn fallback flush
[2026-08-01T11:22:32.321Z] onEndTurn: naturalStop=true toolCalls=5 nudgeMsg=no
[2026-08-01T11:22:34.574Z] LiveUpdateForge: EndTurn fallback flush
[2026-08-01T11:22:34.574Z] onEndTurn: naturalStop=undefined toolCalls=16 nudgeMsg=no
[2026-08-01T11:22:34.575Z] LiveUpdateForge: EndTurn fallback flush
[2026-08-01T11:22:34.575Z] onEndTurn: naturalStop=false toolCalls=16 nudgeMsg=no
[2026-08-01T11:22:34.583Z] LiveUpdateForge: AfterToolExec flush
[2026-08-01T11:22:34.631Z] InitialReadForge.onBeforeSend: SKIP (fr=true syn=false hasRead=true)
[2026-08-01T11:23:05.104Z] MemoryForge: attached 5 listener(s)
[2026-08-01T11:23:05.104Z] InitialReadForge: armed one-shot BeforeSend after NewSessionStart
[2026-08-01T11:23:05.104Z] LiveUpdateForge: session reset, allowLiveUpdate = false
[2026-08-01T11:23:05.105Z] MemoryForge: detached all listeners
[2026-08-01T11:23:05.105Z] ResumeDiffForge: no read_memory in history, backfilling forge
[2026-08-01T11:23:05.247Z] recordForgedToolExchange: toolName=read_memory callId=resume-forge-read-memory-backfill
[2026-08-01T11:23:05.284Z] recordForgedToolExchange: recordMessage + recordToolCalls persisted
[2026-08-01T11:23:05.284Z] injectForgedHistory: role=user preview=""
[2026-08-01T11:23:05.301Z] injectForgedHistory: recordMessage persisted
[2026-08-01T11:23:05.306Z] ResumeDiffForge: backfilled read_memory and baseline for 2 raw + 2 provider file(s)
[2026-08-01T11:23:05.306Z] LiveUpdateForge: session reset, allowLiveUpdate = false
[2026-08-01T11:23:05.307Z] NudgeForge: ResumeComplete — restoring count from history
[2026-08-01T11:23:05.307Z] restoreNudgeCountFromHistory: no reset point found, count=0
[2026-08-01T11:23:05.327Z] LiveUpdateForge: allowLiveUpdate = true (first real BeforeSend)
[2026-08-01T11:23:05.327Z] InitialReadForge.onBeforeSend: SKIP (fr=false syn=false hasRead=true)
[2026-08-01T11:23:09.455Z] LiveUpdateForge: EndTurn fallback flush
[2026-08-01T11:23:09.456Z] onEndTurn: naturalStop=undefined toolCalls=0 nudgeMsg=no
[2026-08-01T11:23:09.456Z] LiveUpdateForge: EndTurn fallback flush
[2026-08-01T11:23:09.456Z] onEndTurn: naturalStop=false toolCalls=0 nudgeMsg=no
[2026-08-01T11:23:09.508Z] LiveUpdateForge: AfterToolExec flush
[2026-08-01T11:23:09.528Z] InitialReadForge.onBeforeSend: SKIP (fr=true syn=false hasRead=true)
[2026-08-01T11:23:21.214Z] LiveUpdateForge: EndTurn fallback flush
[2026-08-01T11:23:21.215Z] onEndTurn: naturalStop=undefined toolCalls=1 nudgeMsg=no
[2026-08-01T11:23:21.215Z] LiveUpdateForge: EndTurn fallback flush
[2026-08-01T11:23:21.216Z] onEndTurn: naturalStop=false toolCalls=1 nudgeMsg=no
[2026-08-01T11:23:21.237Z] LiveUpdateForge: AfterToolExec flush
[2026-08-01T11:23:21.264Z] InitialReadForge.onBeforeSend: SKIP (fr=true syn=false hasRead=true)
[2026-08-01T11:23:25.812Z] LiveUpdateForge: EndTurn fallback flush
[2026-08-01T11:23:25.813Z] onEndTurn: naturalStop=undefined toolCalls=2 nudgeMsg=no
[2026-08-01T11:23:25.813Z] LiveUpdateForge: EndTurn fallback flush
[2026-08-01T11:23:25.813Z] onEndTurn: naturalStop=false toolCalls=2 nudgeMsg=no
[2026-08-01T11:23:30.152Z] LiveUpdateForge: EndTurn fallback flush
[2026-08-01T11:23:30.153Z] onEndTurn: naturalStop=undefined toolCalls=17 nudgeMsg=no
[2026-08-01T11:23:30.153Z] LiveUpdateForge: EndTurn fallback flush
[2026-08-01T11:23:30.153Z] onEndTurn: naturalStop=false toolCalls=17 nudgeMsg=no
[2026-08-01T11:23:30.185Z] LiveUpdateForge: AfterToolExec flush
[2026-08-01T11:23:30.232Z] InitialReadForge.onBeforeSend: SKIP (fr=true syn=false hasRead=true)
[2026-08-01T11:23:34.944Z] LiveUpdateForge: EndTurn fallback flush
[2026-08-01T11:23:34.945Z] onEndTurn: naturalStop=undefined toolCalls=18 nudgeMsg=no
[2026-08-01T11:23:34.945Z] LiveUpdateForge: EndTurn fallback flush
[2026-08-01T11:23:34.945Z] onEndTurn: naturalStop=false toolCalls=18 nudgeMsg=no
[2026-08-01T11:23:35.010Z] LiveUpdateForge: AfterToolExec flush
[2026-08-01T11:23:35.767Z] LiveUpdateForge: AfterToolExec flush
[2026-08-01T11:23:36.856Z] LiveUpdateForge: AfterToolExec flush
[2026-08-01T11:23:36.898Z] InitialReadForge.onBeforeSend: SKIP (fr=true syn=false hasRead=true)
[2026-08-01T11:23:41.190Z] LiveUpdateForge: EndTurn fallback flush
[2026-08-01T11:23:41.190Z] onEndTurn: naturalStop=undefined toolCalls=21 nudgeMsg=no
[2026-08-01T11:23:41.190Z] LiveUpdateForge: EndTurn fallback flush
[2026-08-01T11:23:41.191Z] onEndTurn: naturalStop=false toolCalls=21 nudgeMsg=no
[2026-08-01T11:23:41.488Z] LiveUpdateForge: AfterToolExec flush
[2026-08-01T11:23:42.368Z] LiveUpdateForge: AfterToolExec flush
[2026-08-01T11:23:42.414Z] InitialReadForge.onBeforeSend: SKIP (fr=true syn=false hasRead=true)
[2026-08-01T11:23:46.343Z] LiveUpdateForge: EndTurn fallback flush
[2026-08-01T11:23:46.343Z] onEndTurn: naturalStop=undefined toolCalls=23 nudgeMsg=no
[2026-08-01T11:23:46.343Z] LiveUpdateForge: EndTurn fallback flush
[2026-08-01T11:23:46.343Z] onEndTurn: naturalStop=false toolCalls=23 nudgeMsg=no
[2026-08-01T11:23:46.351Z] LiveUpdateForge: AfterToolExec flush
[2026-08-01T11:23:46.392Z] InitialReadForge.onBeforeSend: SKIP (fr=true syn=false hasRead=true)
[2026-08-01T11:23:50.030Z] LiveUpdateForge: EndTurn fallback flush
[2026-08-01T11:23:50.031Z] onEndTurn: naturalStop=undefined toolCalls=24 nudgeMsg=no
[2026-08-01T11:23:50.031Z] LiveUpdateForge: EndTurn fallback flush
[2026-08-01T11:23:50.031Z] onEndTurn: naturalStop=false toolCalls=24 nudgeMsg=no
[2026-08-01T11:23:51.187Z] LiveUpdateForge: AfterToolExec flush
[2026-08-01T11:23:51.232Z] InitialReadForge.onBeforeSend: SKIP (fr=true syn=false hasRead=true)
[2026-08-01T11:24:00.504Z] LiveUpdateForge: EndTurn fallback flush
[2026-08-01T11:24:00.505Z] onEndTurn: naturalStop=undefined toolCalls=25 nudgeMsg=no
[2026-08-01T11:24:00.505Z] LiveUpdateForge: EndTurn fallback flush
[2026-08-01T11:24:00.505Z] onEndTurn: naturalStop=false toolCalls=25 nudgeMsg=no
[2026-08-01T11:24:00.517Z] LiveUpdateForge: AfterToolExec flush
[2026-08-01T11:24:00.562Z] InitialReadForge.onBeforeSend: SKIP (fr=true syn=false hasRead=true)
[2026-08-01T11:24:04.369Z] LiveUpdateForge: EndTurn fallback flush
[2026-08-01T11:24:04.369Z] onEndTurn: naturalStop=undefined toolCalls=26 nudgeMsg=no
[2026-08-01T11:24:04.370Z] LiveUpdateForge: EndTurn fallback flush
[2026-08-01T11:24:04.370Z] onEndTurn: naturalStop=false toolCalls=26 nudgeMsg=no
[2026-08-01T11:24:04.381Z] LiveUpdateForge: AfterToolExec flush
[2026-08-01T11:24:04.430Z] InitialReadForge.onBeforeSend: SKIP (fr=true syn=false hasRead=true)
[2026-08-01T11:24:07.353Z] LiveUpdateForge: EndTurn fallback flush
[2026-08-01T11:24:07.353Z] onEndTurn: naturalStop=undefined toolCalls=27 nudgeMsg=no
[2026-08-01T11:24:07.354Z] LiveUpdateForge: EndTurn fallback flush
[2026-08-01T11:24:07.354Z] onEndTurn: naturalStop=false toolCalls=27 nudgeMsg=no
[2026-08-01T11:24:07.362Z] LiveUpdateForge: AfterToolExec flush
[2026-08-01T11:24:07.405Z] InitialReadForge.onBeforeSend: SKIP (fr=true syn=false hasRead=true)
[2026-08-01T11:24:08.140Z] ResumeDiffForge: running checkResumeConsistency
[2026-08-01T11:24:08.141Z] checkResumeConsistency: forgedTimestamps=[]
[2026-08-01T11:24:08.149Z] checkResumeConsistency: no changes detected
[2026-08-01T11:24:08.149Z] LiveUpdateForge: session reset, allowLiveUpdate = false
[2026-08-01T11:24:08.149Z] NudgeForge: ResumeComplete — restoring count from history
[2026-08-01T11:24:08.150Z] restoreNudgeCountFromHistory: no reset point found, count=5
[2026-08-01T11:24:08.176Z] LiveUpdateForge: allowLiveUpdate = true (first real BeforeSend)
[2026-08-01T11:24:08.177Z] InitialReadForge.onBeforeSend: SKIP (fr=false syn=false hasRead=true)
[2026-08-01T11:24:09.951Z] LiveUpdateForge: EndTurn fallback flush
[2026-08-01T11:24:09.952Z] onEndTurn: naturalStop=undefined toolCalls=28 nudgeMsg=no
[2026-08-01T11:24:09.952Z] LiveUpdateForge: EndTurn fallback flush
[2026-08-01T11:24:09.952Z] onEndTurn: naturalStop=false toolCalls=28 nudgeMsg=no
[2026-08-01T11:24:10.103Z] LiveUpdateForge: AfterToolExec flush
[2026-08-01T11:24:10.148Z] InitialReadForge.onBeforeSend: SKIP (fr=true syn=false hasRead=true)
[2026-08-01T11:24:17.347Z] LiveUpdateForge: EndTurn fallback flush
[2026-08-01T11:24:17.347Z] onEndTurn: naturalStop=undefined toolCalls=5 nudgeMsg=no
[2026-08-01T11:24:17.347Z] LiveUpdateForge: EndTurn fallback flush
[2026-08-01T11:24:17.348Z] onEndTurn: naturalStop=false toolCalls=5 nudgeMsg=no
[2026-08-01T11:24:24.879Z] LiveUpdateForge: EndTurn fallback flush
[2026-08-01T11:24:24.880Z] onEndTurn: naturalStop=undefined toolCalls=29 nudgeMsg=no
[2026-08-01T11:24:24.880Z] LiveUpdateForge: EndTurn fallback flush
[2026-08-01T11:24:24.881Z] onEndTurn: naturalStop=false toolCalls=29 nudgeMsg=no
[2026-08-01T11:24:24.955Z] LiveUpdateForge: AfterToolExec flush
[2026-08-01T11:24:25.032Z] InitialReadForge.onBeforeSend: SKIP (fr=true syn=false hasRead=true)
[2026-08-01T11:24:33.275Z] LiveUpdateForge: EndTurn fallback flush
[2026-08-01T11:24:33.276Z] onEndTurn: naturalStop=undefined toolCalls=30 nudgeMsg=no
[2026-08-01T11:24:33.276Z] LiveUpdateForge: EndTurn fallback flush
[2026-08-01T11:24:33.276Z] onEndTurn: naturalStop=false toolCalls=30 nudgeMsg=no
[2026-08-01T11:24:33.300Z] LiveUpdateForge: AfterToolExec flush
[2026-08-01T11:24:33.351Z] InitialReadForge.onBeforeSend: SKIP (fr=true syn=false hasRead=true)
[2026-08-01T11:24:37.237Z] MemoryForge: attached 5 listener(s)
[2026-08-01T11:24:37.238Z] InitialReadForge: armed one-shot BeforeSend after NewSessionStart
[2026-08-01T11:24:37.238Z] LiveUpdateForge: session reset, allowLiveUpdate = false
[2026-08-01T11:24:40.883Z] LiveUpdateForge: EndTurn fallback flush
[2026-08-01T11:24:40.883Z] onEndTurn: naturalStop=undefined toolCalls=31 nudgeMsg=no
[2026-08-01T11:24:40.883Z] LiveUpdateForge: EndTurn fallback flush
[2026-08-01T11:24:40.884Z] onEndTurn: naturalStop=false toolCalls=31 nudgeMsg=no
[2026-08-01T11:24:40.904Z] LiveUpdateForge: AfterToolExec flush
[2026-08-01T11:24:40.952Z] InitialReadForge.onBeforeSend: SKIP (fr=true syn=false hasRead=true)
[2026-08-01T11:24:45.259Z] LiveUpdateForge: EndTurn fallback flush
[2026-08-01T11:24:45.260Z] onEndTurn: naturalStop=undefined toolCalls=32 nudgeMsg=no
[2026-08-01T11:24:45.260Z] LiveUpdateForge: EndTurn fallback flush
[2026-08-01T11:24:45.260Z] onEndTurn: naturalStop=false toolCalls=32 nudgeMsg=no
[2026-08-01T11:24:45.285Z] LiveUpdateForge: AfterToolExec flush
[2026-08-01T11:24:45.327Z] InitialReadForge.onBeforeSend: SKIP (fr=true syn=false hasRead=true)
[2026-08-01T11:24:59.132Z] LiveUpdateForge: EndTurn fallback flush
[2026-08-01T11:24:59.132Z] onEndTurn: naturalStop=undefined toolCalls=33 nudgeMsg=no
[2026-08-01T11:24:59.133Z] LiveUpdateForge: EndTurn fallback flush
[2026-08-01T11:24:59.133Z] onEndTurn: naturalStop=false toolCalls=33 nudgeMsg=no
[2026-08-01T11:24:59.200Z] LiveUpdateForge: AfterToolExec flush
[2026-08-01T11:24:59.201Z] LiveUpdateForge: AfterToolExec flush
[2026-08-01T11:24:59.203Z] LiveUpdateForge: AfterToolExec flush
[2026-08-01T11:24:59.203Z] LiveUpdateForge: AfterToolExec flush
[2026-08-01T11:24:59.203Z] LiveUpdateForge: AfterToolExec flush
[2026-08-01T11:24:59.204Z] LiveUpdateForge: AfterToolExec flush
[2026-08-01T11:24:59.259Z] InitialReadForge.onBeforeSend: SKIP (fr=true syn=false hasRead=true)
[2026-08-01T11:25:02.877Z] LiveUpdateForge: EndTurn fallback flush
[2026-08-01T11:25:02.877Z] onEndTurn: naturalStop=undefined toolCalls=39 nudgeMsg=no
[2026-08-01T11:25:02.878Z] LiveUpdateForge: EndTurn fallback flush
[2026-08-01T11:25:02.878Z] onEndTurn: naturalStop=false toolCalls=39 nudgeMsg=no
[2026-08-01T11:25:02.884Z] LiveUpdateForge: AfterToolExec flush
[2026-08-01T11:25:02.885Z] LiveUpdateForge: AfterToolExec flush
[2026-08-01T11:25:02.944Z] InitialReadForge.onBeforeSend: SKIP (fr=true syn=false hasRead=true)
[2026-08-01T11:25:10.163Z] LiveUpdateForge: EndTurn fallback flush
[2026-08-01T11:25:10.163Z] onEndTurn: naturalStop=undefined toolCalls=41 nudgeMsg=no
[2026-08-01T11:25:10.163Z] LiveUpdateForge: EndTurn fallback flush
[2026-08-01T11:25:10.163Z] onEndTurn: naturalStop=false toolCalls=41 nudgeMsg=no
[2026-08-01T11:25:10.172Z] LiveUpdateForge: AfterToolExec flush
[2026-08-01T11:25:10.174Z] LiveUpdateForge: AfterToolExec flush
[2026-08-01T11:25:10.176Z] LiveUpdateForge: AfterToolExec flush
[2026-08-01T11:25:10.220Z] InitialReadForge.onBeforeSend: SKIP (fr=true syn=false hasRead=true)
[2026-08-01T11:25:11.149Z] LiveUpdateForge: AfterToolExec flush
[2026-08-01T11:25:11.182Z] InitialReadForge.onBeforeSend: SKIP (fr=true syn=false hasRead=true)
[2026-08-01T11:25:12.597Z] LiveUpdateForge: EndTurn fallback flush
[2026-08-01T11:25:12.597Z] onEndTurn: naturalStop=false toolCalls=44 nudgeMsg=no
[2026-08-01T11:25:57.990Z] ResumeDiffForge: running checkResumeConsistency
[2026-08-01T11:25:57.991Z] checkResumeConsistency: forgedTimestamps=[]
[2026-08-01T11:25:57.998Z] checkResumeConsistency: no changes detected
[2026-08-01T11:25:57.999Z] LiveUpdateForge: session reset, allowLiveUpdate = false
[2026-08-01T11:25:57.999Z] NudgeForge: ResumeComplete — restoring count from history
[2026-08-01T11:25:58.000Z] restoreNudgeCountFromHistory: no reset point found, count=44
[2026-08-01T11:25:58.035Z] LiveUpdateForge: allowLiveUpdate = true (first real BeforeSend)
[2026-08-01T11:25:58.036Z] InitialReadForge.onBeforeSend: SKIP (fr=false syn=false hasRead=true)
[2026-08-01T11:26:26.420Z] LiveUpdateForge: EndTurn fallback flush
[2026-08-01T11:26:26.421Z] onEndTurn: naturalStop=undefined toolCalls=3 nudgeMsg=no
[2026-08-01T11:26:26.421Z] LiveUpdateForge: EndTurn fallback flush
[2026-08-01T11:26:26.421Z] onEndTurn: naturalStop=false toolCalls=3 nudgeMsg=no
[2026-08-01T11:26:26.437Z] LiveUpdateForge: AfterToolExec flush
[2026-08-01T11:26:26.580Z] LiveUpdateForge: AfterToolExec flush
[2026-08-01T11:26:26.606Z] InitialReadForge.onBeforeSend: SKIP (fr=true syn=false hasRead=true)
[2026-08-01T11:26:36.489Z] LiveUpdateForge: EndTurn fallback flush
[2026-08-01T11:26:36.489Z] onEndTurn: naturalStop=undefined toolCalls=5 nudgeMsg=no
[2026-08-01T11:26:36.490Z] LiveUpdateForge: EndTurn fallback flush
[2026-08-01T11:26:36.490Z] onEndTurn: naturalStop=false toolCalls=5 nudgeMsg=no
[2026-08-01T11:26:36.497Z] LiveUpdateForge: AfterToolExec flush
[2026-08-01T11:26:36.498Z] LiveUpdateForge: AfterToolExec flush
[2026-08-01T11:26:36.527Z] InitialReadForge.onBeforeSend: SKIP (fr=true syn=false hasRead=true)
[2026-08-01T11:26:39.570Z] LiveUpdateForge: EndTurn fallback flush
[2026-08-01T11:26:39.571Z] onEndTurn: naturalStop=undefined toolCalls=7 nudgeMsg=no
[2026-08-01T11:26:39.571Z] LiveUpdateForge: EndTurn fallback flush
[2026-08-01T11:26:39.572Z] onEndTurn: naturalStop=false toolCalls=7 nudgeMsg=no
[2026-08-01T11:26:39.579Z] LiveUpdateForge: AfterToolExec flush
[2026-08-01T11:26:39.580Z] LiveUpdateForge: AfterToolExec flush
[2026-08-01T11:26:39.610Z] InitialReadForge.onBeforeSend: SKIP (fr=true syn=false hasRead=true)
[2026-08-01T11:26:47.528Z] LiveUpdateForge: EndTurn fallback flush
[2026-08-01T11:26:47.528Z] onEndTurn: naturalStop=undefined toolCalls=9 nudgeMsg=no
[2026-08-01T11:26:47.529Z] LiveUpdateForge: EndTurn fallback flush
[2026-08-01T11:26:47.529Z] onEndTurn: naturalStop=false toolCalls=9 nudgeMsg=no
[2026-08-01T11:26:47.541Z] LiveUpdateForge: AfterToolExec flush
[2026-08-01T11:26:47.768Z] LiveUpdateForge: AfterToolExec flush
[2026-08-01T11:26:47.790Z] InitialReadForge.onBeforeSend: SKIP (fr=true syn=false hasRead=true)
[2026-08-01T11:26:51.124Z] LiveUpdateForge: EndTurn fallback flush
[2026-08-01T11:26:51.124Z] onEndTurn: naturalStop=undefined toolCalls=11 nudgeMsg=no
[2026-08-01T11:26:51.124Z] LiveUpdateForge: EndTurn fallback flush
[2026-08-01T11:26:51.125Z] onEndTurn: naturalStop=false toolCalls=11 nudgeMsg=no
[2026-08-01T11:26:51.134Z] LiveUpdateForge: AfterToolExec flush
[2026-08-01T11:26:51.168Z] LiveUpdateForge: AfterToolExec flush
[2026-08-01T11:26:51.193Z] InitialReadForge.onBeforeSend: SKIP (fr=true syn=false hasRead=true)
[2026-08-01T11:26:56.011Z] LiveUpdateForge: EndTurn fallback flush
[2026-08-01T11:26:56.012Z] onEndTurn: naturalStop=undefined toolCalls=13 nudgeMsg=no
[2026-08-01T11:26:56.012Z] LiveUpdateForge: EndTurn fallback flush
[2026-08-01T11:26:56.012Z] onEndTurn: naturalStop=false toolCalls=13 nudgeMsg=no
[2026-08-01T11:26:56.057Z] LiveUpdateForge: AfterToolExec flush
[2026-08-01T11:26:56.087Z] InitialReadForge.onBeforeSend: SKIP (fr=true syn=false hasRead=true)
[2026-08-01T11:27:00.704Z] LiveUpdateForge: EndTurn fallback flush
[2026-08-01T11:27:00.704Z] onEndTurn: naturalStop=undefined toolCalls=14 nudgeMsg=no
[2026-08-01T11:27:00.704Z] LiveUpdateForge: EndTurn fallback flush
[2026-08-01T11:27:00.705Z] onEndTurn: naturalStop=false toolCalls=14 nudgeMsg=no
[2026-08-01T11:27:01.132Z] LiveUpdateForge: AfterToolExec flush
[2026-08-01T11:27:01.133Z] LiveUpdateForge: AfterToolExec flush
[2026-08-01T11:27:01.162Z] InitialReadForge.onBeforeSend: SKIP (fr=true syn=false hasRead=true)
[2026-08-01T11:27:03.655Z] LiveUpdateForge: EndTurn fallback flush
[2026-08-01T11:27:03.656Z] onEndTurn: naturalStop=undefined toolCalls=16 nudgeMsg=no
[2026-08-01T11:27:03.656Z] LiveUpdateForge: EndTurn fallback flush
[2026-08-01T11:27:03.656Z] onEndTurn: naturalStop=false toolCalls=16 nudgeMsg=no
[2026-08-01T11:27:04.391Z] LiveUpdateForge: AfterToolExec flush
[2026-08-01T11:27:04.392Z] LiveUpdateForge: AfterToolExec flush
[2026-08-01T11:27:04.419Z] InitialReadForge.onBeforeSend: SKIP (fr=true syn=false hasRead=true)
[2026-08-01T11:27:05.334Z] LiveUpdateForge: EndTurn fallback flush
[2026-08-01T11:27:05.335Z] onEndTurn: naturalStop=undefined toolCalls=44 nudgeMsg=no
[2026-08-01T11:27:05.335Z] LiveUpdateForge: EndTurn fallback flush
[2026-08-01T11:27:05.335Z] onEndTurn: naturalStop=false toolCalls=44 nudgeMsg=no
[2026-08-01T11:27:05.349Z] LiveUpdateForge: AfterToolExec flush
[2026-08-01T11:27:05.380Z] InitialReadForge.onBeforeSend: SKIP (fr=true syn=false hasRead=true)
[2026-08-01T11:27:08.343Z] LiveUpdateForge: EndTurn fallback flush
[2026-08-01T11:27:08.343Z] onEndTurn: naturalStop=undefined toolCalls=18 nudgeMsg=no
[2026-08-01T11:27:08.343Z] LiveUpdateForge: EndTurn fallback flush
[2026-08-01T11:27:08.344Z] onEndTurn: naturalStop=false toolCalls=18 nudgeMsg=no
[2026-08-01T11:27:08.352Z] LiveUpdateForge: AfterToolExec flush
[2026-08-01T11:27:08.382Z] InitialReadForge.onBeforeSend: SKIP (fr=true syn=false hasRead=true)
[2026-08-01T11:27:11.987Z] LiveUpdateForge: EndTurn fallback flush
[2026-08-01T11:27:11.987Z] onEndTurn: naturalStop=undefined toolCalls=19 nudgeMsg=no
[2026-08-01T11:27:11.987Z] LiveUpdateForge: EndTurn fallback flush
[2026-08-01T11:27:11.988Z] onEndTurn: naturalStop=false toolCalls=19 nudgeMsg=no
[2026-08-01T11:27:11.997Z] LiveUpdateForge: AfterToolExec flush
[2026-08-01T11:27:12.026Z] InitialReadForge.onBeforeSend: SKIP (fr=true syn=false hasRead=true)
[2026-08-01T11:27:14.911Z] LiveUpdateForge: EndTurn fallback flush
[2026-08-01T11:27:14.911Z] onEndTurn: naturalStop=undefined toolCalls=45 nudgeMsg=no
[2026-08-01T11:27:14.911Z] LiveUpdateForge: EndTurn fallback flush
[2026-08-01T11:27:14.912Z] onEndTurn: naturalStop=false toolCalls=45 nudgeMsg=no
[2026-08-01T11:27:14.967Z] LiveUpdateForge: AfterToolExec flush
[2026-08-01T11:27:14.999Z] InitialReadForge.onBeforeSend: SKIP (fr=true syn=false hasRead=true)
[2026-08-01T11:27:20.503Z] LiveUpdateForge: EndTurn fallback flush
[2026-08-01T11:27:20.503Z] onEndTurn: naturalStop=undefined toolCalls=46 nudgeMsg=no
[2026-08-01T11:27:20.503Z] LiveUpdateForge: EndTurn fallback flush
[2026-08-01T11:27:20.503Z] onEndTurn: naturalStop=false toolCalls=46 nudgeMsg=no
[2026-08-01T11:27:20.518Z] LiveUpdateForge: AfterToolExec flush
[2026-08-01T11:27:20.545Z] InitialReadForge.onBeforeSend: SKIP (fr=true syn=false hasRead=true)
[2026-08-01T11:27:24.861Z] LiveUpdateForge: EndTurn fallback flush
[2026-08-01T11:27:24.861Z] onEndTurn: naturalStop=undefined toolCalls=47 nudgeMsg=no
[2026-08-01T11:27:24.862Z] LiveUpdateForge: EndTurn fallback flush
[2026-08-01T11:27:24.862Z] onEndTurn: naturalStop=false toolCalls=47 nudgeMsg=no
[2026-08-01T11:27:24.870Z] LiveUpdateForge: AfterToolExec flush
[2026-08-01T11:27:24.901Z] InitialReadForge.onBeforeSend: SKIP (fr=true syn=false hasRead=true)
[2026-08-01T11:27:28.430Z] LiveUpdateForge: EndTurn fallback flush
[2026-08-01T11:27:28.430Z] onEndTurn: naturalStop=undefined toolCalls=48 nudgeMsg=no
[2026-08-01T11:27:28.431Z] LiveUpdateForge: EndTurn fallback flush
[2026-08-01T11:27:28.431Z] onEndTurn: naturalStop=false toolCalls=48 nudgeMsg=no
[2026-08-01T11:27:28.440Z] LiveUpdateForge: AfterToolExec flush
[2026-08-01T11:27:28.478Z] InitialReadForge.onBeforeSend: SKIP (fr=true syn=false hasRead=true)
[2026-08-01T11:27:32.610Z] LiveUpdateForge: EndTurn fallback flush
[2026-08-01T11:27:32.610Z] onEndTurn: naturalStop=undefined toolCalls=49 nudgeMsg=no
[2026-08-01T11:27:32.610Z] LiveUpdateForge: EndTurn fallback flush
[2026-08-01T11:27:32.611Z] onEndTurn: naturalStop=false toolCalls=49 nudgeMsg=no
[2026-08-01T11:27:32.627Z] LiveUpdateForge: AfterToolExec flush
[2026-08-01T11:27:32.657Z] InitialReadForge.onBeforeSend: SKIP (fr=true syn=false hasRead=true)
[2026-08-01T11:27:35.157Z] LiveUpdateForge: EndTurn fallback flush
[2026-08-01T11:27:35.158Z] onEndTurn: naturalStop=undefined toolCalls=50 nudgeMsg=no
[2026-08-01T11:27:35.158Z] LiveUpdateForge: EndTurn fallback flush
[2026-08-01T11:27:35.158Z] onEndTurn: naturalStop=false toolCalls=50 nudgeMsg=no
[2026-08-01T11:27:35.163Z] LiveUpdateForge: AfterToolExec flush
[2026-08-01T11:27:35.216Z] InitialReadForge.onBeforeSend: SKIP (fr=true syn=false hasRead=true)
[2026-08-01T11:27:45.567Z] LiveUpdateForge: EndTurn fallback flush
[2026-08-01T11:27:45.567Z] onEndTurn: naturalStop=undefined toolCalls=51 nudgeMsg=no
[2026-08-01T11:27:45.568Z] LiveUpdateForge: EndTurn fallback flush
[2026-08-01T11:27:45.568Z] onEndTurn: naturalStop=false toolCalls=51 nudgeMsg=no
[2026-08-01T11:27:45.650Z] LiveUpdateForge: AfterToolExec flush
[2026-08-01T11:27:45.687Z] InitialReadForge.onBeforeSend: SKIP (fr=true syn=false hasRead=true)
[2026-08-01T11:27:48.290Z] LiveUpdateForge: EndTurn fallback flush
[2026-08-01T11:27:48.290Z] onEndTurn: naturalStop=undefined toolCalls=52 nudgeMsg=no
[2026-08-01T11:27:48.290Z] LiveUpdateForge: EndTurn fallback flush
[2026-08-01T11:27:48.291Z] onEndTurn: naturalStop=false toolCalls=52 nudgeMsg=no
[2026-08-01T11:27:48.346Z] LiveUpdateForge: AfterToolExec flush
[2026-08-01T11:27:48.378Z] InitialReadForge.onBeforeSend: SKIP (fr=true syn=false hasRead=true)
[2026-08-01T11:27:51.637Z] LiveUpdateForge: EndTurn fallback flush
[2026-08-01T11:27:51.637Z] onEndTurn: naturalStop=undefined toolCalls=53 nudgeMsg=no
[2026-08-01T11:27:51.637Z] LiveUpdateForge: EndTurn fallback flush
[2026-08-01T11:27:51.637Z] onEndTurn: naturalStop=false toolCalls=53 nudgeMsg=no
[2026-08-01T11:27:51.650Z] LiveUpdateForge: AfterToolExec flush
[2026-08-01T11:27:51.679Z] InitialReadForge.onBeforeSend: SKIP (fr=true syn=false hasRead=true)
[2026-08-01T11:27:55.330Z] LiveUpdateForge: EndTurn fallback flush
[2026-08-01T11:27:55.331Z] onEndTurn: naturalStop=undefined toolCalls=54 nudgeMsg=no
[2026-08-01T11:27:55.331Z] LiveUpdateForge: EndTurn fallback flush
[2026-08-01T11:27:55.331Z] onEndTurn: naturalStop=false toolCalls=54 nudgeMsg=no
[2026-08-01T11:27:55.349Z] LiveUpdateForge: AfterToolExec flush
[2026-08-01T11:27:55.385Z] InitialReadForge.onBeforeSend: SKIP (fr=true syn=false hasRead=true)
[2026-08-01T11:28:00.127Z] LiveUpdateForge: EndTurn fallback flush
[2026-08-01T11:28:00.127Z] onEndTurn: naturalStop=undefined toolCalls=55 nudgeMsg=no
[2026-08-01T11:28:00.128Z] LiveUpdateForge: EndTurn fallback flush
[2026-08-01T11:28:00.128Z] onEndTurn: naturalStop=false toolCalls=55 nudgeMsg=no
[2026-08-01T11:28:00.144Z] LiveUpdateForge: AfterToolExec flush
[2026-08-01T11:28:00.174Z] InitialReadForge.onBeforeSend: SKIP (fr=true syn=false hasRead=true)
[2026-08-01T11:28:01.078Z] LiveUpdateForge: EndTurn fallback flush
[2026-08-01T11:28:01.079Z] onEndTurn: naturalStop=undefined toolCalls=20 nudgeMsg=no
[2026-08-01T11:28:01.079Z] LiveUpdateForge: EndTurn fallback flush
[2026-08-01T11:28:01.079Z] onEndTurn: naturalStop=false toolCalls=20 nudgeMsg=no
[2026-08-01T11:28:01.084Z] LiveUpdateForge: AfterToolExec flush
[2026-08-01T11:28:01.116Z] InitialReadForge.onBeforeSend: SKIP (fr=true syn=false hasRead=true)
[2026-08-01T11:28:03.361Z] LiveUpdateForge: EndTurn fallback flush
[2026-08-01T11:28:03.362Z] onEndTurn: naturalStop=undefined toolCalls=56 nudgeMsg=no
[2026-08-01T11:28:03.362Z] LiveUpdateForge: EndTurn fallback flush
[2026-08-01T11:28:03.362Z] onEndTurn: naturalStop=false toolCalls=56 nudgeMsg=no
[2026-08-01T11:28:03.414Z] LiveUpdateForge: AfterToolExec flush
[2026-08-01T11:28:03.440Z] InitialReadForge.onBeforeSend: SKIP (fr=true syn=false hasRead=true)
[2026-08-01T11:28:05.032Z] LiveUpdateForge: EndTurn fallback flush
[2026-08-01T11:28:05.033Z] onEndTurn: naturalStop=undefined toolCalls=21 nudgeMsg=no
[2026-08-01T11:28:05.033Z] LiveUpdateForge: EndTurn fallback flush
[2026-08-01T11:28:05.033Z] onEndTurn: naturalStop=false toolCalls=21 nudgeMsg=no
[2026-08-01T11:28:05.069Z] LiveUpdateForge: AfterToolExec flush
[2026-08-01T11:28:05.069Z] LiveUpdateForge: AfterToolExec flush
[2026-08-01T11:28:05.070Z] LiveUpdateForge: AfterToolExec flush
[2026-08-01T11:28:05.103Z] InitialReadForge.onBeforeSend: SKIP (fr=true syn=false hasRead=true)
[2026-08-01T11:28:06.677Z] LiveUpdateForge: EndTurn fallback flush
[2026-08-01T11:28:06.678Z] onEndTurn: naturalStop=undefined toolCalls=24 nudgeMsg=no
[2026-08-01T11:28:06.678Z] LiveUpdateForge: EndTurn fallback flush
[2026-08-01T11:28:06.678Z] onEndTurn: naturalStop=false toolCalls=24 nudgeMsg=no
[2026-08-01T11:28:06.682Z] LiveUpdateForge: AfterToolExec flush
[2026-08-01T11:28:06.715Z] InitialReadForge.onBeforeSend: SKIP (fr=true syn=false hasRead=true)
[2026-08-01T11:28:07.019Z] LiveUpdateForge: EndTurn fallback flush
[2026-08-01T11:28:07.020Z] onEndTurn: naturalStop=undefined toolCalls=57 nudgeMsg=no
[2026-08-01T11:28:07.020Z] LiveUpdateForge: EndTurn fallback flush
[2026-08-01T11:28:07.020Z] onEndTurn: naturalStop=false toolCalls=57 nudgeMsg=no
[2026-08-01T11:28:07.071Z] LiveUpdateForge: AfterToolExec flush
[2026-08-01T11:28:07.100Z] InitialReadForge.onBeforeSend: SKIP (fr=true syn=false hasRead=true)
[2026-08-01T11:28:09.073Z] LiveUpdateForge: EndTurn fallback flush
[2026-08-01T11:28:09.073Z] onEndTurn: naturalStop=undefined toolCalls=58 nudgeMsg=no
[2026-08-01T11:28:09.074Z] LiveUpdateForge: EndTurn fallback flush
[2026-08-01T11:28:09.074Z] onEndTurn: naturalStop=false toolCalls=58 nudgeMsg=no
[2026-08-01T11:28:09.131Z] LiveUpdateForge: AfterToolExec flush
[2026-08-01T11:28:09.164Z] InitialReadForge.onBeforeSend: SKIP (fr=true syn=false hasRead=true)
[2026-08-01T11:28:09.753Z] LiveUpdateForge: EndTurn fallback flush
[2026-08-01T11:28:09.753Z] onEndTurn: naturalStop=undefined toolCalls=25 nudgeMsg=no
[2026-08-01T11:28:09.754Z] LiveUpdateForge: EndTurn fallback flush
[2026-08-01T11:28:09.754Z] onEndTurn: naturalStop=false toolCalls=25 nudgeMsg=no
[2026-08-01T11:28:11.503Z] LiveUpdateForge: EndTurn fallback flush
[2026-08-01T11:28:11.504Z] onEndTurn: naturalStop=undefined toolCalls=59 nudgeMsg=no
[2026-08-01T11:28:11.504Z] LiveUpdateForge: EndTurn fallback flush
[2026-08-01T11:28:11.504Z] onEndTurn: naturalStop=false toolCalls=59 nudgeMsg=no
[2026-08-01T11:28:12.307Z] LiveUpdateForge: AfterToolExec flush
[2026-08-01T11:28:12.343Z] InitialReadForge.onBeforeSend: SKIP (fr=true syn=false hasRead=true)
[2026-08-01T11:28:15.046Z] LiveUpdateForge: EndTurn fallback flush
[2026-08-01T11:28:15.047Z] onEndTurn: naturalStop=undefined toolCalls=26 nudgeMsg=no
[2026-08-01T11:28:15.047Z] LiveUpdateForge: EndTurn fallback flush
[2026-08-01T11:28:15.047Z] onEndTurn: naturalStop=false toolCalls=26 nudgeMsg=no
[2026-08-01T11:28:15.417Z] LiveUpdateForge: AfterToolExec flush
[2026-08-01T11:28:15.645Z] LiveUpdateForge: AfterToolExec flush
[2026-08-01T11:28:15.693Z] InitialReadForge.onBeforeSend: SKIP (fr=true syn=false hasRead=true)
[2026-08-01T11:28:17.325Z] LiveUpdateForge: EndTurn fallback flush
[2026-08-01T11:28:17.326Z] onEndTurn: naturalStop=undefined toolCalls=28 nudgeMsg=no
[2026-08-01T11:28:17.326Z] LiveUpdateForge: EndTurn fallback flush
[2026-08-01T11:28:17.326Z] onEndTurn: naturalStop=false toolCalls=28 nudgeMsg=no
[2026-08-01T11:28:17.610Z] LiveUpdateForge: AfterToolExec flush
[2026-08-01T11:28:17.653Z] InitialReadForge.onBeforeSend: SKIP (fr=true syn=false hasRead=true)
[2026-08-01T11:28:19.852Z] LiveUpdateForge: EndTurn fallback flush
[2026-08-01T11:28:19.852Z] onEndTurn: naturalStop=undefined toolCalls=29 nudgeMsg=no
[2026-08-01T11:28:19.853Z] LiveUpdateForge: EndTurn fallback flush
[2026-08-01T11:28:19.853Z] onEndTurn: naturalStop=false toolCalls=29 nudgeMsg=no
[2026-08-01T11:28:20.049Z] LiveUpdateForge: AfterToolExec flush
[2026-08-01T11:28:20.083Z] InitialReadForge.onBeforeSend: SKIP (fr=true syn=false hasRead=true)
[2026-08-01T11:28:22.318Z] LiveUpdateForge: EndTurn fallback flush
[2026-08-01T11:28:22.318Z] onEndTurn: naturalStop=undefined toolCalls=30 nudgeMsg=no
[2026-08-01T11:28:22.318Z] LiveUpdateForge: EndTurn fallback flush
[2026-08-01T11:28:22.318Z] onEndTurn: naturalStop=false toolCalls=30 nudgeMsg=no
[2026-08-01T11:28:22.330Z] LiveUpdateForge: AfterToolExec flush
[2026-08-01T11:28:22.373Z] LiveUpdateForge: AfterToolExec flush
[2026-08-01T11:28:22.407Z] InitialReadForge.onBeforeSend: SKIP (fr=true syn=false hasRead=true)
[2026-08-01T11:28:23.648Z] LiveUpdateForge: AfterToolExec flush
[2026-08-01T11:28:23.685Z] InitialReadForge.onBeforeSend: SKIP (fr=true syn=false hasRead=true)
[2026-08-01T11:28:24.320Z] LiveUpdateForge: EndTurn fallback flush
[2026-08-01T11:28:24.320Z] onEndTurn: naturalStop=undefined toolCalls=32 nudgeMsg=no
[2026-08-01T11:28:24.320Z] LiveUpdateForge: EndTurn fallback flush
[2026-08-01T11:28:24.320Z] onEndTurn: naturalStop=false toolCalls=32 nudgeMsg=no
[2026-08-01T11:28:24.369Z] LiveUpdateForge: AfterToolExec flush
[2026-08-01T11:28:24.596Z] LiveUpdateForge: AfterToolExec flush
[2026-08-01T11:28:24.627Z] InitialReadForge.onBeforeSend: SKIP (fr=true syn=false hasRead=true)
[2026-08-01T11:28:26.409Z] LiveUpdateForge: EndTurn fallback flush
[2026-08-01T11:28:26.409Z] onEndTurn: naturalStop=undefined toolCalls=34 nudgeMsg=no
[2026-08-01T11:28:26.409Z] LiveUpdateForge: EndTurn fallback flush
[2026-08-01T11:28:26.409Z] onEndTurn: naturalStop=false toolCalls=34 nudgeMsg=no
[2026-08-01T11:28:26.417Z] LiveUpdateForge: AfterToolExec flush
[2026-08-01T11:28:26.453Z] InitialReadForge.onBeforeSend: SKIP (fr=true syn=false hasRead=true)
[2026-08-01T11:28:28.772Z] LiveUpdateForge: EndTurn fallback flush
[2026-08-01T11:28:28.772Z] onEndTurn: naturalStop=undefined toolCalls=35 nudgeMsg=no
[2026-08-01T11:28:28.773Z] LiveUpdateForge: EndTurn fallback flush
[2026-08-01T11:28:28.773Z] onEndTurn: naturalStop=false toolCalls=35 nudgeMsg=no
[2026-08-01T11:28:28.819Z] LiveUpdateForge: AfterToolExec flush
[2026-08-01T11:28:29.076Z] LiveUpdateForge: AfterToolExec flush
[2026-08-01T11:28:29.109Z] InitialReadForge.onBeforeSend: SKIP (fr=true syn=false hasRead=true)
[2026-08-01T11:28:33.329Z] LiveUpdateForge: EndTurn fallback flush
[2026-08-01T11:28:33.330Z] onEndTurn: naturalStop=undefined toolCalls=37 nudgeMsg=no
[2026-08-01T11:28:33.330Z] LiveUpdateForge: EndTurn fallback flush
[2026-08-01T11:28:33.331Z] onEndTurn: naturalStop=false toolCalls=37 nudgeMsg=no
[2026-08-01T11:28:33.381Z] LiveUpdateForge: AfterToolExec flush
[2026-08-01T11:28:33.680Z] LiveUpdateForge: AfterToolExec flush
[2026-08-01T11:28:33.717Z] InitialReadForge.onBeforeSend: SKIP (fr=true syn=false hasRead=true)
[2026-08-01T11:28:35.729Z] LiveUpdateForge: EndTurn fallback flush
[2026-08-01T11:28:35.730Z] onEndTurn: naturalStop=undefined toolCalls=39 nudgeMsg=no
[2026-08-01T11:28:35.730Z] LiveUpdateForge: EndTurn fallback flush
[2026-08-01T11:28:35.730Z] onEndTurn: naturalStop=false toolCalls=39 nudgeMsg=no
[2026-08-01T11:28:35.734Z] LiveUpdateForge: AfterToolExec flush
[2026-08-01T11:28:35.774Z] InitialReadForge.onBeforeSend: SKIP (fr=true syn=false hasRead=true)
[2026-08-01T11:28:36.792Z] LiveUpdateForge: EndTurn fallback flush
[2026-08-01T11:28:36.793Z] onEndTurn: naturalStop=undefined toolCalls=6 nudgeMsg=no
[2026-08-01T11:28:36.793Z] LiveUpdateForge: EndTurn fallback flush
[2026-08-01T11:28:36.793Z] onEndTurn: naturalStop=false toolCalls=6 nudgeMsg=no
[2026-08-01T11:28:36.860Z] LiveUpdateForge: AfterToolExec flush
[2026-08-01T11:28:36.860Z] LiveUpdateForge: AfterToolExec flush
[2026-08-01T11:28:36.861Z] LiveUpdateForge: AfterToolExec flush
[2026-08-01T11:28:36.861Z] LiveUpdateForge: AfterToolExec flush
[2026-08-01T11:28:36.861Z] LiveUpdateForge: AfterToolExec flush
[2026-08-01T11:28:36.893Z] InitialReadForge.onBeforeSend: SKIP (fr=true syn=false hasRead=true)
[2026-08-01T11:28:37.843Z] LiveUpdateForge: EndTurn fallback flush
[2026-08-01T11:28:37.844Z] onEndTurn: naturalStop=undefined toolCalls=40 nudgeMsg=no
[2026-08-01T11:28:37.844Z] LiveUpdateForge: EndTurn fallback flush
[2026-08-01T11:28:37.844Z] onEndTurn: naturalStop=false toolCalls=40 nudgeMsg=no
[2026-08-01T11:28:37.878Z] LiveUpdateForge: AfterToolExec flush
[2026-08-01T11:28:37.917Z] InitialReadForge.onBeforeSend: SKIP (fr=true syn=false hasRead=true)
[2026-08-01T11:28:38.248Z] LiveUpdateForge: AfterToolExec flush
[2026-08-01T11:28:38.304Z] InitialReadForge.onBeforeSend: SKIP (fr=true syn=false hasRead=true)
[2026-08-01T11:28:39.656Z] LiveUpdateForge: EndTurn fallback flush
[2026-08-01T11:28:39.657Z] onEndTurn: naturalStop=undefined toolCalls=41 nudgeMsg=no
[2026-08-01T11:28:39.657Z] LiveUpdateForge: EndTurn fallback flush
[2026-08-01T11:28:39.658Z] onEndTurn: naturalStop=false toolCalls=41 nudgeMsg=no
[2026-08-01T11:28:39.668Z] LiveUpdateForge: AfterToolExec flush
[2026-08-01T11:28:39.713Z] InitialReadForge.onBeforeSend: SKIP (fr=true syn=false hasRead=true)
[2026-08-01T11:28:39.876Z] LiveUpdateForge: EndTurn fallback flush
[2026-08-01T11:28:39.876Z] onEndTurn: naturalStop=undefined toolCalls=11 nudgeMsg=no
[2026-08-01T11:28:39.877Z] LiveUpdateForge: EndTurn fallback flush
[2026-08-01T11:28:39.877Z] onEndTurn: naturalStop=false toolCalls=11 nudgeMsg=no
[2026-08-01T11:28:39.900Z] LiveUpdateForge: AfterToolExec flush
[2026-08-01T11:28:39.900Z] LiveUpdateForge: AfterToolExec flush
[2026-08-01T11:28:39.901Z] LiveUpdateForge: AfterToolExec flush
[2026-08-01T11:28:39.932Z] InitialReadForge.onBeforeSend: SKIP (fr=true syn=false hasRead=true)
[2026-08-01T11:28:41.552Z] LiveUpdateForge: EndTurn fallback flush
[2026-08-01T11:28:41.553Z] onEndTurn: naturalStop=undefined toolCalls=60 nudgeMsg=no
[2026-08-01T11:28:41.553Z] LiveUpdateForge: EndTurn fallback flush
[2026-08-01T11:28:41.553Z] onEndTurn: naturalStop=false toolCalls=60 nudgeMsg=no
[2026-08-01T11:28:41.605Z] LiveUpdateForge: AfterToolExec flush
[2026-08-01T11:28:41.637Z] InitialReadForge.onBeforeSend: SKIP (fr=true syn=false hasRead=true)
[2026-08-01T11:28:42.339Z] LiveUpdateForge: EndTurn fallback flush
[2026-08-01T11:28:42.339Z] onEndTurn: naturalStop=undefined toolCalls=42 nudgeMsg=no
[2026-08-01T11:28:42.339Z] LiveUpdateForge: EndTurn fallback flush
[2026-08-01T11:28:42.340Z] onEndTurn: naturalStop=false toolCalls=42 nudgeMsg=no
[2026-08-01T11:28:42.348Z] LiveUpdateForge: AfterToolExec flush
[2026-08-01T11:28:42.386Z] InitialReadForge.onBeforeSend: SKIP (fr=true syn=false hasRead=true)
[2026-08-01T11:28:44.935Z] LiveUpdateForge: EndTurn fallback flush
[2026-08-01T11:28:44.935Z] onEndTurn: naturalStop=undefined toolCalls=61 nudgeMsg=no
[2026-08-01T11:28:44.936Z] LiveUpdateForge: EndTurn fallback flush
[2026-08-01T11:28:44.936Z] onEndTurn: naturalStop=false toolCalls=61 nudgeMsg=no
[2026-08-01T11:28:44.944Z] LiveUpdateForge: AfterToolExec flush
[2026-08-01T11:28:44.944Z] LiveUpdateForge: AfterToolExec flush
[2026-08-01T11:28:44.979Z] InitialReadForge.onBeforeSend: SKIP (fr=true syn=false hasRead=true)
[2026-08-01T11:28:49.945Z] LiveUpdateForge: EndTurn fallback flush
[2026-08-01T11:28:49.945Z] onEndTurn: naturalStop=undefined toolCalls=43 nudgeMsg=no
[2026-08-01T11:28:49.946Z] LiveUpdateForge: EndTurn fallback flush
[2026-08-01T11:28:49.947Z] onEndTurn: naturalStop=false toolCalls=43 nudgeMsg=no
[2026-08-01T11:28:50.528Z] LiveUpdateForge: AfterToolExec flush
[2026-08-01T11:28:50.568Z] InitialReadForge.onBeforeSend: SKIP (fr=true syn=false hasRead=true)
[2026-08-01T11:28:51.672Z] LiveUpdateForge: EndTurn fallback flush
[2026-08-01T11:28:51.673Z] onEndTurn: naturalStop=undefined toolCalls=14 nudgeMsg=no
[2026-08-01T11:28:51.673Z] LiveUpdateForge: EndTurn fallback flush
[2026-08-01T11:28:51.673Z] onEndTurn: naturalStop=false toolCalls=14 nudgeMsg=no
[2026-08-01T11:28:51.694Z] LiveUpdateForge: AfterToolExec flush
[2026-08-01T11:28:51.695Z] LiveUpdateForge: AfterToolExec flush
[2026-08-01T11:28:51.734Z] InitialReadForge.onBeforeSend: SKIP (fr=true syn=false hasRead=true)
[2026-08-01T11:28:54.598Z] LiveUpdateForge: EndTurn fallback flush
[2026-08-01T11:28:54.599Z] onEndTurn: naturalStop=undefined toolCalls=16 nudgeMsg=no
[2026-08-01T11:28:54.599Z] LiveUpdateForge: EndTurn fallback flush
[2026-08-01T11:28:54.600Z] onEndTurn: naturalStop=false toolCalls=16 nudgeMsg=no
[2026-08-01T11:28:58.952Z] LiveUpdateForge: EndTurn fallback flush
[2026-08-01T11:28:58.952Z] onEndTurn: naturalStop=undefined toolCalls=44 nudgeMsg=no
[2026-08-01T11:28:58.953Z] LiveUpdateForge: EndTurn fallback flush
[2026-08-01T11:28:58.953Z] onEndTurn: naturalStop=false toolCalls=44 nudgeMsg=no
[2026-08-01T11:28:59.025Z] LiveUpdateForge: AfterToolExec flush
[2026-08-01T11:28:59.071Z] InitialReadForge.onBeforeSend: SKIP (fr=true syn=false hasRead=true)
[2026-08-01T11:29:02.265Z] LiveUpdateForge: EndTurn fallback flush
[2026-08-01T11:29:02.265Z] onEndTurn: naturalStop=undefined toolCalls=45 nudgeMsg=no
[2026-08-01T11:29:02.266Z] LiveUpdateForge: EndTurn fallback flush
[2026-08-01T11:29:02.267Z] onEndTurn: naturalStop=false toolCalls=45 nudgeMsg=no
[2026-08-01T11:29:06.014Z] LiveUpdateForge: EndTurn fallback flush
[2026-08-01T11:29:06.015Z] onEndTurn: naturalStop=undefined toolCalls=63 nudgeMsg=no
[2026-08-01T11:29:06.015Z] LiveUpdateForge: EndTurn fallback flush
[2026-08-01T11:29:06.015Z] onEndTurn: naturalStop=false toolCalls=63 nudgeMsg=no
[2026-08-01T11:29:13.014Z] LiveUpdateForge: AfterToolExec flush
[2026-08-01T11:29:13.015Z] LiveUpdateForge: AfterToolExec flush
[2026-08-01T11:29:13.046Z] InitialReadForge.onBeforeSend: SKIP (fr=true syn=false hasRead=true)
[2026-08-01T11:29:13.410Z] LiveUpdateForge: AfterToolExec flush
[2026-08-01T11:29:13.411Z] LiveUpdateForge: AfterToolExec flush
[2026-08-01T11:29:13.452Z] InitialReadForge.onBeforeSend: SKIP (fr=true syn=false hasRead=true)
[2026-08-01T11:29:13.455Z] InitialReadForge.onBeforeSend: SKIP (fr=true syn=false hasRead=true)
[2026-08-01T11:29:15.066Z] LiveUpdateForge: EndTurn fallback flush
[2026-08-01T11:29:15.066Z] onEndTurn: naturalStop=undefined toolCalls=46 nudgeMsg=no
[2026-08-01T11:29:15.067Z] LiveUpdateForge: EndTurn fallback flush
[2026-08-01T11:29:15.067Z] onEndTurn: naturalStop=false toolCalls=46 nudgeMsg=no
[2026-08-01T11:29:15.304Z] LiveUpdateForge: EndTurn fallback flush
[2026-08-01T11:29:15.304Z] onEndTurn: naturalStop=undefined toolCalls=18 nudgeMsg=no
[2026-08-01T11:29:15.304Z] LiveUpdateForge: EndTurn fallback flush
[2026-08-01T11:29:15.305Z] onEndTurn: naturalStop=false toolCalls=18 nudgeMsg=no
[2026-08-01T11:29:15.313Z] LiveUpdateForge: AfterToolExec flush
[2026-08-01T11:29:15.314Z] LiveUpdateForge: AfterToolExec flush
[2026-08-01T11:29:15.344Z] InitialReadForge.onBeforeSend: SKIP (fr=true syn=false hasRead=true)
[2026-08-01T11:29:23.353Z] LiveUpdateForge: AfterToolExec flush
[2026-08-01T11:29:23.384Z] InitialReadForge.onBeforeSend: SKIP (fr=true syn=false hasRead=true)
[2026-08-01T11:29:26.976Z] LiveUpdateForge: EndTurn fallback flush
[2026-08-01T11:29:26.977Z] onEndTurn: naturalStop=undefined toolCalls=47 nudgeMsg=no
[2026-08-01T11:29:26.977Z] LiveUpdateForge: EndTurn fallback flush
[2026-08-01T11:29:26.977Z] onEndTurn: naturalStop=false toolCalls=47 nudgeMsg=no
[2026-08-01T11:29:27.033Z] LiveUpdateForge: AfterToolExec flush
[2026-08-01T11:29:27.075Z] InitialReadForge.onBeforeSend: SKIP (fr=true syn=false hasRead=true)
[2026-08-01T11:29:31.601Z] LiveUpdateForge: EndTurn fallback flush
[2026-08-01T11:29:31.601Z] onEndTurn: naturalStop=undefined toolCalls=48 nudgeMsg=no
[2026-08-01T11:29:31.602Z] LiveUpdateForge: EndTurn fallback flush
[2026-08-01T11:29:31.602Z] onEndTurn: naturalStop=false toolCalls=48 nudgeMsg=no
[2026-08-01T11:29:31.641Z] LiveUpdateForge: AfterToolExec flush
[2026-08-01T11:29:31.642Z] LiveUpdateForge: AfterToolExec flush
[2026-08-01T11:29:31.642Z] LiveUpdateForge: AfterToolExec flush
[2026-08-01T11:29:31.690Z] InitialReadForge.onBeforeSend: SKIP (fr=true syn=false hasRead=true)
[2026-08-01T11:29:41.258Z] LiveUpdateForge: EndTurn fallback flush
[2026-08-01T11:29:41.258Z] onEndTurn: naturalStop=undefined toolCalls=64 nudgeMsg=no
[2026-08-01T11:29:41.259Z] LiveUpdateForge: EndTurn fallback flush
[2026-08-01T11:29:41.259Z] onEndTurn: naturalStop=false toolCalls=64 nudgeMsg=no
[2026-08-01T11:29:44.768Z] LiveUpdateForge: AfterToolExec flush
[2026-08-01T11:29:44.818Z] InitialReadForge.onBeforeSend: SKIP (fr=true syn=false hasRead=true)
[2026-08-01T11:29:44.912Z] LiveUpdateForge: EndTurn fallback flush
[2026-08-01T11:29:44.913Z] onEndTurn: naturalStop=undefined toolCalls=20 nudgeMsg=no
[2026-08-01T11:29:44.913Z] LiveUpdateForge: EndTurn fallback flush
[2026-08-01T11:29:44.913Z] onEndTurn: naturalStop=false toolCalls=20 nudgeMsg=no
[2026-08-01T11:29:45.001Z] LiveUpdateForge: AfterToolExec flush
[2026-08-01T11:29:45.051Z] LiveUpdateForge: AfterToolExec flush
[2026-08-01T11:29:45.085Z] InitialReadForge.onBeforeSend: SKIP (fr=true syn=false hasRead=true)
[2026-08-01T11:29:47.278Z] LiveUpdateForge: EndTurn fallback flush
[2026-08-01T11:29:47.278Z] onEndTurn: naturalStop=undefined toolCalls=65 nudgeMsg=no
[2026-08-01T11:29:47.279Z] LiveUpdateForge: EndTurn fallback flush
[2026-08-01T11:29:47.279Z] onEndTurn: naturalStop=false toolCalls=65 nudgeMsg=no
[2026-08-01T11:29:47.466Z] LiveUpdateForge: AfterToolExec flush
[2026-08-01T11:29:47.502Z] InitialReadForge.onBeforeSend: SKIP (fr=true syn=false hasRead=true)
[2026-08-01T11:29:48.373Z] LiveUpdateForge: EndTurn fallback flush
[2026-08-01T11:29:48.373Z] onEndTurn: naturalStop=undefined toolCalls=51 nudgeMsg=no
[2026-08-01T11:29:48.373Z] LiveUpdateForge: EndTurn fallback flush
[2026-08-01T11:29:48.374Z] onEndTurn: naturalStop=false toolCalls=51 nudgeMsg=no
[2026-08-01T11:29:49.011Z] LiveUpdateForge: AfterToolExec flush
[2026-08-01T11:29:49.044Z] InitialReadForge.onBeforeSend: SKIP (fr=true syn=false hasRead=true)
[2026-08-01T11:29:50.464Z] LiveUpdateForge: EndTurn fallback flush
[2026-08-01T11:29:50.465Z] onEndTurn: naturalStop=undefined toolCalls=22 nudgeMsg=no
[2026-08-01T11:29:50.465Z] LiveUpdateForge: EndTurn fallback flush
[2026-08-01T11:29:50.465Z] onEndTurn: naturalStop=false toolCalls=22 nudgeMsg=no
[2026-08-01T11:29:50.483Z] LiveUpdateForge: AfterToolExec flush
[2026-08-01T11:29:50.514Z] InitialReadForge.onBeforeSend: SKIP (fr=true syn=false hasRead=true)
[2026-08-01T11:29:51.347Z] LiveUpdateForge: EndTurn fallback flush
[2026-08-01T11:29:51.347Z] onEndTurn: naturalStop=undefined toolCalls=66 nudgeMsg=no
[2026-08-01T11:29:51.347Z] LiveUpdateForge: EndTurn fallback flush
[2026-08-01T11:29:51.348Z] onEndTurn: naturalStop=false toolCalls=66 nudgeMsg=no
[2026-08-01T11:30:00.320Z] LiveUpdateForge: EndTurn fallback flush
[2026-08-01T11:30:00.321Z] onEndTurn: naturalStop=undefined toolCalls=52 nudgeMsg=no
[2026-08-01T11:30:00.321Z] LiveUpdateForge: EndTurn fallback flush
[2026-08-01T11:30:00.321Z] onEndTurn: naturalStop=false toolCalls=52 nudgeMsg=no
[2026-08-01T11:30:02.575Z] LiveUpdateForge: AfterToolExec flush
[2026-08-01T11:30:02.614Z] InitialReadForge.onBeforeSend: SKIP (fr=true syn=false hasRead=true)
[2026-08-01T11:30:02.885Z] LiveUpdateForge: AfterToolExec flush
[2026-08-01T11:30:02.922Z] InitialReadForge.onBeforeSend: SKIP (fr=true syn=false hasRead=true)
[2026-08-01T11:30:02.982Z] LiveUpdateForge: EndTurn fallback flush
[2026-08-01T11:30:02.983Z] onEndTurn: naturalStop=undefined toolCalls=23 nudgeMsg=no
[2026-08-01T11:30:02.983Z] LiveUpdateForge: EndTurn fallback flush
[2026-08-01T11:30:02.983Z] onEndTurn: naturalStop=false toolCalls=23 nudgeMsg=no
[2026-08-01T11:30:03.000Z] LiveUpdateForge: AfterToolExec flush
[2026-08-01T11:30:03.038Z] InitialReadForge.onBeforeSend: SKIP (fr=true syn=false hasRead=true)
[2026-08-01T11:30:10.074Z] LiveUpdateForge: EndTurn fallback flush
[2026-08-01T11:30:10.075Z] onEndTurn: naturalStop=undefined toolCalls=24 nudgeMsg=no
[2026-08-01T11:30:10.075Z] LiveUpdateForge: EndTurn fallback flush
[2026-08-01T11:30:10.076Z] onEndTurn: naturalStop=false toolCalls=24 nudgeMsg=no
[2026-08-01T11:30:10.085Z] LiveUpdateForge: AfterToolExec flush
[2026-08-01T11:30:10.117Z] InitialReadForge.onBeforeSend: SKIP (fr=true syn=false hasRead=true)
[2026-08-01T11:30:11.010Z] LiveUpdateForge: EndTurn fallback flush
[2026-08-01T11:30:11.011Z] onEndTurn: naturalStop=undefined toolCalls=67 nudgeMsg=no
[2026-08-01T11:30:11.011Z] LiveUpdateForge: EndTurn fallback flush
[2026-08-01T11:30:11.012Z] onEndTurn: naturalStop=false toolCalls=67 nudgeMsg=no
[2026-08-01T11:30:11.092Z] LiveUpdateForge: EndTurn fallback flush
[2026-08-01T11:30:11.092Z] onEndTurn: naturalStop=undefined toolCalls=53 nudgeMsg=no
[2026-08-01T11:30:11.094Z] LiveUpdateForge: EndTurn fallback flush
[2026-08-01T11:30:11.094Z] onEndTurn: naturalStop=false toolCalls=53 nudgeMsg=no
[2026-08-01T11:30:11.893Z] LiveUpdateForge: EndTurn fallback flush
[2026-08-01T11:30:11.893Z] onEndTurn: naturalStop=undefined toolCalls=25 nudgeMsg=no
[2026-08-01T11:30:11.893Z] LiveUpdateForge: EndTurn fallback flush
[2026-08-01T11:30:11.894Z] onEndTurn: naturalStop=false toolCalls=25 nudgeMsg=no
[2026-08-01T11:30:11.903Z] LiveUpdateForge: AfterToolExec flush
[2026-08-01T11:30:11.937Z] InitialReadForge.onBeforeSend: SKIP (fr=true syn=false hasRead=true)
[2026-08-01T11:30:12.132Z] LiveUpdateForge: AfterToolExec flush
[2026-08-01T11:30:12.174Z] InitialReadForge.onBeforeSend: SKIP (fr=true syn=false hasRead=true)
[2026-08-01T11:30:14.516Z] LiveUpdateForge: EndTurn fallback flush
[2026-08-01T11:30:14.516Z] onEndTurn: naturalStop=undefined toolCalls=26 nudgeMsg=no
[2026-08-01T11:30:14.516Z] LiveUpdateForge: EndTurn fallback flush
[2026-08-01T11:30:14.517Z] onEndTurn: naturalStop=false toolCalls=26 nudgeMsg=no
[2026-08-01T11:30:14.565Z] LiveUpdateForge: AfterToolExec flush
[2026-08-01T11:30:14.594Z] InitialReadForge.onBeforeSend: SKIP (fr=true syn=false hasRead=true)
[2026-08-01T11:30:16.146Z] LiveUpdateForge: EndTurn fallback flush
[2026-08-01T11:30:16.146Z] onEndTurn: naturalStop=undefined toolCalls=68 nudgeMsg=no
[2026-08-01T11:30:16.147Z] LiveUpdateForge: EndTurn fallback flush
[2026-08-01T11:30:16.147Z] onEndTurn: naturalStop=false toolCalls=68 nudgeMsg=no
[2026-08-01T11:30:16.168Z] LiveUpdateForge: AfterToolExec flush
[2026-08-01T11:30:16.169Z] LiveUpdateForge: AfterToolExec flush
[2026-08-01T11:30:16.208Z] InitialReadForge.onBeforeSend: SKIP (fr=true syn=false hasRead=true)
[2026-08-01T11:30:17.867Z] LiveUpdateForge: AfterToolExec flush
[2026-08-01T11:30:17.903Z] InitialReadForge.onBeforeSend: SKIP (fr=true syn=false hasRead=true)
[2026-08-01T11:30:19.993Z] LiveUpdateForge: EndTurn fallback flush
[2026-08-01T11:30:19.994Z] onEndTurn: naturalStop=undefined toolCalls=70 nudgeMsg=no
[2026-08-01T11:30:19.994Z] LiveUpdateForge: EndTurn fallback flush
[2026-08-01T11:30:19.994Z] onEndTurn: naturalStop=false toolCalls=70 nudgeMsg=no
[2026-08-01T11:30:20.009Z] LiveUpdateForge: AfterToolExec flush
[2026-08-01T11:30:20.401Z] LiveUpdateForge: AfterToolExec flush
[2026-08-01T11:30:20.441Z] InitialReadForge.onBeforeSend: SKIP (fr=true syn=false hasRead=true)
[2026-08-01T11:30:26.062Z] LiveUpdateForge: EndTurn fallback flush
[2026-08-01T11:30:26.062Z] onEndTurn: naturalStop=undefined toolCalls=27 nudgeMsg=no
[2026-08-01T11:30:26.063Z] LiveUpdateForge: EndTurn fallback flush
[2026-08-01T11:30:26.063Z] onEndTurn: naturalStop=false toolCalls=27 nudgeMsg=no
[2026-08-01T11:30:26.068Z] LiveUpdateForge: AfterToolExec flush
[2026-08-01T11:30:26.069Z] LiveUpdateForge: AfterToolExec flush
[2026-08-01T11:30:26.104Z] InitialReadForge.onBeforeSend: SKIP (fr=true syn=false hasRead=true)
[2026-08-01T11:30:26.228Z] LiveUpdateForge: EndTurn fallback flush
[2026-08-01T11:30:26.228Z] onEndTurn: naturalStop=undefined toolCalls=72 nudgeMsg=no
[2026-08-01T11:30:26.228Z] LiveUpdateForge: EndTurn fallback flush
[2026-08-01T11:30:26.229Z] onEndTurn: naturalStop=false toolCalls=72 nudgeMsg=no
[2026-08-01T11:30:26.247Z] LiveUpdateForge: AfterToolExec flush
[2026-08-01T11:30:26.283Z] InitialReadForge.onBeforeSend: SKIP (fr=true syn=false hasRead=true)
[2026-08-01T11:30:27.921Z] LiveUpdateForge: EndTurn fallback flush
[2026-08-01T11:30:27.921Z] onEndTurn: naturalStop=undefined toolCalls=54 nudgeMsg=no
[2026-08-01T11:30:27.922Z] LiveUpdateForge: EndTurn fallback flush
[2026-08-01T11:30:27.923Z] onEndTurn: naturalStop=false toolCalls=54 nudgeMsg=no
[2026-08-01T11:30:29.327Z] LiveUpdateForge: AfterToolExec flush
[2026-08-01T11:30:29.368Z] InitialReadForge.onBeforeSend: SKIP (fr=true syn=false hasRead=true)
[2026-08-01T11:30:33.069Z] LiveUpdateForge: EndTurn fallback flush
[2026-08-01T11:30:33.069Z] onEndTurn: naturalStop=undefined toolCalls=55 nudgeMsg=no
[2026-08-01T11:30:33.070Z] LiveUpdateForge: EndTurn fallback flush
[2026-08-01T11:30:33.070Z] onEndTurn: naturalStop=false toolCalls=55 nudgeMsg=no
[2026-08-01T11:30:33.172Z] LiveUpdateForge: AfterToolExec flush
[2026-08-01T11:30:33.208Z] InitialReadForge.onBeforeSend: SKIP (fr=true syn=false hasRead=true)
[2026-08-01T11:30:34.974Z] LiveUpdateForge: EndTurn fallback flush
[2026-08-01T11:30:34.974Z] onEndTurn: naturalStop=undefined toolCalls=56 nudgeMsg=no
[2026-08-01T11:30:34.975Z] LiveUpdateForge: EndTurn fallback flush
[2026-08-01T11:30:34.975Z] onEndTurn: naturalStop=false toolCalls=56 nudgeMsg=no
[2026-08-01T11:30:34.984Z] LiveUpdateForge: AfterToolExec flush
[2026-08-01T11:30:35.023Z] InitialReadForge.onBeforeSend: SKIP (fr=true syn=false hasRead=true)
[2026-08-01T11:30:41.463Z] LiveUpdateForge: EndTurn fallback flush
[2026-08-01T11:30:41.464Z] onEndTurn: naturalStop=undefined toolCalls=73 nudgeMsg=no
[2026-08-01T11:30:41.464Z] LiveUpdateForge: EndTurn fallback flush
[2026-08-01T11:30:41.465Z] onEndTurn: naturalStop=false toolCalls=73 nudgeMsg=no
[2026-08-01T11:30:41.498Z] LiveUpdateForge: AfterToolExec flush
[2026-08-01T11:30:41.516Z] LiveUpdateForge: AfterToolExec flush
[2026-08-01T11:30:41.554Z] InitialReadForge.onBeforeSend: SKIP (fr=true syn=false hasRead=true)
[2026-08-01T11:30:42.015Z] LiveUpdateForge: EndTurn fallback flush
[2026-08-01T11:30:42.015Z] onEndTurn: naturalStop=undefined toolCalls=57 nudgeMsg=no
[2026-08-01T11:30:42.015Z] LiveUpdateForge: EndTurn fallback flush
[2026-08-01T11:30:42.016Z] onEndTurn: naturalStop=false toolCalls=57 nudgeMsg=no
[2026-08-01T11:30:42.516Z] LiveUpdateForge: AfterToolExec flush
[2026-08-01T11:30:42.554Z] InitialReadForge.onBeforeSend: SKIP (fr=true syn=false hasRead=true)
[2026-08-01T11:30:45.211Z] LiveUpdateForge: EndTurn fallback flush
[2026-08-01T11:30:45.212Z] onEndTurn: naturalStop=undefined toolCalls=75 nudgeMsg=no
[2026-08-01T11:30:45.212Z] LiveUpdateForge: EndTurn fallback flush
[2026-08-01T11:30:45.212Z] onEndTurn: naturalStop=false toolCalls=75 nudgeMsg=no
[2026-08-01T11:30:45.225Z] LiveUpdateForge: AfterToolExec flush
[2026-08-01T11:30:45.274Z] InitialReadForge.onBeforeSend: SKIP (fr=true syn=false hasRead=true)
[2026-08-01T11:30:46.505Z] LiveUpdateForge: EndTurn fallback flush
[2026-08-01T11:30:46.506Z] onEndTurn: naturalStop=undefined toolCalls=58 nudgeMsg=no
[2026-08-01T11:30:46.506Z] LiveUpdateForge: EndTurn fallback flush
[2026-08-01T11:30:46.507Z] onEndTurn: naturalStop=false toolCalls=58 nudgeMsg=no
[2026-08-01T11:30:46.516Z] LiveUpdateForge: AfterToolExec flush
[2026-08-01T11:30:46.554Z] InitialReadForge.onBeforeSend: SKIP (fr=true syn=false hasRead=true)
[2026-08-01T11:30:47.476Z] LiveUpdateForge: EndTurn fallback flush
[2026-08-01T11:30:47.476Z] onEndTurn: naturalStop=undefined toolCalls=76 nudgeMsg=no
[2026-08-01T11:30:47.476Z] LiveUpdateForge: EndTurn fallback flush
[2026-08-01T11:30:47.477Z] onEndTurn: naturalStop=false toolCalls=76 nudgeMsg=no
[2026-08-01T11:30:47.484Z] LiveUpdateForge: AfterToolExec flush
[2026-08-01T11:30:47.519Z] InitialReadForge.onBeforeSend: SKIP (fr=true syn=false hasRead=true)
[2026-08-01T11:30:49.725Z] LiveUpdateForge: EndTurn fallback flush
[2026-08-01T11:30:49.726Z] onEndTurn: naturalStop=undefined toolCalls=59 nudgeMsg=no
[2026-08-01T11:30:49.726Z] LiveUpdateForge: EndTurn fallback flush
[2026-08-01T11:30:49.726Z] onEndTurn: naturalStop=false toolCalls=59 nudgeMsg=no
[2026-08-01T11:30:49.901Z] LiveUpdateForge: AfterToolExec flush
[2026-08-01T11:30:49.940Z] InitialReadForge.onBeforeSend: SKIP (fr=true syn=false hasRead=true)
[2026-08-01T11:30:53.360Z] LiveUpdateForge: EndTurn fallback flush
[2026-08-01T11:30:53.360Z] onEndTurn: naturalStop=undefined toolCalls=60 nudgeMsg=no
[2026-08-01T11:30:53.361Z] LiveUpdateForge: EndTurn fallback flush
[2026-08-01T11:30:53.361Z] onEndTurn: naturalStop=false toolCalls=60 nudgeMsg=no
[2026-08-01T11:30:53.370Z] LiveUpdateForge: AfterToolExec flush
[2026-08-01T11:30:53.410Z] InitialReadForge.onBeforeSend: SKIP (fr=true syn=false hasRead=true)
[2026-08-01T11:30:59.723Z] LiveUpdateForge: EndTurn fallback flush
[2026-08-01T11:30:59.724Z] onEndTurn: naturalStop=undefined toolCalls=77 nudgeMsg=no
[2026-08-01T11:30:59.724Z] LiveUpdateForge: EndTurn fallback flush
[2026-08-01T11:30:59.725Z] onEndTurn: naturalStop=false toolCalls=77 nudgeMsg=no
[2026-08-01T11:31:00.369Z] LiveUpdateForge: AfterToolExec flush
[2026-08-01T11:31:00.409Z] InitialReadForge.onBeforeSend: SKIP (fr=true syn=false hasRead=true)
[2026-08-01T11:31:05.350Z] LiveUpdateForge: EndTurn fallback flush
[2026-08-01T11:31:05.350Z] onEndTurn: naturalStop=undefined toolCalls=61 nudgeMsg=no
[2026-08-01T11:31:05.350Z] LiveUpdateForge: EndTurn fallback flush
[2026-08-01T11:31:05.351Z] onEndTurn: naturalStop=false toolCalls=61 nudgeMsg=no
[2026-08-01T11:31:05.361Z] LiveUpdateForge: AfterToolExec flush
[2026-08-01T11:31:05.404Z] InitialReadForge.onBeforeSend: SKIP (fr=true syn=false hasRead=true)
[2026-08-01T11:31:05.751Z] LiveUpdateForge: EndTurn fallback flush
[2026-08-01T11:31:05.751Z] onEndTurn: naturalStop=undefined toolCalls=29 nudgeMsg=no
[2026-08-01T11:31:05.751Z] LiveUpdateForge: EndTurn fallback flush
[2026-08-01T11:31:05.752Z] onEndTurn: naturalStop=false toolCalls=29 nudgeMsg=no
[2026-08-01T11:31:05.774Z] LiveUpdateForge: AfterToolExec flush
[2026-08-01T11:31:05.775Z] LiveUpdateForge: AfterToolExec flush
[2026-08-01T11:31:05.823Z] InitialReadForge.onBeforeSend: SKIP (fr=true syn=false hasRead=true)
[2026-08-01T11:31:08.703Z] LiveUpdateForge: EndTurn fallback flush
[2026-08-01T11:31:08.703Z] onEndTurn: naturalStop=undefined toolCalls=78 nudgeMsg=no
[2026-08-01T11:31:08.704Z] LiveUpdateForge: EndTurn fallback flush
[2026-08-01T11:31:08.704Z] onEndTurn: naturalStop=false toolCalls=78 nudgeMsg=no
[2026-08-01T11:31:10.312Z] LiveUpdateForge: AfterToolExec flush
[2026-08-01T11:31:10.357Z] InitialReadForge.onBeforeSend: SKIP (fr=true syn=false hasRead=true)
[2026-08-01T11:31:10.852Z] LiveUpdateForge: EndTurn fallback flush
[2026-08-01T11:31:10.852Z] onEndTurn: naturalStop=undefined toolCalls=62 nudgeMsg=no
[2026-08-01T11:31:10.853Z] LiveUpdateForge: EndTurn fallback flush
[2026-08-01T11:31:10.853Z] onEndTurn: naturalStop=false toolCalls=62 nudgeMsg=no
[2026-08-01T11:31:10.937Z] LiveUpdateForge: AfterToolExec flush
[2026-08-01T11:31:10.975Z] InitialReadForge.onBeforeSend: SKIP (fr=true syn=false hasRead=true)
[2026-08-01T11:31:12.592Z] LiveUpdateForge: EndTurn fallback flush
[2026-08-01T11:31:12.593Z] onEndTurn: naturalStop=undefined toolCalls=31 nudgeMsg=no
[2026-08-01T11:31:12.593Z] LiveUpdateForge: EndTurn fallback flush
[2026-08-01T11:31:12.593Z] onEndTurn: naturalStop=false toolCalls=31 nudgeMsg=no
[2026-08-01T11:31:12.620Z] LiveUpdateForge: AfterToolExec flush
[2026-08-01T11:31:12.621Z] LiveUpdateForge: AfterToolExec flush
[2026-08-01T11:31:12.670Z] InitialReadForge.onBeforeSend: SKIP (fr=true syn=false hasRead=true)
[2026-08-01T11:31:14.170Z] LiveUpdateForge: EndTurn fallback flush
[2026-08-01T11:31:14.171Z] onEndTurn: naturalStop=undefined toolCalls=79 nudgeMsg=no
[2026-08-01T11:31:14.171Z] LiveUpdateForge: EndTurn fallback flush
[2026-08-01T11:31:14.171Z] onEndTurn: naturalStop=false toolCalls=79 nudgeMsg=no
[2026-08-01T11:31:14.184Z] LiveUpdateForge: AfterToolExec flush
[2026-08-01T11:31:14.251Z] InitialReadForge.onBeforeSend: SKIP (fr=true syn=false hasRead=true)
[2026-08-01T11:31:14.377Z] LiveUpdateForge: EndTurn fallback flush
[2026-08-01T11:31:14.378Z] onEndTurn: naturalStop=undefined toolCalls=33 nudgeMsg=no
[2026-08-01T11:31:14.378Z] LiveUpdateForge: EndTurn fallback flush
[2026-08-01T11:31:14.378Z] onEndTurn: naturalStop=false toolCalls=33 nudgeMsg=no
[2026-08-01T11:31:14.387Z] LiveUpdateForge: AfterToolExec flush
[2026-08-01T11:31:14.431Z] InitialReadForge.onBeforeSend: SKIP (fr=true syn=false hasRead=true)
[2026-08-01T11:31:16.225Z] LiveUpdateForge: EndTurn fallback flush
[2026-08-01T11:31:16.225Z] onEndTurn: naturalStop=undefined toolCalls=80 nudgeMsg=no
[2026-08-01T11:31:16.225Z] LiveUpdateForge: EndTurn fallback flush
[2026-08-01T11:31:16.226Z] onEndTurn: naturalStop=false toolCalls=80 nudgeMsg=no
[2026-08-01T11:31:16.234Z] LiveUpdateForge: AfterToolExec flush
[2026-08-01T11:31:16.269Z] InitialReadForge.onBeforeSend: SKIP (fr=true syn=false hasRead=true)
[2026-08-01T11:31:16.675Z] LiveUpdateForge: EndTurn fallback flush
[2026-08-01T11:31:16.675Z] onEndTurn: naturalStop=undefined toolCalls=34 nudgeMsg=no
[2026-08-01T11:31:16.675Z] LiveUpdateForge: EndTurn fallback flush
[2026-08-01T11:31:16.676Z] onEndTurn: naturalStop=false toolCalls=34 nudgeMsg=no
[2026-08-01T11:31:16.687Z] LiveUpdateForge: AfterToolExec flush
[2026-08-01T11:31:16.731Z] InitialReadForge.onBeforeSend: SKIP (fr=true syn=false hasRead=true)
[2026-08-01T11:31:17.096Z] LiveUpdateForge: EndTurn fallback flush
[2026-08-01T11:31:17.096Z] onEndTurn: naturalStop=undefined toolCalls=63 nudgeMsg=no
[2026-08-01T11:31:17.097Z] LiveUpdateForge: EndTurn fallback flush
[2026-08-01T11:31:17.097Z] onEndTurn: naturalStop=false toolCalls=63 nudgeMsg=no
[2026-08-01T11:31:17.156Z] LiveUpdateForge: AfterToolExec flush
[2026-08-01T11:31:17.195Z] InitialReadForge.onBeforeSend: SKIP (fr=true syn=false hasRead=true)
[2026-08-01T11:31:18.227Z] LiveUpdateForge: EndTurn fallback flush
[2026-08-01T11:31:18.227Z] onEndTurn: naturalStop=undefined toolCalls=35 nudgeMsg=no
[2026-08-01T11:31:18.227Z] LiveUpdateForge: EndTurn fallback flush
[2026-08-01T11:31:18.228Z] onEndTurn: naturalStop=false toolCalls=35 nudgeMsg=no
[2026-08-01T11:31:18.235Z] LiveUpdateForge: AfterToolExec flush
[2026-08-01T11:31:18.269Z] InitialReadForge.onBeforeSend: SKIP (fr=true syn=false hasRead=true)
[2026-08-01T11:31:19.969Z] LiveUpdateForge: EndTurn fallback flush
[2026-08-01T11:31:19.969Z] onEndTurn: naturalStop=undefined toolCalls=36 nudgeMsg=no
[2026-08-01T11:31:19.970Z] LiveUpdateForge: EndTurn fallback flush
[2026-08-01T11:31:19.970Z] onEndTurn: naturalStop=false toolCalls=36 nudgeMsg=no
[2026-08-01T11:31:20.165Z] LiveUpdateForge: AfterToolExec flush
[2026-08-01T11:31:20.204Z] InitialReadForge.onBeforeSend: SKIP (fr=true syn=false hasRead=true)
[2026-08-01T11:31:22.363Z] LiveUpdateForge: EndTurn fallback flush
[2026-08-01T11:31:22.363Z] onEndTurn: naturalStop=undefined toolCalls=37 nudgeMsg=no
[2026-08-01T11:31:22.363Z] LiveUpdateForge: EndTurn fallback flush
[2026-08-01T11:31:22.364Z] onEndTurn: naturalStop=false toolCalls=37 nudgeMsg=no
[2026-08-01T11:31:22.508Z] LiveUpdateForge: AfterToolExec flush
[2026-08-01T11:31:22.546Z] InitialReadForge.onBeforeSend: SKIP (fr=true syn=false hasRead=true)
[2026-08-01T11:31:22.744Z] LiveUpdateForge: EndTurn fallback flush
[2026-08-01T11:31:22.745Z] onEndTurn: naturalStop=undefined toolCalls=81 nudgeMsg=no
[2026-08-01T11:31:22.745Z] LiveUpdateForge: EndTurn fallback flush
[2026-08-01T11:31:22.745Z] onEndTurn: naturalStop=false toolCalls=81 nudgeMsg=no
[2026-08-01T11:31:22.820Z] LiveUpdateForge: AfterToolExec flush
[2026-08-01T11:31:22.854Z] InitialReadForge.onBeforeSend: SKIP (fr=true syn=false hasRead=true)
[2026-08-01T11:31:24.358Z] LiveUpdateForge: EndTurn fallback flush
[2026-08-01T11:31:24.358Z] onEndTurn: naturalStop=undefined toolCalls=38 nudgeMsg=no
[2026-08-01T11:31:24.359Z] LiveUpdateForge: EndTurn fallback flush
[2026-08-01T11:31:24.359Z] onEndTurn: naturalStop=false toolCalls=38 nudgeMsg=no
[2026-08-01T11:31:24.368Z] LiveUpdateForge: AfterToolExec flush
[2026-08-01T11:31:24.407Z] InitialReadForge.onBeforeSend: SKIP (fr=true syn=false hasRead=true)
[2026-08-01T11:31:24.497Z] LiveUpdateForge: EndTurn fallback flush
[2026-08-01T11:31:24.497Z] onEndTurn: naturalStop=undefined toolCalls=64 nudgeMsg=no
[2026-08-01T11:31:24.498Z] LiveUpdateForge: EndTurn fallback flush
[2026-08-01T11:31:24.498Z] onEndTurn: naturalStop=false toolCalls=64 nudgeMsg=no
[2026-08-01T11:31:25.410Z] LiveUpdateForge: AfterToolExec flush
[2026-08-01T11:31:25.451Z] InitialReadForge.onBeforeSend: SKIP (fr=true syn=false hasRead=true)
[2026-08-01T11:31:26.206Z] LiveUpdateForge: EndTurn fallback flush
[2026-08-01T11:31:26.206Z] onEndTurn: naturalStop=undefined toolCalls=82 nudgeMsg=no
[2026-08-01T11:31:26.206Z] LiveUpdateForge: EndTurn fallback flush
[2026-08-01T11:31:26.207Z] onEndTurn: naturalStop=false toolCalls=82 nudgeMsg=no
[2026-08-01T11:31:26.215Z] LiveUpdateForge: AfterToolExec flush
[2026-08-01T11:31:26.216Z] LiveUpdateForge: AfterToolExec flush
[2026-08-01T11:31:26.255Z] InitialReadForge.onBeforeSend: SKIP (fr=true syn=false hasRead=true)
[2026-08-01T11:31:28.518Z] LiveUpdateForge: EndTurn fallback flush
[2026-08-01T11:31:28.518Z] onEndTurn: naturalStop=undefined toolCalls=65 nudgeMsg=no
[2026-08-01T11:31:28.518Z] LiveUpdateForge: EndTurn fallback flush
[2026-08-01T11:31:28.519Z] onEndTurn: naturalStop=false toolCalls=65 nudgeMsg=no
[2026-08-01T11:31:28.828Z] LiveUpdateForge: EndTurn fallback flush
[2026-08-01T11:31:28.828Z] onEndTurn: naturalStop=undefined toolCalls=39 nudgeMsg=no
[2026-08-01T11:31:28.829Z] LiveUpdateForge: EndTurn fallback flush
[2026-08-01T11:31:28.829Z] onEndTurn: naturalStop=false toolCalls=39 nudgeMsg=no
[2026-08-01T11:31:28.882Z] LiveUpdateForge: AfterToolExec flush
[2026-08-01T11:31:28.919Z] InitialReadForge.onBeforeSend: SKIP (fr=true syn=false hasRead=true)
[2026-08-01T11:31:28.956Z] LiveUpdateForge: AfterToolExec flush
[2026-08-01T11:31:28.997Z] InitialReadForge.onBeforeSend: SKIP (fr=true syn=false hasRead=true)
[2026-08-01T11:31:31.349Z] LiveUpdateForge: EndTurn fallback flush
[2026-08-01T11:31:31.349Z] onEndTurn: naturalStop=undefined toolCalls=40 nudgeMsg=no
[2026-08-01T11:31:31.349Z] LiveUpdateForge: EndTurn fallback flush
[2026-08-01T11:31:31.350Z] onEndTurn: naturalStop=false toolCalls=40 nudgeMsg=no
[2026-08-01T11:31:31.366Z] LiveUpdateForge: AfterToolExec flush
[2026-08-01T11:31:31.400Z] InitialReadForge.onBeforeSend: SKIP (fr=true syn=false hasRead=true)
[2026-08-01T11:31:35.587Z] LiveUpdateForge: EndTurn fallback flush
[2026-08-01T11:31:35.587Z] onEndTurn: naturalStop=undefined toolCalls=84 nudgeMsg=no
[2026-08-01T11:31:35.588Z] LiveUpdateForge: EndTurn fallback flush
[2026-08-01T11:31:35.588Z] onEndTurn: naturalStop=false toolCalls=84 nudgeMsg=no
[2026-08-01T11:31:36.004Z] LiveUpdateForge: EndTurn fallback flush
[2026-08-01T11:31:36.004Z] onEndTurn: naturalStop=undefined toolCalls=41 nudgeMsg=no
[2026-08-01T11:31:36.004Z] LiveUpdateForge: EndTurn fallback flush
[2026-08-01T11:31:36.005Z] onEndTurn: naturalStop=false toolCalls=41 nudgeMsg=no
[2026-08-01T11:31:36.009Z] LiveUpdateForge: AfterToolExec flush
[2026-08-01T11:31:36.040Z] InitialReadForge.onBeforeSend: SKIP (fr=true syn=false hasRead=true)
[2026-08-01T11:31:36.692Z] LiveUpdateForge: EndTurn fallback flush
[2026-08-01T11:31:36.693Z] onEndTurn: naturalStop=undefined toolCalls=66 nudgeMsg=no
[2026-08-01T11:31:36.693Z] LiveUpdateForge: EndTurn fallback flush
[2026-08-01T11:31:36.693Z] onEndTurn: naturalStop=false toolCalls=66 nudgeMsg=no
[2026-08-01T11:31:36.869Z] LiveUpdateForge: AfterToolExec flush
[2026-08-01T11:31:37.900Z] InitialReadForge.onBeforeSend: SKIP (fr=true syn=false hasRead=true)
[2026-08-01T11:31:38.627Z] LiveUpdateForge: AfterToolExec flush
[2026-08-01T11:31:41.213Z] InitialReadForge.onBeforeSend: SKIP (fr=true syn=false hasRead=true)
[2026-08-01T11:31:42.764Z] LiveUpdateForge: EndTurn fallback flush
[2026-08-01T11:31:42.764Z] onEndTurn: naturalStop=undefined toolCalls=42 nudgeMsg=no
[2026-08-01T11:31:42.765Z] LiveUpdateForge: EndTurn fallback flush
[2026-08-01T11:31:42.765Z] onEndTurn: naturalStop=false toolCalls=42 nudgeMsg=no
[2026-08-01T11:31:42.835Z] LiveUpdateForge: EndTurn fallback flush
[2026-08-01T11:31:42.836Z] onEndTurn: naturalStop=undefined toolCalls=85 nudgeMsg=no
[2026-08-01T11:31:42.837Z] LiveUpdateForge: EndTurn fallback flush
[2026-08-01T11:31:42.837Z] onEndTurn: naturalStop=false toolCalls=85 nudgeMsg=no
[2026-08-01T11:31:42.846Z] LiveUpdateForge: AfterToolExec flush
[2026-08-01T11:31:42.847Z] LiveUpdateForge: AfterToolExec flush
[2026-08-01T11:31:42.929Z] InitialReadForge.onBeforeSend: SKIP (fr=true syn=false hasRead=true)
[2026-08-01T11:31:42.955Z] LiveUpdateForge: AfterToolExec flush
[2026-08-01T11:31:43.010Z] InitialReadForge.onBeforeSend: SKIP (fr=true syn=false hasRead=true)
[2026-08-01T11:31:45.182Z] LiveUpdateForge: EndTurn fallback flush
[2026-08-01T11:31:45.182Z] onEndTurn: naturalStop=undefined toolCalls=87 nudgeMsg=no
[2026-08-01T11:31:45.182Z] LiveUpdateForge: EndTurn fallback flush
[2026-08-01T11:31:45.183Z] onEndTurn: naturalStop=false toolCalls=87 nudgeMsg=no
[2026-08-01T11:31:46.302Z] LiveUpdateForge: EndTurn fallback flush
[2026-08-01T11:31:46.303Z] onEndTurn: naturalStop=undefined toolCalls=43 nudgeMsg=no
[2026-08-01T11:31:46.303Z] LiveUpdateForge: EndTurn fallback flush
[2026-08-01T11:31:46.304Z] onEndTurn: naturalStop=false toolCalls=43 nudgeMsg=no
[2026-08-01T11:31:46.340Z] LiveUpdateForge: AfterToolExec flush
[2026-08-01T11:31:46.387Z] InitialReadForge.onBeforeSend: SKIP (fr=true syn=false hasRead=true)
[2026-08-01T11:31:48.656Z] LiveUpdateForge: EndTurn fallback flush
[2026-08-01T11:31:48.656Z] onEndTurn: naturalStop=undefined toolCalls=44 nudgeMsg=no
[2026-08-01T11:31:48.657Z] LiveUpdateForge: EndTurn fallback flush
[2026-08-01T11:31:48.657Z] onEndTurn: naturalStop=false toolCalls=44 nudgeMsg=no
[2026-08-01T11:31:48.677Z] LiveUpdateForge: AfterToolExec flush
[2026-08-01T11:31:48.716Z] InitialReadForge.onBeforeSend: SKIP (fr=true syn=false hasRead=true)
[2026-08-01T11:31:50.282Z] LiveUpdateForge: EndTurn fallback flush
[2026-08-01T11:31:50.283Z] onEndTurn: naturalStop=undefined toolCalls=67 nudgeMsg=no
[2026-08-01T11:31:50.283Z] LiveUpdateForge: EndTurn fallback flush
[2026-08-01T11:31:50.283Z] onEndTurn: naturalStop=false toolCalls=67 nudgeMsg=no
[2026-08-01T11:31:50.926Z] LiveUpdateForge: AfterToolExec flush
[2026-08-01T11:31:50.972Z] InitialReadForge.onBeforeSend: SKIP (fr=true syn=false hasRead=true)
[2026-08-01T11:31:56.146Z] LiveUpdateForge: EndTurn fallback flush
[2026-08-01T11:31:56.146Z] onEndTurn: naturalStop=undefined toolCalls=45 nudgeMsg=no
[2026-08-01T11:31:56.146Z] LiveUpdateForge: EndTurn fallback flush
[2026-08-01T11:31:56.146Z] onEndTurn: naturalStop=false toolCalls=45 nudgeMsg=no
[2026-08-01T11:31:56.177Z] LiveUpdateForge: AfterToolExec flush
[2026-08-01T11:31:56.214Z] InitialReadForge.onBeforeSend: SKIP (fr=true syn=false hasRead=true)
[2026-08-01T11:32:00.725Z] LiveUpdateForge: EndTurn fallback flush
[2026-08-01T11:32:00.725Z] onEndTurn: naturalStop=undefined toolCalls=68 nudgeMsg=no
[2026-08-01T11:32:00.726Z] LiveUpdateForge: EndTurn fallback flush
[2026-08-01T11:32:00.726Z] onEndTurn: naturalStop=false toolCalls=68 nudgeMsg=no
[2026-08-01T11:32:01.103Z] LiveUpdateForge: AfterToolExec flush
[2026-08-01T11:32:01.150Z] InitialReadForge.onBeforeSend: SKIP (fr=true syn=false hasRead=true)
[2026-08-01T11:32:06.973Z] MemoryForge: attached 5 listener(s)
[2026-08-01T11:32:06.974Z] InitialReadForge: armed one-shot BeforeSend after NewSessionStart
[2026-08-01T11:32:06.974Z] LiveUpdateForge: session reset, allowLiveUpdate = false
[2026-08-01T11:32:07.342Z] LiveUpdateForge: session reset, allowLiveUpdate = false
[2026-08-01T11:32:07.369Z] ResumeDiffForge: running checkResumeConsistency
[2026-08-01T11:32:07.370Z] checkResumeConsistency: forgedTimestamps=[]
[2026-08-01T11:32:07.377Z] checkResumeConsistency: no changes detected
[2026-08-01T11:32:07.377Z] LiveUpdateForge: session reset, allowLiveUpdate = false
[2026-08-01T11:32:07.378Z] NudgeForge: ResumeComplete — restoring count from history
[2026-08-01T11:32:07.379Z] restoreNudgeCountFromHistory: no reset point found, count=40
[2026-08-01T11:32:07.740Z] ResumeDiffForge: running checkResumeConsistency
[2026-08-01T11:32:07.741Z] checkResumeConsistency: forgedTimestamps=[]
[2026-08-01T11:32:07.749Z] checkResumeConsistency: no changes detected
[2026-08-01T11:32:07.750Z] LiveUpdateForge: session reset, allowLiveUpdate = false
[2026-08-01T11:32:07.750Z] NudgeForge: ResumeComplete — restoring count from history
[2026-08-01T11:32:07.751Z] restoreNudgeCountFromHistory: no reset point found, count=40
[2026-08-01T11:32:07.833Z] ResumeDiffForge: running checkResumeConsistency
[2026-08-01T11:32:07.834Z] checkResumeConsistency: forgedTimestamps=[]
[2026-08-01T11:32:07.841Z] checkResumeConsistency: no changes detected
[2026-08-01T11:32:07.842Z] LiveUpdateForge: session reset, allowLiveUpdate = false
[2026-08-01T11:32:07.842Z] NudgeForge: ResumeComplete — restoring count from history
[2026-08-01T11:32:07.842Z] restoreNudgeCountFromHistory: no reset point found, count=40
[2026-08-01T11:32:08.165Z] MemoryForge: attached 5 listener(s)
[2026-08-01T11:32:08.166Z] InitialReadForge: armed one-shot BeforeSend after NewSessionStart
[2026-08-01T11:32:08.166Z] LiveUpdateForge: session reset, allowLiveUpdate = false
[2026-08-01T11:32:08.171Z] MemoryForge: detached all listeners
[2026-08-01T11:32:08.171Z] ResumeDiffForge: running checkResumeConsistency
[2026-08-01T11:32:08.172Z] checkResumeConsistency: forgedTimestamps=[]
[2026-08-01T11:32:08.203Z] checkResumeConsistency: no changes detected
[2026-08-01T11:32:08.204Z] LiveUpdateForge: session reset, allowLiveUpdate = false
[2026-08-01T11:32:08.204Z] NudgeForge: ResumeComplete — restoring count from history
[2026-08-01T11:32:08.205Z] restoreNudgeCountFromHistory: no reset point found, count=40
[2026-08-01T11:32:08.227Z] LiveUpdateForge: allowLiveUpdate = true (first real BeforeSend)
[2026-08-01T11:32:08.228Z] InitialReadForge.onBeforeSend: SKIP (fr=false syn=false hasRead=true)
[2026-08-01T11:32:08.352Z] LiveUpdateForge: EndTurn fallback flush
[2026-08-01T11:32:08.353Z] onEndTurn: naturalStop=undefined toolCalls=69 nudgeMsg=no
[2026-08-01T11:32:08.353Z] LiveUpdateForge: EndTurn fallback flush
[2026-08-01T11:32:08.353Z] onEndTurn: naturalStop=false toolCalls=69 nudgeMsg=no
[2026-08-01T11:32:09.028Z] LiveUpdateForge: AfterToolExec flush
[2026-08-01T11:32:09.064Z] InitialReadForge.onBeforeSend: SKIP (fr=true syn=false hasRead=true)
[2026-08-01T11:32:09.437Z] LiveUpdateForge: EndTurn fallback flush
[2026-08-01T11:32:09.438Z] onEndTurn: naturalStop=undefined toolCalls=46 nudgeMsg=no
[2026-08-01T11:32:09.438Z] LiveUpdateForge: EndTurn fallback flush
[2026-08-01T11:32:09.438Z] onEndTurn: naturalStop=false toolCalls=46 nudgeMsg=no
[2026-08-01T11:32:09.474Z] LiveUpdateForge: AfterToolExec flush
[2026-08-01T11:32:09.514Z] InitialReadForge.onBeforeSend: SKIP (fr=true syn=false hasRead=true)
[2026-08-01T11:32:14.567Z] LiveUpdateForge: EndTurn fallback flush
[2026-08-01T11:32:14.568Z] onEndTurn: naturalStop=undefined toolCalls=47 nudgeMsg=no
[2026-08-01T11:32:14.568Z] LiveUpdateForge: EndTurn fallback flush
[2026-08-01T11:32:14.568Z] onEndTurn: naturalStop=false toolCalls=47 nudgeMsg=no
[2026-08-01T11:32:14.593Z] LiveUpdateForge: AfterToolExec flush
[2026-08-01T11:32:14.634Z] InitialReadForge.onBeforeSend: SKIP (fr=true syn=false hasRead=true)
[2026-08-01T11:32:15.535Z] LiveUpdateForge: AfterToolExec flush
[2026-08-01T11:32:15.575Z] InitialReadForge.onBeforeSend: SKIP (fr=true syn=false hasRead=true)
[2026-08-01T11:32:17.418Z] LiveUpdateForge: EndTurn fallback flush
[2026-08-01T11:32:17.418Z] onEndTurn: naturalStop=undefined toolCalls=88 nudgeMsg=no
[2026-08-01T11:32:17.419Z] LiveUpdateForge: EndTurn fallback flush
[2026-08-01T11:32:17.419Z] onEndTurn: naturalStop=false toolCalls=88 nudgeMsg=no
[2026-08-01T11:32:17.457Z] LiveUpdateForge: AfterToolExec flush
[2026-08-01T11:32:17.504Z] InitialReadForge.onBeforeSend: SKIP (fr=true syn=false hasRead=true)
[2026-08-01T11:32:18.923Z] LiveUpdateForge: EndTurn fallback flush
[2026-08-01T11:32:18.923Z] onEndTurn: naturalStop=undefined toolCalls=48 nudgeMsg=no
[2026-08-01T11:32:18.924Z] LiveUpdateForge: EndTurn fallback flush
[2026-08-01T11:32:18.924Z] onEndTurn: naturalStop=false toolCalls=48 nudgeMsg=no
[2026-08-01T11:32:18.946Z] LiveUpdateForge: AfterToolExec flush
[2026-08-01T11:32:19.026Z] InitialReadForge.onBeforeSend: SKIP (fr=true syn=false hasRead=true)
[2026-08-01T11:32:27.053Z] LiveUpdateForge: EndTurn fallback flush
[2026-08-01T11:32:27.053Z] onEndTurn: naturalStop=undefined toolCalls=89 nudgeMsg=no
[2026-08-01T11:32:27.054Z] LiveUpdateForge: EndTurn fallback flush
[2026-08-01T11:32:27.054Z] onEndTurn: naturalStop=false toolCalls=89 nudgeMsg=no
[2026-08-01T11:32:27.075Z] LiveUpdateForge: AfterToolExec flush
[2026-08-01T11:32:27.124Z] InitialReadForge.onBeforeSend: SKIP (fr=true syn=false hasRead=true)
[2026-08-01T11:32:28.117Z] LiveUpdateForge: EndTurn fallback flush
[2026-08-01T11:32:28.118Z] onEndTurn: naturalStop=undefined toolCalls=70 nudgeMsg=no
[2026-08-01T11:32:28.118Z] LiveUpdateForge: EndTurn fallback flush
[2026-08-01T11:32:28.118Z] onEndTurn: naturalStop=false toolCalls=70 nudgeMsg=no
[2026-08-01T11:32:28.500Z] LiveUpdateForge: AfterToolExec flush
[2026-08-01T11:32:28.535Z] InitialReadForge.onBeforeSend: SKIP (fr=true syn=false hasRead=true)
[2026-08-01T11:32:29.223Z] LiveUpdateForge: EndTurn fallback flush
[2026-08-01T11:32:29.223Z] onEndTurn: naturalStop=undefined toolCalls=90 nudgeMsg=no
[2026-08-01T11:32:29.224Z] LiveUpdateForge: EndTurn fallback flush
[2026-08-01T11:32:29.224Z] onEndTurn: naturalStop=false toolCalls=90 nudgeMsg=no
[2026-08-01T11:32:30.273Z] LiveUpdateForge: AfterToolExec flush
[2026-08-01T11:32:30.334Z] InitialReadForge.onBeforeSend: SKIP (fr=true syn=false hasRead=true)
[2026-08-01T11:32:31.474Z] LiveUpdateForge: EndTurn fallback flush
[2026-08-01T11:32:31.474Z] onEndTurn: naturalStop=undefined toolCalls=71 nudgeMsg=no
[2026-08-01T11:32:31.474Z] LiveUpdateForge: EndTurn fallback flush
[2026-08-01T11:32:31.474Z] onEndTurn: naturalStop=false toolCalls=71 nudgeMsg=no
[2026-08-01T11:32:31.481Z] LiveUpdateForge: AfterToolExec flush
[2026-08-01T11:32:31.482Z] LiveUpdateForge: AfterToolExec flush
[2026-08-01T11:32:31.528Z] InitialReadForge.onBeforeSend: SKIP (fr=true syn=false hasRead=true)
[2026-08-01T11:32:32.590Z] LiveUpdateForge: EndTurn fallback flush
[2026-08-01T11:32:32.590Z] onEndTurn: naturalStop=undefined toolCalls=91 nudgeMsg=no
[2026-08-01T11:32:32.590Z] LiveUpdateForge: EndTurn fallback flush
[2026-08-01T11:32:32.591Z] onEndTurn: naturalStop=false toolCalls=91 nudgeMsg=no
[2026-08-01T11:32:32.616Z] LiveUpdateForge: AfterToolExec flush
[2026-08-01T11:32:32.658Z] InitialReadForge.onBeforeSend: SKIP (fr=true syn=false hasRead=true)
[2026-08-01T11:32:33.445Z] LiveUpdateForge: EndTurn fallback flush
[2026-08-01T11:32:33.446Z] onEndTurn: naturalStop=undefined toolCalls=49 nudgeMsg=no
[2026-08-01T11:32:33.446Z] LiveUpdateForge: EndTurn fallback flush
[2026-08-01T11:32:33.446Z] onEndTurn: naturalStop=false toolCalls=49 nudgeMsg=no
[2026-08-01T11:32:33.470Z] LiveUpdateForge: AfterToolExec flush
[2026-08-01T11:32:33.510Z] InitialReadForge.onBeforeSend: SKIP (fr=true syn=false hasRead=true)
[2026-08-01T11:32:35.278Z] LiveUpdateForge: EndTurn fallback flush
[2026-08-01T11:32:35.278Z] onEndTurn: naturalStop=undefined toolCalls=50 nudgeMsg=no
[2026-08-01T11:32:35.279Z] LiveUpdateForge: EndTurn fallback flush
[2026-08-01T11:32:35.279Z] onEndTurn: naturalStop=false toolCalls=50 nudgeMsg=no
[2026-08-01T11:32:35.284Z] LiveUpdateForge: AfterToolExec flush
[2026-08-01T11:32:35.324Z] InitialReadForge.onBeforeSend: SKIP (fr=true syn=false hasRead=true)
[2026-08-01T11:32:37.533Z] LiveUpdateForge: EndTurn fallback flush
[2026-08-01T11:32:37.534Z] onEndTurn: naturalStop=undefined toolCalls=73 nudgeMsg=no
[2026-08-01T11:32:37.534Z] LiveUpdateForge: EndTurn fallback flush
[2026-08-01T11:32:37.535Z] onEndTurn: naturalStop=false toolCalls=73 nudgeMsg=no
[2026-08-01T11:32:37.551Z] LiveUpdateForge: self-write on D:\unity\mowang\CODELY.md, baseline aligned
[2026-08-01T11:32:37.553Z] LiveUpdateForge: AfterToolExec flush
[2026-08-01T11:32:37.600Z] InitialReadForge.onBeforeSend: SKIP (fr=true syn=false hasRead=true)
[2026-08-01T11:32:37.775Z] LiveUpdateForge: EndTurn fallback flush
[2026-08-01T11:32:37.775Z] onEndTurn: naturalStop=undefined toolCalls=40 nudgeMsg=no
[2026-08-01T11:32:37.776Z] LiveUpdateForge: EndTurn fallback flush
[2026-08-01T11:32:37.778Z] onEndTurn: naturalStop=false toolCalls=40 nudgeMsg=no
[2026-08-01T11:32:37.921Z] LiveUpdateForge: AfterToolExec flush
[2026-08-01T11:32:37.955Z] InitialReadForge.onBeforeSend: SKIP (fr=true syn=false hasRead=true)
[2026-08-01T11:32:38.058Z] LiveUpdateForge: pending external change on D:\unity\mowang\CODELY.md
[2026-08-01T11:32:38.078Z] LiveUpdateForge: pending external change on D:\unity\mowang\CODELY.md
[2026-08-01T11:32:38.080Z] LiveUpdateForge: pending external change on D:\unity\mowang\CODELY.md
[2026-08-01T11:32:40.519Z] LiveUpdateForge: EndTurn fallback flush
[2026-08-01T11:32:40.520Z] LiveUpdateForge: enqueuing 1 diff notification(s)
[2026-08-01T11:32:40.521Z] onEndTurn: naturalStop=undefined toolCalls=51 nudgeMsg=no
[2026-08-01T11:32:40.522Z] LiveUpdateForge: EndTurn fallback flush
[2026-08-01T11:32:40.522Z] onEndTurn: naturalStop=false toolCalls=51 nudgeMsg=no
[2026-08-01T11:32:40.530Z] LiveUpdateForge: AfterToolExec flush
[2026-08-01T11:32:40.581Z] InitialReadForge.onBeforeSend: SKIP (fr=true syn=false hasRead=true)
[2026-08-01T11:32:41.939Z] LiveUpdateForge: EndTurn fallback flush
[2026-08-01T11:32:41.942Z] LiveUpdateForge: enqueuing 1 diff notification(s)
[2026-08-01T11:32:41.943Z] onEndTurn: naturalStop=undefined toolCalls=92 nudgeMsg=no
[2026-08-01T11:32:41.943Z] LiveUpdateForge: EndTurn fallback flush
[2026-08-01T11:32:41.943Z] onEndTurn: naturalStop=false toolCalls=92 nudgeMsg=no
[2026-08-01T11:32:41.953Z] LiveUpdateForge: AfterToolExec flush
[2026-08-01T11:32:41.999Z] InitialReadForge.onBeforeSend: SKIP (fr=true syn=false hasRead=true)
[2026-08-01T11:32:43.191Z] LiveUpdateForge: EndTurn fallback flush
[2026-08-01T11:32:43.192Z] LiveUpdateForge: enqueuing 1 diff notification(s)
[2026-08-01T11:32:43.194Z] onEndTurn: naturalStop=undefined toolCalls=41 nudgeMsg=no
[2026-08-01T11:32:43.194Z] LiveUpdateForge: EndTurn fallback flush
[2026-08-01T11:32:43.195Z] onEndTurn: naturalStop=true toolCalls=41 nudgeMsg=no
[2026-08-01T11:32:43.211Z] InitialReadForge.onBeforeSend: SKIP (fr=false syn=false hasRead=true)
[2026-08-01T11:32:43.448Z] LiveUpdateForge: EndTurn fallback flush
[2026-08-01T11:32:43.448Z] onEndTurn: naturalStop=undefined toolCalls=0 nudgeMsg=no
[2026-08-01T11:32:43.448Z] LiveUpdateForge: EndTurn fallback flush
[2026-08-01T11:32:43.448Z] onEndTurn: naturalStop=true toolCalls=0 nudgeMsg=no
[2026-08-01T11:32:45.085Z] LiveUpdateForge: EndTurn fallback flush
[2026-08-01T11:32:45.086Z] onEndTurn: naturalStop=undefined toolCalls=52 nudgeMsg=no
[2026-08-01T11:32:45.086Z] LiveUpdateForge: EndTurn fallback flush
[2026-08-01T11:32:45.086Z] onEndTurn: naturalStop=false toolCalls=52 nudgeMsg=no
[2026-08-01T11:32:45.096Z] LiveUpdateForge: AfterToolExec flush
[2026-08-01T11:32:45.134Z] InitialReadForge.onBeforeSend: SKIP (fr=true syn=false hasRead=true)
[2026-08-01T11:32:47.567Z] LiveUpdateForge: EndTurn fallback flush
[2026-08-01T11:32:47.568Z] onEndTurn: naturalStop=undefined toolCalls=93 nudgeMsg=no
[2026-08-01T11:32:47.568Z] LiveUpdateForge: EndTurn fallback flush
[2026-08-01T11:32:47.569Z] onEndTurn: naturalStop=false toolCalls=93 nudgeMsg=no
[2026-08-01T11:32:47.727Z] LiveUpdateForge: EndTurn fallback flush
[2026-08-01T11:32:47.728Z] onEndTurn: naturalStop=undefined toolCalls=41 nudgeMsg=no
[2026-08-01T11:32:47.728Z] LiveUpdateForge: EndTurn fallback flush
[2026-08-01T11:32:47.729Z] onEndTurn: naturalStop=true toolCalls=41 nudgeMsg=no
[2026-08-01T11:32:52.698Z] LiveUpdateForge: AfterToolExec flush
[2026-08-01T11:32:52.742Z] InitialReadForge.onBeforeSend: SKIP (fr=true syn=false hasRead=true)
[2026-08-01T11:32:56.313Z] LiveUpdateForge: EndTurn fallback flush
[2026-08-01T11:32:56.313Z] onEndTurn: naturalStop=undefined toolCalls=94 nudgeMsg=no
[2026-08-01T11:32:56.314Z] LiveUpdateForge: EndTurn fallback flush
[2026-08-01T11:32:56.314Z] onEndTurn: naturalStop=false toolCalls=94 nudgeMsg=no
[2026-08-01T11:32:59.820Z] LiveUpdateForge: EndTurn fallback flush
[2026-08-01T11:32:59.820Z] onEndTurn: naturalStop=undefined toolCalls=53 nudgeMsg=no
[2026-08-01T11:32:59.821Z] LiveUpdateForge: EndTurn fallback flush
[2026-08-01T11:32:59.821Z] onEndTurn: naturalStop=false toolCalls=53 nudgeMsg=no
[2026-08-01T11:32:59.890Z] LiveUpdateForge: AfterToolExec flush
[2026-08-01T11:32:59.933Z] InitialReadForge.onBeforeSend: SKIP (fr=true syn=false hasRead=true)
[2026-08-01T11:33:00.107Z] LiveUpdateForge: AfterToolExec flush
[2026-08-01T11:33:00.190Z] InitialReadForge.onBeforeSend: SKIP (fr=true syn=false hasRead=true)
[2026-08-01T11:33:03.933Z] LiveUpdateForge: EndTurn fallback flush
[2026-08-01T11:33:03.934Z] onEndTurn: naturalStop=undefined toolCalls=54 nudgeMsg=no
[2026-08-01T11:33:03.934Z] LiveUpdateForge: EndTurn fallback flush
[2026-08-01T11:33:03.935Z] onEndTurn: naturalStop=false toolCalls=54 nudgeMsg=no
[2026-08-01T11:33:03.954Z] LiveUpdateForge: AfterToolExec flush
[2026-08-01T11:33:03.995Z] InitialReadForge.onBeforeSend: SKIP (fr=true syn=false hasRead=true)
[2026-08-01T11:33:06.362Z] LiveUpdateForge: EndTurn fallback flush
[2026-08-01T11:33:06.362Z] onEndTurn: naturalStop=undefined toolCalls=55 nudgeMsg=no
[2026-08-01T11:33:06.363Z] LiveUpdateForge: EndTurn fallback flush
[2026-08-01T11:33:06.363Z] onEndTurn: naturalStop=false toolCalls=55 nudgeMsg=no
[2026-08-01T11:33:06.368Z] LiveUpdateForge: AfterToolExec flush
[2026-08-01T11:33:06.406Z] InitialReadForge.onBeforeSend: SKIP (fr=true syn=false hasRead=true)
[2026-08-01T11:33:07.314Z] LiveUpdateForge: EndTurn fallback flush
[2026-08-01T11:33:07.314Z] onEndTurn: naturalStop=undefined toolCalls=95 nudgeMsg=no
[2026-08-01T11:33:07.314Z] LiveUpdateForge: EndTurn fallback flush
[2026-08-01T11:33:07.314Z] onEndTurn: naturalStop=false toolCalls=95 nudgeMsg=no
[2026-08-01T11:33:08.121Z] LiveUpdateForge: EndTurn fallback flush
[2026-08-01T11:33:08.122Z] onEndTurn: naturalStop=undefined toolCalls=56 nudgeMsg=no
[2026-08-01T11:33:08.122Z] LiveUpdateForge: EndTurn fallback flush
[2026-08-01T11:33:08.122Z] onEndTurn: naturalStop=false toolCalls=56 nudgeMsg=no
[2026-08-01T11:33:08.160Z] LiveUpdateForge: AfterToolExec flush
[2026-08-01T11:33:08.197Z] InitialReadForge.onBeforeSend: SKIP (fr=true syn=false hasRead=true)
[2026-08-01T11:33:10.425Z] LiveUpdateForge: AfterToolExec flush
[2026-08-01T11:33:10.474Z] InitialReadForge.onBeforeSend: SKIP (fr=true syn=false hasRead=true)
[2026-08-01T11:33:10.720Z] LiveUpdateForge: EndTurn fallback flush
[2026-08-01T11:33:10.721Z] onEndTurn: naturalStop=undefined toolCalls=57 nudgeMsg=no
[2026-08-01T11:33:10.721Z] LiveUpdateForge: EndTurn fallback flush
[2026-08-01T11:33:10.721Z] onEndTurn: naturalStop=false toolCalls=57 nudgeMsg=no
[2026-08-01T11:33:11.892Z] LiveUpdateForge: AfterToolExec flush
[2026-08-01T11:33:11.936Z] InitialReadForge.onBeforeSend: SKIP (fr=true syn=false hasRead=true)
[2026-08-01T11:33:13.361Z] LiveUpdateForge: EndTurn fallback flush
[2026-08-01T11:33:13.361Z] onEndTurn: naturalStop=undefined toolCalls=96 nudgeMsg=no
[2026-08-01T11:33:13.362Z] LiveUpdateForge: EndTurn fallback flush
[2026-08-01T11:33:13.362Z] onEndTurn: naturalStop=false toolCalls=96 nudgeMsg=no
[2026-08-01T11:33:14.424Z] LiveUpdateForge: EndTurn fallback flush
[2026-08-01T11:33:14.425Z] onEndTurn: naturalStop=undefined toolCalls=58 nudgeMsg=no
[2026-08-01T11:33:14.425Z] LiveUpdateForge: EndTurn fallback flush
[2026-08-01T11:33:14.425Z] onEndTurn: naturalStop=false toolCalls=58 nudgeMsg=no
[2026-08-01T11:33:14.439Z] LiveUpdateForge: AfterToolExec flush
[2026-08-01T11:33:14.475Z] InitialReadForge.onBeforeSend: SKIP (fr=true syn=false hasRead=true)
[2026-08-01T11:33:16.203Z] LiveUpdateForge: AfterToolExec flush
[2026-08-01T11:33:16.247Z] InitialReadForge.onBeforeSend: SKIP (fr=true syn=false hasRead=true)
[2026-08-01T11:33:20.290Z] LiveUpdateForge: EndTurn fallback flush
[2026-08-01T11:33:20.290Z] onEndTurn: naturalStop=undefined toolCalls=97 nudgeMsg=no
[2026-08-01T11:33:20.291Z] LiveUpdateForge: EndTurn fallback flush
[2026-08-01T11:33:20.291Z] onEndTurn: naturalStop=false toolCalls=97 nudgeMsg=no
[2026-08-01T11:33:20.303Z] LiveUpdateForge: EndTurn fallback flush
[2026-08-01T11:33:20.303Z] onEndTurn: naturalStop=undefined toolCalls=59 nudgeMsg=no
[2026-08-01T11:33:20.303Z] LiveUpdateForge: EndTurn fallback flush
[2026-08-01T11:33:20.304Z] onEndTurn: naturalStop=false toolCalls=59 nudgeMsg=no
[2026-08-01T11:33:20.477Z] LiveUpdateForge: AfterToolExec flush
[2026-08-01T11:33:20.517Z] InitialReadForge.onBeforeSend: SKIP (fr=true syn=false hasRead=true)
[2026-08-01T11:33:22.103Z] ResumeDiffForge: running checkResumeConsistency
[2026-08-01T11:33:22.104Z] checkResumeConsistency: forgedTimestamps=[]
[2026-08-01T11:33:22.112Z] checkResumeConsistency: no changes detected
[2026-08-01T11:33:22.113Z] LiveUpdateForge: session reset, allowLiveUpdate = false
[2026-08-01T11:33:22.113Z] NudgeForge: ResumeComplete — restoring count from history
[2026-08-01T11:33:22.113Z] restoreNudgeCountFromHistory: found last write at idx=119 count=0
[2026-08-01T11:33:22.181Z] LiveUpdateForge: allowLiveUpdate = true (first real BeforeSend)
[2026-08-01T11:33:22.181Z] InitialReadForge.onBeforeSend: SKIP (fr=false syn=false hasRead=true)
[2026-08-01T11:33:23.140Z] LiveUpdateForge: AfterToolExec flush
[2026-08-01T11:33:23.186Z] InitialReadForge.onBeforeSend: SKIP (fr=true syn=false hasRead=true)
[2026-08-01T11:33:24.613Z] LiveUpdateForge: EndTurn fallback flush
[2026-08-01T11:33:24.614Z] onEndTurn: naturalStop=undefined toolCalls=60 nudgeMsg=no
[2026-08-01T11:33:24.614Z] LiveUpdateForge: EndTurn fallback flush
[2026-08-01T11:33:24.614Z] onEndTurn: naturalStop=false toolCalls=60 nudgeMsg=no
[2026-08-01T11:33:24.631Z] LiveUpdateForge: AfterToolExec flush
[2026-08-01T11:33:24.671Z] InitialReadForge.onBeforeSend: SKIP (fr=true syn=false hasRead=true)
[2026-08-01T11:33:26.848Z] LiveUpdateForge: EndTurn fallback flush
[2026-08-01T11:33:26.849Z] onEndTurn: naturalStop=undefined toolCalls=61 nudgeMsg=no
[2026-08-01T11:33:26.849Z] LiveUpdateForge: EndTurn fallback flush
[2026-08-01T11:33:26.849Z] onEndTurn: naturalStop=false toolCalls=61 nudgeMsg=no
[2026-08-01T11:33:38.174Z] LiveUpdateForge: AfterToolExec flush
[2026-08-01T11:33:38.222Z] InitialReadForge.onBeforeSend: SKIP (fr=true syn=false hasRead=true)
[2026-08-01T11:33:40.761Z] LiveUpdateForge: EndTurn fallback flush
[2026-08-01T11:33:40.761Z] onEndTurn: naturalStop=undefined toolCalls=62 nudgeMsg=no
[2026-08-01T11:33:40.762Z] LiveUpdateForge: EndTurn fallback flush
[2026-08-01T11:33:40.762Z] onEndTurn: naturalStop=false toolCalls=62 nudgeMsg=no
[2026-08-01T11:33:40.812Z] LiveUpdateForge: AfterToolExec flush
[2026-08-01T11:33:40.866Z] InitialReadForge.onBeforeSend: SKIP (fr=true syn=false hasRead=true)
[2026-08-01T11:33:41.330Z] LiveUpdateForge: EndTurn fallback flush
[2026-08-01T11:33:41.331Z] onEndTurn: naturalStop=undefined toolCalls=0 nudgeMsg=no
[2026-08-01T11:33:41.332Z] LiveUpdateForge: EndTurn fallback flush
[2026-08-01T11:33:41.332Z] onEndTurn: naturalStop=false toolCalls=0 nudgeMsg=no
[2026-08-01T11:33:41.681Z] LiveUpdateForge: EndTurn fallback flush
[2026-08-01T11:33:41.681Z] onEndTurn: naturalStop=undefined toolCalls=98 nudgeMsg=no
[2026-08-01T11:33:41.682Z] LiveUpdateForge: EndTurn fallback flush
[2026-08-01T11:33:41.682Z] onEndTurn: naturalStop=false toolCalls=98 nudgeMsg=no
[2026-08-01T11:33:41.914Z] LiveUpdateForge: AfterToolExec flush
[2026-08-01T11:33:41.975Z] InitialReadForge.onBeforeSend: SKIP (fr=true syn=false hasRead=true)
[2026-08-01T11:33:42.765Z] LiveUpdateForge: EndTurn fallback flush
[2026-08-01T11:33:42.765Z] onEndTurn: naturalStop=undefined toolCalls=63 nudgeMsg=no
[2026-08-01T11:33:42.766Z] LiveUpdateForge: EndTurn fallback flush
[2026-08-01T11:33:42.766Z] onEndTurn: naturalStop=false toolCalls=63 nudgeMsg=no
[2026-08-01T11:33:45.133Z] LiveUpdateForge: AfterToolExec flush
[2026-08-01T11:33:45.176Z] InitialReadForge.onBeforeSend: SKIP (fr=true syn=false hasRead=true)
[2026-08-01T11:33:46.013Z] LiveUpdateForge: EndTurn fallback flush
[2026-08-01T11:33:46.014Z] onEndTurn: naturalStop=undefined toolCalls=99 nudgeMsg=no
[2026-08-01T11:33:46.014Z] LiveUpdateForge: EndTurn fallback flush
[2026-08-01T11:33:46.014Z] onEndTurn: naturalStop=false toolCalls=99 nudgeMsg=no
[2026-08-01T11:33:47.748Z] LiveUpdateForge: AfterToolExec flush
[2026-08-01T11:33:47.751Z] LiveUpdateForge: AfterToolExec flush
[2026-08-01T11:33:47.778Z] InitialReadForge.onBeforeSend: SKIP (fr=true syn=false hasRead=true)
[2026-08-01T11:33:47.796Z] InitialReadForge.onBeforeSend: SKIP (fr=true syn=false hasRead=true)
[2026-08-01T11:33:49.526Z] LiveUpdateForge: EndTurn fallback flush
[2026-08-01T11:33:49.526Z] onEndTurn: naturalStop=undefined toolCalls=64 nudgeMsg=no
[2026-08-01T11:33:49.527Z] LiveUpdateForge: EndTurn fallback flush
[2026-08-01T11:33:49.527Z] onEndTurn: naturalStop=false toolCalls=64 nudgeMsg=no
[2026-08-01T11:33:50.100Z] LiveUpdateForge: EndTurn fallback flush
[2026-08-01T11:33:50.100Z] onEndTurn: naturalStop=undefined toolCalls=100 nudgeMsg=no
[2026-08-01T11:33:50.101Z] LiveUpdateForge: EndTurn fallback flush
[2026-08-01T11:33:50.101Z] onEndTurn: naturalStop=false toolCalls=100 nudgeMsg=no
[2026-08-01T11:33:50.171Z] LiveUpdateForge: AfterToolExec flush
[2026-08-01T11:33:50.206Z] InitialReadForge.onBeforeSend: SKIP (fr=true syn=false hasRead=true)
[2026-08-01T11:33:50.749Z] LiveUpdateForge: EndTurn fallback flush
[2026-08-01T11:33:50.750Z] onEndTurn: naturalStop=undefined toolCalls=1 nudgeMsg=no
[2026-08-01T11:33:50.751Z] LiveUpdateForge: EndTurn fallback flush
[2026-08-01T11:33:50.751Z] onEndTurn: naturalStop=true toolCalls=1 nudgeMsg=no
[2026-08-01T11:33:56.234Z] LiveUpdateForge: EndTurn fallback flush
[2026-08-01T11:33:56.235Z] onEndTurn: naturalStop=undefined toolCalls=65 nudgeMsg=no
[2026-08-01T11:33:56.235Z] LiveUpdateForge: EndTurn fallback flush
[2026-08-01T11:33:56.236Z] onEndTurn: naturalStop=true toolCalls=0 nudgeMsg=YES
[2026-08-01T11:33:56.245Z] InitialReadForge.onBeforeSend: SKIP (fr=false syn=false hasRead=true)
[2026-08-01T11:33:57.896Z] LiveUpdateForge: AfterToolExec flush
[2026-08-01T11:33:57.946Z] InitialReadForge.onBeforeSend: SKIP (fr=true syn=false hasRead=true)
[2026-08-01T11:34:00.565Z] LiveUpdateForge: EndTurn fallback flush
[2026-08-01T11:34:00.566Z] onEndTurn: naturalStop=undefined toolCalls=101 nudgeMsg=no
[2026-08-01T11:34:00.566Z] LiveUpdateForge: EndTurn fallback flush
[2026-08-01T11:34:00.566Z] onEndTurn: naturalStop=false toolCalls=101 nudgeMsg=no
[2026-08-01T11:34:00.627Z] LiveUpdateForge: AfterToolExec flush
[2026-08-01T11:34:00.676Z] InitialReadForge.onBeforeSend: SKIP (fr=true syn=false hasRead=true)
[2026-08-01T11:34:03.667Z] LiveUpdateForge: EndTurn fallback flush
[2026-08-01T11:34:03.667Z] onEndTurn: naturalStop=undefined toolCalls=102 nudgeMsg=no
[2026-08-01T11:34:03.668Z] LiveUpdateForge: EndTurn fallback flush
[2026-08-01T11:34:03.668Z] onEndTurn: naturalStop=false toolCalls=102 nudgeMsg=no
[2026-08-01T11:34:03.780Z] LiveUpdateForge: AfterToolExec flush
[2026-08-01T11:34:03.813Z] InitialReadForge.onBeforeSend: SKIP (fr=true syn=false hasRead=true)
[2026-08-01T11:34:05.580Z] LiveUpdateForge: EndTurn fallback flush
[2026-08-01T11:34:05.581Z] onEndTurn: naturalStop=undefined toolCalls=103 nudgeMsg=no
[2026-08-01T11:34:05.581Z] LiveUpdateForge: EndTurn fallback flush
[2026-08-01T11:34:05.582Z] onEndTurn: naturalStop=false toolCalls=103 nudgeMsg=no
[2026-08-01T11:34:05.763Z] LiveUpdateForge: AfterToolExec flush
[2026-08-01T11:34:05.801Z] InitialReadForge.onBeforeSend: SKIP (fr=true syn=false hasRead=true)
[2026-08-01T11:34:08.404Z] LiveUpdateForge: EndTurn fallback flush
[2026-08-01T11:34:08.404Z] onEndTurn: naturalStop=undefined toolCalls=104 nudgeMsg=no
[2026-08-01T11:34:08.405Z] LiveUpdateForge: EndTurn fallback flush
[2026-08-01T11:34:08.405Z] onEndTurn: naturalStop=false toolCalls=104 nudgeMsg=no
[2026-08-01T11:34:08.410Z] LiveUpdateForge: AfterToolExec flush
[2026-08-01T11:34:08.452Z] InitialReadForge.onBeforeSend: SKIP (fr=true syn=false hasRead=true)
[2026-08-01T11:34:17.682Z] LiveUpdateForge: EndTurn fallback flush
[2026-08-01T11:34:17.682Z] onEndTurn: naturalStop=undefined toolCalls=105 nudgeMsg=no
[2026-08-01T11:34:17.683Z] LiveUpdateForge: EndTurn fallback flush
[2026-08-01T11:34:17.683Z] onEndTurn: naturalStop=true toolCalls=0 nudgeMsg=YES
[2026-08-01T11:34:17.689Z] InitialReadForge.onBeforeSend: SKIP (fr=false syn=false hasRead=true)
[2026-08-01T11:34:23.402Z] LiveUpdateForge: EndTurn fallback flush
[2026-08-01T11:34:23.402Z] onEndTurn: naturalStop=undefined toolCalls=0 nudgeMsg=no
[2026-08-01T11:34:23.402Z] LiveUpdateForge: EndTurn fallback flush
[2026-08-01T11:34:23.403Z] onEndTurn: naturalStop=false toolCalls=0 nudgeMsg=no
[2026-08-01T11:34:23.423Z] LiveUpdateForge: self-write on D:\unity\mowang\CODELY.md, baseline aligned
[2026-08-01T11:34:23.424Z] LiveUpdateForge: AfterToolExec flush
[2026-08-01T11:34:23.469Z] InitialReadForge.onBeforeSend: SKIP (fr=true syn=false hasRead=true)
[2026-08-01T11:34:23.933Z] LiveUpdateForge: pending external change on D:\unity\mowang\CODELY.md
[2026-08-01T11:34:23.933Z] LiveUpdateForge: pending external change on D:\unity\mowang\CODELY.md
[2026-08-01T11:34:23.937Z] LiveUpdateForge: pending external change on D:\unity\mowang\CODELY.md
[2026-08-01T11:34:26.822Z] LiveUpdateForge: EndTurn fallback flush
[2026-08-01T11:34:26.822Z] onEndTurn: naturalStop=undefined toolCalls=0 nudgeMsg=no
[2026-08-01T11:34:26.822Z] LiveUpdateForge: EndTurn fallback flush
[2026-08-01T11:34:26.823Z] onEndTurn: naturalStop=false toolCalls=0 nudgeMsg=no
[2026-08-01T11:34:26.833Z] LiveUpdateForge: self-write on D:\unity\mowang\CODELY.md, baseline aligned
[2026-08-01T11:34:26.834Z] LiveUpdateForge: AfterToolExec flush
[2026-08-01T11:34:26.876Z] InitialReadForge.onBeforeSend: SKIP (fr=true syn=false hasRead=true)
[2026-08-01T11:34:27.347Z] LiveUpdateForge: pending external change on D:\unity\mowang\CODELY.md
[2026-08-01T11:34:27.349Z] LiveUpdateForge: pending external change on D:\unity\mowang\CODELY.md
[2026-08-01T11:34:27.349Z] LiveUpdateForge: pending external change on D:\unity\mowang\CODELY.md
[2026-08-01T11:34:30.015Z] LiveUpdateForge: EndTurn fallback flush
[2026-08-01T11:34:30.015Z] onEndTurn: naturalStop=undefined toolCalls=0 nudgeMsg=no
[2026-08-01T11:34:30.016Z] LiveUpdateForge: EndTurn fallback flush
[2026-08-01T11:34:30.016Z] onEndTurn: naturalStop=true toolCalls=0 nudgeMsg=no
[2026-08-01T11:35:11.960Z] LiveUpdateForge: EndTurn fallback flush
[2026-08-01T11:35:11.961Z] LiveUpdateForge: enqueuing 1 diff notification(s)
[2026-08-01T11:35:11.961Z] onEndTurn: naturalStop=undefined toolCalls=0 nudgeMsg=no
[2026-08-01T11:35:11.961Z] LiveUpdateForge: EndTurn fallback flush
[2026-08-01T11:35:11.962Z] onEndTurn: naturalStop=false toolCalls=0 nudgeMsg=no
[2026-08-01T11:35:11.984Z] LiveUpdateForge: self-write on D:\unity\mowang\CODELY.md, baseline aligned
[2026-08-01T11:35:11.985Z] LiveUpdateForge: AfterToolExec flush
[2026-08-01T11:35:12.028Z] InitialReadForge.onBeforeSend: SKIP (fr=true syn=false hasRead=true)
[2026-08-01T11:35:12.493Z] LiveUpdateForge: pending external change on D:\unity\mowang\CODELY.md
[2026-08-01T11:35:12.493Z] LiveUpdateForge: pending external change on D:\unity\mowang\CODELY.md
[2026-08-01T11:35:12.496Z] LiveUpdateForge: pending external change on D:\unity\mowang\CODELY.md
[2026-08-01T11:35:14.019Z] LiveUpdateForge: EndTurn fallback flush
[2026-08-01T11:35:14.019Z] onEndTurn: naturalStop=undefined toolCalls=0 nudgeMsg=no
[2026-08-01T11:35:14.020Z] LiveUpdateForge: EndTurn fallback flush
[2026-08-01T11:35:14.020Z] onEndTurn: naturalStop=false toolCalls=0 nudgeMsg=no
[2026-08-01T11:35:14.031Z] LiveUpdateForge: AfterToolExec flush
[2026-08-01T11:35:14.036Z] nudge: read_memory called (does NOT reset counter)
[2026-08-01T11:35:30.422Z] LiveUpdateForge: EndTurn fallback flush
[2026-08-01T11:35:30.423Z] onEndTurn: naturalStop=undefined toolCalls=1 nudgeMsg=no
[2026-08-01T11:35:30.423Z] LiveUpdateForge: EndTurn fallback flush
[2026-08-01T11:35:30.423Z] onEndTurn: naturalStop=false toolCalls=1 nudgeMsg=no
[2026-08-01T11:35:32.457Z] LiveUpdateForge: AfterToolExec flush
[2026-08-01T11:35:35.896Z] LiveUpdateForge: EndTurn fallback flush
[2026-08-01T11:35:35.896Z] onEndTurn: naturalStop=undefined toolCalls=2 nudgeMsg=no
[2026-08-01T11:35:35.896Z] LiveUpdateForge: EndTurn fallback flush
[2026-08-01T11:35:35.897Z] onEndTurn: naturalStop=true toolCalls=2 nudgeMsg=no
[2026-08-01T11:36:03.601Z] ResumeDiffForge: running checkResumeConsistency
[2026-08-01T11:36:03.602Z] checkResumeConsistency: forgedTimestamps=[]
[2026-08-01T11:36:03.609Z] checkResumeConsistency: no changes detected
[2026-08-01T11:36:03.610Z] LiveUpdateForge: session reset, allowLiveUpdate = false
[2026-08-01T11:36:03.610Z] NudgeForge: ResumeComplete — restoring count from history
[2026-08-01T11:36:03.610Z] restoreNudgeCountFromHistory: found last write at idx=178 count=0
[2026-08-01T11:36:03.656Z] LiveUpdateForge: allowLiveUpdate = true (first real BeforeSend)
[2026-08-01T11:36:03.657Z] InitialReadForge.onBeforeSend: SKIP (fr=false syn=false hasRead=true)
[2026-08-01T11:36:22.845Z] LiveUpdateForge: EndTurn fallback flush
[2026-08-01T11:36:22.846Z] onEndTurn: naturalStop=undefined toolCalls=0 nudgeMsg=no
[2026-08-01T11:36:22.846Z] LiveUpdateForge: EndTurn fallback flush
[2026-08-01T11:36:22.846Z] onEndTurn: naturalStop=false toolCalls=0 nudgeMsg=no
[2026-08-01T11:36:22.852Z] InitialReadForge.onBeforeSend: SKIP (fr=false syn=false hasRead=true)
[2026-08-01T11:36:32.917Z] LiveUpdateForge: EndTurn fallback flush
[2026-08-01T11:36:32.917Z] onEndTurn: naturalStop=undefined toolCalls=0 nudgeMsg=no
[2026-08-01T11:36:32.918Z] LiveUpdateForge: EndTurn fallback flush
[2026-08-01T11:36:32.918Z] onEndTurn: naturalStop=false toolCalls=0 nudgeMsg=no
[2026-08-01T11:37:22.731Z] ResumeDiffForge: running checkResumeConsistency
[2026-08-01T11:37:22.731Z] checkResumeConsistency: forgedTimestamps=[["project","1970-01-01T00:00:00.000Z"]]
[2026-08-01T11:37:22.741Z] checkResumeConsistency: no changes detected
[2026-08-01T11:37:22.742Z] LiveUpdateForge: session reset, allowLiveUpdate = false
[2026-08-01T11:37:22.742Z] NudgeForge: ResumeComplete — restoring count from history
[2026-08-01T11:37:22.743Z] restoreNudgeCountFromHistory: found last write at idx=111 count=2
[2026-08-01T11:37:22.797Z] LiveUpdateForge: allowLiveUpdate = true (first real BeforeSend)
[2026-08-01T11:37:28.603Z] LiveUpdateForge: EndTurn fallback flush
[2026-08-01T11:37:28.603Z] onEndTurn: naturalStop=undefined toolCalls=2 nudgeMsg=no
[2026-08-01T11:37:28.604Z] LiveUpdateForge: EndTurn fallback flush
[2026-08-01T11:37:28.604Z] onEndTurn: naturalStop=false toolCalls=2 nudgeMsg=no
[2026-08-01T11:37:28.633Z] LiveUpdateForge: AfterToolExec flush
[2026-08-01T11:37:28.696Z] LiveUpdateForge: AfterToolExec flush
[2026-08-01T11:37:28.704Z] LiveUpdateForge: AfterToolExec flush
[2026-08-01T11:37:31.729Z] LiveUpdateForge: EndTurn fallback flush
[2026-08-01T11:37:31.729Z] onEndTurn: naturalStop=undefined toolCalls=5 nudgeMsg=no
[2026-08-01T11:37:31.729Z] LiveUpdateForge: EndTurn fallback flush
[2026-08-01T11:37:31.730Z] onEndTurn: naturalStop=false toolCalls=5 nudgeMsg=no
[2026-08-01T11:37:31.739Z] LiveUpdateForge: AfterToolExec flush
[2026-08-01T11:37:31.740Z] LiveUpdateForge: AfterToolExec flush
[2026-08-01T11:37:43.782Z] LiveUpdateForge: EndTurn fallback flush
[2026-08-01T11:37:43.783Z] onEndTurn: naturalStop=undefined toolCalls=7 nudgeMsg=no
[2026-08-01T11:37:43.783Z] LiveUpdateForge: EndTurn fallback flush
[2026-08-01T11:37:43.783Z] onEndTurn: naturalStop=true toolCalls=7 nudgeMsg=no
[2026-08-01T11:38:23.905Z] LiveUpdateForge: AfterToolExec flush
[2026-08-01T11:38:23.937Z] InitialReadForge.onBeforeSend: SKIP (fr=true syn=false hasRead=true)
[2026-08-01T11:38:26.576Z] LiveUpdateForge: EndTurn fallback flush
[2026-08-01T11:38:26.577Z] onEndTurn: naturalStop=undefined toolCalls=1 nudgeMsg=no
[2026-08-01T11:38:26.577Z] LiveUpdateForge: EndTurn fallback flush
[2026-08-01T11:38:26.577Z] onEndTurn: naturalStop=false toolCalls=1 nudgeMsg=no
[2026-08-01T11:38:26.620Z] LiveUpdateForge: AfterToolExec flush
[2026-08-01T11:38:26.655Z] InitialReadForge.onBeforeSend: SKIP (fr=true syn=false hasRead=true)
[2026-08-01T11:38:35.272Z] LiveUpdateForge: EndTurn fallback flush
[2026-08-01T11:38:35.272Z] onEndTurn: naturalStop=undefined toolCalls=2 nudgeMsg=no
[2026-08-01T11:38:35.272Z] LiveUpdateForge: EndTurn fallback flush
[2026-08-01T11:38:35.272Z] onEndTurn: naturalStop=false toolCalls=2 nudgeMsg=no
[2026-08-01T11:38:35.886Z] LiveUpdateForge: AfterToolExec flush
[2026-08-01T11:38:35.916Z] InitialReadForge.onBeforeSend: SKIP (fr=true syn=false hasRead=true)
[2026-08-01T11:38:42.010Z] LiveUpdateForge: EndTurn fallback flush
[2026-08-01T11:38:42.010Z] onEndTurn: naturalStop=undefined toolCalls=3 nudgeMsg=no
[2026-08-01T11:38:42.010Z] LiveUpdateForge: EndTurn fallback flush
[2026-08-01T11:38:42.011Z] onEndTurn: naturalStop=false toolCalls=3 nudgeMsg=no
[2026-08-01T11:38:42.417Z] LiveUpdateForge: AfterToolExec flush
[2026-08-01T11:38:42.447Z] InitialReadForge.onBeforeSend: SKIP (fr=true syn=false hasRead=true)
[2026-08-01T11:38:48.663Z] LiveUpdateForge: EndTurn fallback flush
[2026-08-01T11:38:48.663Z] onEndTurn: naturalStop=undefined toolCalls=4 nudgeMsg=no
[2026-08-01T11:38:48.664Z] LiveUpdateForge: EndTurn fallback flush
[2026-08-01T11:38:48.664Z] onEndTurn: naturalStop=false toolCalls=4 nudgeMsg=no
[2026-08-01T11:38:49.128Z] LiveUpdateForge: AfterToolExec flush
[2026-08-01T11:38:49.159Z] InitialReadForge.onBeforeSend: SKIP (fr=true syn=false hasRead=true)
[2026-08-01T11:38:49.408Z] ResumeDiffForge: running checkResumeConsistency
[2026-08-01T11:38:49.409Z] checkResumeConsistency: forgedTimestamps=[["project","1970-01-01T00:00:00.000Z"]]
[2026-08-01T11:38:49.417Z] checkResumeConsistency: no changes detected
[2026-08-01T11:38:49.418Z] LiveUpdateForge: session reset, allowLiveUpdate = false
[2026-08-01T11:38:49.418Z] NudgeForge: ResumeComplete — restoring count from history
[2026-08-01T11:38:49.418Z] restoreNudgeCountFromHistory: found last write at idx=111 count=7
[2026-08-01T11:38:49.452Z] LiveUpdateForge: allowLiveUpdate = true (first real BeforeSend)
[2026-08-01T11:38:58.776Z] LiveUpdateForge: EndTurn fallback flush
[2026-08-01T11:38:58.776Z] onEndTurn: naturalStop=undefined toolCalls=7 nudgeMsg=no
[2026-08-01T11:38:58.776Z] LiveUpdateForge: EndTurn fallback flush
[2026-08-01T11:38:58.777Z] onEndTurn: naturalStop=true toolCalls=7 nudgeMsg=no
[2026-08-01T11:39:00.911Z] LiveUpdateForge: EndTurn fallback flush
[2026-08-01T11:39:00.911Z] onEndTurn: naturalStop=undefined toolCalls=5 nudgeMsg=no
[2026-08-01T11:39:00.912Z] LiveUpdateForge: EndTurn fallback flush
[2026-08-01T11:39:00.912Z] onEndTurn: naturalStop=false toolCalls=5 nudgeMsg=no
[2026-08-01T11:39:01.446Z] LiveUpdateForge: AfterToolExec flush
[2026-08-01T11:39:01.476Z] InitialReadForge.onBeforeSend: SKIP (fr=true syn=false hasRead=true)
[2026-08-01T11:39:25.957Z] LiveUpdateForge: EndTurn fallback flush
[2026-08-01T11:39:25.957Z] onEndTurn: naturalStop=undefined toolCalls=6 nudgeMsg=no
[2026-08-01T11:39:25.958Z] LiveUpdateForge: EndTurn fallback flush
[2026-08-01T11:39:25.958Z] onEndTurn: naturalStop=false toolCalls=6 nudgeMsg=no
[2026-08-01T11:39:27.326Z] LiveUpdateForge: AfterToolExec flush
[2026-08-01T11:39:27.358Z] InitialReadForge.onBeforeSend: SKIP (fr=true syn=false hasRead=true)
[2026-08-01T11:39:31.902Z] LiveUpdateForge: EndTurn fallback flush
[2026-08-01T11:39:31.903Z] onEndTurn: naturalStop=undefined toolCalls=7 nudgeMsg=no
[2026-08-01T11:39:31.903Z] LiveUpdateForge: EndTurn fallback flush
[2026-08-01T11:39:31.903Z] onEndTurn: naturalStop=false toolCalls=7 nudgeMsg=no
[2026-08-01T11:39:31.980Z] LiveUpdateForge: AfterToolExec flush
[2026-08-01T11:39:32.013Z] InitialReadForge.onBeforeSend: SKIP (fr=true syn=false hasRead=true)
[2026-08-01T11:39:37.158Z] LiveUpdateForge: EndTurn fallback flush
[2026-08-01T11:39:37.158Z] onEndTurn: naturalStop=undefined toolCalls=8 nudgeMsg=no
[2026-08-01T11:39:37.158Z] LiveUpdateForge: EndTurn fallback flush
[2026-08-01T11:39:37.159Z] onEndTurn: naturalStop=false toolCalls=8 nudgeMsg=no
[2026-08-01T11:39:50.560Z] ResumeDiffForge: running checkResumeConsistency
[2026-08-01T11:39:50.560Z] checkResumeConsistency: forgedTimestamps=[["project","1970-01-01T00:00:00.000Z"]]
[2026-08-01T11:39:50.568Z] checkResumeConsistency: no changes detected
[2026-08-01T11:39:50.568Z] LiveUpdateForge: session reset, allowLiveUpdate = false
[2026-08-01T11:39:50.568Z] NudgeForge: ResumeComplete — restoring count from history
[2026-08-01T11:39:50.569Z] restoreNudgeCountFromHistory: found last write at idx=111 count=7
[2026-08-01T11:39:50.614Z] LiveUpdateForge: allowLiveUpdate = true (first real BeforeSend)
[2026-08-01T11:40:04.849Z] LiveUpdateForge: EndTurn fallback flush
[2026-08-01T11:40:04.850Z] onEndTurn: naturalStop=undefined toolCalls=7 nudgeMsg=no
[2026-08-01T11:40:04.850Z] LiveUpdateForge: EndTurn fallback flush
[2026-08-01T11:40:04.850Z] onEndTurn: naturalStop=true toolCalls=7 nudgeMsg=no
[2026-08-01T11:40:35.699Z] ResumeDiffForge: running checkResumeConsistency
[2026-08-01T11:40:35.700Z] checkResumeConsistency: forgedTimestamps=[["project","1970-01-01T00:00:00.000Z"]]
[2026-08-01T11:40:35.707Z] checkResumeConsistency: no changes detected
[2026-08-01T11:40:35.708Z] LiveUpdateForge: session reset, allowLiveUpdate = false
[2026-08-01T11:40:35.708Z] NudgeForge: ResumeComplete — restoring count from history
[2026-08-01T11:40:35.708Z] restoreNudgeCountFromHistory: found last write at idx=111 count=7
[2026-08-01T11:40:35.748Z] LiveUpdateForge: allowLiveUpdate = true (first real BeforeSend)
[2026-08-01T11:40:42.543Z] LiveUpdateForge: AfterToolExec flush
[2026-08-01T11:40:42.579Z] InitialReadForge.onBeforeSend: SKIP (fr=true syn=false hasRead=true)
[2026-08-01T11:40:47.434Z] LiveUpdateForge: EndTurn fallback flush
[2026-08-01T11:40:47.434Z] onEndTurn: naturalStop=undefined toolCalls=7 nudgeMsg=no
[2026-08-01T11:40:47.434Z] LiveUpdateForge: EndTurn fallback flush
[2026-08-01T11:40:47.435Z] onEndTurn: naturalStop=false toolCalls=7 nudgeMsg=no
[2026-08-01T11:40:47.454Z] LiveUpdateForge: AfterToolExec flush
[2026-08-01T11:40:47.834Z] LiveUpdateForge: AfterToolExec flush
[2026-08-01T11:40:49.432Z] LiveUpdateForge: EndTurn fallback flush
[2026-08-01T11:40:49.433Z] onEndTurn: naturalStop=undefined toolCalls=9 nudgeMsg=no
[2026-08-01T11:40:49.433Z] LiveUpdateForge: EndTurn fallback flush
[2026-08-01T11:40:49.433Z] onEndTurn: naturalStop=false toolCalls=9 nudgeMsg=no
[2026-08-01T11:40:49.802Z] LiveUpdateForge: AfterToolExec flush
[2026-08-01T11:40:49.833Z] InitialReadForge.onBeforeSend: SKIP (fr=true syn=false hasRead=true)
[2026-08-01T11:40:52.603Z] LiveUpdateForge: EndTurn fallback flush
[2026-08-01T11:40:52.603Z] onEndTurn: naturalStop=undefined toolCalls=10 nudgeMsg=no
[2026-08-01T11:40:52.604Z] LiveUpdateForge: EndTurn fallback flush
[2026-08-01T11:40:52.604Z] onEndTurn: naturalStop=false toolCalls=10 nudgeMsg=no
[2026-08-01T11:40:52.683Z] LiveUpdateForge: AfterToolExec flush
[2026-08-01T11:40:52.716Z] InitialReadForge.onBeforeSend: SKIP (fr=true syn=false hasRead=true)
[2026-08-01T11:40:55.958Z] LiveUpdateForge: EndTurn fallback flush
[2026-08-01T11:40:55.958Z] onEndTurn: naturalStop=undefined toolCalls=11 nudgeMsg=no
[2026-08-01T11:40:55.958Z] LiveUpdateForge: EndTurn fallback flush
[2026-08-01T11:40:55.959Z] onEndTurn: naturalStop=false toolCalls=11 nudgeMsg=no
[2026-08-01T11:41:02.093Z] LiveUpdateForge: EndTurn fallback flush
[2026-08-01T11:41:02.093Z] onEndTurn: naturalStop=undefined toolCalls=9 nudgeMsg=no
[2026-08-01T11:41:02.093Z] LiveUpdateForge: EndTurn fallback flush
[2026-08-01T11:41:02.094Z] onEndTurn: naturalStop=false toolCalls=9 nudgeMsg=no
[2026-08-01T11:41:02.677Z] LiveUpdateForge: AfterToolExec flush
[2026-08-01T11:41:06.901Z] LiveUpdateForge: EndTurn fallback flush
[2026-08-01T11:41:06.901Z] onEndTurn: naturalStop=undefined toolCalls=10 nudgeMsg=no
[2026-08-01T11:41:06.902Z] LiveUpdateForge: EndTurn fallback flush
[2026-08-01T11:41:06.902Z] onEndTurn: naturalStop=true toolCalls=10 nudgeMsg=no
[2026-08-01T11:41:16.527Z] LiveUpdateForge: AfterToolExec flush
[2026-08-01T11:41:16.568Z] InitialReadForge.onBeforeSend: SKIP (fr=true syn=false hasRead=true)
[2026-08-01T11:41:28.367Z] LiveUpdateForge: EndTurn fallback flush
[2026-08-01T11:41:28.368Z] onEndTurn: naturalStop=undefined toolCalls=12 nudgeMsg=no
[2026-08-01T11:41:28.368Z] LiveUpdateForge: EndTurn fallback flush
[2026-08-01T11:41:28.368Z] onEndTurn: naturalStop=false toolCalls=12 nudgeMsg=no
[2026-08-01T11:41:28.735Z] LiveUpdateForge: AfterToolExec flush
[2026-08-01T11:41:28.769Z] InitialReadForge.onBeforeSend: SKIP (fr=true syn=false hasRead=true)
[2026-08-01T11:41:31.526Z] LiveUpdateForge: EndTurn fallback flush
[2026-08-01T11:41:31.527Z] onEndTurn: naturalStop=undefined toolCalls=13 nudgeMsg=no
[2026-08-01T11:41:31.527Z] LiveUpdateForge: EndTurn fallback flush
[2026-08-01T11:41:31.528Z] onEndTurn: naturalStop=false toolCalls=13 nudgeMsg=no
[2026-08-01T11:41:31.606Z] LiveUpdateForge: AfterToolExec flush
[2026-08-01T11:41:31.641Z] InitialReadForge.onBeforeSend: SKIP (fr=true syn=false hasRead=true)
[2026-08-01T11:41:34.555Z] LiveUpdateForge: EndTurn fallback flush
[2026-08-01T11:41:34.556Z] onEndTurn: naturalStop=undefined toolCalls=14 nudgeMsg=no
[2026-08-01T11:41:34.556Z] LiveUpdateForge: EndTurn fallback flush
[2026-08-01T11:41:34.557Z] onEndTurn: naturalStop=false toolCalls=14 nudgeMsg=no
[2026-08-01T11:41:51.673Z] LiveUpdateForge: AfterToolExec flush
[2026-08-01T11:41:51.706Z] InitialReadForge.onBeforeSend: SKIP (fr=true syn=false hasRead=true)
[2026-08-01T11:41:52.658Z] ResumeDiffForge: running checkResumeConsistency
[2026-08-01T11:41:52.658Z] checkResumeConsistency: forgedTimestamps=[["project","1970-01-01T00:00:00.000Z"]]
[2026-08-01T11:41:52.666Z] checkResumeConsistency: no changes detected
[2026-08-01T11:41:52.666Z] LiveUpdateForge: session reset, allowLiveUpdate = false
[2026-08-01T11:41:52.666Z] NudgeForge: ResumeComplete — restoring count from history
[2026-08-01T11:41:52.667Z] restoreNudgeCountFromHistory: found last write at idx=111 count=10
[2026-08-01T11:41:52.705Z] LiveUpdateForge: allowLiveUpdate = true (first real BeforeSend)
[2026-08-01T11:42:00.571Z] LiveUpdateForge: EndTurn fallback flush
[2026-08-01T11:42:00.572Z] onEndTurn: naturalStop=undefined toolCalls=10 nudgeMsg=no
[2026-08-01T11:42:00.572Z] LiveUpdateForge: EndTurn fallback flush
[2026-08-01T11:42:00.572Z] onEndTurn: naturalStop=true toolCalls=10 nudgeMsg=no
[2026-08-01T11:42:05.910Z] LiveUpdateForge: EndTurn fallback flush
[2026-08-01T11:42:05.911Z] onEndTurn: naturalStop=undefined toolCalls=15 nudgeMsg=no
[2026-08-01T11:42:05.911Z] LiveUpdateForge: EndTurn fallback flush
[2026-08-01T11:42:05.912Z] onEndTurn: naturalStop=false toolCalls=15 nudgeMsg=no
[2026-08-01T11:42:06.528Z] LiveUpdateForge: AfterToolExec flush
[2026-08-01T11:42:06.557Z] InitialReadForge.onBeforeSend: SKIP (fr=true syn=false hasRead=true)
[2026-08-01T11:42:09.065Z] LiveUpdateForge: EndTurn fallback flush
[2026-08-01T11:42:09.066Z] onEndTurn: naturalStop=undefined toolCalls=16 nudgeMsg=no
[2026-08-01T11:42:09.066Z] LiveUpdateForge: EndTurn fallback flush
[2026-08-01T11:42:09.066Z] onEndTurn: naturalStop=false toolCalls=16 nudgeMsg=no
[2026-08-01T11:42:09.416Z] LiveUpdateForge: AfterToolExec flush
[2026-08-01T11:42:09.448Z] InitialReadForge.onBeforeSend: SKIP (fr=true syn=false hasRead=true)
[2026-08-01T11:42:11.318Z] LiveUpdateForge: EndTurn fallback flush
[2026-08-01T11:42:11.319Z] onEndTurn: naturalStop=undefined toolCalls=17 nudgeMsg=no
[2026-08-01T11:42:11.319Z] LiveUpdateForge: EndTurn fallback flush
[2026-08-01T11:42:11.319Z] onEndTurn: naturalStop=false toolCalls=17 nudgeMsg=no
[2026-08-01T11:42:11.398Z] LiveUpdateForge: AfterToolExec flush
[2026-08-01T11:42:11.436Z] InitialReadForge.onBeforeSend: SKIP (fr=true syn=false hasRead=true)
[2026-08-01T11:42:14.305Z] LiveUpdateForge: EndTurn fallback flush
[2026-08-01T11:42:14.306Z] onEndTurn: naturalStop=undefined toolCalls=18 nudgeMsg=no
[2026-08-01T11:42:14.306Z] LiveUpdateForge: EndTurn fallback flush
[2026-08-01T11:42:14.306Z] onEndTurn: naturalStop=false toolCalls=18 nudgeMsg=no
[2026-08-01T11:42:47.038Z] ResumeDiffForge: running checkResumeConsistency
[2026-08-01T11:42:47.038Z] checkResumeConsistency: forgedTimestamps=[["project","1970-01-01T00:00:00.000Z"]]
[2026-08-01T11:42:47.045Z] checkResumeConsistency: no changes detected
[2026-08-01T11:42:47.046Z] LiveUpdateForge: session reset, allowLiveUpdate = false
[2026-08-01T11:42:47.046Z] NudgeForge: ResumeComplete — restoring count from history
[2026-08-01T11:42:47.046Z] restoreNudgeCountFromHistory: found last write at idx=111 count=10
[2026-08-01T11:42:47.086Z] LiveUpdateForge: allowLiveUpdate = true (first real BeforeSend)
[2026-08-01T11:42:57.917Z] LiveUpdateForge: EndTurn fallback flush
[2026-08-01T11:42:57.918Z] onEndTurn: naturalStop=undefined toolCalls=10 nudgeMsg=no
[2026-08-01T11:42:57.918Z] LiveUpdateForge: EndTurn fallback flush
[2026-08-01T11:42:57.918Z] onEndTurn: naturalStop=false toolCalls=10 nudgeMsg=no
[2026-08-01T11:42:58.452Z] LiveUpdateForge: AfterToolExec flush
[2026-08-01T11:43:08.629Z] LiveUpdateForge: AfterToolExec flush
[2026-08-01T11:43:08.671Z] InitialReadForge.onBeforeSend: SKIP (fr=true syn=false hasRead=true)
[2026-08-01T11:43:14.514Z] LiveUpdateForge: EndTurn fallback flush
[2026-08-01T11:43:14.514Z] onEndTurn: naturalStop=undefined toolCalls=19 nudgeMsg=no
[2026-08-01T11:43:14.515Z] LiveUpdateForge: EndTurn fallback flush
[2026-08-01T11:43:14.515Z] onEndTurn: naturalStop=false toolCalls=19 nudgeMsg=no
[2026-08-01T11:43:14.902Z] LiveUpdateForge: AfterToolExec flush
[2026-08-01T11:43:14.939Z] InitialReadForge.onBeforeSend: SKIP (fr=true syn=false hasRead=true)
[2026-08-01T11:43:16.878Z] LiveUpdateForge: EndTurn fallback flush
[2026-08-01T11:43:16.879Z] onEndTurn: naturalStop=undefined toolCalls=20 nudgeMsg=no
[2026-08-01T11:43:16.879Z] LiveUpdateForge: EndTurn fallback flush
[2026-08-01T11:43:16.879Z] onEndTurn: naturalStop=false toolCalls=20 nudgeMsg=no
[2026-08-01T11:43:16.980Z] LiveUpdateForge: AfterToolExec flush
[2026-08-01T11:43:17.016Z] InitialReadForge.onBeforeSend: SKIP (fr=true syn=false hasRead=true)
[2026-08-01T11:43:20.793Z] LiveUpdateForge: EndTurn fallback flush
[2026-08-01T11:43:20.794Z] onEndTurn: naturalStop=undefined toolCalls=21 nudgeMsg=no
[2026-08-01T11:43:20.794Z] LiveUpdateForge: EndTurn fallback flush
[2026-08-01T11:43:20.794Z] onEndTurn: naturalStop=false toolCalls=21 nudgeMsg=no
[2026-08-01T11:43:33.482Z] LiveUpdateForge: EndTurn fallback flush
[2026-08-01T11:43:33.482Z] onEndTurn: naturalStop=undefined toolCalls=11 nudgeMsg=no
[2026-08-01T11:43:33.483Z] LiveUpdateForge: EndTurn fallback flush
[2026-08-01T11:43:33.483Z] onEndTurn: naturalStop=false toolCalls=11 nudgeMsg=no
[2026-08-01T11:43:34.864Z] LiveUpdateForge: AfterToolExec flush
[2026-08-01T11:43:38.673Z] LiveUpdateForge: EndTurn fallback flush
[2026-08-01T11:43:38.673Z] onEndTurn: naturalStop=undefined toolCalls=12 nudgeMsg=no
[2026-08-01T11:43:38.674Z] LiveUpdateForge: EndTurn fallback flush
[2026-08-01T11:43:38.674Z] onEndTurn: naturalStop=true toolCalls=12 nudgeMsg=no
[2026-08-01T11:43:43.763Z] LiveUpdateForge: AfterToolExec flush
[2026-08-01T11:43:43.811Z] InitialReadForge.onBeforeSend: SKIP (fr=true syn=false hasRead=true)
[2026-08-01T11:43:54.333Z] ResumeDiffForge: running checkResumeConsistency
[2026-08-01T11:43:54.334Z] checkResumeConsistency: forgedTimestamps=[["project","1970-01-01T00:00:00.000Z"]]
[2026-08-01T11:43:54.342Z] checkResumeConsistency: no changes detected
[2026-08-01T11:43:54.342Z] LiveUpdateForge: session reset, allowLiveUpdate = false
[2026-08-01T11:43:54.342Z] NudgeForge: ResumeComplete — restoring count from history
[2026-08-01T11:43:54.343Z] restoreNudgeCountFromHistory: found last write at idx=111 count=12
[2026-08-01T11:43:54.375Z] LiveUpdateForge: allowLiveUpdate = true (first real BeforeSend)
[2026-08-01T11:43:54.791Z] LiveUpdateForge: EndTurn fallback flush
[2026-08-01T11:43:54.792Z] onEndTurn: naturalStop=undefined toolCalls=22 nudgeMsg=no
[2026-08-01T11:43:54.792Z] LiveUpdateForge: EndTurn fallback flush
[2026-08-01T11:43:54.792Z] onEndTurn: naturalStop=false toolCalls=22 nudgeMsg=no
[2026-08-01T11:43:55.550Z] LiveUpdateForge: AfterToolExec flush
[2026-08-01T11:43:55.590Z] InitialReadForge.onBeforeSend: SKIP (fr=true syn=false hasRead=true)
[2026-08-01T11:44:30.198Z] LiveUpdateForge: EndTurn fallback flush
[2026-08-01T11:44:30.198Z] onEndTurn: naturalStop=undefined toolCalls=23 nudgeMsg=no
[2026-08-01T11:44:30.199Z] LiveUpdateForge: EndTurn fallback flush
[2026-08-01T11:44:30.199Z] onEndTurn: naturalStop=false toolCalls=23 nudgeMsg=no
[2026-08-01T11:44:31.239Z] LiveUpdateForge: AfterToolExec flush
[2026-08-01T11:44:31.285Z] InitialReadForge.onBeforeSend: SKIP (fr=true syn=false hasRead=true)
[2026-08-01T11:44:48.554Z] LiveUpdateForge: EndTurn fallback flush
[2026-08-01T11:44:48.554Z] onEndTurn: naturalStop=undefined toolCalls=24 nudgeMsg=no
[2026-08-01T11:44:48.554Z] LiveUpdateForge: EndTurn fallback flush
[2026-08-01T11:44:48.555Z] onEndTurn: naturalStop=false toolCalls=24 nudgeMsg=no
[2026-08-01T11:44:48.907Z] LiveUpdateForge: AfterToolExec flush
[2026-08-01T11:44:48.947Z] InitialReadForge.onBeforeSend: SKIP (fr=true syn=false hasRead=true)
[2026-08-01T11:45:13.065Z] LiveUpdateForge: EndTurn fallback flush
[2026-08-01T11:45:13.066Z] onEndTurn: naturalStop=undefined toolCalls=25 nudgeMsg=no
[2026-08-01T11:45:13.066Z] LiveUpdateForge: EndTurn fallback flush
[2026-08-01T11:45:13.066Z] onEndTurn: naturalStop=false toolCalls=25 nudgeMsg=no
[2026-08-01T11:45:13.174Z] LiveUpdateForge: AfterToolExec flush
[2026-08-01T11:45:13.215Z] InitialReadForge.onBeforeSend: SKIP (fr=true syn=false hasRead=true)
[2026-08-01T11:45:52.630Z] LiveUpdateForge: EndTurn fallback flush
[2026-08-01T11:45:52.631Z] onEndTurn: naturalStop=undefined toolCalls=26 nudgeMsg=no
[2026-08-01T11:45:52.631Z] LiveUpdateForge: EndTurn fallback flush
[2026-08-01T11:45:52.631Z] onEndTurn: naturalStop=false toolCalls=26 nudgeMsg=no
[2026-08-01T11:46:28.157Z] LiveUpdateForge: AfterToolExec flush
[2026-08-01T11:46:28.202Z] InitialReadForge.onBeforeSend: SKIP (fr=true syn=false hasRead=true)
[2026-08-01T11:46:33.183Z] LiveUpdateForge: EndTurn fallback flush
[2026-08-01T11:46:33.184Z] onEndTurn: naturalStop=undefined toolCalls=27 nudgeMsg=no
[2026-08-01T11:46:33.184Z] LiveUpdateForge: EndTurn fallback flush
[2026-08-01T11:46:33.185Z] onEndTurn: naturalStop=false toolCalls=27 nudgeMsg=no
[2026-08-01T11:46:33.675Z] LiveUpdateForge: AfterToolExec flush
[2026-08-01T11:46:33.727Z] InitialReadForge.onBeforeSend: SKIP (fr=true syn=false hasRead=true)
[2026-08-01T11:46:43.295Z] LiveUpdateForge: EndTurn fallback flush
[2026-08-01T11:46:43.296Z] onEndTurn: naturalStop=undefined toolCalls=28 nudgeMsg=no
[2026-08-01T11:46:43.296Z] LiveUpdateForge: EndTurn fallback flush
[2026-08-01T11:46:43.296Z] onEndTurn: naturalStop=false toolCalls=28 nudgeMsg=no
[2026-08-01T11:46:43.394Z] LiveUpdateForge: AfterToolExec flush
[2026-08-01T11:46:43.432Z] InitialReadForge.onBeforeSend: SKIP (fr=true syn=false hasRead=true)
[2026-08-01T11:46:48.921Z] LiveUpdateForge: EndTurn fallback flush
[2026-08-01T11:46:48.921Z] onEndTurn: naturalStop=undefined toolCalls=29 nudgeMsg=no
[2026-08-01T11:46:48.921Z] LiveUpdateForge: EndTurn fallback flush
[2026-08-01T11:46:48.922Z] onEndTurn: naturalStop=false toolCalls=29 nudgeMsg=no
[2026-08-01T11:48:02.499Z] LiveUpdateForge: EndTurn fallback flush
[2026-08-01T11:48:02.500Z] onEndTurn: naturalStop=undefined toolCalls=12 nudgeMsg=no
[2026-08-01T11:48:02.500Z] LiveUpdateForge: EndTurn fallback flush
[2026-08-01T11:48:02.500Z] onEndTurn: naturalStop=false toolCalls=12 nudgeMsg=no
[2026-08-01T11:48:09.086Z] LiveUpdateForge: EndTurn fallback flush
[2026-08-01T11:48:09.086Z] onEndTurn: naturalStop=undefined toolCalls=12 nudgeMsg=no
[2026-08-01T11:48:09.086Z] LiveUpdateForge: EndTurn fallback flush
[2026-08-01T11:48:09.087Z] onEndTurn: naturalStop=false toolCalls=12 nudgeMsg=no
[2026-08-01T11:48:09.100Z] LiveUpdateForge: AfterToolExec flush
[2026-08-01T11:48:11.078Z] LiveUpdateForge: AfterToolExec flush
[2026-08-01T11:48:11.121Z] InitialReadForge.onBeforeSend: SKIP (fr=true syn=false hasRead=true)
[2026-08-01T11:48:14.583Z] LiveUpdateForge: EndTurn fallback flush
[2026-08-01T11:48:14.583Z] onEndTurn: naturalStop=undefined toolCalls=13 nudgeMsg=no
[2026-08-01T11:48:14.584Z] LiveUpdateForge: EndTurn fallback flush
[2026-08-01T11:48:14.584Z] onEndTurn: naturalStop=false toolCalls=13 nudgeMsg=no
[2026-08-01T11:48:14.633Z] LiveUpdateForge: AfterToolExec flush
[2026-08-01T11:48:17.442Z] LiveUpdateForge: EndTurn fallback flush
[2026-08-01T11:48:17.442Z] onEndTurn: naturalStop=undefined toolCalls=14 nudgeMsg=no
[2026-08-01T11:48:17.442Z] LiveUpdateForge: EndTurn fallback flush
[2026-08-01T11:48:17.443Z] onEndTurn: naturalStop=false toolCalls=14 nudgeMsg=no
[2026-08-01T11:48:27.032Z] LiveUpdateForge: EndTurn fallback flush
[2026-08-01T11:48:27.032Z] onEndTurn: naturalStop=undefined toolCalls=30 nudgeMsg=no
[2026-08-01T11:48:27.032Z] LiveUpdateForge: EndTurn fallback flush
[2026-08-01T11:48:27.033Z] onEndTurn: naturalStop=false toolCalls=30 nudgeMsg=no
[2026-08-01T11:48:27.438Z] LiveUpdateForge: AfterToolExec flush
[2026-08-01T11:48:27.479Z] InitialReadForge.onBeforeSend: SKIP (fr=true syn=false hasRead=true)
[2026-08-01T11:48:31.122Z] LiveUpdateForge: EndTurn fallback flush
[2026-08-01T11:48:31.122Z] onEndTurn: naturalStop=undefined toolCalls=31 nudgeMsg=no
[2026-08-01T11:48:31.123Z] LiveUpdateForge: EndTurn fallback flush
[2026-08-01T11:48:31.123Z] onEndTurn: naturalStop=false toolCalls=31 nudgeMsg=no
[2026-08-01T11:48:34.141Z] LiveUpdateForge: AfterToolExec flush
[2026-08-01T11:48:34.196Z] InitialReadForge.onBeforeSend: SKIP (fr=true syn=false hasRead=true)
[2026-08-01T11:48:35.802Z] LiveUpdateForge: AfterToolExec flush
[2026-08-01T11:48:38.348Z] LiveUpdateForge: EndTurn fallback flush
[2026-08-01T11:48:38.348Z] onEndTurn: naturalStop=undefined toolCalls=32 nudgeMsg=no
[2026-08-01T11:48:38.348Z] LiveUpdateForge: EndTurn fallback flush
[2026-08-01T11:48:38.349Z] onEndTurn: naturalStop=false toolCalls=32 nudgeMsg=no
[2026-08-01T11:48:38.438Z] LiveUpdateForge: EndTurn fallback flush
[2026-08-01T11:48:38.438Z] onEndTurn: naturalStop=undefined toolCalls=15 nudgeMsg=no
[2026-08-01T11:48:38.439Z] LiveUpdateForge: EndTurn fallback flush
[2026-08-01T11:48:38.439Z] onEndTurn: naturalStop=true toolCalls=15 nudgeMsg=no
[2026-08-01T11:49:42.431Z] MemoryForge: attached 5 listener(s)
[2026-08-01T11:49:42.431Z] InitialReadForge: armed one-shot BeforeSend after NewSessionStart
[2026-08-01T11:49:42.431Z] LiveUpdateForge: session reset, allowLiveUpdate = false
[2026-08-01T11:49:52.826Z] LiveUpdateForge: AfterToolExec flush
[2026-08-01T11:49:52.886Z] InitialReadForge.onBeforeSend: SKIP (fr=true syn=false hasRead=true)
[2026-08-01T11:49:55.715Z] LiveUpdateForge: EndTurn fallback flush
[2026-08-01T11:49:55.716Z] onEndTurn: naturalStop=undefined toolCalls=33 nudgeMsg=no
[2026-08-01T11:49:55.716Z] LiveUpdateForge: EndTurn fallback flush
[2026-08-01T11:49:55.716Z] onEndTurn: naturalStop=false toolCalls=33 nudgeMsg=no
[2026-08-01T11:49:55.743Z] LiveUpdateForge: AfterToolExec flush
[2026-08-01T11:49:55.782Z] InitialReadForge.onBeforeSend: SKIP (fr=true syn=false hasRead=true)
[2026-08-01T11:50:01.889Z] LiveUpdateForge: EndTurn fallback flush
[2026-08-01T11:50:01.889Z] onEndTurn: naturalStop=undefined toolCalls=34 nudgeMsg=no
[2026-08-01T11:50:01.889Z] LiveUpdateForge: EndTurn fallback flush
[2026-08-01T11:50:01.890Z] onEndTurn: naturalStop=true toolCalls=34 nudgeMsg=no
[2026-08-01T11:52:00.744Z] ResumeDiffForge: running checkResumeConsistency
[2026-08-01T11:52:00.745Z] checkResumeConsistency: forgedTimestamps=[]
[2026-08-01T11:52:00.753Z] checkResumeConsistency: no changes detected
[2026-08-01T11:52:00.753Z] LiveUpdateForge: session reset, allowLiveUpdate = false
[2026-08-01T11:52:00.753Z] NudgeForge: ResumeComplete — restoring count from history
[2026-08-01T11:52:00.754Z] restoreNudgeCountFromHistory: found last write at idx=178 count=34
[2026-08-01T11:52:00.796Z] LiveUpdateForge: allowLiveUpdate = true (first real BeforeSend)
[2026-08-01T11:52:00.797Z] InitialReadForge.onBeforeSend: SKIP (fr=false syn=false hasRead=true)
[2026-08-01T11:52:05.160Z] LiveUpdateForge: EndTurn fallback flush
[2026-08-01T11:52:05.161Z] onEndTurn: naturalStop=undefined toolCalls=34 nudgeMsg=no
[2026-08-01T11:52:05.161Z] LiveUpdateForge: EndTurn fallback flush
[2026-08-01T11:52:05.161Z] onEndTurn: naturalStop=false toolCalls=34 nudgeMsg=no
[2026-08-01T11:52:49.314Z] LiveUpdateForge: AfterToolExec flush
[2026-08-01T11:52:49.343Z] InitialReadForge.onBeforeSend: SKIP (fr=true syn=false hasRead=true)
[2026-08-01T11:52:55.752Z] LiveUpdateForge: EndTurn fallback flush
[2026-08-01T11:52:55.752Z] onEndTurn: naturalStop=undefined toolCalls=35 nudgeMsg=no
[2026-08-01T11:52:55.752Z] LiveUpdateForge: EndTurn fallback flush
[2026-08-01T11:52:55.753Z] onEndTurn: naturalStop=false toolCalls=35 nudgeMsg=no
[2026-08-01T11:52:57.941Z] LiveUpdateForge: AfterToolExec flush
[2026-08-01T11:52:57.971Z] InitialReadForge.onBeforeSend: SKIP (fr=true syn=false hasRead=true)
[2026-08-01T11:53:05.352Z] LiveUpdateForge: EndTurn fallback flush
[2026-08-01T11:53:05.352Z] onEndTurn: naturalStop=undefined toolCalls=36 nudgeMsg=no
[2026-08-01T11:53:05.352Z] LiveUpdateForge: EndTurn fallback flush
[2026-08-01T11:53:05.353Z] onEndTurn: naturalStop=false toolCalls=36 nudgeMsg=no
[2026-08-01T11:53:05.844Z] LiveUpdateForge: AfterToolExec flush
[2026-08-01T11:53:05.879Z] InitialReadForge.onBeforeSend: SKIP (fr=true syn=false hasRead=true)
[2026-08-01T11:53:19.784Z] LiveUpdateForge: EndTurn fallback flush
[2026-08-01T11:53:19.786Z] onEndTurn: naturalStop=undefined toolCalls=37 nudgeMsg=no
[2026-08-01T11:53:19.786Z] LiveUpdateForge: EndTurn fallback flush
[2026-08-01T11:53:19.787Z] onEndTurn: naturalStop=false toolCalls=37 nudgeMsg=no
[2026-08-01T11:53:21.396Z] LiveUpdateForge: AfterToolExec flush
[2026-08-01T11:53:21.429Z] InitialReadForge.onBeforeSend: SKIP (fr=true syn=false hasRead=true)
[2026-08-01T11:53:25.025Z] LiveUpdateForge: EndTurn fallback flush
[2026-08-01T11:53:25.025Z] onEndTurn: naturalStop=undefined toolCalls=38 nudgeMsg=no
[2026-08-01T11:53:25.026Z] LiveUpdateForge: EndTurn fallback flush
[2026-08-01T11:53:25.026Z] onEndTurn: naturalStop=false toolCalls=38 nudgeMsg=no
[2026-08-01T11:53:25.420Z] LiveUpdateForge: AfterToolExec flush
[2026-08-01T11:53:25.452Z] InitialReadForge.onBeforeSend: SKIP (fr=true syn=false hasRead=true)
[2026-08-01T11:53:30.781Z] LiveUpdateForge: EndTurn fallback flush
[2026-08-01T11:53:30.781Z] onEndTurn: naturalStop=undefined toolCalls=39 nudgeMsg=no
[2026-08-01T11:53:30.781Z] LiveUpdateForge: EndTurn fallback flush
[2026-08-01T11:53:30.782Z] onEndTurn: naturalStop=false toolCalls=39 nudgeMsg=no
[2026-08-01T11:53:31.181Z] LiveUpdateForge: AfterToolExec flush
[2026-08-01T11:53:31.216Z] InitialReadForge.onBeforeSend: SKIP (fr=true syn=false hasRead=true)
[2026-08-01T11:53:36.140Z] LiveUpdateForge: EndTurn fallback flush
[2026-08-01T11:53:36.140Z] onEndTurn: naturalStop=undefined toolCalls=40 nudgeMsg=no
[2026-08-01T11:53:36.140Z] LiveUpdateForge: EndTurn fallback flush
[2026-08-01T11:53:36.141Z] onEndTurn: naturalStop=false toolCalls=40 nudgeMsg=no
[2026-08-01T11:53:36.264Z] LiveUpdateForge: AfterToolExec flush
[2026-08-01T11:53:36.295Z] InitialReadForge.onBeforeSend: SKIP (fr=true syn=false hasRead=true)
[2026-08-01T11:53:40.204Z] LiveUpdateForge: EndTurn fallback flush
[2026-08-01T11:53:40.204Z] onEndTurn: naturalStop=undefined toolCalls=41 nudgeMsg=no
[2026-08-01T11:53:40.205Z] LiveUpdateForge: EndTurn fallback flush
[2026-08-01T11:53:40.205Z] onEndTurn: naturalStop=false toolCalls=41 nudgeMsg=no
[2026-08-01T11:53:52.854Z] LiveUpdateForge: AfterToolExec flush
[2026-08-01T11:54:19.330Z] ResumeDiffForge: running checkResumeConsistency
[2026-08-01T11:54:19.330Z] checkResumeConsistency: forgedTimestamps=[]
[2026-08-01T11:54:19.336Z] checkResumeConsistency: no changes detected
[2026-08-01T11:54:19.337Z] LiveUpdateForge: session reset, allowLiveUpdate = false
[2026-08-01T11:54:19.337Z] NudgeForge: ResumeComplete — restoring count from history
[2026-08-01T11:54:19.338Z] restoreNudgeCountFromHistory: found last write at idx=178 count=42
[2026-08-01T11:54:19.400Z] LiveUpdateForge: allowLiveUpdate = true (first real BeforeSend)
[2026-08-01T11:54:19.401Z] InitialReadForge.onBeforeSend: SKIP (fr=false syn=false hasRead=true)
[2026-08-01T11:54:25.404Z] LiveUpdateForge: EndTurn fallback flush
[2026-08-01T11:54:25.405Z] onEndTurn: naturalStop=undefined toolCalls=42 nudgeMsg=no
[2026-08-01T11:54:25.405Z] LiveUpdateForge: EndTurn fallback flush
[2026-08-01T11:54:25.405Z] onEndTurn: naturalStop=false toolCalls=42 nudgeMsg=no
[2026-08-01T11:54:25.871Z] LiveUpdateForge: AfterToolExec flush
[2026-08-01T11:54:25.901Z] InitialReadForge.onBeforeSend: SKIP (fr=true syn=false hasRead=true)
[2026-08-01T11:54:28.695Z] LiveUpdateForge: EndTurn fallback flush
[2026-08-01T11:54:28.696Z] onEndTurn: naturalStop=undefined toolCalls=43 nudgeMsg=no
[2026-08-01T11:54:28.696Z] LiveUpdateForge: EndTurn fallback flush
[2026-08-01T11:54:28.696Z] onEndTurn: naturalStop=true toolCalls=43 nudgeMsg=no
[2026-08-01T11:55:35.220Z] MemoryForge: attached 5 listener(s)
[2026-08-01T11:55:35.221Z] InitialReadForge: armed one-shot BeforeSend after NewSessionStart
[2026-08-01T11:55:35.221Z] LiveUpdateForge: session reset, allowLiveUpdate = false
[2026-08-01T11:55:35.349Z] LiveUpdateForge: session reset, allowLiveUpdate = false
[2026-08-01T11:55:35.363Z] ResumeDiffForge: running checkResumeConsistency
[2026-08-01T11:55:35.364Z] checkResumeConsistency: forgedTimestamps=[]
[2026-08-01T11:55:35.371Z] checkResumeConsistency: no changes detected
[2026-08-01T11:55:35.371Z] LiveUpdateForge: session reset, allowLiveUpdate = false
[2026-08-01T11:55:35.372Z] NudgeForge: ResumeComplete — restoring count from history
[2026-08-01T11:55:35.372Z] restoreNudgeCountFromHistory: found last write at idx=119 count=1
[2026-08-01T11:55:35.729Z] ResumeDiffForge: running checkResumeConsistency
[2026-08-01T11:55:35.730Z] checkResumeConsistency: forgedTimestamps=[]
[2026-08-01T11:55:35.736Z] checkResumeConsistency: no changes detected
[2026-08-01T11:55:35.736Z] LiveUpdateForge: session reset, allowLiveUpdate = false
[2026-08-01T11:55:35.737Z] NudgeForge: ResumeComplete — restoring count from history
[2026-08-01T11:55:35.737Z] restoreNudgeCountFromHistory: found last write at idx=119 count=1
[2026-08-01T11:55:35.814Z] ResumeDiffForge: running checkResumeConsistency
[2026-08-01T11:55:35.814Z] checkResumeConsistency: forgedTimestamps=[]
[2026-08-01T11:55:35.821Z] checkResumeConsistency: no changes detected
[2026-08-01T11:55:35.821Z] LiveUpdateForge: session reset, allowLiveUpdate = false
[2026-08-01T11:55:35.821Z] NudgeForge: ResumeComplete — restoring count from history
[2026-08-01T11:55:35.822Z] restoreNudgeCountFromHistory: found last write at idx=119 count=1
[2026-08-01T11:55:36.296Z] MemoryForge: attached 5 listener(s)
[2026-08-01T11:55:36.297Z] InitialReadForge: armed one-shot BeforeSend after NewSessionStart
[2026-08-01T11:55:36.297Z] LiveUpdateForge: session reset, allowLiveUpdate = false
[2026-08-01T11:55:36.303Z] MemoryForge: detached all listeners
[2026-08-01T11:55:36.303Z] ResumeDiffForge: running checkResumeConsistency
[2026-08-01T11:55:36.303Z] checkResumeConsistency: forgedTimestamps=[]
[2026-08-01T11:55:36.333Z] checkResumeConsistency: no changes detected
[2026-08-01T11:55:36.333Z] LiveUpdateForge: session reset, allowLiveUpdate = false
[2026-08-01T11:55:36.333Z] NudgeForge: ResumeComplete — restoring count from history
[2026-08-01T11:55:36.334Z] restoreNudgeCountFromHistory: found last write at idx=119 count=1
[2026-08-01T11:55:36.358Z] LiveUpdateForge: allowLiveUpdate = true (first real BeforeSend)
[2026-08-01T11:55:36.358Z] InitialReadForge.onBeforeSend: SKIP (fr=false syn=false hasRead=true)
[2026-08-01T11:55:45.400Z] LiveUpdateForge: EndTurn fallback flush
[2026-08-01T11:55:45.401Z] onEndTurn: naturalStop=undefined toolCalls=1 nudgeMsg=no
[2026-08-01T11:55:45.401Z] LiveUpdateForge: EndTurn fallback flush
[2026-08-01T11:55:45.401Z] onEndTurn: naturalStop=false toolCalls=1 nudgeMsg=no
[2026-08-01T11:56:31.226Z] ResumeDiffForge: running checkResumeConsistency
[2026-08-01T11:56:31.227Z] checkResumeConsistency: forgedTimestamps=[]
[2026-08-01T11:56:31.247Z] checkResumeConsistency: no changes detected
[2026-08-01T11:56:31.248Z] LiveUpdateForge: session reset, allowLiveUpdate = false
[2026-08-01T11:56:31.248Z] NudgeForge: ResumeComplete — restoring count from history
[2026-08-01T11:56:31.249Z] restoreNudgeCountFromHistory: found last write at idx=178 count=43
[2026-08-01T11:56:35.145Z] MemoryForge: attached 5 listener(s)
[2026-08-01T11:56:35.146Z] InitialReadForge: armed one-shot BeforeSend after NewSessionStart
[2026-08-01T11:56:35.146Z] LiveUpdateForge: session reset, allowLiveUpdate = false
[2026-08-01T11:56:35.452Z] LiveUpdateForge: session reset, allowLiveUpdate = false
[2026-08-01T11:56:35.473Z] ResumeDiffForge: running checkResumeConsistency
[2026-08-01T11:56:35.474Z] checkResumeConsistency: forgedTimestamps=[["project","1970-01-01T00:00:00.000Z"]]
[2026-08-01T11:56:35.484Z] checkResumeConsistency: no changes detected
[2026-08-01T11:56:35.485Z] LiveUpdateForge: session reset, allowLiveUpdate = false
[2026-08-01T11:56:35.485Z] NudgeForge: ResumeComplete — restoring count from history
[2026-08-01T11:56:35.486Z] restoreNudgeCountFromHistory: found last write at idx=111 count=15
[2026-08-01T11:57:44.769Z] LiveUpdateForge: AfterToolExec flush
[2026-08-01T11:57:44.796Z] InitialReadForge.onBeforeSend: SKIP (fr=true syn=false hasRead=true)
[2026-08-01T11:57:52.178Z] LiveUpdateForge: EndTurn fallback flush
[2026-08-01T11:57:52.178Z] onEndTurn: naturalStop=undefined toolCalls=2 nudgeMsg=no
[2026-08-01T11:57:52.178Z] LiveUpdateForge: EndTurn fallback flush
[2026-08-01T11:57:52.178Z] onEndTurn: naturalStop=false toolCalls=2 nudgeMsg=no
[2026-08-01T11:57:52.187Z] LiveUpdateForge: AfterToolExec flush
[2026-08-01T11:57:52.213Z] InitialReadForge.onBeforeSend: SKIP (fr=true syn=false hasRead=true)
[2026-08-01T11:57:55.336Z] LiveUpdateForge: EndTurn fallback flush
[2026-08-01T11:57:55.336Z] onEndTurn: naturalStop=undefined toolCalls=3 nudgeMsg=no
[2026-08-01T11:57:55.336Z] LiveUpdateForge: EndTurn fallback flush
[2026-08-01T11:57:55.336Z] onEndTurn: naturalStop=false toolCalls=3 nudgeMsg=no
[2026-08-01T11:57:55.399Z] LiveUpdateForge: AfterToolExec flush
[2026-08-01T11:57:55.423Z] InitialReadForge.onBeforeSend: SKIP (fr=true syn=false hasRead=true)
[2026-08-01T11:57:57.258Z] LiveUpdateForge: EndTurn fallback flush
[2026-08-01T11:57:57.258Z] onEndTurn: naturalStop=undefined toolCalls=4 nudgeMsg=no
[2026-08-01T11:57:57.259Z] LiveUpdateForge: EndTurn fallback flush
[2026-08-01T11:57:57.259Z] onEndTurn: naturalStop=false toolCalls=4 nudgeMsg=no
[2026-08-01T11:58:08.800Z] LiveUpdateForge: AfterToolExec flush
[2026-08-01T11:58:08.826Z] InitialReadForge.onBeforeSend: SKIP (fr=true syn=false hasRead=true)
[2026-08-01T11:58:11.402Z] LiveUpdateForge: EndTurn fallback flush
[2026-08-01T11:58:11.402Z] onEndTurn: naturalStop=undefined toolCalls=5 nudgeMsg=no
[2026-08-01T11:58:11.402Z] LiveUpdateForge: EndTurn fallback flush
[2026-08-01T11:58:11.402Z] onEndTurn: naturalStop=true toolCalls=5 nudgeMsg=no
[2026-08-01T11:58:12.271Z] MemoryForge: attached 5 listener(s)
[2026-08-01T11:58:12.271Z] InitialReadForge: armed one-shot BeforeSend after NewSessionStart
[2026-08-01T11:58:12.271Z] LiveUpdateForge: session reset, allowLiveUpdate = false
[2026-08-01T11:58:12.520Z] LiveUpdateForge: session reset, allowLiveUpdate = false
[2026-08-01T11:58:12.554Z] ResumeDiffForge: running checkResumeConsistency
[2026-08-01T11:58:12.555Z] checkResumeConsistency: forgedTimestamps=[["project","1970-01-01T00:00:00.000Z"]]
[2026-08-01T11:58:12.562Z] checkResumeConsistency: no changes detected
[2026-08-01T11:58:12.562Z] LiveUpdateForge: session reset, allowLiveUpdate = false
[2026-08-01T11:58:12.562Z] NudgeForge: ResumeComplete — restoring count from history
[2026-08-01T11:58:12.563Z] restoreNudgeCountFromHistory: found last write at idx=111 count=15
[2026-08-01T11:58:13.007Z] ResumeDiffForge: running checkResumeConsistency
[2026-08-01T11:58:13.007Z] checkResumeConsistency: forgedTimestamps=[["project","1970-01-01T00:00:00.000Z"]]
[2026-08-01T11:58:13.013Z] checkResumeConsistency: no changes detected
[2026-08-01T11:58:13.013Z] LiveUpdateForge: session reset, allowLiveUpdate = false
[2026-08-01T11:58:13.013Z] NudgeForge: ResumeComplete — restoring count from history
[2026-08-01T11:58:13.014Z] restoreNudgeCountFromHistory: found last write at idx=111 count=15
[2026-08-01T11:58:13.105Z] ResumeDiffForge: running checkResumeConsistency
[2026-08-01T11:58:13.106Z] checkResumeConsistency: forgedTimestamps=[["project","1970-01-01T00:00:00.000Z"]]
[2026-08-01T11:58:13.111Z] checkResumeConsistency: no changes detected
[2026-08-01T11:58:13.111Z] LiveUpdateForge: session reset, allowLiveUpdate = false
[2026-08-01T11:58:13.112Z] NudgeForge: ResumeComplete — restoring count from history
[2026-08-01T11:58:13.112Z] restoreNudgeCountFromHistory: found last write at idx=111 count=15
[2026-08-01T11:58:13.458Z] MemoryForge: attached 5 listener(s)
[2026-08-01T11:58:13.459Z] InitialReadForge: armed one-shot BeforeSend after NewSessionStart
[2026-08-01T11:58:13.459Z] LiveUpdateForge: session reset, allowLiveUpdate = false
[2026-08-01T11:58:13.463Z] MemoryForge: detached all listeners
[2026-08-01T11:58:13.463Z] ResumeDiffForge: running checkResumeConsistency
[2026-08-01T11:58:13.464Z] checkResumeConsistency: forgedTimestamps=[["project","1970-01-01T00:00:00.000Z"]]
[2026-08-01T11:58:13.493Z] checkResumeConsistency: no changes detected
[2026-08-01T11:58:13.493Z] LiveUpdateForge: session reset, allowLiveUpdate = false
[2026-08-01T11:58:13.493Z] NudgeForge: ResumeComplete — restoring count from history
[2026-08-01T11:58:13.494Z] restoreNudgeCountFromHistory: found last write at idx=111 count=15
[2026-08-01T11:58:13.515Z] LiveUpdateForge: allowLiveUpdate = true (first real BeforeSend)
[2026-08-01T11:58:13.516Z] InitialReadForge.onBeforeSend: SKIP (fr=false syn=false hasRead=true)
[2026-08-01T11:58:37.459Z] LiveUpdateForge: EndTurn fallback flush
[2026-08-01T11:58:37.460Z] onEndTurn: naturalStop=undefined toolCalls=15 nudgeMsg=no
[2026-08-01T11:58:37.460Z] LiveUpdateForge: EndTurn fallback flush
[2026-08-01T11:58:37.460Z] onEndTurn: naturalStop=false toolCalls=15 nudgeMsg=no
[2026-08-01T11:59:06.676Z] LiveUpdateForge: AfterToolExec flush
[2026-08-01T11:59:06.706Z] InitialReadForge.onBeforeSend: SKIP (fr=true syn=false hasRead=true)
[2026-08-01T11:59:08.312Z] LiveUpdateForge: EndTurn fallback flush
[2026-08-01T11:59:08.313Z] onEndTurn: naturalStop=undefined toolCalls=16 nudgeMsg=no
[2026-08-01T11:59:08.313Z] LiveUpdateForge: EndTurn fallback flush
[2026-08-01T11:59:08.313Z] onEndTurn: naturalStop=false toolCalls=16 nudgeMsg=no
[2026-08-01T11:59:08.328Z] LiveUpdateForge: AfterToolExec flush
[2026-08-01T11:59:08.356Z] InitialReadForge.onBeforeSend: SKIP (fr=true syn=false hasRead=true)
[2026-08-01T11:59:19.461Z] LiveUpdateForge: EndTurn fallback flush
[2026-08-01T11:59:19.461Z] onEndTurn: naturalStop=undefined toolCalls=17 nudgeMsg=no
[2026-08-01T11:59:19.462Z] LiveUpdateForge: EndTurn fallback flush
[2026-08-01T11:59:19.462Z] onEndTurn: naturalStop=false toolCalls=17 nudgeMsg=no
[2026-08-01T11:59:19.470Z] LiveUpdateForge: AfterToolExec flush
[2026-08-01T11:59:19.504Z] InitialReadForge.onBeforeSend: SKIP (fr=true syn=false hasRead=true)
[2026-08-01T11:59:21.099Z] LiveUpdateForge: EndTurn fallback flush
[2026-08-01T11:59:21.100Z] onEndTurn: naturalStop=undefined toolCalls=18 nudgeMsg=no
[2026-08-01T11:59:21.100Z] LiveUpdateForge: EndTurn fallback flush
[2026-08-01T11:59:21.100Z] onEndTurn: naturalStop=false toolCalls=18 nudgeMsg=no
[2026-08-01T11:59:21.108Z] LiveUpdateForge: AfterToolExec flush
[2026-08-01T11:59:21.144Z] InitialReadForge.onBeforeSend: SKIP (fr=true syn=false hasRead=true)
[2026-08-01T11:59:23.569Z] LiveUpdateForge: EndTurn fallback flush
[2026-08-01T11:59:23.570Z] onEndTurn: naturalStop=undefined toolCalls=19 nudgeMsg=no
[2026-08-01T11:59:23.570Z] LiveUpdateForge: EndTurn fallback flush
[2026-08-01T11:59:23.570Z] onEndTurn: naturalStop=false toolCalls=19 nudgeMsg=no
[2026-08-01T11:59:23.577Z] LiveUpdateForge: AfterToolExec flush
[2026-08-01T11:59:23.605Z] InitialReadForge.onBeforeSend: SKIP (fr=true syn=false hasRead=true)
[2026-08-01T11:59:27.954Z] LiveUpdateForge: EndTurn fallback flush
[2026-08-01T11:59:27.955Z] onEndTurn: naturalStop=undefined toolCalls=20 nudgeMsg=no
[2026-08-01T11:59:27.955Z] LiveUpdateForge: EndTurn fallback flush
[2026-08-01T11:59:27.955Z] onEndTurn: naturalStop=false toolCalls=20 nudgeMsg=no
[2026-08-01T11:59:27.961Z] LiveUpdateForge: AfterToolExec flush
[2026-08-01T11:59:27.991Z] InitialReadForge.onBeforeSend: SKIP (fr=true syn=false hasRead=true)
[2026-08-01T11:59:30.325Z] LiveUpdateForge: EndTurn fallback flush
[2026-08-01T11:59:30.325Z] onEndTurn: naturalStop=undefined toolCalls=21 nudgeMsg=no
[2026-08-01T11:59:30.325Z] LiveUpdateForge: EndTurn fallback flush
[2026-08-01T11:59:30.325Z] onEndTurn: naturalStop=false toolCalls=21 nudgeMsg=no
[2026-08-01T11:59:30.334Z] LiveUpdateForge: AfterToolExec flush
[2026-08-01T11:59:30.362Z] InitialReadForge.onBeforeSend: SKIP (fr=true syn=false hasRead=true)
[2026-08-01T11:59:33.383Z] LiveUpdateForge: EndTurn fallback flush
[2026-08-01T11:59:33.384Z] onEndTurn: naturalStop=undefined toolCalls=22 nudgeMsg=no
[2026-08-01T11:59:33.384Z] LiveUpdateForge: EndTurn fallback flush
[2026-08-01T11:59:33.384Z] onEndTurn: naturalStop=false toolCalls=22 nudgeMsg=no
[2026-08-01T11:59:33.456Z] LiveUpdateForge: AfterToolExec flush
[2026-08-01T11:59:33.486Z] InitialReadForge.onBeforeSend: SKIP (fr=true syn=false hasRead=true)
[2026-08-01T11:59:36.484Z] LiveUpdateForge: EndTurn fallback flush
[2026-08-01T11:59:36.484Z] onEndTurn: naturalStop=undefined toolCalls=23 nudgeMsg=no
[2026-08-01T11:59:36.485Z] LiveUpdateForge: EndTurn fallback flush
[2026-08-01T11:59:36.485Z] onEndTurn: naturalStop=false toolCalls=23 nudgeMsg=no
[2026-08-01T11:59:36.554Z] LiveUpdateForge: AfterToolExec flush
[2026-08-01T11:59:36.589Z] InitialReadForge.onBeforeSend: SKIP (fr=true syn=false hasRead=true)
[2026-08-01T11:59:39.641Z] LiveUpdateForge: EndTurn fallback flush
[2026-08-01T11:59:39.641Z] onEndTurn: naturalStop=undefined toolCalls=24 nudgeMsg=no
[2026-08-01T11:59:39.641Z] LiveUpdateForge: EndTurn fallback flush
[2026-08-01T11:59:39.641Z] onEndTurn: naturalStop=false toolCalls=24 nudgeMsg=no
[2026-08-01T11:59:39.649Z] LiveUpdateForge: AfterToolExec flush
[2026-08-01T11:59:39.681Z] InitialReadForge.onBeforeSend: SKIP (fr=true syn=false hasRead=true)
[2026-08-01T11:59:43.711Z] LiveUpdateForge: EndTurn fallback flush
[2026-08-01T11:59:43.711Z] onEndTurn: naturalStop=undefined toolCalls=25 nudgeMsg=no
[2026-08-01T11:59:43.712Z] LiveUpdateForge: EndTurn fallback flush
[2026-08-01T11:59:43.712Z] onEndTurn: naturalStop=false toolCalls=25 nudgeMsg=no
[2026-08-01T11:59:43.763Z] LiveUpdateForge: AfterToolExec flush
[2026-08-01T11:59:43.796Z] InitialReadForge.onBeforeSend: SKIP (fr=true syn=false hasRead=true)
[2026-08-01T11:59:46.866Z] LiveUpdateForge: EndTurn fallback flush
[2026-08-01T11:59:46.867Z] onEndTurn: naturalStop=undefined toolCalls=26 nudgeMsg=no
[2026-08-01T11:59:46.867Z] LiveUpdateForge: EndTurn fallback flush
[2026-08-01T11:59:46.867Z] onEndTurn: naturalStop=false toolCalls=26 nudgeMsg=no
[2026-08-01T11:59:46.874Z] LiveUpdateForge: AfterToolExec flush
[2026-08-01T11:59:46.904Z] InitialReadForge.onBeforeSend: SKIP (fr=true syn=false hasRead=true)
[2026-08-01T11:59:49.536Z] LiveUpdateForge: EndTurn fallback flush
[2026-08-01T11:59:49.537Z] onEndTurn: naturalStop=undefined toolCalls=27 nudgeMsg=no
[2026-08-01T11:59:49.537Z] LiveUpdateForge: EndTurn fallback flush
[2026-08-01T11:59:49.537Z] onEndTurn: naturalStop=false toolCalls=27 nudgeMsg=no
[2026-08-01T11:59:49.550Z] LiveUpdateForge: AfterToolExec flush
[2026-08-01T11:59:49.581Z] InitialReadForge.onBeforeSend: SKIP (fr=true syn=false hasRead=true)
[2026-08-01T11:59:50.208Z] ResumeDiffForge: running checkResumeConsistency
[2026-08-01T11:59:50.208Z] checkResumeConsistency: forgedTimestamps=[]
[2026-08-01T11:59:50.216Z] checkResumeConsistency: no changes detected
[2026-08-01T11:59:50.216Z] LiveUpdateForge: session reset, allowLiveUpdate = false
[2026-08-01T11:59:50.216Z] NudgeForge: ResumeComplete — restoring count from history
[2026-08-01T11:59:50.217Z] restoreNudgeCountFromHistory: found last write at idx=119 count=5
[2026-08-01T11:59:50.250Z] LiveUpdateForge: allowLiveUpdate = true (first real BeforeSend)
[2026-08-01T11:59:50.251Z] InitialReadForge.onBeforeSend: SKIP (fr=false syn=false hasRead=true)
[2026-08-01T11:59:52.518Z] LiveUpdateForge: EndTurn fallback flush
[2026-08-01T11:59:52.519Z] onEndTurn: naturalStop=undefined toolCalls=28 nudgeMsg=no
[2026-08-01T11:59:52.519Z] LiveUpdateForge: EndTurn fallback flush
[2026-08-01T11:59:52.519Z] onEndTurn: naturalStop=false toolCalls=28 nudgeMsg=no
[2026-08-01T11:59:52.527Z] LiveUpdateForge: AfterToolExec flush
[2026-08-01T11:59:52.557Z] InitialReadForge.onBeforeSend: SKIP (fr=true syn=false hasRead=true)
[2026-08-01T11:59:54.590Z] LiveUpdateForge: EndTurn fallback flush
[2026-08-01T11:59:54.590Z] onEndTurn: naturalStop=undefined toolCalls=29 nudgeMsg=no
[2026-08-01T11:59:54.591Z] LiveUpdateForge: EndTurn fallback flush
[2026-08-01T11:59:54.591Z] onEndTurn: naturalStop=false toolCalls=29 nudgeMsg=no
[2026-08-01T11:59:54.601Z] LiveUpdateForge: AfterToolExec flush
[2026-08-01T11:59:54.633Z] InitialReadForge.onBeforeSend: SKIP (fr=true syn=false hasRead=true)
[2026-08-01T11:59:56.482Z] LiveUpdateForge: EndTurn fallback flush
[2026-08-01T11:59:56.482Z] onEndTurn: naturalStop=undefined toolCalls=30 nudgeMsg=no
[2026-08-01T11:59:56.483Z] LiveUpdateForge: EndTurn fallback flush
[2026-08-01T11:59:56.483Z] onEndTurn: naturalStop=false toolCalls=30 nudgeMsg=no
[2026-08-01T11:59:56.530Z] LiveUpdateForge: AfterToolExec flush
[2026-08-01T11:59:56.557Z] InitialReadForge.onBeforeSend: SKIP (fr=true syn=false hasRead=true)
[2026-08-01T12:00:00.935Z] LiveUpdateForge: EndTurn fallback flush
[2026-08-01T12:00:00.936Z] onEndTurn: naturalStop=undefined toolCalls=31 nudgeMsg=no
[2026-08-01T12:00:00.936Z] LiveUpdateForge: EndTurn fallback flush
[2026-08-01T12:00:00.936Z] onEndTurn: naturalStop=false toolCalls=31 nudgeMsg=no
[2026-08-01T12:00:00.990Z] LiveUpdateForge: AfterToolExec flush
[2026-08-01T12:00:01.021Z] InitialReadForge.onBeforeSend: SKIP (fr=true syn=false hasRead=true)
[2026-08-01T12:00:03.228Z] LiveUpdateForge: EndTurn fallback flush
[2026-08-01T12:00:03.228Z] onEndTurn: naturalStop=undefined toolCalls=32 nudgeMsg=no
[2026-08-01T12:00:03.229Z] LiveUpdateForge: EndTurn fallback flush
[2026-08-01T12:00:03.229Z] onEndTurn: naturalStop=false toolCalls=32 nudgeMsg=no
[2026-08-01T12:00:03.245Z] LiveUpdateForge: AfterToolExec flush
[2026-08-01T12:00:03.278Z] InitialReadForge.onBeforeSend: SKIP (fr=true syn=false hasRead=true)
[2026-08-01T12:00:07.057Z] LiveUpdateForge: EndTurn fallback flush
[2026-08-01T12:00:07.057Z] onEndTurn: naturalStop=undefined toolCalls=33 nudgeMsg=no
[2026-08-01T12:00:07.058Z] LiveUpdateForge: EndTurn fallback flush
[2026-08-01T12:00:07.058Z] onEndTurn: naturalStop=false toolCalls=33 nudgeMsg=no
[2026-08-01T12:00:07.075Z] LiveUpdateForge: AfterToolExec flush
[2026-08-01T12:00:07.111Z] InitialReadForge.onBeforeSend: SKIP (fr=true syn=false hasRead=true)
[2026-08-01T12:00:09.596Z] LiveUpdateForge: EndTurn fallback flush
[2026-08-01T12:00:09.598Z] onEndTurn: naturalStop=undefined toolCalls=34 nudgeMsg=no
[2026-08-01T12:00:09.598Z] LiveUpdateForge: EndTurn fallback flush
[2026-08-01T12:00:09.599Z] onEndTurn: naturalStop=false toolCalls=34 nudgeMsg=no
[2026-08-01T12:00:10.272Z] LiveUpdateForge: AfterToolExec flush
[2026-08-01T12:00:10.316Z] InitialReadForge.onBeforeSend: SKIP (fr=true syn=false hasRead=true)
[2026-08-01T12:00:13.832Z] LiveUpdateForge: EndTurn fallback flush
[2026-08-01T12:00:13.832Z] onEndTurn: naturalStop=undefined toolCalls=5 nudgeMsg=no
[2026-08-01T12:00:13.832Z] LiveUpdateForge: EndTurn fallback flush
[2026-08-01T12:00:13.833Z] onEndTurn: naturalStop=false toolCalls=5 nudgeMsg=no
[2026-08-01T12:00:13.957Z] LiveUpdateForge: EndTurn fallback flush
[2026-08-01T12:00:13.957Z] onEndTurn: naturalStop=undefined toolCalls=35 nudgeMsg=no
[2026-08-01T12:00:13.957Z] LiveUpdateForge: EndTurn fallback flush
[2026-08-01T12:00:13.958Z] onEndTurn: naturalStop=false toolCalls=35 nudgeMsg=no
[2026-08-01T12:00:14.591Z] LiveUpdateForge: AfterToolExec flush
[2026-08-01T12:00:14.624Z] InitialReadForge.onBeforeSend: SKIP (fr=true syn=false hasRead=true)
[2026-08-01T12:00:15.888Z] LiveUpdateForge: AfterToolExec flush
[2026-08-01T12:00:15.920Z] InitialReadForge.onBeforeSend: SKIP (fr=true syn=false hasRead=true)
[2026-08-01T12:00:16.930Z] LiveUpdateForge: EndTurn fallback flush
[2026-08-01T12:00:16.931Z] onEndTurn: naturalStop=undefined toolCalls=6 nudgeMsg=no
[2026-08-01T12:00:16.931Z] LiveUpdateForge: EndTurn fallback flush
[2026-08-01T12:00:16.931Z] onEndTurn: naturalStop=false toolCalls=6 nudgeMsg=no
[2026-08-01T12:00:16.939Z] LiveUpdateForge: AfterToolExec flush
[2026-08-01T12:00:16.972Z] InitialReadForge.onBeforeSend: SKIP (fr=true syn=false hasRead=true)
[2026-08-01T12:00:17.683Z] LiveUpdateForge: EndTurn fallback flush
[2026-08-01T12:00:17.683Z] onEndTurn: naturalStop=undefined toolCalls=36 nudgeMsg=no
[2026-08-01T12:00:17.684Z] LiveUpdateForge: EndTurn fallback flush
[2026-08-01T12:00:17.684Z] onEndTurn: naturalStop=false toolCalls=36 nudgeMsg=no
[2026-08-01T12:00:20.853Z] LiveUpdateForge: EndTurn fallback flush
[2026-08-01T12:00:20.853Z] onEndTurn: naturalStop=undefined toolCalls=7 nudgeMsg=no
[2026-08-01T12:00:20.854Z] LiveUpdateForge: EndTurn fallback flush
[2026-08-01T12:00:20.854Z] onEndTurn: naturalStop=false toolCalls=7 nudgeMsg=no
[2026-08-01T12:00:20.863Z] LiveUpdateForge: AfterToolExec flush
[2026-08-01T12:00:20.900Z] InitialReadForge.onBeforeSend: SKIP (fr=true syn=false hasRead=true)
[2026-08-01T12:00:26.878Z] LiveUpdateForge: EndTurn fallback flush
[2026-08-01T12:00:26.879Z] onEndTurn: naturalStop=undefined toolCalls=8 nudgeMsg=no
[2026-08-01T12:00:26.879Z] LiveUpdateForge: EndTurn fallback flush
[2026-08-01T12:00:26.879Z] onEndTurn: naturalStop=false toolCalls=8 nudgeMsg=no
[2026-08-01T12:00:26.935Z] LiveUpdateForge: AfterToolExec flush
[2026-08-01T12:00:26.965Z] InitialReadForge.onBeforeSend: SKIP (fr=true syn=false hasRead=true)
[2026-08-01T12:00:28.677Z] LiveUpdateForge: EndTurn fallback flush
[2026-08-01T12:00:28.677Z] onEndTurn: naturalStop=undefined toolCalls=9 nudgeMsg=no
[2026-08-01T12:00:28.678Z] LiveUpdateForge: EndTurn fallback flush
[2026-08-01T12:00:28.678Z] onEndTurn: naturalStop=false toolCalls=9 nudgeMsg=no
[2026-08-01T12:00:28.684Z] LiveUpdateForge: AfterToolExec flush
[2026-08-01T12:00:28.720Z] InitialReadForge.onBeforeSend: SKIP (fr=true syn=false hasRead=true)
[2026-08-01T12:00:30.326Z] LiveUpdateForge: EndTurn fallback flush
[2026-08-01T12:00:30.327Z] onEndTurn: naturalStop=undefined toolCalls=10 nudgeMsg=no
[2026-08-01T12:00:30.327Z] LiveUpdateForge: EndTurn fallback flush
[2026-08-01T12:00:30.327Z] onEndTurn: naturalStop=false toolCalls=10 nudgeMsg=no
[2026-08-01T12:00:30.339Z] LiveUpdateForge: AfterToolExec flush
[2026-08-01T12:00:30.380Z] InitialReadForge.onBeforeSend: SKIP (fr=true syn=false hasRead=true)
[2026-08-01T12:00:31.913Z] LiveUpdateForge: AfterToolExec flush
[2026-08-01T12:00:31.954Z] InitialReadForge.onBeforeSend: SKIP (fr=true syn=false hasRead=true)
[2026-08-01T12:00:32.863Z] LiveUpdateForge: EndTurn fallback flush
[2026-08-01T12:00:32.863Z] onEndTurn: naturalStop=undefined toolCalls=11 nudgeMsg=no
[2026-08-01T12:00:32.863Z] LiveUpdateForge: EndTurn fallback flush
[2026-08-01T12:00:32.864Z] onEndTurn: naturalStop=false toolCalls=11 nudgeMsg=no
[2026-08-01T12:00:33.088Z] LiveUpdateForge: AfterToolExec flush
[2026-08-01T12:00:33.125Z] InitialReadForge.onBeforeSend: SKIP (fr=true syn=false hasRead=true)
[2026-08-01T12:00:35.328Z] LiveUpdateForge: EndTurn fallback flush
[2026-08-01T12:00:35.329Z] onEndTurn: naturalStop=undefined toolCalls=37 nudgeMsg=no
[2026-08-01T12:00:35.329Z] LiveUpdateForge: EndTurn fallback flush
[2026-08-01T12:00:35.329Z] onEndTurn: naturalStop=false toolCalls=37 nudgeMsg=no
[2026-08-01T12:00:37.916Z] LiveUpdateForge: AfterToolExec flush
[2026-08-01T12:00:37.946Z] InitialReadForge.onBeforeSend: SKIP (fr=true syn=false hasRead=true)
[2026-08-01T12:00:40.565Z] LiveUpdateForge: EndTurn fallback flush
[2026-08-01T12:00:40.565Z] onEndTurn: naturalStop=undefined toolCalls=12 nudgeMsg=no
[2026-08-01T12:00:40.565Z] LiveUpdateForge: EndTurn fallback flush
[2026-08-01T12:00:40.566Z] onEndTurn: naturalStop=false toolCalls=12 nudgeMsg=no
[2026-08-01T12:00:40.640Z] LiveUpdateForge: AfterToolExec flush
[2026-08-01T12:00:40.671Z] InitialReadForge.onBeforeSend: SKIP (fr=true syn=false hasRead=true)
[2026-08-01T12:00:41.391Z] LiveUpdateForge: EndTurn fallback flush
[2026-08-01T12:00:41.392Z] onEndTurn: naturalStop=undefined toolCalls=38 nudgeMsg=no
[2026-08-01T12:00:41.392Z] LiveUpdateForge: EndTurn fallback flush
[2026-08-01T12:00:41.393Z] onEndTurn: naturalStop=true toolCalls=38 nudgeMsg=no
[2026-08-01T12:00:43.425Z] LiveUpdateForge: EndTurn fallback flush
[2026-08-01T12:00:43.425Z] onEndTurn: naturalStop=undefined toolCalls=13 nudgeMsg=no
[2026-08-01T12:00:43.426Z] LiveUpdateForge: EndTurn fallback flush
[2026-08-01T12:00:43.426Z] onEndTurn: naturalStop=false toolCalls=13 nudgeMsg=no
[2026-08-01T12:00:43.445Z] LiveUpdateForge: AfterToolExec flush
[2026-08-01T12:00:43.484Z] InitialReadForge.onBeforeSend: SKIP (fr=true syn=false hasRead=true)
[2026-08-01T12:00:45.890Z] LiveUpdateForge: EndTurn fallback flush
[2026-08-01T12:00:45.891Z] onEndTurn: naturalStop=undefined toolCalls=14 nudgeMsg=no
[2026-08-01T12:00:45.891Z] LiveUpdateForge: EndTurn fallback flush
[2026-08-01T12:00:45.891Z] onEndTurn: naturalStop=false toolCalls=14 nudgeMsg=no
[2026-08-01T12:00:45.913Z] LiveUpdateForge: AfterToolExec flush
[2026-08-01T12:00:45.948Z] InitialReadForge.onBeforeSend: SKIP (fr=true syn=false hasRead=true)
[2026-08-01T12:00:48.462Z] LiveUpdateForge: EndTurn fallback flush
[2026-08-01T12:00:48.462Z] onEndTurn: naturalStop=undefined toolCalls=15 nudgeMsg=no
[2026-08-01T12:00:48.463Z] LiveUpdateForge: EndTurn fallback flush
[2026-08-01T12:00:48.463Z] onEndTurn: naturalStop=false toolCalls=15 nudgeMsg=no
[2026-08-01T12:00:48.485Z] LiveUpdateForge: AfterToolExec flush
[2026-08-01T12:00:48.527Z] InitialReadForge.onBeforeSend: SKIP (fr=true syn=false hasRead=true)
[2026-08-01T12:00:52.279Z] LiveUpdateForge: EndTurn fallback flush
[2026-08-01T12:00:52.279Z] onEndTurn: naturalStop=undefined toolCalls=16 nudgeMsg=no
[2026-08-01T12:00:52.279Z] LiveUpdateForge: EndTurn fallback flush
[2026-08-01T12:00:52.279Z] onEndTurn: naturalStop=false toolCalls=16 nudgeMsg=no
[2026-08-01T12:00:53.513Z] LiveUpdateForge: AfterToolExec flush
[2026-08-01T12:00:53.547Z] InitialReadForge.onBeforeSend: SKIP (fr=true syn=false hasRead=true)
[2026-08-01T12:00:56.415Z] LiveUpdateForge: EndTurn fallback flush
[2026-08-01T12:00:56.416Z] onEndTurn: naturalStop=undefined toolCalls=17 nudgeMsg=no
[2026-08-01T12:00:56.416Z] LiveUpdateForge: EndTurn fallback flush
[2026-08-01T12:00:56.417Z] onEndTurn: naturalStop=false toolCalls=17 nudgeMsg=no
[2026-08-01T12:01:06.030Z] LiveUpdateForge: AfterToolExec flush
[2026-08-01T12:01:06.067Z] InitialReadForge.onBeforeSend: SKIP (fr=true syn=false hasRead=true)
[2026-08-01T12:01:10.009Z] LiveUpdateForge: EndTurn fallback flush
[2026-08-01T12:01:10.009Z] onEndTurn: naturalStop=undefined toolCalls=18 nudgeMsg=no
[2026-08-01T12:01:10.009Z] LiveUpdateForge: EndTurn fallback flush
[2026-08-01T12:01:10.010Z] onEndTurn: naturalStop=false toolCalls=18 nudgeMsg=no
[2026-08-01T12:01:17.906Z] LiveUpdateForge: AfterToolExec flush
[2026-08-01T12:01:17.958Z] InitialReadForge.onBeforeSend: SKIP (fr=true syn=false hasRead=true)
[2026-08-01T12:01:23.961Z] LiveUpdateForge: EndTurn fallback flush
[2026-08-01T12:01:23.962Z] onEndTurn: naturalStop=undefined toolCalls=19 nudgeMsg=no
[2026-08-01T12:01:23.962Z] LiveUpdateForge: EndTurn fallback flush
[2026-08-01T12:01:23.962Z] onEndTurn: naturalStop=true toolCalls=19 nudgeMsg=no
[2026-08-01T12:01:27.297Z] ResumeDiffForge: running checkResumeConsistency
[2026-08-01T12:01:27.298Z] checkResumeConsistency: forgedTimestamps=[]
[2026-08-01T12:01:27.308Z] checkResumeConsistency: no changes detected
[2026-08-01T12:01:27.309Z] LiveUpdateForge: session reset, allowLiveUpdate = false
[2026-08-01T12:01:27.309Z] NudgeForge: ResumeComplete — restoring count from history
[2026-08-01T12:01:27.309Z] restoreNudgeCountFromHistory: found last write at idx=119 count=19
[2026-08-01T12:01:27.344Z] LiveUpdateForge: allowLiveUpdate = true (first real BeforeSend)
[2026-08-01T12:01:27.345Z] InitialReadForge.onBeforeSend: SKIP (fr=false syn=false hasRead=true)
[2026-08-01T12:01:30.401Z] LiveUpdateForge: EndTurn fallback flush
[2026-08-01T12:01:30.401Z] onEndTurn: naturalStop=undefined toolCalls=19 nudgeMsg=no
[2026-08-01T12:01:30.401Z] LiveUpdateForge: EndTurn fallback flush
[2026-08-01T12:01:30.401Z] onEndTurn: naturalStop=false toolCalls=19 nudgeMsg=no
[2026-08-01T12:01:32.206Z] LiveUpdateForge: AfterToolExec flush
[2026-08-01T12:01:32.232Z] InitialReadForge.onBeforeSend: SKIP (fr=true syn=false hasRead=true)
[2026-08-01T12:01:36.106Z] LiveUpdateForge: EndTurn fallback flush
[2026-08-01T12:01:36.107Z] onEndTurn: naturalStop=undefined toolCalls=20 nudgeMsg=no
[2026-08-01T12:01:36.107Z] LiveUpdateForge: EndTurn fallback flush
[2026-08-01T12:01:36.107Z] onEndTurn: naturalStop=false toolCalls=20 nudgeMsg=no
[2026-08-01T12:01:36.840Z] LiveUpdateForge: AfterToolExec flush
[2026-08-01T12:01:36.870Z] InitialReadForge.onBeforeSend: SKIP (fr=true syn=false hasRead=true)
[2026-08-01T12:01:38.331Z] LiveUpdateForge: EndTurn fallback flush
[2026-08-01T12:01:38.331Z] onEndTurn: naturalStop=undefined toolCalls=21 nudgeMsg=no
[2026-08-01T12:01:38.332Z] LiveUpdateForge: EndTurn fallback flush
[2026-08-01T12:01:38.332Z] onEndTurn: naturalStop=true toolCalls=21 nudgeMsg=no
[2026-08-01T12:05:20.732Z] ResumeDiffForge: running checkResumeConsistency
[2026-08-01T12:05:20.733Z] checkResumeConsistency: forgedTimestamps=[]
[2026-08-01T12:05:20.741Z] checkResumeConsistency: no changes detected
[2026-08-01T12:05:20.742Z] LiveUpdateForge: session reset, allowLiveUpdate = false
[2026-08-01T12:05:20.742Z] NudgeForge: ResumeComplete — restoring count from history
[2026-08-01T12:05:20.743Z] restoreNudgeCountFromHistory: found last write at idx=119 count=21
[2026-08-01T12:05:20.774Z] LiveUpdateForge: allowLiveUpdate = true (first real BeforeSend)
[2026-08-01T12:05:20.774Z] InitialReadForge.onBeforeSend: SKIP (fr=false syn=false hasRead=true)
[2026-08-01T12:05:24.404Z] LiveUpdateForge: EndTurn fallback flush
[2026-08-01T12:05:24.404Z] onEndTurn: naturalStop=undefined toolCalls=21 nudgeMsg=no
[2026-08-01T12:05:24.405Z] LiveUpdateForge: EndTurn fallback flush
[2026-08-01T12:05:24.405Z] onEndTurn: naturalStop=false toolCalls=21 nudgeMsg=no
[2026-08-01T12:05:52.644Z] LiveUpdateForge: AfterToolExec flush
[2026-08-01T12:05:52.675Z] InitialReadForge.onBeforeSend: SKIP (fr=true syn=false hasRead=true)
[2026-08-01T12:05:54.560Z] LiveUpdateForge: EndTurn fallback flush
[2026-08-01T12:05:54.560Z] onEndTurn: naturalStop=undefined toolCalls=22 nudgeMsg=no
[2026-08-01T12:05:54.560Z] LiveUpdateForge: EndTurn fallback flush
[2026-08-01T12:05:54.561Z] onEndTurn: naturalStop=false toolCalls=22 nudgeMsg=no
[2026-08-01T12:06:28.676Z] LiveUpdateForge: AfterToolExec flush
[2026-08-01T12:06:28.716Z] InitialReadForge.onBeforeSend: SKIP (fr=true syn=false hasRead=true)
[2026-08-01T12:06:35.296Z] LiveUpdateForge: EndTurn fallback flush
[2026-08-01T12:06:35.296Z] onEndTurn: naturalStop=undefined toolCalls=23 nudgeMsg=no
[2026-08-01T12:06:35.297Z] LiveUpdateForge: EndTurn fallback flush
[2026-08-01T12:06:35.297Z] onEndTurn: naturalStop=false toolCalls=23 nudgeMsg=no
[2026-08-01T12:06:35.311Z] LiveUpdateForge: AfterToolExec flush
[2026-08-01T12:06:35.340Z] InitialReadForge.onBeforeSend: SKIP (fr=true syn=false hasRead=true)
[2026-08-01T12:06:37.574Z] LiveUpdateForge: EndTurn fallback flush
[2026-08-01T12:06:37.574Z] onEndTurn: naturalStop=undefined toolCalls=24 nudgeMsg=no
[2026-08-01T12:06:37.574Z] LiveUpdateForge: EndTurn fallback flush
[2026-08-01T12:06:37.575Z] onEndTurn: naturalStop=false toolCalls=24 nudgeMsg=no
[2026-08-01T12:06:38.221Z] LiveUpdateForge: AfterToolExec flush
[2026-08-01T12:06:38.250Z] InitialReadForge.onBeforeSend: SKIP (fr=true syn=false hasRead=true)
[2026-08-01T12:06:42.523Z] LiveUpdateForge: EndTurn fallback flush
[2026-08-01T12:06:42.524Z] onEndTurn: naturalStop=undefined toolCalls=25 nudgeMsg=no
[2026-08-01T12:06:42.524Z] LiveUpdateForge: EndTurn fallback flush
[2026-08-01T12:06:42.524Z] onEndTurn: naturalStop=false toolCalls=25 nudgeMsg=no
[2026-08-01T12:06:44.118Z] LiveUpdateForge: AfterToolExec flush
[2026-08-01T12:06:44.151Z] InitialReadForge.onBeforeSend: SKIP (fr=true syn=false hasRead=true)
[2026-08-01T12:06:58.941Z] LiveUpdateForge: EndTurn fallback flush
[2026-08-01T12:06:58.942Z] onEndTurn: naturalStop=undefined toolCalls=26 nudgeMsg=no
[2026-08-01T12:06:58.942Z] LiveUpdateForge: EndTurn fallback flush
[2026-08-01T12:06:58.942Z] onEndTurn: naturalStop=true toolCalls=26 nudgeMsg=no
[2026-08-01T13:48:15.393Z] MemoryForge: attached 5 listener(s)
[2026-08-01T13:48:15.393Z] InitialReadForge: armed one-shot BeforeSend after NewSessionStart
[2026-08-01T13:48:15.394Z] LiveUpdateForge: session reset, allowLiveUpdate = false
[2026-08-01T13:48:15.776Z] LiveUpdateForge: session reset, allowLiveUpdate = false
[2026-08-01T13:48:15.794Z] ResumeDiffForge: running checkResumeConsistency
[2026-08-01T13:48:15.795Z] checkResumeConsistency: forgedTimestamps=[]
[2026-08-01T13:48:15.803Z] checkResumeConsistency: no changes detected
[2026-08-01T13:48:15.803Z] LiveUpdateForge: session reset, allowLiveUpdate = false
[2026-08-01T13:48:15.804Z] NudgeForge: ResumeComplete — restoring count from history
[2026-08-01T13:48:15.805Z] restoreNudgeCountFromHistory: found last write at idx=119 count=26
[2026-08-01T13:48:16.200Z] ResumeDiffForge: running checkResumeConsistency
[2026-08-01T13:48:16.200Z] checkResumeConsistency: forgedTimestamps=[]
[2026-08-01T13:48:16.208Z] checkResumeConsistency: no changes detected
[2026-08-01T13:48:16.209Z] LiveUpdateForge: session reset, allowLiveUpdate = false
[2026-08-01T13:48:16.209Z] NudgeForge: ResumeComplete — restoring count from history
[2026-08-01T13:48:16.210Z] restoreNudgeCountFromHistory: found last write at idx=119 count=26
[2026-08-01T13:48:16.305Z] ResumeDiffForge: running checkResumeConsistency
[2026-08-01T13:48:16.306Z] checkResumeConsistency: forgedTimestamps=[]
[2026-08-01T13:48:16.312Z] checkResumeConsistency: no changes detected
[2026-08-01T13:48:16.313Z] LiveUpdateForge: session reset, allowLiveUpdate = false
[2026-08-01T13:48:16.313Z] NudgeForge: ResumeComplete — restoring count from history
[2026-08-01T13:48:16.313Z] restoreNudgeCountFromHistory: found last write at idx=119 count=26
[2026-08-01T13:48:16.608Z] MemoryForge: attached 5 listener(s)
[2026-08-01T13:48:16.608Z] InitialReadForge: armed one-shot BeforeSend after NewSessionStart
[2026-08-01T13:48:16.608Z] LiveUpdateForge: session reset, allowLiveUpdate = false
[2026-08-01T13:48:16.614Z] MemoryForge: detached all listeners
[2026-08-01T13:48:16.614Z] ResumeDiffForge: running checkResumeConsistency
[2026-08-01T13:48:16.615Z] checkResumeConsistency: forgedTimestamps=[]
[2026-08-01T13:48:16.646Z] checkResumeConsistency: no changes detected
[2026-08-01T13:48:16.647Z] LiveUpdateForge: session reset, allowLiveUpdate = false
[2026-08-01T13:48:16.647Z] NudgeForge: ResumeComplete — restoring count from history
[2026-08-01T13:48:16.647Z] restoreNudgeCountFromHistory: found last write at idx=119 count=26
[2026-08-01T13:48:16.671Z] LiveUpdateForge: allowLiveUpdate = true (first real BeforeSend)
[2026-08-01T13:48:16.671Z] InitialReadForge.onBeforeSend: SKIP (fr=false syn=false hasRead=true)
[2026-08-01T13:48:35.258Z] LiveUpdateForge: EndTurn fallback flush
[2026-08-01T13:48:35.258Z] onEndTurn: naturalStop=undefined toolCalls=26 nudgeMsg=no
[2026-08-01T13:48:35.258Z] LiveUpdateForge: EndTurn fallback flush
[2026-08-01T13:48:35.259Z] onEndTurn: naturalStop=false toolCalls=26 nudgeMsg=no
[2026-08-01T13:48:55.554Z] LiveUpdateForge: AfterToolExec flush
[2026-08-01T13:48:55.588Z] InitialReadForge.onBeforeSend: SKIP (fr=true syn=false hasRead=true)
[2026-08-01T13:48:58.409Z] LiveUpdateForge: EndTurn fallback flush
[2026-08-01T13:48:58.409Z] onEndTurn: naturalStop=undefined toolCalls=27 nudgeMsg=no
[2026-08-01T13:48:58.409Z] LiveUpdateForge: EndTurn fallback flush
[2026-08-01T13:48:58.410Z] onEndTurn: naturalStop=false toolCalls=27 nudgeMsg=no
[2026-08-01T13:48:58.573Z] LiveUpdateForge: AfterToolExec flush
[2026-08-01T13:48:58.601Z] InitialReadForge.onBeforeSend: SKIP (fr=true syn=false hasRead=true)
[2026-08-01T13:49:02.534Z] LiveUpdateForge: EndTurn fallback flush
[2026-08-01T13:49:02.535Z] onEndTurn: naturalStop=undefined toolCalls=28 nudgeMsg=no
[2026-08-01T13:49:02.535Z] LiveUpdateForge: EndTurn fallback flush
[2026-08-01T13:49:02.535Z] onEndTurn: naturalStop=false toolCalls=28 nudgeMsg=no
[2026-08-01T13:49:02.671Z] LiveUpdateForge: AfterToolExec flush
[2026-08-01T13:49:02.700Z] InitialReadForge.onBeforeSend: SKIP (fr=true syn=false hasRead=true)
[2026-08-01T13:49:05.158Z] LiveUpdateForge: EndTurn fallback flush
[2026-08-01T13:49:05.159Z] onEndTurn: naturalStop=undefined toolCalls=29 nudgeMsg=no
[2026-08-01T13:49:05.159Z] LiveUpdateForge: EndTurn fallback flush
[2026-08-01T13:49:05.159Z] onEndTurn: naturalStop=false toolCalls=29 nudgeMsg=no
[2026-08-01T13:49:05.307Z] LiveUpdateForge: AfterToolExec flush
[2026-08-01T13:49:05.335Z] InitialReadForge.onBeforeSend: SKIP (fr=true syn=false hasRead=true)
[2026-08-01T13:49:06.945Z] LiveUpdateForge: EndTurn fallback flush
[2026-08-01T13:49:06.945Z] onEndTurn: naturalStop=undefined toolCalls=30 nudgeMsg=no
[2026-08-01T13:49:06.945Z] LiveUpdateForge: EndTurn fallback flush
[2026-08-01T13:49:06.946Z] onEndTurn: naturalStop=false toolCalls=30 nudgeMsg=no
[2026-08-01T13:49:07.085Z] LiveUpdateForge: AfterToolExec flush
[2026-08-01T13:49:07.114Z] InitialReadForge.onBeforeSend: SKIP (fr=true syn=false hasRead=true)
[2026-08-01T13:49:13.209Z] LiveUpdateForge: EndTurn fallback flush
[2026-08-01T13:49:13.209Z] onEndTurn: naturalStop=undefined toolCalls=31 nudgeMsg=no
[2026-08-01T13:49:13.210Z] LiveUpdateForge: EndTurn fallback flush
[2026-08-01T13:49:13.210Z] onEndTurn: naturalStop=false toolCalls=31 nudgeMsg=no
[2026-08-01T13:50:01.962Z] MemoryForge: attached 5 listener(s)
[2026-08-01T13:50:01.963Z] InitialReadForge: armed one-shot BeforeSend after NewSessionStart
[2026-08-01T13:50:01.963Z] LiveUpdateForge: session reset, allowLiveUpdate = false
[2026-08-01T13:50:02.583Z] MemoryForge: attached 5 listener(s)
[2026-08-01T13:50:02.583Z] InitialReadForge: armed one-shot BeforeSend after NewSessionStart
[2026-08-01T13:50:02.583Z] LiveUpdateForge: session reset, allowLiveUpdate = false
[2026-08-01T13:50:02.584Z] MemoryForge: detached all listeners
[2026-08-01T13:50:02.585Z] ResumeDiffForge: no read_memory in history, backfilling forge
[2026-08-01T13:50:02.742Z] recordForgedToolExchange: toolName=read_memory callId=resume-forge-read-memory-backfill
[2026-08-01T13:50:02.783Z] recordForgedToolExchange: recordMessage + recordToolCalls persisted
[2026-08-01T13:50:02.784Z] injectForgedHistory: role=user preview=""
[2026-08-01T13:50:02.802Z] injectForgedHistory: recordMessage persisted
[2026-08-01T13:50:02.810Z] ResumeDiffForge: backfilled read_memory and baseline for 2 raw + 2 provider file(s)
[2026-08-01T13:50:02.810Z] LiveUpdateForge: session reset, allowLiveUpdate = false
[2026-08-01T13:50:02.810Z] NudgeForge: ResumeComplete — restoring count from history
[2026-08-01T13:50:02.810Z] restoreNudgeCountFromHistory: no reset point found, count=0
[2026-08-01T13:50:02.836Z] LiveUpdateForge: allowLiveUpdate = true (first real BeforeSend)
[2026-08-01T13:50:02.837Z] InitialReadForge.onBeforeSend: SKIP (fr=false syn=false hasRead=true)
[2026-08-01T13:50:40.932Z] LiveUpdateForge: AfterToolExec flush
[2026-08-01T13:50:40.996Z] InitialReadForge.onBeforeSend: SKIP (fr=true syn=false hasRead=true)
[2026-08-01T13:50:43.213Z] LiveUpdateForge: EndTurn fallback flush
[2026-08-01T13:50:43.214Z] onEndTurn: naturalStop=undefined toolCalls=32 nudgeMsg=no
[2026-08-01T13:50:43.214Z] LiveUpdateForge: EndTurn fallback flush
[2026-08-01T13:50:43.214Z] onEndTurn: naturalStop=false toolCalls=32 nudgeMsg=no
[2026-08-01T13:50:43.236Z] LiveUpdateForge: AfterToolExec flush
[2026-08-01T13:50:43.267Z] InitialReadForge.onBeforeSend: SKIP (fr=true syn=false hasRead=true)
[2026-08-01T13:50:44.839Z] LiveUpdateForge: EndTurn fallback flush
[2026-08-01T13:50:44.840Z] onEndTurn: naturalStop=undefined toolCalls=33 nudgeMsg=no
[2026-08-01T13:50:44.840Z] LiveUpdateForge: EndTurn fallback flush
[2026-08-01T13:50:44.840Z] onEndTurn: naturalStop=false toolCalls=33 nudgeMsg=no
[2026-08-01T13:50:44.925Z] LiveUpdateForge: AfterToolExec flush
[2026-08-01T13:50:44.959Z] InitialReadForge.onBeforeSend: SKIP (fr=true syn=false hasRead=true)
[2026-08-01T13:50:54.027Z] LiveUpdateForge: EndTurn fallback flush
[2026-08-01T13:50:54.028Z] onEndTurn: naturalStop=undefined toolCalls=0 nudgeMsg=no
[2026-08-01T13:50:54.028Z] LiveUpdateForge: EndTurn fallback flush
[2026-08-01T13:50:54.028Z] onEndTurn: naturalStop=false toolCalls=0 nudgeMsg=no
[2026-08-01T13:50:55.522Z] LiveUpdateForge: EndTurn fallback flush
[2026-08-01T13:50:55.523Z] onEndTurn: naturalStop=undefined toolCalls=34 nudgeMsg=no
[2026-08-01T13:50:55.523Z] LiveUpdateForge: EndTurn fallback flush
[2026-08-01T13:50:55.523Z] onEndTurn: naturalStop=false toolCalls=34 nudgeMsg=no
[2026-08-01T13:50:55.733Z] LiveUpdateForge: AfterToolExec flush
[2026-08-01T13:50:55.762Z] InitialReadForge.onBeforeSend: SKIP (fr=true syn=false hasRead=true)
[2026-08-01T13:50:56.449Z] LiveUpdateForge: AfterToolExec flush
[2026-08-01T13:50:56.473Z] InitialReadForge.onBeforeSend: SKIP (fr=true syn=false hasRead=true)
[2026-08-01T13:50:58.161Z] LiveUpdateForge: EndTurn fallback flush
[2026-08-01T13:50:58.162Z] onEndTurn: naturalStop=undefined toolCalls=35 nudgeMsg=no
[2026-08-01T13:50:58.162Z] LiveUpdateForge: EndTurn fallback flush
[2026-08-01T13:50:58.162Z] onEndTurn: naturalStop=false toolCalls=35 nudgeMsg=no
[2026-08-01T13:50:58.319Z] LiveUpdateForge: AfterToolExec flush
[2026-08-01T13:50:58.347Z] InitialReadForge.onBeforeSend: SKIP (fr=true syn=false hasRead=true)
[2026-08-01T13:50:58.570Z] LiveUpdateForge: EndTurn fallback flush
[2026-08-01T13:50:58.571Z] onEndTurn: naturalStop=undefined toolCalls=1 nudgeMsg=no
[2026-08-01T13:50:58.571Z] LiveUpdateForge: EndTurn fallback flush
[2026-08-01T13:50:58.571Z] onEndTurn: naturalStop=false toolCalls=1 nudgeMsg=no
[2026-08-01T13:50:58.906Z] LiveUpdateForge: AfterToolExec flush
[2026-08-01T13:50:58.928Z] InitialReadForge.onBeforeSend: SKIP (fr=true syn=false hasRead=true)
[2026-08-01T13:51:00.210Z] LiveUpdateForge: EndTurn fallback flush
[2026-08-01T13:51:00.210Z] onEndTurn: naturalStop=undefined toolCalls=36 nudgeMsg=no
[2026-08-01T13:51:00.210Z] LiveUpdateForge: EndTurn fallback flush
[2026-08-01T13:51:00.211Z] onEndTurn: naturalStop=false toolCalls=36 nudgeMsg=no
[2026-08-01T13:51:00.411Z] LiveUpdateForge: EndTurn fallback flush
[2026-08-01T13:51:00.412Z] onEndTurn: naturalStop=undefined toolCalls=2 nudgeMsg=no
[2026-08-01T13:51:00.412Z] LiveUpdateForge: EndTurn fallback flush
[2026-08-01T13:51:00.413Z] onEndTurn: naturalStop=false toolCalls=2 nudgeMsg=no
[2026-08-01T13:51:00.570Z] LiveUpdateForge: AfterToolExec flush
[2026-08-01T13:51:00.600Z] InitialReadForge.onBeforeSend: SKIP (fr=true syn=false hasRead=true)
[2026-08-01T13:51:00.738Z] LiveUpdateForge: AfterToolExec flush
[2026-08-01T13:51:00.755Z] InitialReadForge.onBeforeSend: SKIP (fr=true syn=false hasRead=true)
[2026-08-01T13:51:03.416Z] LiveUpdateForge: EndTurn fallback flush
[2026-08-01T13:51:03.417Z] onEndTurn: naturalStop=undefined toolCalls=37 nudgeMsg=no
[2026-08-01T13:51:03.417Z] LiveUpdateForge: EndTurn fallback flush
[2026-08-01T13:51:03.417Z] onEndTurn: naturalStop=false toolCalls=37 nudgeMsg=no
[2026-08-01T13:51:03.431Z] LiveUpdateForge: AfterToolExec flush
[2026-08-01T13:51:03.465Z] InitialReadForge.onBeforeSend: SKIP (fr=true syn=false hasRead=true)
[2026-08-01T13:51:06.749Z] LiveUpdateForge: EndTurn fallback flush
[2026-08-01T13:51:06.749Z] onEndTurn: naturalStop=undefined toolCalls=3 nudgeMsg=no
[2026-08-01T13:51:06.749Z] LiveUpdateForge: EndTurn fallback flush
[2026-08-01T13:51:06.749Z] onEndTurn: naturalStop=false toolCalls=3 nudgeMsg=no
[2026-08-01T13:51:07.098Z] LiveUpdateForge: AfterToolExec flush
[2026-08-01T13:51:07.100Z] LiveUpdateForge: AfterToolExec flush
[2026-08-01T13:51:07.107Z] LiveUpdateForge: AfterToolExec flush
[2026-08-01T13:51:07.110Z] LiveUpdateForge: AfterToolExec flush
[2026-08-01T13:51:07.144Z] LiveUpdateForge: AfterToolExec flush
[2026-08-01T13:51:07.165Z] LiveUpdateForge: AfterToolExec flush
[2026-08-01T13:51:07.174Z] LiveUpdateForge: AfterToolExec flush
[2026-08-01T13:51:07.175Z] LiveUpdateForge: AfterToolExec flush
[2026-08-01T13:51:07.231Z] LiveUpdateForge: AfterToolExec flush
[2026-08-01T13:51:07.233Z] LiveUpdateForge: AfterToolExec flush
[2026-08-01T13:51:07.256Z] InitialReadForge.onBeforeSend: SKIP (fr=true syn=false hasRead=true)
[2026-08-01T13:51:08.594Z] LiveUpdateForge: EndTurn fallback flush
[2026-08-01T13:51:08.594Z] onEndTurn: naturalStop=undefined toolCalls=38 nudgeMsg=no
[2026-08-01T13:51:08.595Z] LiveUpdateForge: EndTurn fallback flush
[2026-08-01T13:51:08.595Z] onEndTurn: naturalStop=false toolCalls=38 nudgeMsg=no
[2026-08-01T13:51:08.743Z] LiveUpdateForge: AfterToolExec flush
[2026-08-01T13:51:08.778Z] InitialReadForge.onBeforeSend: SKIP (fr=true syn=false hasRead=true)
[2026-08-01T13:51:11.319Z] LiveUpdateForge: EndTurn fallback flush
[2026-08-01T13:51:11.320Z] onEndTurn: naturalStop=undefined toolCalls=13 nudgeMsg=no
[2026-08-01T13:51:11.320Z] LiveUpdateForge: EndTurn fallback flush
[2026-08-01T13:51:11.320Z] onEndTurn: naturalStop=false toolCalls=13 nudgeMsg=no
[2026-08-01T13:51:11.631Z] LiveUpdateForge: AfterToolExec flush
[2026-08-01T13:51:11.632Z] LiveUpdateForge: AfterToolExec flush
[2026-08-01T13:51:11.638Z] LiveUpdateForge: AfterToolExec flush
[2026-08-01T13:51:11.684Z] LiveUpdateForge: AfterToolExec flush
[2026-08-01T13:51:11.685Z] LiveUpdateForge: AfterToolExec flush
[2026-08-01T13:51:11.688Z] LiveUpdateForge: AfterToolExec flush
[2026-08-01T13:51:11.706Z] LiveUpdateForge: AfterToolExec flush
[2026-08-01T13:51:11.714Z] LiveUpdateForge: AfterToolExec flush
[2026-08-01T13:51:11.717Z] LiveUpdateForge: AfterToolExec flush
[2026-08-01T13:51:11.742Z] InitialReadForge.onBeforeSend: SKIP (fr=true syn=false hasRead=true)
[2026-08-01T13:51:13.688Z] LiveUpdateForge: EndTurn fallback flush
[2026-08-01T13:51:13.689Z] onEndTurn: naturalStop=undefined toolCalls=39 nudgeMsg=no
[2026-08-01T13:51:13.689Z] LiveUpdateForge: EndTurn fallback flush
[2026-08-01T13:51:13.690Z] onEndTurn: naturalStop=false toolCalls=39 nudgeMsg=no
[2026-08-01T13:51:13.724Z] LiveUpdateForge: AfterToolExec flush
[2026-08-01T13:51:13.760Z] InitialReadForge.onBeforeSend: SKIP (fr=true syn=false hasRead=true)
[2026-08-01T13:51:15.845Z] LiveUpdateForge: EndTurn fallback flush
[2026-08-01T13:51:15.846Z] onEndTurn: naturalStop=undefined toolCalls=22 nudgeMsg=no
[2026-08-01T13:51:15.846Z] LiveUpdateForge: EndTurn fallback flush
[2026-08-01T13:51:15.846Z] onEndTurn: naturalStop=false toolCalls=22 nudgeMsg=no
[2026-08-01T13:51:16.004Z] LiveUpdateForge: EndTurn fallback flush
[2026-08-01T13:51:16.004Z] onEndTurn: naturalStop=undefined toolCalls=40 nudgeMsg=no
[2026-08-01T13:51:16.005Z] LiveUpdateForge: EndTurn fallback flush
[2026-08-01T13:51:16.005Z] onEndTurn: naturalStop=false toolCalls=40 nudgeMsg=no
[2026-08-01T13:51:16.115Z] LiveUpdateForge: AfterToolExec flush
[2026-08-01T13:51:16.143Z] LiveUpdateForge: AfterToolExec flush
[2026-08-01T13:51:16.144Z] LiveUpdateForge: AfterToolExec flush
[2026-08-01T13:51:16.154Z] LiveUpdateForge: AfterToolExec flush
[2026-08-01T13:51:16.179Z] InitialReadForge.onBeforeSend: SKIP (fr=true syn=false hasRead=true)
[2026-08-01T13:51:16.237Z] LiveUpdateForge: AfterToolExec flush
[2026-08-01T13:51:16.281Z] InitialReadForge.onBeforeSend: SKIP (fr=true syn=false hasRead=true)
[2026-08-01T13:51:18.689Z] LiveUpdateForge: EndTurn fallback flush
[2026-08-01T13:51:18.689Z] onEndTurn: naturalStop=undefined toolCalls=41 nudgeMsg=no
[2026-08-01T13:51:18.690Z] LiveUpdateForge: EndTurn fallback flush
[2026-08-01T13:51:18.690Z] onEndTurn: naturalStop=false toolCalls=41 nudgeMsg=no
[2026-08-01T13:51:18.839Z] LiveUpdateForge: AfterToolExec flush
[2026-08-01T13:51:18.866Z] InitialReadForge.onBeforeSend: SKIP (fr=true syn=false hasRead=true)
[2026-08-01T13:51:21.058Z] LiveUpdateForge: EndTurn fallback flush
[2026-08-01T13:51:21.058Z] onEndTurn: naturalStop=undefined toolCalls=42 nudgeMsg=no
[2026-08-01T13:51:21.059Z] LiveUpdateForge: EndTurn fallback flush
[2026-08-01T13:51:21.059Z] onEndTurn: naturalStop=false toolCalls=42 nudgeMsg=no
[2026-08-01T13:51:21.226Z] LiveUpdateForge: AfterToolExec flush
[2026-08-01T13:51:21.258Z] InitialReadForge.onBeforeSend: SKIP (fr=true syn=false hasRead=true)
[2026-08-01T13:51:26.202Z] LiveUpdateForge: EndTurn fallback flush
[2026-08-01T13:51:26.203Z] onEndTurn: naturalStop=undefined toolCalls=43 nudgeMsg=no
[2026-08-01T13:51:26.203Z] LiveUpdateForge: EndTurn fallback flush
[2026-08-01T13:51:26.203Z] onEndTurn: naturalStop=false toolCalls=43 nudgeMsg=no
[2026-08-01T13:51:26.382Z] LiveUpdateForge: AfterToolExec flush
[2026-08-01T13:51:26.420Z] InitialReadForge.onBeforeSend: SKIP (fr=true syn=false hasRead=true)
[2026-08-01T13:51:30.216Z] LiveUpdateForge: EndTurn fallback flush
[2026-08-01T13:51:30.217Z] onEndTurn: naturalStop=undefined toolCalls=44 nudgeMsg=no
[2026-08-01T13:51:30.217Z] LiveUpdateForge: EndTurn fallback flush
[2026-08-01T13:51:30.217Z] onEndTurn: naturalStop=false toolCalls=44 nudgeMsg=no
[2026-08-01T13:51:30.243Z] LiveUpdateForge: AfterToolExec flush
[2026-08-01T13:51:30.276Z] InitialReadForge.onBeforeSend: SKIP (fr=true syn=false hasRead=true)
[2026-08-01T13:51:32.268Z] LiveUpdateForge: EndTurn fallback flush
[2026-08-01T13:51:32.268Z] onEndTurn: naturalStop=undefined toolCalls=45 nudgeMsg=no
[2026-08-01T13:51:32.269Z] LiveUpdateForge: EndTurn fallback flush
[2026-08-01T13:51:32.269Z] onEndTurn: naturalStop=false toolCalls=45 nudgeMsg=no
[2026-08-01T13:51:32.313Z] LiveUpdateForge: AfterToolExec flush
[2026-08-01T13:51:32.342Z] InitialReadForge.onBeforeSend: SKIP (fr=true syn=false hasRead=true)
[2026-08-01T13:51:37.321Z] LiveUpdateForge: EndTurn fallback flush
[2026-08-01T13:51:37.322Z] onEndTurn: naturalStop=undefined toolCalls=46 nudgeMsg=no
[2026-08-01T13:51:37.322Z] LiveUpdateForge: EndTurn fallback flush
[2026-08-01T13:51:37.322Z] onEndTurn: naturalStop=false toolCalls=46 nudgeMsg=no
[2026-08-01T13:51:45.576Z] LiveUpdateForge: EndTurn fallback flush
[2026-08-01T13:51:45.577Z] onEndTurn: naturalStop=undefined toolCalls=26 nudgeMsg=no
[2026-08-01T13:51:45.577Z] LiveUpdateForge: EndTurn fallback flush
[2026-08-01T13:51:45.577Z] onEndTurn: naturalStop=false toolCalls=26 nudgeMsg=no
[2026-08-01T13:51:45.643Z] LiveUpdateForge: AfterToolExec flush
[2026-08-01T13:51:45.644Z] LiveUpdateForge: AfterToolExec flush
[2026-08-01T13:51:45.644Z] LiveUpdateForge: AfterToolExec flush
[2026-08-01T13:51:45.645Z] LiveUpdateForge: AfterToolExec flush
[2026-08-01T13:51:45.645Z] LiveUpdateForge: AfterToolExec flush
[2026-08-01T13:51:45.673Z] InitialReadForge.onBeforeSend: SKIP (fr=true syn=false hasRead=true)
[2026-08-01T13:51:53.378Z] LiveUpdateForge: EndTurn fallback flush
[2026-08-01T13:51:53.379Z] onEndTurn: naturalStop=undefined toolCalls=31 nudgeMsg=no
[2026-08-01T13:51:53.379Z] LiveUpdateForge: EndTurn fallback flush
[2026-08-01T13:51:53.379Z] onEndTurn: naturalStop=false toolCalls=31 nudgeMsg=no
[2026-08-01T13:51:53.383Z] LiveUpdateForge: AfterToolExec flush
[2026-08-01T13:51:53.410Z] InitialReadForge.onBeforeSend: SKIP (fr=true syn=false hasRead=true)
[2026-08-01T13:51:59.706Z] LiveUpdateForge: EndTurn fallback flush
[2026-08-01T13:51:59.706Z] onEndTurn: naturalStop=undefined toolCalls=32 nudgeMsg=no
[2026-08-01T13:51:59.706Z] LiveUpdateForge: EndTurn fallback flush
[2026-08-01T13:51:59.707Z] onEndTurn: naturalStop=false toolCalls=32 nudgeMsg=no
[2026-08-01T13:51:59.742Z] LiveUpdateForge: AfterToolExec flush
[2026-08-01T13:51:59.742Z] LiveUpdateForge: AfterToolExec flush
[2026-08-01T13:51:59.743Z] LiveUpdateForge: AfterToolExec flush
[2026-08-01T13:51:59.743Z] LiveUpdateForge: AfterToolExec flush
[2026-08-01T13:51:59.772Z] InitialReadForge.onBeforeSend: SKIP (fr=true syn=false hasRead=true)
[2026-08-01T13:52:10.620Z] LiveUpdateForge: AfterToolExec flush
[2026-08-01T13:52:10.652Z] InitialReadForge.onBeforeSend: SKIP (fr=true syn=false hasRead=true)
[2026-08-01T13:52:13.607Z] LiveUpdateForge: EndTurn fallback flush
[2026-08-01T13:52:13.607Z] onEndTurn: naturalStop=undefined toolCalls=47 nudgeMsg=no
[2026-08-01T13:52:13.607Z] LiveUpdateForge: EndTurn fallback flush
[2026-08-01T13:52:13.608Z] onEndTurn: naturalStop=false toolCalls=47 nudgeMsg=no
[2026-08-01T13:52:21.029Z] LiveUpdateForge: AfterToolExec flush
[2026-08-01T13:52:21.059Z] InitialReadForge.onBeforeSend: SKIP (fr=true syn=false hasRead=true)
[2026-08-01T13:52:26.549Z] LiveUpdateForge: EndTurn fallback flush
[2026-08-01T13:52:26.549Z] onEndTurn: naturalStop=undefined toolCalls=48 nudgeMsg=no
[2026-08-01T13:52:26.550Z] LiveUpdateForge: EndTurn fallback flush
[2026-08-01T13:52:26.550Z] onEndTurn: naturalStop=false toolCalls=48 nudgeMsg=no
[2026-08-01T13:52:26.559Z] LiveUpdateForge: AfterToolExec flush
[2026-08-01T13:52:26.595Z] InitialReadForge.onBeforeSend: SKIP (fr=true syn=false hasRead=true)
[2026-08-01T13:52:33.208Z] LiveUpdateForge: EndTurn fallback flush
[2026-08-01T13:52:33.208Z] onEndTurn: naturalStop=undefined toolCalls=49 nudgeMsg=no
[2026-08-01T13:52:33.209Z] LiveUpdateForge: EndTurn fallback flush
[2026-08-01T13:52:33.209Z] onEndTurn: naturalStop=false toolCalls=49 nudgeMsg=no
[2026-08-01T13:52:33.262Z] LiveUpdateForge: AfterToolExec flush
[2026-08-01T13:52:33.292Z] InitialReadForge.onBeforeSend: SKIP (fr=true syn=false hasRead=true)
[2026-08-01T13:52:34.251Z] LiveUpdateForge: EndTurn fallback flush
[2026-08-01T13:52:34.251Z] onEndTurn: naturalStop=undefined toolCalls=36 nudgeMsg=no
[2026-08-01T13:52:34.252Z] LiveUpdateForge: EndTurn fallback flush
[2026-08-01T13:52:34.252Z] onEndTurn: naturalStop=false toolCalls=36 nudgeMsg=no
[2026-08-01T13:52:34.313Z] LiveUpdateForge: AfterToolExec flush
[2026-08-01T13:52:34.314Z] LiveUpdateForge: AfterToolExec flush
[2026-08-01T13:52:34.314Z] LiveUpdateForge: AfterToolExec flush
[2026-08-01T13:52:34.315Z] LiveUpdateForge: AfterToolExec flush
[2026-08-01T13:52:34.351Z] InitialReadForge.onBeforeSend: SKIP (fr=true syn=false hasRead=true)
[2026-08-01T13:52:36.997Z] LiveUpdateForge: EndTurn fallback flush
[2026-08-01T13:52:36.998Z] onEndTurn: naturalStop=undefined toolCalls=50 nudgeMsg=no
[2026-08-01T13:52:36.998Z] LiveUpdateForge: EndTurn fallback flush
[2026-08-01T13:52:36.998Z] onEndTurn: naturalStop=false toolCalls=50 nudgeMsg=no
[2026-08-01T13:52:41.225Z] LiveUpdateForge: EndTurn fallback flush
[2026-08-01T13:52:41.226Z] onEndTurn: naturalStop=undefined toolCalls=40 nudgeMsg=no
[2026-08-01T13:52:41.226Z] LiveUpdateForge: EndTurn fallback flush
[2026-08-01T13:52:41.226Z] onEndTurn: naturalStop=false toolCalls=40 nudgeMsg=no
[2026-08-01T13:52:41.229Z] LiveUpdateForge: AfterToolExec flush
[2026-08-01T13:52:41.259Z] InitialReadForge.onBeforeSend: SKIP (fr=true syn=false hasRead=true)
[2026-08-01T13:52:46.020Z] LiveUpdateForge: EndTurn fallback flush
[2026-08-01T13:52:46.020Z] onEndTurn: naturalStop=undefined toolCalls=41 nudgeMsg=no
[2026-08-01T13:52:46.021Z] LiveUpdateForge: EndTurn fallback flush
[2026-08-01T13:52:46.021Z] onEndTurn: naturalStop=false toolCalls=41 nudgeMsg=no
[2026-08-01T13:52:46.023Z] LiveUpdateForge: AfterToolExec flush
[2026-08-01T13:52:46.050Z] InitialReadForge.onBeforeSend: SKIP (fr=true syn=false hasRead=true)
[2026-08-01T13:52:46.268Z] LiveUpdateForge: AfterToolExec flush
[2026-08-01T13:52:46.298Z] InitialReadForge.onBeforeSend: SKIP (fr=true syn=false hasRead=true)
[2026-08-01T13:52:50.000Z] LiveUpdateForge: EndTurn fallback flush
[2026-08-01T13:52:50.000Z] onEndTurn: naturalStop=undefined toolCalls=51 nudgeMsg=no
[2026-08-01T13:52:50.000Z] LiveUpdateForge: EndTurn fallback flush
[2026-08-01T13:52:50.001Z] onEndTurn: naturalStop=true toolCalls=0 nudgeMsg=YES
[2026-08-01T13:52:50.003Z] InitialReadForge.onBeforeSend: SKIP (fr=false syn=false hasRead=true)
[2026-08-01T13:52:50.670Z] LiveUpdateForge: EndTurn fallback flush
[2026-08-01T13:52:50.670Z] onEndTurn: naturalStop=undefined toolCalls=42 nudgeMsg=no
[2026-08-01T13:52:50.671Z] LiveUpdateForge: EndTurn fallback flush
[2026-08-01T13:52:50.671Z] onEndTurn: naturalStop=false toolCalls=42 nudgeMsg=no
[2026-08-01T13:52:50.673Z] LiveUpdateForge: AfterToolExec flush
[2026-08-01T13:52:50.700Z] InitialReadForge.onBeforeSend: SKIP (fr=true syn=false hasRead=true)
[2026-08-01T13:52:54.255Z] LiveUpdateForge: EndTurn fallback flush
[2026-08-01T13:52:54.256Z] onEndTurn: naturalStop=undefined toolCalls=0 nudgeMsg=no
[2026-08-01T13:52:54.256Z] LiveUpdateForge: EndTurn fallback flush
[2026-08-01T13:52:54.256Z] onEndTurn: naturalStop=false toolCalls=0 nudgeMsg=no
[2026-08-01T13:52:54.274Z] LiveUpdateForge: self-write on D:\unity\mowang\CODELY.md, baseline aligned
[2026-08-01T13:52:54.275Z] LiveUpdateForge: AfterToolExec flush
[2026-08-01T13:52:54.308Z] InitialReadForge.onBeforeSend: SKIP (fr=true syn=false hasRead=true)
[2026-08-01T13:52:54.415Z] LiveUpdateForge: EndTurn fallback flush
[2026-08-01T13:52:54.415Z] onEndTurn: naturalStop=undefined toolCalls=43 nudgeMsg=no
[2026-08-01T13:52:54.416Z] LiveUpdateForge: EndTurn fallback flush
[2026-08-01T13:52:54.416Z] onEndTurn: naturalStop=false toolCalls=43 nudgeMsg=no
[2026-08-01T13:52:54.419Z] LiveUpdateForge: AfterToolExec flush
[2026-08-01T13:52:54.447Z] InitialReadForge.onBeforeSend: SKIP (fr=true syn=false hasRead=true)
[2026-08-01T13:52:54.816Z] LiveUpdateForge: pending external change on D:\unity\mowang\CODELY.md
[2026-08-01T13:52:57.403Z] LiveUpdateForge: EndTurn fallback flush
[2026-08-01T13:52:57.403Z] onEndTurn: naturalStop=undefined toolCalls=0 nudgeMsg=no
[2026-08-01T13:52:57.403Z] LiveUpdateForge: EndTurn fallback flush
[2026-08-01T13:52:57.404Z] onEndTurn: naturalStop=false toolCalls=0 nudgeMsg=no
[2026-08-01T13:52:57.413Z] LiveUpdateForge: self-write on D:\unity\mowang\CODELY.md, baseline aligned
[2026-08-01T13:52:57.414Z] LiveUpdateForge: AfterToolExec flush
[2026-08-01T13:52:57.450Z] InitialReadForge.onBeforeSend: SKIP (fr=true syn=false hasRead=true)
[2026-08-01T13:52:57.919Z] LiveUpdateForge: pending external change on D:\unity\mowang\CODELY.md
[2026-08-01T13:52:58.210Z] LiveUpdateForge: EndTurn fallback flush
[2026-08-01T13:52:58.211Z] LiveUpdateForge: enqueuing 1 diff notification(s)
[2026-08-01T13:52:58.211Z] onEndTurn: naturalStop=undefined toolCalls=44 nudgeMsg=no
[2026-08-01T13:52:58.212Z] LiveUpdateForge: EndTurn fallback flush
[2026-08-01T13:52:58.212Z] onEndTurn: naturalStop=false toolCalls=44 nudgeMsg=no
[2026-08-01T13:52:58.214Z] LiveUpdateForge: AfterToolExec flush
[2026-08-01T13:52:58.242Z] InitialReadForge.onBeforeSend: SKIP (fr=true syn=false hasRead=true)
[2026-08-01T13:53:00.859Z] LiveUpdateForge: EndTurn fallback flush
[2026-08-01T13:53:00.860Z] onEndTurn: naturalStop=undefined toolCalls=0 nudgeMsg=no
[2026-08-01T13:53:00.860Z] LiveUpdateForge: EndTurn fallback flush
[2026-08-01T13:53:00.860Z] onEndTurn: naturalStop=false toolCalls=0 nudgeMsg=no
[2026-08-01T13:53:00.949Z] LiveUpdateForge: AfterToolExec flush
[2026-08-01T13:53:00.977Z] InitialReadForge.onBeforeSend: SKIP (fr=true syn=false hasRead=true)
[2026-08-01T13:53:03.795Z] LiveUpdateForge: EndTurn fallback flush
[2026-08-01T13:53:03.796Z] onEndTurn: naturalStop=undefined toolCalls=1 nudgeMsg=no
[2026-08-01T13:53:03.796Z] LiveUpdateForge: EndTurn fallback flush
[2026-08-01T13:53:03.796Z] onEndTurn: naturalStop=true toolCalls=1 nudgeMsg=no
[2026-08-01T13:53:11.458Z] LiveUpdateForge: EndTurn fallback flush
[2026-08-01T13:53:11.458Z] onEndTurn: naturalStop=undefined toolCalls=45 nudgeMsg=no
[2026-08-01T13:53:11.458Z] LiveUpdateForge: EndTurn fallback flush
[2026-08-01T13:53:11.459Z] onEndTurn: naturalStop=false toolCalls=45 nudgeMsg=no
[2026-08-01T13:53:11.462Z] LiveUpdateForge: AfterToolExec flush
[2026-08-01T13:53:11.492Z] InitialReadForge.onBeforeSend: SKIP (fr=true syn=false hasRead=true)
[2026-08-01T13:53:12.947Z] LiveUpdateForge: EndTurn fallback flush
[2026-08-01T13:53:12.947Z] onEndTurn: naturalStop=undefined toolCalls=46 nudgeMsg=no
[2026-08-01T13:53:12.948Z] LiveUpdateForge: EndTurn fallback flush
[2026-08-01T13:53:12.948Z] onEndTurn: naturalStop=true toolCalls=46 nudgeMsg=no
[2026-08-01T13:53:44.851Z] InitialReadForge.onBeforeSend: SKIP (fr=false syn=false hasRead=true)
[2026-08-01T13:53:48.900Z] LiveUpdateForge: EndTurn fallback flush
[2026-08-01T13:53:48.900Z] onEndTurn: naturalStop=undefined toolCalls=46 nudgeMsg=no
[2026-08-01T13:53:48.901Z] LiveUpdateForge: EndTurn fallback flush
[2026-08-01T13:53:48.901Z] onEndTurn: naturalStop=false toolCalls=46 nudgeMsg=no
[2026-08-01T13:53:48.910Z] LiveUpdateForge: AfterToolExec flush
[2026-08-01T13:53:48.948Z] InitialReadForge.onBeforeSend: SKIP (fr=true syn=false hasRead=true)
[2026-08-01T13:53:50.844Z] LiveUpdateForge: EndTurn fallback flush
[2026-08-01T13:53:50.845Z] onEndTurn: naturalStop=undefined toolCalls=47 nudgeMsg=no
[2026-08-01T13:53:50.845Z] LiveUpdateForge: EndTurn fallback flush
[2026-08-01T13:53:50.845Z] onEndTurn: naturalStop=true toolCalls=47 nudgeMsg=no
[2026-08-01T13:53:56.621Z] InitialReadForge.onBeforeSend: SKIP (fr=false syn=false hasRead=true)
[2026-08-01T13:54:00.356Z] LiveUpdateForge: EndTurn fallback flush
[2026-08-01T13:54:00.356Z] onEndTurn: naturalStop=undefined toolCalls=47 nudgeMsg=no
[2026-08-01T13:54:00.357Z] LiveUpdateForge: EndTurn fallback flush
[2026-08-01T13:54:00.357Z] onEndTurn: naturalStop=false toolCalls=47 nudgeMsg=no
[2026-08-01T13:54:00.365Z] LiveUpdateForge: AfterToolExec flush
[2026-08-01T13:54:00.394Z] InitialReadForge.onBeforeSend: SKIP (fr=true syn=false hasRead=true)
[2026-08-01T13:54:02.717Z] LiveUpdateForge: EndTurn fallback flush
[2026-08-01T13:54:02.717Z] onEndTurn: naturalStop=undefined toolCalls=48 nudgeMsg=no
[2026-08-01T13:54:02.717Z] LiveUpdateForge: EndTurn fallback flush
[2026-08-01T13:54:02.717Z] onEndTurn: naturalStop=true toolCalls=48 nudgeMsg=no
[2026-08-01T13:54:44.087Z] InitialReadForge.onBeforeSend: SKIP (fr=false syn=false hasRead=true)
[2026-08-01T13:54:45.822Z] LiveUpdateForge: EndTurn fallback flush
[2026-08-01T13:54:45.823Z] onEndTurn: naturalStop=undefined toolCalls=48 nudgeMsg=no
[2026-08-01T13:54:45.823Z] LiveUpdateForge: EndTurn fallback flush
[2026-08-01T13:54:45.823Z] onEndTurn: naturalStop=false toolCalls=48 nudgeMsg=no
[2026-08-01T13:54:45.830Z] LiveUpdateForge: AfterToolExec flush
[2026-08-01T13:54:45.858Z] InitialReadForge.onBeforeSend: SKIP (fr=true syn=false hasRead=true)
[2026-08-01T13:54:48.078Z] LiveUpdateForge: EndTurn fallback flush
[2026-08-01T13:54:48.079Z] onEndTurn: naturalStop=undefined toolCalls=49 nudgeMsg=no
[2026-08-01T13:54:48.079Z] LiveUpdateForge: EndTurn fallback flush
[2026-08-01T13:54:48.079Z] onEndTurn: naturalStop=true toolCalls=49 nudgeMsg=no
[2026-08-01T13:55:49.133Z] InitialReadForge.onBeforeSend: SKIP (fr=false syn=false hasRead=true)
[2026-08-01T13:55:52.812Z] LiveUpdateForge: EndTurn fallback flush
[2026-08-01T13:55:52.822Z] onEndTurn: naturalStop=undefined toolCalls=49 nudgeMsg=no
[2026-08-01T13:55:52.823Z] LiveUpdateForge: EndTurn fallback flush
[2026-08-01T13:55:52.823Z] onEndTurn: naturalStop=false toolCalls=49 nudgeMsg=no
[2026-08-01T13:55:52.834Z] LiveUpdateForge: AfterToolExec flush
[2026-08-01T13:55:52.835Z] LiveUpdateForge: AfterToolExec flush
[2026-08-01T13:55:52.867Z] InitialReadForge.onBeforeSend: SKIP (fr=true syn=false hasRead=true)
[2026-08-01T13:55:54.924Z] LiveUpdateForge: EndTurn fallback flush
[2026-08-01T13:55:54.925Z] onEndTurn: naturalStop=undefined toolCalls=51 nudgeMsg=no
[2026-08-01T13:55:54.925Z] LiveUpdateForge: EndTurn fallback flush
[2026-08-01T13:55:54.925Z] onEndTurn: naturalStop=false toolCalls=51 nudgeMsg=no
[2026-08-01T13:55:55.220Z] LiveUpdateForge: AfterToolExec flush
[2026-08-01T13:55:55.228Z] LiveUpdateForge: AfterToolExec flush
[2026-08-01T13:55:55.260Z] InitialReadForge.onBeforeSend: SKIP (fr=true syn=false hasRead=true)
[2026-08-01T13:55:58.299Z] LiveUpdateForge: EndTurn fallback flush
[2026-08-01T13:55:58.299Z] onEndTurn: naturalStop=undefined toolCalls=53 nudgeMsg=no
[2026-08-01T13:55:58.300Z] LiveUpdateForge: EndTurn fallback flush
[2026-08-01T13:55:58.300Z] onEndTurn: naturalStop=false toolCalls=53 nudgeMsg=no
[2026-08-01T13:55:58.435Z] LiveUpdateForge: AfterToolExec flush
[2026-08-01T13:55:58.440Z] LiveUpdateForge: AfterToolExec flush
[2026-08-01T13:55:58.469Z] InitialReadForge.onBeforeSend: SKIP (fr=true syn=false hasRead=true)
[2026-08-01T13:56:04.384Z] LiveUpdateForge: EndTurn fallback flush
[2026-08-01T13:56:04.384Z] onEndTurn: naturalStop=undefined toolCalls=55 nudgeMsg=no
[2026-08-01T13:56:04.384Z] LiveUpdateForge: EndTurn fallback flush
[2026-08-01T13:56:04.385Z] onEndTurn: naturalStop=false toolCalls=55 nudgeMsg=no
[2026-08-01T13:56:04.398Z] LiveUpdateForge: AfterToolExec flush
[2026-08-01T13:56:04.428Z] InitialReadForge.onBeforeSend: SKIP (fr=true syn=false hasRead=true)
[2026-08-01T13:56:07.774Z] LiveUpdateForge: EndTurn fallback flush
[2026-08-01T13:56:07.774Z] onEndTurn: naturalStop=undefined toolCalls=56 nudgeMsg=no
[2026-08-01T13:56:07.774Z] LiveUpdateForge: EndTurn fallback flush
[2026-08-01T13:56:07.775Z] onEndTurn: naturalStop=false toolCalls=56 nudgeMsg=no
[2026-08-01T13:56:07.783Z] LiveUpdateForge: AfterToolExec flush
[2026-08-01T13:56:07.811Z] InitialReadForge.onBeforeSend: SKIP (fr=true syn=false hasRead=true)
[2026-08-01T13:56:16.824Z] LiveUpdateForge: EndTurn fallback flush
[2026-08-01T13:56:16.824Z] onEndTurn: naturalStop=undefined toolCalls=57 nudgeMsg=no
[2026-08-01T13:56:16.824Z] LiveUpdateForge: EndTurn fallback flush
[2026-08-01T13:56:16.825Z] onEndTurn: naturalStop=false toolCalls=57 nudgeMsg=no
[2026-08-01T13:56:16.880Z] LiveUpdateForge: AfterToolExec flush
[2026-08-01T13:56:16.909Z] InitialReadForge.onBeforeSend: SKIP (fr=true syn=false hasRead=true)
[2026-08-01T13:56:18.860Z] LiveUpdateForge: EndTurn fallback flush
[2026-08-01T13:56:18.860Z] onEndTurn: naturalStop=undefined toolCalls=58 nudgeMsg=no
[2026-08-01T13:56:18.860Z] LiveUpdateForge: EndTurn fallback flush
[2026-08-01T13:56:18.860Z] onEndTurn: naturalStop=false toolCalls=58 nudgeMsg=no
[2026-08-01T13:56:18.876Z] LiveUpdateForge: AfterToolExec flush
[2026-08-01T13:56:18.907Z] InitialReadForge.onBeforeSend: SKIP (fr=true syn=false hasRead=true)
[2026-08-01T13:56:20.489Z] LiveUpdateForge: EndTurn fallback flush
[2026-08-01T13:56:20.490Z] onEndTurn: naturalStop=undefined toolCalls=59 nudgeMsg=no
[2026-08-01T13:56:20.490Z] LiveUpdateForge: EndTurn fallback flush
[2026-08-01T13:56:20.490Z] onEndTurn: naturalStop=false toolCalls=59 nudgeMsg=no
[2026-08-01T13:56:20.505Z] LiveUpdateForge: AfterToolExec flush
[2026-08-01T13:56:20.535Z] InitialReadForge.onBeforeSend: SKIP (fr=true syn=false hasRead=true)
[2026-08-01T13:56:22.670Z] LiveUpdateForge: EndTurn fallback flush
[2026-08-01T13:56:22.671Z] onEndTurn: naturalStop=undefined toolCalls=60 nudgeMsg=no
[2026-08-01T13:56:22.671Z] LiveUpdateForge: EndTurn fallback flush
[2026-08-01T13:56:22.671Z] onEndTurn: naturalStop=false toolCalls=60 nudgeMsg=no
[2026-08-01T13:56:22.686Z] LiveUpdateForge: AfterToolExec flush
[2026-08-01T13:56:22.718Z] InitialReadForge.onBeforeSend: SKIP (fr=true syn=false hasRead=true)
[2026-08-01T13:56:24.464Z] LiveUpdateForge: EndTurn fallback flush
[2026-08-01T13:56:24.465Z] onEndTurn: naturalStop=undefined toolCalls=61 nudgeMsg=no
[2026-08-01T13:56:24.465Z] LiveUpdateForge: EndTurn fallback flush
[2026-08-01T13:56:24.465Z] onEndTurn: naturalStop=false toolCalls=61 nudgeMsg=no
[2026-08-01T13:56:24.756Z] LiveUpdateForge: AfterToolExec flush
[2026-08-01T13:56:24.812Z] InitialReadForge.onBeforeSend: SKIP (fr=true syn=false hasRead=true)
[2026-08-01T13:56:26.367Z] LiveUpdateForge: EndTurn fallback flush
[2026-08-01T13:56:26.367Z] onEndTurn: naturalStop=undefined toolCalls=62 nudgeMsg=no
[2026-08-01T13:56:26.367Z] LiveUpdateForge: EndTurn fallback flush
[2026-08-01T13:56:26.367Z] onEndTurn: naturalStop=false toolCalls=62 nudgeMsg=no
[2026-08-01T13:56:26.401Z] LiveUpdateForge: AfterToolExec flush
[2026-08-01T13:56:26.430Z] InitialReadForge.onBeforeSend: SKIP (fr=true syn=false hasRead=true)
[2026-08-01T13:56:27.727Z] LiveUpdateForge: EndTurn fallback flush
[2026-08-01T13:56:27.727Z] onEndTurn: naturalStop=undefined toolCalls=63 nudgeMsg=no
[2026-08-01T13:56:27.727Z] LiveUpdateForge: EndTurn fallback flush
[2026-08-01T13:56:27.727Z] onEndTurn: naturalStop=false toolCalls=63 nudgeMsg=no
[2026-08-01T13:56:37.857Z] LiveUpdateForge: AfterToolExec flush
[2026-08-01T13:56:37.891Z] InitialReadForge.onBeforeSend: SKIP (fr=true syn=false hasRead=true)
[2026-08-01T13:56:40.618Z] LiveUpdateForge: EndTurn fallback flush
[2026-08-01T13:56:40.618Z] onEndTurn: naturalStop=undefined toolCalls=64 nudgeMsg=no
[2026-08-01T13:56:40.619Z] LiveUpdateForge: EndTurn fallback flush
[2026-08-01T13:56:40.619Z] onEndTurn: naturalStop=false toolCalls=64 nudgeMsg=no
[2026-08-01T13:56:40.663Z] InitialReadForge.onBeforeSend: SKIP (fr=true syn=false hasRead=true)
[2026-08-01T13:56:42.445Z] LiveUpdateForge: EndTurn fallback flush
[2026-08-01T13:56:42.446Z] onEndTurn: naturalStop=undefined toolCalls=64 nudgeMsg=no
[2026-08-01T13:56:42.446Z] LiveUpdateForge: EndTurn fallback flush
[2026-08-01T13:56:42.446Z] onEndTurn: naturalStop=false toolCalls=64 nudgeMsg=no
[2026-08-01T13:56:42.643Z] LiveUpdateForge: AfterToolExec flush
[2026-08-01T13:56:42.673Z] InitialReadForge.onBeforeSend: SKIP (fr=true syn=false hasRead=true)
[2026-08-01T13:56:43.886Z] LiveUpdateForge: EndTurn fallback flush
[2026-08-01T13:56:43.886Z] onEndTurn: naturalStop=undefined toolCalls=65 nudgeMsg=no
[2026-08-01T13:56:43.887Z] LiveUpdateForge: EndTurn fallback flush
[2026-08-01T13:56:43.887Z] onEndTurn: naturalStop=false toolCalls=65 nudgeMsg=no
[2026-08-01T13:56:43.944Z] LiveUpdateForge: AfterToolExec flush
[2026-08-01T13:56:43.973Z] InitialReadForge.onBeforeSend: SKIP (fr=true syn=false hasRead=true)
[2026-08-01T13:56:47.883Z] LiveUpdateForge: EndTurn fallback flush
[2026-08-01T13:56:47.883Z] onEndTurn: naturalStop=undefined toolCalls=66 nudgeMsg=no
[2026-08-01T13:56:47.883Z] LiveUpdateForge: EndTurn fallback flush
[2026-08-01T13:56:47.883Z] onEndTurn: naturalStop=false toolCalls=66 nudgeMsg=no
[2026-08-01T13:56:47.886Z] LiveUpdateForge: AfterToolExec flush
[2026-08-01T13:56:47.916Z] InitialReadForge.onBeforeSend: SKIP (fr=true syn=false hasRead=true)
[2026-08-01T13:56:57.551Z] LiveUpdateForge: EndTurn fallback flush
[2026-08-01T13:56:57.551Z] onEndTurn: naturalStop=undefined toolCalls=67 nudgeMsg=no
[2026-08-01T13:56:57.552Z] LiveUpdateForge: EndTurn fallback flush
[2026-08-01T13:56:57.552Z] onEndTurn: naturalStop=true toolCalls=0 nudgeMsg=YES
[2026-08-01T13:56:57.555Z] InitialReadForge.onBeforeSend: SKIP (fr=false syn=false hasRead=true)
[2026-08-01T13:57:01.589Z] LiveUpdateForge: EndTurn fallback flush
[2026-08-01T13:57:01.589Z] onEndTurn: naturalStop=undefined toolCalls=0 nudgeMsg=no
[2026-08-01T13:57:01.589Z] LiveUpdateForge: EndTurn fallback flush
[2026-08-01T13:57:01.590Z] onEndTurn: naturalStop=false toolCalls=0 nudgeMsg=no
[2026-08-01T13:57:01.604Z] LiveUpdateForge: self-write on D:\unity\mowang\CODELY.md, baseline aligned
[2026-08-01T13:57:01.605Z] LiveUpdateForge: AfterToolExec flush
[2026-08-01T13:57:01.638Z] InitialReadForge.onBeforeSend: SKIP (fr=true syn=false hasRead=true)
[2026-08-01T13:57:02.122Z] LiveUpdateForge: pending external change on D:\unity\mowang\CODELY.md
[2026-08-01T13:57:04.262Z] LiveUpdateForge: EndTurn fallback flush
[2026-08-01T13:57:04.263Z] onEndTurn: naturalStop=undefined toolCalls=0 nudgeMsg=no
[2026-08-01T13:57:04.263Z] LiveUpdateForge: EndTurn fallback flush
[2026-08-01T13:57:04.263Z] onEndTurn: naturalStop=true toolCalls=0 nudgeMsg=no
[2026-08-01T14:04:29.492Z] MemoryForge: attached 5 listener(s)
[2026-08-01T14:04:29.492Z] InitialReadForge: armed one-shot BeforeSend after NewSessionStart
[2026-08-01T14:04:29.493Z] LiveUpdateForge: session reset, allowLiveUpdate = false
[2026-08-01T14:04:29.800Z] LiveUpdateForge: session reset, allowLiveUpdate = false
[2026-08-01T14:04:29.823Z] ResumeDiffForge: running checkResumeConsistency
[2026-08-01T14:04:29.824Z] checkResumeConsistency: forgedTimestamps=[]
[2026-08-01T14:04:29.831Z] checkResumeConsistency: no changes detected
[2026-08-01T14:04:29.832Z] LiveUpdateForge: session reset, allowLiveUpdate = false
[2026-08-01T14:04:29.832Z] NudgeForge: ResumeComplete — restoring count from history
[2026-08-01T14:04:29.832Z] restoreNudgeCountFromHistory: found last write at idx=241 count=1
[2026-08-01T14:04:30.229Z] ResumeDiffForge: running checkResumeConsistency
[2026-08-01T14:04:30.229Z] checkResumeConsistency: forgedTimestamps=[]
[2026-08-01T14:04:30.237Z] checkResumeConsistency: no changes detected
[2026-08-01T14:04:30.237Z] LiveUpdateForge: session reset, allowLiveUpdate = false
[2026-08-01T14:04:30.238Z] NudgeForge: ResumeComplete — restoring count from history
[2026-08-01T14:04:30.238Z] restoreNudgeCountFromHistory: found last write at idx=241 count=1
[2026-08-01T14:04:30.339Z] ResumeDiffForge: running checkResumeConsistency
[2026-08-01T14:04:30.339Z] checkResumeConsistency: forgedTimestamps=[]
[2026-08-01T14:04:30.347Z] checkResumeConsistency: no changes detected
[2026-08-01T14:04:30.347Z] LiveUpdateForge: session reset, allowLiveUpdate = false
[2026-08-01T14:04:30.347Z] NudgeForge: ResumeComplete — restoring count from history
[2026-08-01T14:04:30.348Z] restoreNudgeCountFromHistory: found last write at idx=241 count=1
[2026-08-01T14:04:30.637Z] MemoryForge: attached 5 listener(s)
[2026-08-01T14:04:30.637Z] InitialReadForge: armed one-shot BeforeSend after NewSessionStart
[2026-08-01T14:04:30.637Z] LiveUpdateForge: session reset, allowLiveUpdate = false
[2026-08-01T14:04:30.644Z] MemoryForge: detached all listeners
[2026-08-01T14:04:30.644Z] ResumeDiffForge: running checkResumeConsistency
[2026-08-01T14:04:30.644Z] checkResumeConsistency: forgedTimestamps=[]
[2026-08-01T14:04:30.676Z] checkResumeConsistency: no changes detected
[2026-08-01T14:04:30.677Z] LiveUpdateForge: session reset, allowLiveUpdate = false
[2026-08-01T14:04:30.677Z] NudgeForge: ResumeComplete — restoring count from history
[2026-08-01T14:04:30.677Z] restoreNudgeCountFromHistory: found last write at idx=241 count=1
[2026-08-01T14:04:30.702Z] LiveUpdateForge: allowLiveUpdate = true (first real BeforeSend)
[2026-08-01T14:04:30.702Z] InitialReadForge.onBeforeSend: SKIP (fr=false syn=false hasRead=true)
[2026-08-01T14:04:40.639Z] LiveUpdateForge: EndTurn fallback flush
[2026-08-01T14:04:40.639Z] onEndTurn: naturalStop=undefined toolCalls=1 nudgeMsg=no
[2026-08-01T14:04:40.639Z] LiveUpdateForge: EndTurn fallback flush
[2026-08-01T14:04:40.640Z] onEndTurn: naturalStop=false toolCalls=1 nudgeMsg=no
[2026-08-01T14:04:40.701Z] LiveUpdateForge: AfterToolExec flush
[2026-08-01T14:04:40.732Z] InitialReadForge.onBeforeSend: SKIP (fr=true syn=false hasRead=true)
[2026-08-01T14:04:42.629Z] LiveUpdateForge: EndTurn fallback flush
[2026-08-01T14:04:42.630Z] onEndTurn: naturalStop=undefined toolCalls=2 nudgeMsg=no
[2026-08-01T14:04:42.630Z] LiveUpdateForge: EndTurn fallback flush
[2026-08-01T14:04:42.630Z] onEndTurn: naturalStop=false toolCalls=2 nudgeMsg=no
[2026-08-01T14:04:42.639Z] LiveUpdateForge: AfterToolExec flush
[2026-08-01T14:04:42.671Z] InitialReadForge.onBeforeSend: SKIP (fr=true syn=false hasRead=true)
[2026-08-01T14:04:48.400Z] LiveUpdateForge: EndTurn fallback flush
[2026-08-01T14:04:48.400Z] onEndTurn: naturalStop=undefined toolCalls=3 nudgeMsg=no
[2026-08-01T14:04:48.400Z] LiveUpdateForge: EndTurn fallback flush
[2026-08-01T14:04:48.401Z] onEndTurn: naturalStop=false toolCalls=3 nudgeMsg=no
[2026-08-01T14:04:48.483Z] LiveUpdateForge: AfterToolExec flush
[2026-08-01T14:04:48.512Z] InitialReadForge.onBeforeSend: SKIP (fr=true syn=false hasRead=true)
[2026-08-01T14:04:54.246Z] LiveUpdateForge: EndTurn fallback flush
[2026-08-01T14:04:54.246Z] onEndTurn: naturalStop=undefined toolCalls=4 nudgeMsg=no
[2026-08-01T14:04:54.247Z] LiveUpdateForge: EndTurn fallback flush
[2026-08-01T14:04:54.247Z] onEndTurn: naturalStop=false toolCalls=4 nudgeMsg=no
[2026-08-01T14:04:54.265Z] LiveUpdateForge: AfterToolExec flush
[2026-08-01T14:04:54.292Z] InitialReadForge.onBeforeSend: SKIP (fr=true syn=false hasRead=true)
[2026-08-01T14:05:01.132Z] LiveUpdateForge: EndTurn fallback flush
[2026-08-01T14:05:01.132Z] onEndTurn: naturalStop=undefined toolCalls=5 nudgeMsg=no
[2026-08-01T14:05:01.132Z] LiveUpdateForge: EndTurn fallback flush
[2026-08-01T14:05:01.133Z] onEndTurn: naturalStop=false toolCalls=5 nudgeMsg=no
[2026-08-01T14:05:01.153Z] LiveUpdateForge: AfterToolExec flush
[2026-08-01T14:05:01.186Z] InitialReadForge.onBeforeSend: SKIP (fr=true syn=false hasRead=true)
[2026-08-01T14:05:03.552Z] LiveUpdateForge: EndTurn fallback flush
[2026-08-01T14:05:03.553Z] onEndTurn: naturalStop=undefined toolCalls=6 nudgeMsg=no
[2026-08-01T14:05:03.553Z] LiveUpdateForge: EndTurn fallback flush
[2026-08-01T14:05:03.553Z] onEndTurn: naturalStop=false toolCalls=6 nudgeMsg=no
[2026-08-01T14:05:03.566Z] LiveUpdateForge: AfterToolExec flush
[2026-08-01T14:05:03.598Z] InitialReadForge.onBeforeSend: SKIP (fr=true syn=false hasRead=true)
[2026-08-01T14:05:05.173Z] LiveUpdateForge: EndTurn fallback flush
[2026-08-01T14:05:05.173Z] onEndTurn: naturalStop=undefined toolCalls=7 nudgeMsg=no
[2026-08-01T14:05:05.173Z] LiveUpdateForge: EndTurn fallback flush
[2026-08-01T14:05:05.173Z] onEndTurn: naturalStop=false toolCalls=7 nudgeMsg=no
[2026-08-01T14:05:05.753Z] LiveUpdateForge: AfterToolExec flush
[2026-08-01T14:05:05.781Z] InitialReadForge.onBeforeSend: SKIP (fr=true syn=false hasRead=true)
[2026-08-01T14:05:08.356Z] LiveUpdateForge: EndTurn fallback flush
[2026-08-01T14:05:08.357Z] onEndTurn: naturalStop=undefined toolCalls=8 nudgeMsg=no
[2026-08-01T14:05:08.357Z] LiveUpdateForge: EndTurn fallback flush
[2026-08-01T14:05:08.357Z] onEndTurn: naturalStop=false toolCalls=8 nudgeMsg=no
[2026-08-01T14:05:17.016Z] LiveUpdateForge: AfterToolExec flush
[2026-08-01T14:05:17.049Z] InitialReadForge.onBeforeSend: SKIP (fr=true syn=false hasRead=true)
[2026-08-01T14:05:33.908Z] LiveUpdateForge: EndTurn fallback flush
[2026-08-01T14:05:33.908Z] onEndTurn: naturalStop=undefined toolCalls=9 nudgeMsg=no
[2026-08-01T14:05:33.909Z] LiveUpdateForge: EndTurn fallback flush
[2026-08-01T14:05:33.909Z] onEndTurn: naturalStop=true toolCalls=9 nudgeMsg=no
[2026-08-01T14:05:47.250Z] MemoryForge: attached 5 listener(s)
[2026-08-01T14:05:47.250Z] InitialReadForge: armed one-shot BeforeSend after NewSessionStart
[2026-08-01T14:05:47.250Z] LiveUpdateForge: session reset, allowLiveUpdate = false
[2026-08-01T14:05:47.374Z] LiveUpdateForge: session reset, allowLiveUpdate = false
[2026-08-01T14:05:47.386Z] ResumeDiffForge: running checkResumeConsistency
[2026-08-01T14:05:47.388Z] checkResumeConsistency: forgedTimestamps=[]
[2026-08-01T14:05:47.395Z] checkResumeConsistency: no changes detected
[2026-08-01T14:05:47.396Z] LiveUpdateForge: session reset, allowLiveUpdate = false
[2026-08-01T14:05:47.396Z] NudgeForge: ResumeComplete — restoring count from history
[2026-08-01T14:05:47.397Z] restoreNudgeCountFromHistory: found last write at idx=87 count=0
[2026-08-01T14:05:47.792Z] ResumeDiffForge: running checkResumeConsistency
[2026-08-01T14:05:47.792Z] checkResumeConsistency: forgedTimestamps=[]
[2026-08-01T14:05:47.799Z] checkResumeConsistency: no changes detected
[2026-08-01T14:05:47.800Z] LiveUpdateForge: session reset, allowLiveUpdate = false
[2026-08-01T14:05:47.800Z] NudgeForge: ResumeComplete — restoring count from history
[2026-08-01T14:05:47.800Z] restoreNudgeCountFromHistory: found last write at idx=87 count=0
[2026-08-01T14:05:47.921Z] ResumeDiffForge: running checkResumeConsistency
[2026-08-01T14:05:47.922Z] checkResumeConsistency: forgedTimestamps=[]
[2026-08-01T14:05:47.929Z] checkResumeConsistency: no changes detected
[2026-08-01T14:05:47.929Z] LiveUpdateForge: session reset, allowLiveUpdate = false
[2026-08-01T14:05:47.930Z] NudgeForge: ResumeComplete — restoring count from history
[2026-08-01T14:05:47.930Z] restoreNudgeCountFromHistory: found last write at idx=87 count=0
[2026-08-01T14:05:49.456Z] MemoryForge: attached 5 listener(s)
[2026-08-01T14:05:49.456Z] InitialReadForge: armed one-shot BeforeSend after NewSessionStart
[2026-08-01T14:05:49.457Z] LiveUpdateForge: session reset, allowLiveUpdate = false
[2026-08-01T14:05:49.462Z] MemoryForge: detached all listeners
[2026-08-01T14:05:49.463Z] ResumeDiffForge: running checkResumeConsistency
[2026-08-01T14:05:49.463Z] checkResumeConsistency: forgedTimestamps=[]
[2026-08-01T14:05:49.492Z] checkResumeConsistency: no changes detected
[2026-08-01T14:05:49.492Z] LiveUpdateForge: session reset, allowLiveUpdate = false
[2026-08-01T14:05:49.492Z] NudgeForge: ResumeComplete — restoring count from history
[2026-08-01T14:05:49.493Z] restoreNudgeCountFromHistory: found last write at idx=87 count=0
[2026-08-01T14:05:49.514Z] LiveUpdateForge: allowLiveUpdate = true (first real BeforeSend)
[2026-08-01T14:05:49.515Z] InitialReadForge.onBeforeSend: SKIP (fr=false syn=false hasRead=true)
[2026-08-01T14:05:55.805Z] LiveUpdateForge: EndTurn fallback flush
[2026-08-01T14:05:55.806Z] onEndTurn: naturalStop=undefined toolCalls=0 nudgeMsg=no
[2026-08-01T14:05:55.806Z] LiveUpdateForge: EndTurn fallback flush
[2026-08-01T14:05:55.806Z] onEndTurn: naturalStop=false toolCalls=0 nudgeMsg=no
[2026-08-01T14:05:55.871Z] LiveUpdateForge: AfterToolExec flush
[2026-08-01T14:05:55.899Z] InitialReadForge.onBeforeSend: SKIP (fr=true syn=false hasRead=true)
[2026-08-01T14:05:59.277Z] LiveUpdateForge: EndTurn fallback flush
[2026-08-01T14:05:59.277Z] onEndTurn: naturalStop=undefined toolCalls=1 nudgeMsg=no
[2026-08-01T14:05:59.277Z] LiveUpdateForge: EndTurn fallback flush
[2026-08-01T14:05:59.278Z] onEndTurn: naturalStop=false toolCalls=1 nudgeMsg=no
[2026-08-01T14:05:59.632Z] LiveUpdateForge: AfterToolExec flush
[2026-08-01T14:05:59.657Z] InitialReadForge.onBeforeSend: SKIP (fr=true syn=false hasRead=true)
[2026-08-01T14:06:06.530Z] LiveUpdateForge: EndTurn fallback flush
[2026-08-01T14:06:06.530Z] onEndTurn: naturalStop=undefined toolCalls=2 nudgeMsg=no
[2026-08-01T14:06:06.530Z] LiveUpdateForge: EndTurn fallback flush
[2026-08-01T14:06:06.531Z] onEndTurn: naturalStop=false toolCalls=2 nudgeMsg=no
[2026-08-01T14:06:06.545Z] LiveUpdateForge: AfterToolExec flush
[2026-08-01T14:06:06.574Z] InitialReadForge.onBeforeSend: SKIP (fr=true syn=false hasRead=true)
[2026-08-01T14:06:09.993Z] ResumeDiffForge: running checkResumeConsistency
[2026-08-01T14:06:09.994Z] checkResumeConsistency: forgedTimestamps=[]
[2026-08-01T14:06:10.002Z] checkResumeConsistency: no changes detected
[2026-08-01T14:06:10.002Z] LiveUpdateForge: session reset, allowLiveUpdate = false
[2026-08-01T14:06:10.003Z] NudgeForge: ResumeComplete — restoring count from history
[2026-08-01T14:06:10.003Z] restoreNudgeCountFromHistory: found last write at idx=241 count=9
[2026-08-01T14:06:10.048Z] LiveUpdateForge: allowLiveUpdate = true (first real BeforeSend)
[2026-08-01T14:06:10.049Z] InitialReadForge.onBeforeSend: SKIP (fr=false syn=false hasRead=true)
[2026-08-01T14:06:14.911Z] LiveUpdateForge: EndTurn fallback flush
[2026-08-01T14:06:14.911Z] onEndTurn: naturalStop=undefined toolCalls=3 nudgeMsg=no
[2026-08-01T14:06:14.911Z] LiveUpdateForge: EndTurn fallback flush
[2026-08-01T14:06:14.912Z] onEndTurn: naturalStop=false toolCalls=3 nudgeMsg=no
[2026-08-01T14:06:15.216Z] LiveUpdateForge: AfterToolExec flush
[2026-08-01T14:06:15.244Z] InitialReadForge.onBeforeSend: SKIP (fr=true syn=false hasRead=true)
[2026-08-01T14:06:17.756Z] LiveUpdateForge: EndTurn fallback flush
[2026-08-01T14:06:17.756Z] onEndTurn: naturalStop=undefined toolCalls=9 nudgeMsg=no
[2026-08-01T14:06:17.756Z] LiveUpdateForge: EndTurn fallback flush
[2026-08-01T14:06:17.757Z] onEndTurn: naturalStop=false toolCalls=9 nudgeMsg=no
[2026-08-01T14:06:17.768Z] LiveUpdateForge: AfterToolExec flush
[2026-08-01T14:06:17.800Z] InitialReadForge.onBeforeSend: SKIP (fr=true syn=false hasRead=true)
[2026-08-01T14:06:24.501Z] LiveUpdateForge: EndTurn fallback flush
[2026-08-01T14:06:24.502Z] onEndTurn: naturalStop=undefined toolCalls=4 nudgeMsg=no
[2026-08-01T14:06:24.502Z] LiveUpdateForge: EndTurn fallback flush
[2026-08-01T14:06:24.502Z] onEndTurn: naturalStop=false toolCalls=4 nudgeMsg=no
[2026-08-01T14:06:24.517Z] LiveUpdateForge: AfterToolExec flush
[2026-08-01T14:06:24.553Z] InitialReadForge.onBeforeSend: SKIP (fr=true syn=false hasRead=true)
[2026-08-01T14:06:26.229Z] LiveUpdateForge: EndTurn fallback flush
[2026-08-01T14:06:26.229Z] onEndTurn: naturalStop=undefined toolCalls=5 nudgeMsg=no
[2026-08-01T14:06:26.229Z] LiveUpdateForge: EndTurn fallback flush
[2026-08-01T14:06:26.229Z] onEndTurn: naturalStop=false toolCalls=5 nudgeMsg=no
[2026-08-01T14:06:26.236Z] LiveUpdateForge: AfterToolExec flush
[2026-08-01T14:06:26.266Z] InitialReadForge.onBeforeSend: SKIP (fr=true syn=false hasRead=true)
[2026-08-01T14:06:27.240Z] LiveUpdateForge: EndTurn fallback flush
[2026-08-01T14:06:27.241Z] onEndTurn: naturalStop=undefined toolCalls=10 nudgeMsg=no
[2026-08-01T14:06:27.241Z] LiveUpdateForge: EndTurn fallback flush
[2026-08-01T14:06:27.241Z] onEndTurn: naturalStop=false toolCalls=10 nudgeMsg=no
[2026-08-01T14:06:27.249Z] LiveUpdateForge: AfterToolExec flush
[2026-08-01T14:06:27.283Z] InitialReadForge.onBeforeSend: SKIP (fr=true syn=false hasRead=true)
[2026-08-01T14:06:29.867Z] LiveUpdateForge: EndTurn fallback flush
[2026-08-01T14:06:29.868Z] onEndTurn: naturalStop=undefined toolCalls=6 nudgeMsg=no
[2026-08-01T14:06:29.868Z] LiveUpdateForge: EndTurn fallback flush
[2026-08-01T14:06:29.868Z] onEndTurn: naturalStop=false toolCalls=6 nudgeMsg=no
[2026-08-01T14:06:29.878Z] LiveUpdateForge: AfterToolExec flush
[2026-08-01T14:06:29.909Z] InitialReadForge.onBeforeSend: SKIP (fr=true syn=false hasRead=true)
[2026-08-01T14:06:30.481Z] LiveUpdateForge: EndTurn fallback flush
[2026-08-01T14:06:30.482Z] onEndTurn: naturalStop=undefined toolCalls=11 nudgeMsg=no
[2026-08-01T14:06:30.482Z] LiveUpdateForge: EndTurn fallback flush
[2026-08-01T14:06:30.482Z] onEndTurn: naturalStop=false toolCalls=11 nudgeMsg=no
[2026-08-01T14:06:30.490Z] LiveUpdateForge: AfterToolExec flush
[2026-08-01T14:06:30.520Z] InitialReadForge.onBeforeSend: SKIP (fr=true syn=false hasRead=true)
[2026-08-01T14:06:33.358Z] LiveUpdateForge: EndTurn fallback flush
[2026-08-01T14:06:33.359Z] onEndTurn: naturalStop=false toolCalls=7 nudgeMsg=no
[2026-08-01T14:06:43.248Z] LiveUpdateForge: EndTurn fallback flush
[2026-08-01T14:06:43.249Z] onEndTurn: naturalStop=undefined toolCalls=12 nudgeMsg=no
[2026-08-01T14:06:43.249Z] LiveUpdateForge: EndTurn fallback flush
[2026-08-01T14:06:43.249Z] onEndTurn: naturalStop=false toolCalls=12 nudgeMsg=no
[2026-08-01T14:06:43.306Z] LiveUpdateForge: AfterToolExec flush
[2026-08-01T14:06:43.339Z] InitialReadForge.onBeforeSend: SKIP (fr=true syn=false hasRead=true)
[2026-08-01T14:06:46.554Z] LiveUpdateForge: EndTurn fallback flush
[2026-08-01T14:06:46.554Z] onEndTurn: naturalStop=undefined toolCalls=13 nudgeMsg=no
[2026-08-01T14:06:46.554Z] LiveUpdateForge: EndTurn fallback flush
[2026-08-01T14:06:46.555Z] onEndTurn: naturalStop=false toolCalls=13 nudgeMsg=no
[2026-08-01T14:06:47.171Z] LiveUpdateForge: AfterToolExec flush
[2026-08-01T14:06:47.204Z] InitialReadForge.onBeforeSend: SKIP (fr=true syn=false hasRead=true)
[2026-08-01T14:06:49.387Z] LiveUpdateForge: EndTurn fallback flush
[2026-08-01T14:06:49.387Z] onEndTurn: naturalStop=undefined toolCalls=14 nudgeMsg=no
[2026-08-01T14:06:49.388Z] LiveUpdateForge: EndTurn fallback flush
[2026-08-01T14:06:49.388Z] onEndTurn: naturalStop=false toolCalls=14 nudgeMsg=no
[2026-08-01T14:06:58.766Z] LiveUpdateForge: AfterToolExec flush
[2026-08-01T14:06:58.813Z] InitialReadForge.onBeforeSend: SKIP (fr=true syn=false hasRead=true)
[2026-08-01T14:07:02.705Z] LiveUpdateForge: EndTurn fallback flush
[2026-08-01T14:07:02.706Z] onEndTurn: naturalStop=undefined toolCalls=15 nudgeMsg=no
[2026-08-01T14:07:02.706Z] LiveUpdateForge: EndTurn fallback flush
[2026-08-01T14:07:02.706Z] onEndTurn: naturalStop=true toolCalls=15 nudgeMsg=no
[2026-08-01T14:07:21.305Z] ResumeDiffForge: running checkResumeConsistency
[2026-08-01T14:07:21.306Z] checkResumeConsistency: forgedTimestamps=[]
[2026-08-01T14:07:21.312Z] checkResumeConsistency: no changes detected
[2026-08-01T14:07:21.313Z] LiveUpdateForge: session reset, allowLiveUpdate = false
[2026-08-01T14:07:21.313Z] NudgeForge: ResumeComplete — restoring count from history
[2026-08-01T14:07:21.314Z] restoreNudgeCountFromHistory: found last write at idx=87 count=7
[2026-08-01T14:07:21.368Z] LiveUpdateForge: allowLiveUpdate = true (first real BeforeSend)
[2026-08-01T14:07:21.369Z] InitialReadForge.onBeforeSend: SKIP (fr=false syn=false hasRead=true)
[2026-08-01T14:07:36.373Z] LiveUpdateForge: EndTurn fallback flush
[2026-08-01T14:07:36.373Z] onEndTurn: naturalStop=undefined toolCalls=7 nudgeMsg=no
[2026-08-01T14:07:36.373Z] LiveUpdateForge: EndTurn fallback flush
[2026-08-01T14:07:36.373Z] onEndTurn: naturalStop=false toolCalls=7 nudgeMsg=no
[2026-08-01T14:07:36.753Z] LiveUpdateForge: AfterToolExec flush
[2026-08-01T14:07:36.755Z] LiveUpdateForge: AfterToolExec flush
[2026-08-01T14:07:36.788Z] InitialReadForge.onBeforeSend: SKIP (fr=true syn=false hasRead=true)
[2026-08-01T14:07:41.219Z] LiveUpdateForge: EndTurn fallback flush
[2026-08-01T14:07:41.220Z] onEndTurn: naturalStop=undefined toolCalls=9 nudgeMsg=no
[2026-08-01T14:07:41.220Z] LiveUpdateForge: EndTurn fallback flush
[2026-08-01T14:07:41.220Z] onEndTurn: naturalStop=false toolCalls=9 nudgeMsg=no
[2026-08-01T14:07:41.227Z] LiveUpdateForge: AfterToolExec flush
[2026-08-01T14:07:41.260Z] InitialReadForge.onBeforeSend: SKIP (fr=true syn=false hasRead=true)
[2026-08-01T14:07:47.520Z] LiveUpdateForge: EndTurn fallback flush
[2026-08-01T14:07:47.520Z] onEndTurn: naturalStop=undefined toolCalls=10 nudgeMsg=no
[2026-08-01T14:07:47.520Z] LiveUpdateForge: EndTurn fallback flush
[2026-08-01T14:07:47.521Z] onEndTurn: naturalStop=false toolCalls=10 nudgeMsg=no
[2026-08-01T14:07:47.658Z] LiveUpdateForge: AfterToolExec flush
[2026-08-01T14:07:47.689Z] InitialReadForge.onBeforeSend: SKIP (fr=true syn=false hasRead=true)
[2026-08-01T14:07:52.504Z] LiveUpdateForge: EndTurn fallback flush
[2026-08-01T14:07:52.504Z] onEndTurn: naturalStop=undefined toolCalls=11 nudgeMsg=no
[2026-08-01T14:07:52.505Z] LiveUpdateForge: EndTurn fallback flush
[2026-08-01T14:07:52.505Z] onEndTurn: naturalStop=false toolCalls=11 nudgeMsg=no
[2026-08-01T14:07:52.513Z] LiveUpdateForge: AfterToolExec flush
[2026-08-01T14:07:52.545Z] InitialReadForge.onBeforeSend: SKIP (fr=true syn=false hasRead=true)
[2026-08-01T14:07:57.783Z] LiveUpdateForge: EndTurn fallback flush
[2026-08-01T14:07:57.784Z] onEndTurn: naturalStop=undefined toolCalls=12 nudgeMsg=no
[2026-08-01T14:07:57.784Z] LiveUpdateForge: EndTurn fallback flush
[2026-08-01T14:07:57.784Z] onEndTurn: naturalStop=false toolCalls=12 nudgeMsg=no
[2026-08-01T14:07:57.857Z] LiveUpdateForge: AfterToolExec flush
[2026-08-01T14:07:57.898Z] InitialReadForge.onBeforeSend: SKIP (fr=true syn=false hasRead=true)
[2026-08-01T14:07:59.231Z] ResumeDiffForge: running checkResumeConsistency
[2026-08-01T14:07:59.232Z] checkResumeConsistency: forgedTimestamps=[]
[2026-08-01T14:07:59.241Z] checkResumeConsistency: no changes detected
[2026-08-01T14:07:59.241Z] LiveUpdateForge: session reset, allowLiveUpdate = false
[2026-08-01T14:07:59.242Z] NudgeForge: ResumeComplete — restoring count from history
[2026-08-01T14:07:59.242Z] restoreNudgeCountFromHistory: found last write at idx=241 count=15
[2026-08-01T14:07:59.285Z] LiveUpdateForge: allowLiveUpdate = true (first real BeforeSend)
[2026-08-01T14:07:59.286Z] InitialReadForge.onBeforeSend: SKIP (fr=false syn=false hasRead=true)
[2026-08-01T14:08:01.835Z] LiveUpdateForge: EndTurn fallback flush
[2026-08-01T14:08:01.835Z] onEndTurn: naturalStop=undefined toolCalls=13 nudgeMsg=no
[2026-08-01T14:08:01.835Z] LiveUpdateForge: EndTurn fallback flush
[2026-08-01T14:08:01.836Z] onEndTurn: naturalStop=false toolCalls=13 nudgeMsg=no
[2026-08-01T14:08:01.855Z] LiveUpdateForge: AfterToolExec flush
[2026-08-01T14:08:01.891Z] InitialReadForge.onBeforeSend: SKIP (fr=true syn=false hasRead=true)
[2026-08-01T14:08:04.708Z] LiveUpdateForge: EndTurn fallback flush
[2026-08-01T14:08:04.708Z] onEndTurn: naturalStop=undefined toolCalls=14 nudgeMsg=no
[2026-08-01T14:08:04.709Z] LiveUpdateForge: EndTurn fallback flush
[2026-08-01T14:08:04.709Z] onEndTurn: naturalStop=false toolCalls=14 nudgeMsg=no
[2026-08-01T14:08:04.717Z] LiveUpdateForge: AfterToolExec flush
[2026-08-01T14:08:04.719Z] LiveUpdateForge: AfterToolExec flush
[2026-08-01T14:08:04.721Z] LiveUpdateForge: AfterToolExec flush
[2026-08-01T14:08:04.753Z] InitialReadForge.onBeforeSend: SKIP (fr=true syn=false hasRead=true)
[2026-08-01T14:08:16.537Z] LiveUpdateForge: EndTurn fallback flush
[2026-08-01T14:08:16.537Z] onEndTurn: naturalStop=undefined toolCalls=17 nudgeMsg=no
[2026-08-01T14:08:16.537Z] LiveUpdateForge: EndTurn fallback flush
[2026-08-01T14:08:16.537Z] onEndTurn: naturalStop=false toolCalls=17 nudgeMsg=no
[2026-08-01T14:08:16.556Z] LiveUpdateForge: AfterToolExec flush
[2026-08-01T14:08:16.556Z] LiveUpdateForge: AfterToolExec flush
[2026-08-01T14:08:16.599Z] InitialReadForge.onBeforeSend: SKIP (fr=true syn=false hasRead=true)
[2026-08-01T14:08:22.228Z] LiveUpdateForge: EndTurn fallback flush
[2026-08-01T14:08:22.228Z] onEndTurn: naturalStop=undefined toolCalls=19 nudgeMsg=no
[2026-08-01T14:08:22.228Z] LiveUpdateForge: EndTurn fallback flush
[2026-08-01T14:08:22.228Z] onEndTurn: naturalStop=true toolCalls=19 nudgeMsg=no
[2026-08-01T14:08:24.401Z] InitialReadForge.onBeforeSend: SKIP (fr=false syn=false hasRead=true)
[2026-08-01T14:08:27.257Z] LiveUpdateForge: EndTurn fallback flush
[2026-08-01T14:08:27.257Z] onEndTurn: naturalStop=undefined toolCalls=19 nudgeMsg=no
[2026-08-01T14:08:27.257Z] LiveUpdateForge: EndTurn fallback flush
[2026-08-01T14:08:27.258Z] onEndTurn: naturalStop=false toolCalls=19 nudgeMsg=no
[2026-08-01T14:08:27.264Z] LiveUpdateForge: AfterToolExec flush
[2026-08-01T14:08:27.296Z] InitialReadForge.onBeforeSend: SKIP (fr=true syn=false hasRead=true)
[2026-08-01T14:08:28.911Z] LiveUpdateForge: EndTurn fallback flush
[2026-08-01T14:08:28.911Z] onEndTurn: naturalStop=undefined toolCalls=20 nudgeMsg=no
[2026-08-01T14:08:28.911Z] LiveUpdateForge: EndTurn fallback flush
[2026-08-01T14:08:28.912Z] onEndTurn: naturalStop=true toolCalls=20 nudgeMsg=no
[2026-08-01T14:08:29.192Z] LiveUpdateForge: EndTurn fallback flush
[2026-08-01T14:08:29.193Z] onEndTurn: naturalStop=undefined toolCalls=15 nudgeMsg=no
[2026-08-01T14:08:29.193Z] LiveUpdateForge: EndTurn fallback flush
[2026-08-01T14:08:29.194Z] onEndTurn: naturalStop=false toolCalls=15 nudgeMsg=no
[2026-08-01T14:08:31.256Z] InitialReadForge.onBeforeSend: SKIP (fr=false syn=false hasRead=true)
[2026-08-01T14:08:35.173Z] LiveUpdateForge: EndTurn fallback flush
[2026-08-01T14:08:35.173Z] onEndTurn: naturalStop=undefined toolCalls=20 nudgeMsg=no
[2026-08-01T14:08:35.173Z] LiveUpdateForge: EndTurn fallback flush
[2026-08-01T14:08:35.174Z] onEndTurn: naturalStop=false toolCalls=20 nudgeMsg=no
[2026-08-01T14:08:35.180Z] LiveUpdateForge: AfterToolExec flush
[2026-08-01T14:08:35.215Z] InitialReadForge.onBeforeSend: SKIP (fr=true syn=false hasRead=true)
[2026-08-01T14:08:36.757Z] LiveUpdateForge: EndTurn fallback flush
[2026-08-01T14:08:36.757Z] onEndTurn: naturalStop=undefined toolCalls=21 nudgeMsg=no
[2026-08-01T14:08:36.757Z] LiveUpdateForge: EndTurn fallback flush
[2026-08-01T14:08:36.758Z] onEndTurn: naturalStop=true toolCalls=21 nudgeMsg=no
[2026-08-01T14:08:39.666Z] InitialReadForge.onBeforeSend: SKIP (fr=false syn=false hasRead=true)
[2026-08-01T14:08:42.849Z] LiveUpdateForge: EndTurn fallback flush
[2026-08-01T14:08:42.849Z] onEndTurn: naturalStop=undefined toolCalls=21 nudgeMsg=no
[2026-08-01T14:08:42.850Z] LiveUpdateForge: EndTurn fallback flush
[2026-08-01T14:08:42.850Z] onEndTurn: naturalStop=false toolCalls=21 nudgeMsg=no
[2026-08-01T14:08:42.855Z] LiveUpdateForge: AfterToolExec flush
[2026-08-01T14:08:42.888Z] InitialReadForge.onBeforeSend: SKIP (fr=true syn=false hasRead=true)
[2026-08-01T14:08:46.018Z] LiveUpdateForge: EndTurn fallback flush
[2026-08-01T14:08:46.019Z] onEndTurn: naturalStop=undefined toolCalls=22 nudgeMsg=no
[2026-08-01T14:08:46.020Z] LiveUpdateForge: EndTurn fallback flush
[2026-08-01T14:08:46.020Z] onEndTurn: naturalStop=true toolCalls=22 nudgeMsg=no
[2026-08-01T14:08:54.302Z] LiveUpdateForge: AfterToolExec flush
[2026-08-01T14:08:54.356Z] InitialReadForge.onBeforeSend: SKIP (fr=true syn=false hasRead=true)
[2026-08-01T14:09:07.862Z] InitialReadForge.onBeforeSend: SKIP (fr=false syn=false hasRead=true)
[2026-08-01T14:09:09.912Z] LiveUpdateForge: EndTurn fallback flush
[2026-08-01T14:09:09.912Z] onEndTurn: naturalStop=undefined toolCalls=22 nudgeMsg=no
[2026-08-01T14:09:09.913Z] LiveUpdateForge: EndTurn fallback flush
[2026-08-01T14:09:09.913Z] onEndTurn: naturalStop=false toolCalls=22 nudgeMsg=no
[2026-08-01T14:09:09.921Z] LiveUpdateForge: AfterToolExec flush
[2026-08-01T14:09:09.959Z] InitialReadForge.onBeforeSend: SKIP (fr=true syn=false hasRead=true)
[2026-08-01T14:09:10.001Z] LiveUpdateForge: EndTurn fallback flush
[2026-08-01T14:09:10.001Z] onEndTurn: naturalStop=undefined toolCalls=16 nudgeMsg=no
[2026-08-01T14:09:10.002Z] LiveUpdateForge: EndTurn fallback flush
[2026-08-01T14:09:10.002Z] onEndTurn: naturalStop=false toolCalls=16 nudgeMsg=no
[2026-08-01T14:09:10.155Z] LiveUpdateForge: AfterToolExec flush
[2026-08-01T14:09:10.188Z] InitialReadForge.onBeforeSend: SKIP (fr=true syn=false hasRead=true)
[2026-08-01T14:09:14.299Z] LiveUpdateForge: EndTurn fallback flush
[2026-08-01T14:09:14.299Z] onEndTurn: naturalStop=undefined toolCalls=23 nudgeMsg=no
[2026-08-01T14:09:14.300Z] LiveUpdateForge: EndTurn fallback flush
[2026-08-01T14:09:14.300Z] onEndTurn: naturalStop=true toolCalls=23 nudgeMsg=no
[2026-08-01T14:09:16.286Z] LiveUpdateForge: EndTurn fallback flush
[2026-08-01T14:09:16.287Z] onEndTurn: naturalStop=undefined toolCalls=17 nudgeMsg=no
[2026-08-01T14:09:16.287Z] LiveUpdateForge: EndTurn fallback flush
[2026-08-01T14:09:16.287Z] onEndTurn: naturalStop=false toolCalls=17 nudgeMsg=no
[2026-08-01T14:09:16.428Z] LiveUpdateForge: AfterToolExec flush
[2026-08-01T14:09:16.459Z] InitialReadForge.onBeforeSend: SKIP (fr=true syn=false hasRead=true)
[2026-08-01T14:09:19.435Z] LiveUpdateForge: EndTurn fallback flush
[2026-08-01T14:09:19.435Z] onEndTurn: naturalStop=undefined toolCalls=18 nudgeMsg=no
[2026-08-01T14:09:19.436Z] LiveUpdateForge: EndTurn fallback flush
[2026-08-01T14:09:19.436Z] onEndTurn: naturalStop=false toolCalls=18 nudgeMsg=no
[2026-08-01T14:09:19.573Z] LiveUpdateForge: AfterToolExec flush
[2026-08-01T14:09:19.605Z] InitialReadForge.onBeforeSend: SKIP (fr=true syn=false hasRead=true)
[2026-08-01T14:09:52.799Z] LiveUpdateForge: EndTurn fallback flush
[2026-08-01T14:09:52.799Z] onEndTurn: naturalStop=undefined toolCalls=19 nudgeMsg=no
[2026-08-01T14:09:52.799Z] LiveUpdateForge: EndTurn fallback flush
[2026-08-01T14:09:52.800Z] onEndTurn: naturalStop=false toolCalls=19 nudgeMsg=no
[2026-08-01T14:09:52.861Z] LiveUpdateForge: AfterToolExec flush
[2026-08-01T14:09:52.899Z] InitialReadForge.onBeforeSend: SKIP (fr=true syn=false hasRead=true)
[2026-08-01T14:09:54.532Z] LiveUpdateForge: EndTurn fallback flush
[2026-08-01T14:09:54.532Z] onEndTurn: naturalStop=undefined toolCalls=20 nudgeMsg=no
[2026-08-01T14:09:54.533Z] LiveUpdateForge: EndTurn fallback flush
[2026-08-01T14:09:54.533Z] onEndTurn: naturalStop=false toolCalls=20 nudgeMsg=no
[2026-08-01T14:09:55.181Z] LiveUpdateForge: AfterToolExec flush
[2026-08-01T14:09:55.219Z] InitialReadForge.onBeforeSend: SKIP (fr=true syn=false hasRead=true)
[2026-08-01T14:09:57.485Z] LiveUpdateForge: EndTurn fallback flush
[2026-08-01T14:09:57.485Z] onEndTurn: naturalStop=undefined toolCalls=21 nudgeMsg=no
[2026-08-01T14:09:57.486Z] LiveUpdateForge: EndTurn fallback flush
[2026-08-01T14:09:57.486Z] onEndTurn: naturalStop=false toolCalls=21 nudgeMsg=no
[2026-08-01T14:09:59.476Z] InitialReadForge.onBeforeSend: SKIP (fr=false syn=false hasRead=true)
[2026-08-01T14:10:02.049Z] LiveUpdateForge: EndTurn fallback flush
[2026-08-01T14:10:02.049Z] onEndTurn: naturalStop=undefined toolCalls=23 nudgeMsg=no
[2026-08-01T14:10:02.049Z] LiveUpdateForge: EndTurn fallback flush
[2026-08-01T14:10:02.050Z] onEndTurn: naturalStop=false toolCalls=23 nudgeMsg=no
[2026-08-01T14:10:02.386Z] LiveUpdateForge: AfterToolExec flush
[2026-08-01T14:10:02.393Z] LiveUpdateForge: AfterToolExec flush
[2026-08-01T14:10:02.424Z] InitialReadForge.onBeforeSend: SKIP (fr=true syn=false hasRead=true)
[2026-08-01T14:10:04.044Z] LiveUpdateForge: EndTurn fallback flush
[2026-08-01T14:10:04.044Z] onEndTurn: naturalStop=undefined toolCalls=25 nudgeMsg=no
[2026-08-01T14:10:04.044Z] LiveUpdateForge: EndTurn fallback flush
[2026-08-01T14:10:04.045Z] onEndTurn: naturalStop=false toolCalls=25 nudgeMsg=no
[2026-08-01T14:10:42.801Z] LiveUpdateForge: AfterToolExec flush
[2026-08-01T14:10:42.833Z] InitialReadForge.onBeforeSend: SKIP (fr=true syn=false hasRead=true)
[2026-08-01T14:10:44.124Z] LiveUpdateForge: AfterToolExec flush
[2026-08-01T14:10:44.144Z] LiveUpdateForge: EndTurn fallback flush
[2026-08-01T14:10:44.145Z] onEndTurn: naturalStop=undefined toolCalls=26 nudgeMsg=no
[2026-08-01T14:10:44.145Z] LiveUpdateForge: EndTurn fallback flush
[2026-08-01T14:10:44.145Z] onEndTurn: naturalStop=false toolCalls=26 nudgeMsg=no
[2026-08-01T14:10:44.168Z] InitialReadForge.onBeforeSend: SKIP (fr=true syn=false hasRead=true)
[2026-08-01T14:10:44.202Z] LiveUpdateForge: AfterToolExec flush
[2026-08-01T14:10:44.239Z] InitialReadForge.onBeforeSend: SKIP (fr=true syn=false hasRead=true)
[2026-08-01T14:10:45.823Z] LiveUpdateForge: EndTurn fallback flush
[2026-08-01T14:10:45.823Z] onEndTurn: naturalStop=undefined toolCalls=27 nudgeMsg=no
[2026-08-01T14:10:45.824Z] LiveUpdateForge: EndTurn fallback flush
[2026-08-01T14:10:45.824Z] onEndTurn: naturalStop=false toolCalls=27 nudgeMsg=no
[2026-08-01T14:10:45.864Z] LiveUpdateForge: AfterToolExec flush
[2026-08-01T14:10:45.896Z] InitialReadForge.onBeforeSend: SKIP (fr=true syn=false hasRead=true)
[2026-08-01T14:10:48.413Z] LiveUpdateForge: EndTurn fallback flush
[2026-08-01T14:10:48.413Z] onEndTurn: naturalStop=undefined toolCalls=22 nudgeMsg=no
[2026-08-01T14:10:48.413Z] LiveUpdateForge: EndTurn fallback flush
[2026-08-01T14:10:48.413Z] onEndTurn: naturalStop=true toolCalls=22 nudgeMsg=no
[2026-08-01T14:10:49.873Z] LiveUpdateForge: EndTurn fallback flush
[2026-08-01T14:10:49.874Z] onEndTurn: naturalStop=undefined toolCalls=28 nudgeMsg=no
[2026-08-01T14:10:49.874Z] LiveUpdateForge: EndTurn fallback flush
[2026-08-01T14:10:49.874Z] onEndTurn: naturalStop=false toolCalls=28 nudgeMsg=no
[2026-08-01T14:10:49.878Z] LiveUpdateForge: AfterToolExec flush
[2026-08-01T14:10:49.915Z] InitialReadForge.onBeforeSend: SKIP (fr=true syn=false hasRead=true)
[2026-08-01T14:10:53.385Z] LiveUpdateForge: EndTurn fallback flush
[2026-08-01T14:10:53.386Z] onEndTurn: naturalStop=undefined toolCalls=29 nudgeMsg=no
[2026-08-01T14:10:53.386Z] LiveUpdateForge: EndTurn fallback flush
[2026-08-01T14:10:53.386Z] onEndTurn: naturalStop=true toolCalls=29 nudgeMsg=no
[2026-08-01T14:17:19.478Z] MemoryForge: attached 5 listener(s)
[2026-08-01T14:17:19.478Z] InitialReadForge: armed one-shot BeforeSend after NewSessionStart
[2026-08-01T14:17:19.478Z] LiveUpdateForge: session reset, allowLiveUpdate = false
[2026-08-01T14:17:19.898Z] LiveUpdateForge: session reset, allowLiveUpdate = false
[2026-08-01T14:17:19.934Z] ResumeDiffForge: running checkResumeConsistency
[2026-08-01T14:17:19.935Z] checkResumeConsistency: forgedTimestamps=[]
[2026-08-01T14:17:19.943Z] checkResumeConsistency: no changes detected
[2026-08-01T14:17:19.943Z] LiveUpdateForge: session reset, allowLiveUpdate = false
[2026-08-01T14:17:19.944Z] NudgeForge: ResumeComplete — restoring count from history
[2026-08-01T14:17:19.945Z] restoreNudgeCountFromHistory: found last write at idx=241 count=22
[2026-08-01T14:17:20.345Z] ResumeDiffForge: running checkResumeConsistency
[2026-08-01T14:17:20.346Z] checkResumeConsistency: forgedTimestamps=[]
[2026-08-01T14:17:20.353Z] checkResumeConsistency: no changes detected
[2026-08-01T14:17:20.353Z] LiveUpdateForge: session reset, allowLiveUpdate = false
[2026-08-01T14:17:20.353Z] NudgeForge: ResumeComplete — restoring count from history
[2026-08-01T14:17:20.354Z] restoreNudgeCountFromHistory: found last write at idx=241 count=22
[2026-08-01T14:17:20.464Z] ResumeDiffForge: running checkResumeConsistency
[2026-08-01T14:17:20.465Z] checkResumeConsistency: forgedTimestamps=[]
[2026-08-01T14:17:20.472Z] checkResumeConsistency: no changes detected
[2026-08-01T14:17:20.473Z] LiveUpdateForge: session reset, allowLiveUpdate = false
[2026-08-01T14:17:20.473Z] NudgeForge: ResumeComplete — restoring count from history
[2026-08-01T14:17:20.474Z] restoreNudgeCountFromHistory: found last write at idx=241 count=22
[2026-08-01T14:17:20.790Z] MemoryForge: attached 5 listener(s)
[2026-08-01T14:17:20.790Z] InitialReadForge: armed one-shot BeforeSend after NewSessionStart
[2026-08-01T14:17:20.791Z] LiveUpdateForge: session reset, allowLiveUpdate = false
[2026-08-01T14:17:20.797Z] MemoryForge: detached all listeners
[2026-08-01T14:17:20.798Z] ResumeDiffForge: running checkResumeConsistency
[2026-08-01T14:17:20.798Z] checkResumeConsistency: forgedTimestamps=[]
[2026-08-01T14:17:20.832Z] checkResumeConsistency: no changes detected
[2026-08-01T14:17:20.833Z] LiveUpdateForge: session reset, allowLiveUpdate = false
[2026-08-01T14:17:20.833Z] NudgeForge: ResumeComplete — restoring count from history
[2026-08-01T14:17:20.833Z] restoreNudgeCountFromHistory: found last write at idx=241 count=22
[2026-08-01T14:17:20.858Z] LiveUpdateForge: allowLiveUpdate = true (first real BeforeSend)
[2026-08-01T14:17:20.859Z] InitialReadForge.onBeforeSend: SKIP (fr=false syn=false hasRead=true)
[2026-08-01T14:18:06.004Z] LiveUpdateForge: EndTurn fallback flush
[2026-08-01T14:18:06.004Z] onEndTurn: naturalStop=undefined toolCalls=22 nudgeMsg=no
[2026-08-01T14:18:06.005Z] LiveUpdateForge: EndTurn fallback flush
[2026-08-01T14:18:06.005Z] onEndTurn: naturalStop=false toolCalls=22 nudgeMsg=no
[2026-08-01T14:18:06.063Z] LiveUpdateForge: AfterToolExec flush
[2026-08-01T14:18:06.102Z] InitialReadForge.onBeforeSend: SKIP (fr=true syn=false hasRead=true)
[2026-08-01T14:18:14.681Z] LiveUpdateForge: EndTurn fallback flush
[2026-08-01T14:18:14.681Z] onEndTurn: naturalStop=undefined toolCalls=23 nudgeMsg=no
[2026-08-01T14:18:14.681Z] LiveUpdateForge: EndTurn fallback flush
[2026-08-01T14:18:14.682Z] onEndTurn: naturalStop=false toolCalls=23 nudgeMsg=no
[2026-08-01T14:18:14.745Z] LiveUpdateForge: AfterToolExec flush
[2026-08-01T14:18:14.781Z] InitialReadForge.onBeforeSend: SKIP (fr=true syn=false hasRead=true)
[2026-08-01T14:18:19.035Z] LiveUpdateForge: EndTurn fallback flush
[2026-08-01T14:18:19.035Z] onEndTurn: naturalStop=undefined toolCalls=24 nudgeMsg=no
[2026-08-01T14:18:19.035Z] LiveUpdateForge: EndTurn fallback flush
[2026-08-01T14:18:19.035Z] onEndTurn: naturalStop=true toolCalls=24 nudgeMsg=no
[2026-08-01T14:20:53.813Z] ResumeDiffForge: running checkResumeConsistency
[2026-08-01T14:20:53.814Z] checkResumeConsistency: forgedTimestamps=[]
[2026-08-01T14:20:53.821Z] checkResumeConsistency: no changes detected
[2026-08-01T14:20:53.821Z] LiveUpdateForge: session reset, allowLiveUpdate = false
[2026-08-01T14:20:53.821Z] NudgeForge: ResumeComplete — restoring count from history
[2026-08-01T14:20:53.822Z] restoreNudgeCountFromHistory: found last write at idx=241 count=24
[2026-08-01T14:20:53.864Z] LiveUpdateForge: allowLiveUpdate = true (first real BeforeSend)
[2026-08-01T14:20:53.865Z] InitialReadForge.onBeforeSend: SKIP (fr=false syn=false hasRead=true)
[2026-08-01T14:21:35.981Z] LiveUpdateForge: EndTurn fallback flush
[2026-08-01T14:21:35.982Z] onEndTurn: naturalStop=undefined toolCalls=24 nudgeMsg=no
[2026-08-01T14:21:35.982Z] LiveUpdateForge: EndTurn fallback flush
[2026-08-01T14:21:35.982Z] onEndTurn: naturalStop=false toolCalls=24 nudgeMsg=no
[2026-08-01T14:21:36.035Z] LiveUpdateForge: AfterToolExec flush
[2026-08-01T14:21:36.064Z] InitialReadForge.onBeforeSend: SKIP (fr=true syn=false hasRead=true)
[2026-08-01T14:21:39.829Z] LiveUpdateForge: EndTurn fallback flush
[2026-08-01T14:21:39.830Z] onEndTurn: naturalStop=undefined toolCalls=25 nudgeMsg=no
[2026-08-01T14:21:39.830Z] LiveUpdateForge: EndTurn fallback flush
[2026-08-01T14:21:39.830Z] onEndTurn: naturalStop=false toolCalls=25 nudgeMsg=no
[2026-08-01T14:21:39.838Z] LiveUpdateForge: AfterToolExec flush
[2026-08-01T14:21:39.873Z] InitialReadForge.onBeforeSend: SKIP (fr=true syn=false hasRead=true)
[2026-08-01T14:21:47.890Z] LiveUpdateForge: EndTurn fallback flush
[2026-08-01T14:21:47.891Z] onEndTurn: naturalStop=undefined toolCalls=26 nudgeMsg=no
[2026-08-01T14:21:47.891Z] LiveUpdateForge: EndTurn fallback flush
[2026-08-01T14:21:47.891Z] onEndTurn: naturalStop=false toolCalls=26 nudgeMsg=no
[2026-08-01T14:21:47.973Z] LiveUpdateForge: AfterToolExec flush
[2026-08-01T14:21:48.007Z] InitialReadForge.onBeforeSend: SKIP (fr=true syn=false hasRead=true)
[2026-08-01T14:21:53.280Z] LiveUpdateForge: EndTurn fallback flush
[2026-08-01T14:21:53.280Z] onEndTurn: naturalStop=undefined toolCalls=27 nudgeMsg=no
[2026-08-01T14:21:53.280Z] LiveUpdateForge: EndTurn fallback flush
[2026-08-01T14:21:53.280Z] onEndTurn: naturalStop=false toolCalls=27 nudgeMsg=no
[2026-08-01T14:21:53.420Z] LiveUpdateForge: AfterToolExec flush
[2026-08-01T14:21:53.453Z] InitialReadForge.onBeforeSend: SKIP (fr=true syn=false hasRead=true)
[2026-08-01T14:21:57.046Z] LiveUpdateForge: EndTurn fallback flush
[2026-08-01T14:21:57.046Z] onEndTurn: naturalStop=undefined toolCalls=28 nudgeMsg=no
[2026-08-01T14:21:57.047Z] LiveUpdateForge: EndTurn fallback flush
[2026-08-01T14:21:57.047Z] onEndTurn: naturalStop=false toolCalls=28 nudgeMsg=no
[2026-08-01T14:21:57.175Z] LiveUpdateForge: AfterToolExec flush
[2026-08-01T14:21:57.211Z] InitialReadForge.onBeforeSend: SKIP (fr=true syn=false hasRead=true)
[2026-08-01T14:22:04.784Z] LiveUpdateForge: EndTurn fallback flush
[2026-08-01T14:22:04.784Z] onEndTurn: naturalStop=undefined toolCalls=29 nudgeMsg=no
[2026-08-01T14:22:04.784Z] LiveUpdateForge: EndTurn fallback flush
[2026-08-01T14:22:04.784Z] onEndTurn: naturalStop=false toolCalls=29 nudgeMsg=no
[2026-08-01T14:22:04.914Z] LiveUpdateForge: AfterToolExec flush
[2026-08-01T14:22:04.944Z] InitialReadForge.onBeforeSend: SKIP (fr=true syn=false hasRead=true)
[2026-08-01T14:22:08.222Z] LiveUpdateForge: EndTurn fallback flush
[2026-08-01T14:22:08.223Z] onEndTurn: naturalStop=undefined toolCalls=30 nudgeMsg=no
[2026-08-01T14:22:08.223Z] LiveUpdateForge: EndTurn fallback flush
[2026-08-01T14:22:08.223Z] onEndTurn: naturalStop=false toolCalls=30 nudgeMsg=no
[2026-08-01T14:22:08.256Z] LiveUpdateForge: AfterToolExec flush
[2026-08-01T14:22:08.286Z] InitialReadForge.onBeforeSend: SKIP (fr=true syn=false hasRead=true)
[2026-08-01T14:22:10.363Z] LiveUpdateForge: EndTurn fallback flush
[2026-08-01T14:22:10.363Z] onEndTurn: naturalStop=undefined toolCalls=31 nudgeMsg=no
[2026-08-01T14:22:10.363Z] LiveUpdateForge: EndTurn fallback flush
[2026-08-01T14:22:10.363Z] onEndTurn: naturalStop=false toolCalls=31 nudgeMsg=no
[2026-08-01T14:22:22.232Z] LiveUpdateForge: AfterToolExec flush
[2026-08-01T14:22:22.269Z] InitialReadForge.onBeforeSend: SKIP (fr=true syn=false hasRead=true)
[2026-08-01T14:22:26.279Z] LiveUpdateForge: EndTurn fallback flush
[2026-08-01T14:22:26.279Z] onEndTurn: naturalStop=undefined toolCalls=32 nudgeMsg=no
[2026-08-01T14:22:26.279Z] LiveUpdateForge: EndTurn fallback flush
[2026-08-01T14:22:26.280Z] onEndTurn: naturalStop=true toolCalls=32 nudgeMsg=no
[2026-08-01T14:26:50.991Z] ResumeDiffForge: running checkResumeConsistency
[2026-08-01T14:26:50.991Z] checkResumeConsistency: forgedTimestamps=[]
[2026-08-01T14:26:51.000Z] checkResumeConsistency: no changes detected
[2026-08-01T14:26:51.000Z] LiveUpdateForge: session reset, allowLiveUpdate = false
[2026-08-01T14:26:51.000Z] NudgeForge: ResumeComplete — restoring count from history
[2026-08-01T14:26:51.001Z] restoreNudgeCountFromHistory: found last write at idx=241 count=32
[2026-08-01T14:26:51.051Z] LiveUpdateForge: allowLiveUpdate = true (first real BeforeSend)
[2026-08-01T14:26:51.052Z] InitialReadForge.onBeforeSend: SKIP (fr=false syn=false hasRead=true)
[2026-08-01T14:26:57.669Z] LiveUpdateForge: EndTurn fallback flush
[2026-08-01T14:26:57.669Z] onEndTurn: naturalStop=undefined toolCalls=32 nudgeMsg=no
[2026-08-01T14:26:57.670Z] LiveUpdateForge: EndTurn fallback flush
[2026-08-01T14:26:57.670Z] onEndTurn: naturalStop=false toolCalls=32 nudgeMsg=no
[2026-08-01T14:26:57.684Z] LiveUpdateForge: AfterToolExec flush
[2026-08-01T14:26:57.718Z] InitialReadForge.onBeforeSend: SKIP (fr=true syn=false hasRead=true)
[2026-08-01T14:27:01.271Z] LiveUpdateForge: EndTurn fallback flush
[2026-08-01T14:27:01.272Z] onEndTurn: naturalStop=undefined toolCalls=33 nudgeMsg=no
[2026-08-01T14:27:01.272Z] LiveUpdateForge: EndTurn fallback flush
[2026-08-01T14:27:01.272Z] onEndTurn: naturalStop=false toolCalls=33 nudgeMsg=no
[2026-08-01T14:27:01.281Z] LiveUpdateForge: AfterToolExec flush
[2026-08-01T14:27:01.315Z] InitialReadForge.onBeforeSend: SKIP (fr=true syn=false hasRead=true)
[2026-08-01T14:27:07.438Z] LiveUpdateForge: EndTurn fallback flush
[2026-08-01T14:27:07.439Z] onEndTurn: naturalStop=undefined toolCalls=34 nudgeMsg=no
[2026-08-01T14:27:07.439Z] LiveUpdateForge: EndTurn fallback flush
[2026-08-01T14:27:07.439Z] onEndTurn: naturalStop=false toolCalls=34 nudgeMsg=no
[2026-08-01T14:27:07.491Z] LiveUpdateForge: AfterToolExec flush
[2026-08-01T14:27:07.522Z] InitialReadForge.onBeforeSend: SKIP (fr=true syn=false hasRead=true)
[2026-08-01T14:27:15.249Z] LiveUpdateForge: EndTurn fallback flush
[2026-08-01T14:27:15.250Z] onEndTurn: naturalStop=undefined toolCalls=35 nudgeMsg=no
[2026-08-01T14:27:15.250Z] LiveUpdateForge: EndTurn fallback flush
[2026-08-01T14:27:15.250Z] onEndTurn: naturalStop=false toolCalls=35 nudgeMsg=no
[2026-08-01T14:27:15.274Z] LiveUpdateForge: AfterToolExec flush
[2026-08-01T14:27:15.304Z] InitialReadForge.onBeforeSend: SKIP (fr=true syn=false hasRead=true)
[2026-08-01T14:27:24.410Z] LiveUpdateForge: EndTurn fallback flush
[2026-08-01T14:27:24.410Z] onEndTurn: naturalStop=undefined toolCalls=36 nudgeMsg=no
[2026-08-01T14:27:24.410Z] LiveUpdateForge: EndTurn fallback flush
[2026-08-01T14:27:24.411Z] onEndTurn: naturalStop=false toolCalls=36 nudgeMsg=no
[2026-08-01T14:27:24.432Z] LiveUpdateForge: AfterToolExec flush
[2026-08-01T14:27:24.470Z] InitialReadForge.onBeforeSend: SKIP (fr=true syn=false hasRead=true)
[2026-08-01T14:27:28.039Z] LiveUpdateForge: EndTurn fallback flush
[2026-08-01T14:27:28.039Z] onEndTurn: naturalStop=undefined toolCalls=37 nudgeMsg=no
[2026-08-01T14:27:28.040Z] LiveUpdateForge: EndTurn fallback flush
[2026-08-01T14:27:28.040Z] onEndTurn: naturalStop=false toolCalls=37 nudgeMsg=no
[2026-08-01T14:27:28.049Z] LiveUpdateForge: AfterToolExec flush
[2026-08-01T14:27:28.086Z] InitialReadForge.onBeforeSend: SKIP (fr=true syn=false hasRead=true)
[2026-08-01T14:27:34.441Z] LiveUpdateForge: EndTurn fallback flush
[2026-08-01T14:27:34.441Z] onEndTurn: naturalStop=undefined toolCalls=38 nudgeMsg=no
[2026-08-01T14:27:34.441Z] LiveUpdateForge: EndTurn fallback flush
[2026-08-01T14:27:34.441Z] onEndTurn: naturalStop=false toolCalls=38 nudgeMsg=no
[2026-08-01T14:27:34.491Z] LiveUpdateForge: AfterToolExec flush
[2026-08-01T14:27:34.523Z] InitialReadForge.onBeforeSend: SKIP (fr=true syn=false hasRead=true)
[2026-08-01T14:27:36.970Z] LiveUpdateForge: EndTurn fallback flush
[2026-08-01T14:27:36.970Z] onEndTurn: naturalStop=undefined toolCalls=39 nudgeMsg=no
[2026-08-01T14:27:36.970Z] LiveUpdateForge: EndTurn fallback flush
[2026-08-01T14:27:36.970Z] onEndTurn: naturalStop=false toolCalls=39 nudgeMsg=no
[2026-08-01T14:27:37.510Z] LiveUpdateForge: AfterToolExec flush
[2026-08-01T14:27:37.546Z] InitialReadForge.onBeforeSend: SKIP (fr=true syn=false hasRead=true)
[2026-08-01T14:27:41.220Z] LiveUpdateForge: EndTurn fallback flush
[2026-08-01T14:27:41.220Z] onEndTurn: naturalStop=undefined toolCalls=40 nudgeMsg=no
[2026-08-01T14:27:41.220Z] LiveUpdateForge: EndTurn fallback flush
[2026-08-01T14:27:41.220Z] onEndTurn: naturalStop=false toolCalls=40 nudgeMsg=no
[2026-08-01T14:27:47.330Z] LiveUpdateForge: AfterToolExec flush
[2026-08-01T14:27:47.365Z] InitialReadForge.onBeforeSend: SKIP (fr=true syn=false hasRead=true)
[2026-08-01T14:27:49.790Z] LiveUpdateForge: EndTurn fallback flush
[2026-08-01T14:27:49.790Z] onEndTurn: naturalStop=undefined toolCalls=41 nudgeMsg=no
[2026-08-01T14:27:49.791Z] LiveUpdateForge: EndTurn fallback flush
[2026-08-01T14:27:49.791Z] onEndTurn: naturalStop=false toolCalls=41 nudgeMsg=no
[2026-08-01T14:27:58.761Z] LiveUpdateForge: AfterToolExec flush
[2026-08-01T14:27:58.810Z] InitialReadForge.onBeforeSend: SKIP (fr=true syn=false hasRead=true)
[2026-08-01T14:28:00.979Z] LiveUpdateForge: EndTurn fallback flush
[2026-08-01T14:28:00.979Z] onEndTurn: naturalStop=undefined toolCalls=42 nudgeMsg=no
[2026-08-01T14:28:00.980Z] LiveUpdateForge: EndTurn fallback flush
[2026-08-01T14:28:00.980Z] onEndTurn: naturalStop=true toolCalls=42 nudgeMsg=no
[2026-08-01T14:28:41.844Z] MemoryForge: attached 5 listener(s)
[2026-08-01T14:28:41.844Z] InitialReadForge: armed one-shot BeforeSend after NewSessionStart
[2026-08-01T14:28:41.844Z] LiveUpdateForge: session reset, allowLiveUpdate = false
[2026-08-01T14:29:04.903Z] MemoryForge: attached 5 listener(s)
[2026-08-01T14:29:04.903Z] InitialReadForge: armed one-shot BeforeSend after NewSessionStart
[2026-08-01T14:29:04.903Z] LiveUpdateForge: session reset, allowLiveUpdate = false
[2026-08-01T14:29:04.904Z] MemoryForge: detached all listeners
[2026-08-01T14:29:04.905Z] ResumeDiffForge: no read_memory in history, backfilling forge
[2026-08-01T14:29:05.049Z] recordForgedToolExchange: toolName=read_memory callId=resume-forge-read-memory-backfill
[2026-08-01T14:29:05.083Z] recordForgedToolExchange: recordMessage + recordToolCalls persisted
[2026-08-01T14:29:05.083Z] injectForgedHistory: role=user preview=""
[2026-08-01T14:29:05.097Z] injectForgedHistory: recordMessage persisted
[2026-08-01T14:29:05.102Z] ResumeDiffForge: backfilled read_memory and baseline for 2 raw + 2 provider file(s)
[2026-08-01T14:29:05.102Z] LiveUpdateForge: session reset, allowLiveUpdate = false
[2026-08-01T14:29:05.103Z] NudgeForge: ResumeComplete — restoring count from history
[2026-08-01T14:29:05.103Z] restoreNudgeCountFromHistory: no reset point found, count=0
[2026-08-01T14:29:05.117Z] LiveUpdateForge: allowLiveUpdate = true (first real BeforeSend)
[2026-08-01T14:29:05.118Z] InitialReadForge.onBeforeSend: SKIP (fr=false syn=false hasRead=true)
[2026-08-01T14:29:09.463Z] LiveUpdateForge: EndTurn fallback flush
[2026-08-01T14:29:09.464Z] onEndTurn: naturalStop=undefined toolCalls=0 nudgeMsg=no
[2026-08-01T14:29:09.464Z] LiveUpdateForge: EndTurn fallback flush
[2026-08-01T14:29:09.464Z] onEndTurn: naturalStop=false toolCalls=0 nudgeMsg=no
[2026-08-01T14:29:10.144Z] LiveUpdateForge: AfterToolExec flush
[2026-08-01T14:29:10.146Z] LiveUpdateForge: AfterToolExec flush
[2026-08-01T14:29:43.117Z] LiveUpdateForge: AfterToolExec flush
[2026-08-01T14:29:43.135Z] InitialReadForge.onBeforeSend: SKIP (fr=true syn=false hasRead=true)
[2026-08-01T14:29:46.276Z] LiveUpdateForge: EndTurn fallback flush
[2026-08-01T14:29:46.276Z] onEndTurn: naturalStop=undefined toolCalls=3 nudgeMsg=no
[2026-08-01T14:29:46.277Z] LiveUpdateForge: EndTurn fallback flush
[2026-08-01T14:29:46.277Z] onEndTurn: naturalStop=false toolCalls=3 nudgeMsg=no
[2026-08-01T14:29:46.286Z] LiveUpdateForge: AfterToolExec flush
[2026-08-01T14:29:46.304Z] InitialReadForge.onBeforeSend: SKIP (fr=true syn=false hasRead=true)
[2026-08-01T14:29:54.774Z] LiveUpdateForge: EndTurn fallback flush
[2026-08-01T14:29:54.774Z] onEndTurn: naturalStop=undefined toolCalls=4 nudgeMsg=no
[2026-08-01T14:29:54.775Z] LiveUpdateForge: EndTurn fallback flush
[2026-08-01T14:29:54.775Z] onEndTurn: naturalStop=false toolCalls=4 nudgeMsg=no
[2026-08-01T14:32:33.103Z] LiveUpdateForge: AfterToolExec flush
[2026-08-01T14:32:33.133Z] InitialReadForge.onBeforeSend: SKIP (fr=true syn=false hasRead=true)
[2026-08-01T14:32:51.796Z] LiveUpdateForge: EndTurn fallback flush
[2026-08-01T14:32:51.796Z] onEndTurn: naturalStop=undefined toolCalls=5 nudgeMsg=no
[2026-08-01T14:32:51.797Z] LiveUpdateForge: EndTurn fallback flush
[2026-08-01T14:32:51.797Z] onEndTurn: naturalStop=true toolCalls=5 nudgeMsg=no
[2026-08-01T22:32:53.083Z] MemoryForge: attached 5 listener(s)
[2026-08-01T22:32:53.084Z] InitialReadForge: armed one-shot BeforeSend after NewSessionStart
[2026-08-01T22:32:53.085Z] LiveUpdateForge: session reset, allowLiveUpdate = false
[2026-08-01T22:32:53.686Z] LiveUpdateForge: session reset, allowLiveUpdate = false
[2026-08-01T22:32:53.718Z] ResumeDiffForge: running checkResumeConsistency
[2026-08-01T22:32:53.719Z] checkResumeConsistency: forgedTimestamps=[["project","1970-01-01T00:00:00.000Z"]]
[2026-08-01T22:32:53.727Z] checkResumeConsistency: injecting 1 diff notification(s)
[2026-08-01T22:32:53.727Z] injectForgedHistory: role=user preview="[agent-auto] [memory-update 2026-08-01 21:57:01] project memory file has been mo"
[2026-08-01T22:32:53.728Z] injectForgedHistory: recordMessage persisted
[2026-08-01T22:32:53.729Z] LiveUpdateForge: session reset, allowLiveUpdate = false
[2026-08-01T22:32:53.729Z] NudgeForge: ResumeComplete — restoring count from history
[2026-08-01T22:32:53.730Z] restoreNudgeCountFromHistory: found last write at idx=111 count=38
[2026-08-01T22:35:36.578Z] ResumeDiffForge: running checkResumeConsistency
[2026-08-01T22:35:36.580Z] checkResumeConsistency: forgedTimestamps=[["project","1970-01-01T00:00:00.000Z"]]
[2026-08-01T22:35:36.587Z] checkResumeConsistency: injecting 1 diff notification(s)
[2026-08-01T22:35:36.587Z] injectForgedHistory: role=user preview="[agent-auto] [memory-update 2026-08-01 21:57:01] project memory file has been mo"
[2026-08-01T22:35:36.608Z] injectForgedHistory: recordMessage persisted
[2026-08-01T22:35:36.608Z] LiveUpdateForge: session reset, allowLiveUpdate = false
[2026-08-01T22:35:36.608Z] NudgeForge: ResumeComplete — restoring count from history
[2026-08-01T22:35:36.609Z] restoreNudgeCountFromHistory: found last write at idx=111 count=38
[2026-08-01T22:36:36.910Z] MemoryForge: attached 5 listener(s)
[2026-08-01T22:36:36.910Z] InitialReadForge: armed one-shot BeforeSend after NewSessionStart
[2026-08-01T22:36:36.910Z] LiveUpdateForge: session reset, allowLiveUpdate = false
[2026-08-01T22:36:36.985Z] LiveUpdateForge: session reset, allowLiveUpdate = false
[2026-08-01T22:36:36.990Z] ResumeDiffForge: running checkResumeConsistency
[2026-08-01T22:36:36.990Z] checkResumeConsistency: forgedTimestamps=[]
[2026-08-01T22:36:36.993Z] checkResumeConsistency: no changes detected
[2026-08-01T22:36:36.994Z] LiveUpdateForge: session reset, allowLiveUpdate = false
[2026-08-01T22:36:36.994Z] NudgeForge: ResumeComplete — restoring count from history
[2026-08-01T22:36:36.995Z] restoreNudgeCountFromHistory: no reset point found, count=5
[2026-08-01T22:37:29.016Z] MemoryForge: attached 5 listener(s)
[2026-08-01T22:37:29.017Z] InitialReadForge: armed one-shot BeforeSend after NewSessionStart
[2026-08-01T22:37:29.017Z] LiveUpdateForge: session reset, allowLiveUpdate = false
[2026-08-01T22:37:29.403Z] LiveUpdateForge: session reset, allowLiveUpdate = false
[2026-08-01T22:37:29.440Z] ResumeDiffForge: running checkResumeConsistency
[2026-08-01T22:37:29.441Z] checkResumeConsistency: forgedTimestamps=[["project","1970-01-01T00:00:00.000Z"]]
[2026-08-01T22:37:29.448Z] checkResumeConsistency: injecting 1 diff notification(s)
[2026-08-01T22:37:29.449Z] injectForgedHistory: role=user preview="[agent-auto] [memory-update 2026-08-01 21:57:01] project memory file has been mo"
[2026-08-01T22:37:29.449Z] injectForgedHistory: recordMessage persisted
[2026-08-01T22:37:29.450Z] LiveUpdateForge: session reset, allowLiveUpdate = false
[2026-08-01T22:37:29.450Z] NudgeForge: ResumeComplete — restoring count from history
[2026-08-01T22:37:29.451Z] restoreNudgeCountFromHistory: found last write at idx=111 count=38
[2026-08-01T22:37:29.803Z] ResumeDiffForge: running checkResumeConsistency
[2026-08-01T22:37:29.804Z] checkResumeConsistency: forgedTimestamps=[["project","1970-01-01T00:00:00.000Z"]]
[2026-08-01T22:37:29.810Z] checkResumeConsistency: injecting 1 diff notification(s)
[2026-08-01T22:37:29.810Z] injectForgedHistory: role=user preview="[agent-auto] [memory-update 2026-08-01 21:57:01] project memory file has been mo"
[2026-08-01T22:37:29.836Z] injectForgedHistory: recordMessage persisted
[2026-08-01T22:37:29.837Z] LiveUpdateForge: session reset, allowLiveUpdate = false
[2026-08-01T22:37:29.837Z] NudgeForge: ResumeComplete — restoring count from history
[2026-08-01T22:37:29.837Z] restoreNudgeCountFromHistory: found last write at idx=111 count=38
[2026-08-01T22:37:29.935Z] ResumeDiffForge: running checkResumeConsistency
[2026-08-01T22:37:29.935Z] checkResumeConsistency: forgedTimestamps=[["project","1970-01-01T00:00:00.000Z"]]
[2026-08-01T22:37:29.942Z] checkResumeConsistency: injecting 1 diff notification(s)
[2026-08-01T22:37:29.942Z] injectForgedHistory: role=user preview="[agent-auto] [memory-update 2026-08-01 21:57:01] project memory file has been mo"
[2026-08-01T22:37:29.965Z] injectForgedHistory: recordMessage persisted
[2026-08-01T22:37:29.966Z] LiveUpdateForge: session reset, allowLiveUpdate = false
[2026-08-01T22:37:29.966Z] NudgeForge: ResumeComplete — restoring count from history
[2026-08-01T22:37:29.966Z] restoreNudgeCountFromHistory: found last write at idx=111 count=38
[2026-08-01T22:37:30.256Z] MemoryForge: attached 5 listener(s)
[2026-08-01T22:37:30.256Z] InitialReadForge: armed one-shot BeforeSend after NewSessionStart
[2026-08-01T22:37:30.256Z] LiveUpdateForge: session reset, allowLiveUpdate = false
[2026-08-01T22:37:30.262Z] MemoryForge: detached all listeners
[2026-08-01T22:37:30.263Z] ResumeDiffForge: running checkResumeConsistency
[2026-08-01T22:37:30.263Z] checkResumeConsistency: forgedTimestamps=[["project","1970-01-01T00:00:00.000Z"]]
[2026-08-01T22:37:30.293Z] checkResumeConsistency: injecting 1 diff notification(s)
[2026-08-01T22:37:30.293Z] injectForgedHistory: role=user preview="[agent-auto] [memory-update 2026-08-01 21:57:01] project memory file has been mo"
[2026-08-01T22:37:30.316Z] injectForgedHistory: recordMessage persisted
[2026-08-01T22:37:30.316Z] LiveUpdateForge: session reset, allowLiveUpdate = false
[2026-08-01T22:37:30.316Z] NudgeForge: ResumeComplete — restoring count from history
[2026-08-01T22:37:30.316Z] restoreNudgeCountFromHistory: found last write at idx=111 count=38
[2026-08-01T22:37:30.343Z] LiveUpdateForge: allowLiveUpdate = true (first real BeforeSend)
[2026-08-01T22:37:30.344Z] InitialReadForge.onBeforeSend: SKIP (fr=false syn=false hasRead=true)
[2026-08-01T22:37:42.515Z] LiveUpdateForge: EndTurn fallback flush
[2026-08-01T22:37:42.516Z] onEndTurn: naturalStop=undefined toolCalls=38 nudgeMsg=no
[2026-08-01T22:37:42.517Z] LiveUpdateForge: EndTurn fallback flush
[2026-08-01T22:37:42.518Z] onEndTurn: naturalStop=false toolCalls=38 nudgeMsg=no
[2026-08-01T22:38:39.874Z] LiveUpdateForge: AfterToolExec flush
[2026-08-01T22:38:39.906Z] InitialReadForge.onBeforeSend: SKIP (fr=true syn=false hasRead=true)
[2026-08-01T22:38:43.744Z] LiveUpdateForge: EndTurn fallback flush
[2026-08-01T22:38:43.745Z] onEndTurn: naturalStop=undefined toolCalls=39 nudgeMsg=no
[2026-08-01T22:38:43.745Z] LiveUpdateForge: EndTurn fallback flush
[2026-08-01T22:38:43.745Z] onEndTurn: naturalStop=false toolCalls=39 nudgeMsg=no
[2026-08-01T22:38:43.812Z] LiveUpdateForge: AfterToolExec flush
[2026-08-01T22:38:59.210Z] LiveUpdateForge: AfterToolExec flush
[2026-08-01T22:38:59.238Z] InitialReadForge.onBeforeSend: SKIP (fr=true syn=false hasRead=true)
[2026-08-01T22:39:01.194Z] LiveUpdateForge: EndTurn fallback flush
[2026-08-01T22:39:01.194Z] onEndTurn: naturalStop=undefined toolCalls=41 nudgeMsg=no
[2026-08-01T22:39:01.194Z] LiveUpdateForge: EndTurn fallback flush
[2026-08-01T22:39:01.195Z] onEndTurn: naturalStop=false toolCalls=41 nudgeMsg=no
[2026-08-01T22:39:01.207Z] LiveUpdateForge: AfterToolExec flush
[2026-08-01T22:39:01.234Z] InitialReadForge.onBeforeSend: SKIP (fr=true syn=false hasRead=true)
[2026-08-01T22:39:10.353Z] LiveUpdateForge: EndTurn fallback flush
[2026-08-01T22:39:10.354Z] onEndTurn: naturalStop=undefined toolCalls=42 nudgeMsg=no
[2026-08-01T22:39:10.354Z] LiveUpdateForge: EndTurn fallback flush
[2026-08-01T22:39:10.354Z] onEndTurn: naturalStop=false toolCalls=42 nudgeMsg=no
[2026-08-01T22:39:19.086Z] LiveUpdateForge: AfterToolExec flush
[2026-08-01T22:39:19.125Z] InitialReadForge.onBeforeSend: SKIP (fr=true syn=false hasRead=true)
[2026-08-01T22:39:23.551Z] LiveUpdateForge: EndTurn fallback flush
[2026-08-01T22:39:23.552Z] onEndTurn: naturalStop=undefined toolCalls=43 nudgeMsg=no
[2026-08-01T22:39:23.552Z] LiveUpdateForge: EndTurn fallback flush
[2026-08-01T22:39:23.552Z] onEndTurn: naturalStop=false toolCalls=43 nudgeMsg=no
[2026-08-01T22:39:24.515Z] LiveUpdateForge: AfterToolExec flush
[2026-08-01T22:39:24.548Z] InitialReadForge.onBeforeSend: SKIP (fr=true syn=false hasRead=true)
[2026-08-01T22:39:32.198Z] LiveUpdateForge: EndTurn fallback flush
[2026-08-01T22:39:32.198Z] onEndTurn: naturalStop=undefined toolCalls=44 nudgeMsg=no
[2026-08-01T22:39:32.199Z] LiveUpdateForge: EndTurn fallback flush
[2026-08-01T22:39:32.199Z] onEndTurn: naturalStop=false toolCalls=44 nudgeMsg=no
[2026-08-01T22:39:32.840Z] LiveUpdateForge: AfterToolExec flush
[2026-08-01T22:39:32.870Z] InitialReadForge.onBeforeSend: SKIP (fr=true syn=false hasRead=true)
[2026-08-01T22:39:43.876Z] LiveUpdateForge: EndTurn fallback flush
[2026-08-01T22:39:43.877Z] onEndTurn: naturalStop=undefined toolCalls=45 nudgeMsg=no
[2026-08-01T22:39:43.877Z] LiveUpdateForge: EndTurn fallback flush
[2026-08-01T22:39:43.877Z] onEndTurn: naturalStop=false toolCalls=45 nudgeMsg=no
[2026-08-01T22:39:45.117Z] LiveUpdateForge: AfterToolExec flush
[2026-08-01T22:39:45.152Z] InitialReadForge.onBeforeSend: SKIP (fr=true syn=false hasRead=true)
[2026-08-01T22:39:47.489Z] LiveUpdateForge: EndTurn fallback flush
[2026-08-01T22:39:47.489Z] onEndTurn: naturalStop=undefined toolCalls=46 nudgeMsg=no
[2026-08-01T22:39:47.490Z] LiveUpdateForge: EndTurn fallback flush
[2026-08-01T22:39:47.490Z] onEndTurn: naturalStop=false toolCalls=46 nudgeMsg=no
[2026-08-01T22:39:47.562Z] LiveUpdateForge: AfterToolExec flush
[2026-08-01T22:39:47.595Z] InitialReadForge.onBeforeSend: SKIP (fr=true syn=false hasRead=true)
[2026-08-01T22:39:49.990Z] LiveUpdateForge: EndTurn fallback flush
[2026-08-01T22:39:49.990Z] onEndTurn: naturalStop=undefined toolCalls=47 nudgeMsg=no
[2026-08-01T22:39:49.990Z] LiveUpdateForge: EndTurn fallback flush
[2026-08-01T22:39:49.991Z] onEndTurn: naturalStop=false toolCalls=47 nudgeMsg=no
[2026-08-01T22:39:56.619Z] LiveUpdateForge: AfterToolExec flush
[2026-08-01T22:39:56.651Z] InitialReadForge.onBeforeSend: SKIP (fr=true syn=false hasRead=true)
[2026-08-01T22:39:58.469Z] LiveUpdateForge: EndTurn fallback flush
[2026-08-01T22:39:58.470Z] onEndTurn: naturalStop=undefined toolCalls=48 nudgeMsg=no
[2026-08-01T22:39:58.470Z] LiveUpdateForge: EndTurn fallback flush
[2026-08-01T22:39:58.470Z] onEndTurn: naturalStop=false toolCalls=48 nudgeMsg=no
[2026-08-01T22:39:58.662Z] LiveUpdateForge: AfterToolExec flush
[2026-08-01T22:39:58.693Z] InitialReadForge.onBeforeSend: SKIP (fr=true syn=false hasRead=true)
[2026-08-01T22:40:01.824Z] LiveUpdateForge: EndTurn fallback flush
[2026-08-01T22:40:01.825Z] onEndTurn: naturalStop=undefined toolCalls=49 nudgeMsg=no
[2026-08-01T22:40:01.825Z] LiveUpdateForge: EndTurn fallback flush
[2026-08-01T22:40:01.825Z] onEndTurn: naturalStop=false toolCalls=49 nudgeMsg=no
[2026-08-01T22:40:03.646Z] MemoryForge: attached 5 listener(s)
[2026-08-01T22:40:03.646Z] InitialReadForge: armed one-shot BeforeSend after NewSessionStart
[2026-08-01T22:40:03.647Z] LiveUpdateForge: session reset, allowLiveUpdate = false
[2026-08-01T22:40:03.720Z] LiveUpdateForge: session reset, allowLiveUpdate = false
[2026-08-01T22:40:03.724Z] ResumeDiffForge: running checkResumeConsistency
[2026-08-01T22:40:03.724Z] checkResumeConsistency: forgedTimestamps=[]
[2026-08-01T22:40:03.735Z] checkResumeConsistency: no changes detected
[2026-08-01T22:40:03.735Z] LiveUpdateForge: session reset, allowLiveUpdate = false
[2026-08-01T22:40:03.736Z] NudgeForge: ResumeComplete — restoring count from history
[2026-08-01T22:40:03.736Z] restoreNudgeCountFromHistory: no reset point found, count=5
[2026-08-01T22:40:04.140Z] ResumeDiffForge: running checkResumeConsistency
[2026-08-01T22:40:04.140Z] checkResumeConsistency: forgedTimestamps=[]
[2026-08-01T22:40:04.153Z] checkResumeConsistency: no changes detected
[2026-08-01T22:40:04.153Z] LiveUpdateForge: session reset, allowLiveUpdate = false
[2026-08-01T22:40:04.153Z] NudgeForge: ResumeComplete — restoring count from history
[2026-08-01T22:40:04.153Z] restoreNudgeCountFromHistory: no reset point found, count=5
[2026-08-01T22:40:04.207Z] ResumeDiffForge: running checkResumeConsistency
[2026-08-01T22:40:04.207Z] checkResumeConsistency: forgedTimestamps=[]
[2026-08-01T22:40:04.213Z] checkResumeConsistency: no changes detected
[2026-08-01T22:40:04.214Z] LiveUpdateForge: session reset, allowLiveUpdate = false
[2026-08-01T22:40:04.214Z] NudgeForge: ResumeComplete — restoring count from history
[2026-08-01T22:40:04.214Z] restoreNudgeCountFromHistory: no reset point found, count=5
[2026-08-01T22:40:04.478Z] MemoryForge: attached 5 listener(s)
[2026-08-01T22:40:04.479Z] InitialReadForge: armed one-shot BeforeSend after NewSessionStart
[2026-08-01T22:40:04.479Z] LiveUpdateForge: session reset, allowLiveUpdate = false
[2026-08-01T22:40:04.482Z] MemoryForge: detached all listeners
[2026-08-01T22:40:04.482Z] ResumeDiffForge: running checkResumeConsistency
[2026-08-01T22:40:04.483Z] checkResumeConsistency: forgedTimestamps=[]
[2026-08-01T22:40:04.508Z] checkResumeConsistency: no changes detected
[2026-08-01T22:40:04.509Z] LiveUpdateForge: session reset, allowLiveUpdate = false
[2026-08-01T22:40:04.509Z] NudgeForge: ResumeComplete — restoring count from history
[2026-08-01T22:40:04.509Z] restoreNudgeCountFromHistory: no reset point found, count=5
[2026-08-01T22:40:04.529Z] LiveUpdateForge: allowLiveUpdate = true (first real BeforeSend)
[2026-08-01T22:40:04.530Z] InitialReadForge.onBeforeSend: SKIP (fr=false syn=false hasRead=true)
[2026-08-01T22:40:08.994Z] LiveUpdateForge: EndTurn fallback flush
[2026-08-01T22:40:08.995Z] onEndTurn: naturalStop=undefined toolCalls=5 nudgeMsg=no
[2026-08-01T22:40:08.995Z] LiveUpdateForge: EndTurn fallback flush
[2026-08-01T22:40:08.995Z] onEndTurn: naturalStop=false toolCalls=5 nudgeMsg=no
[2026-08-01T22:40:17.469Z] LiveUpdateForge: AfterToolExec flush
[2026-08-01T22:40:17.503Z] InitialReadForge.onBeforeSend: SKIP (fr=true syn=false hasRead=true)
[2026-08-01T22:40:25.186Z] LiveUpdateForge: EndTurn fallback flush
[2026-08-01T22:40:25.186Z] onEndTurn: naturalStop=undefined toolCalls=50 nudgeMsg=no
[2026-08-01T22:40:25.187Z] LiveUpdateForge: EndTurn fallback flush
[2026-08-01T22:40:25.187Z] onEndTurn: naturalStop=false toolCalls=50 nudgeMsg=no
[2026-08-01T22:40:25.587Z] LiveUpdateForge: AfterToolExec flush
[2026-08-01T22:40:25.621Z] InitialReadForge.onBeforeSend: SKIP (fr=true syn=false hasRead=true)
[2026-08-01T22:40:36.485Z] LiveUpdateForge: EndTurn fallback flush
[2026-08-01T22:40:36.486Z] onEndTurn: naturalStop=undefined toolCalls=51 nudgeMsg=no
[2026-08-01T22:40:36.486Z] LiveUpdateForge: EndTurn fallback flush
[2026-08-01T22:40:36.486Z] onEndTurn: naturalStop=false toolCalls=51 nudgeMsg=no
[2026-08-01T22:40:37.166Z] LiveUpdateForge: AfterToolExec flush
[2026-08-01T22:40:37.201Z] InitialReadForge.onBeforeSend: SKIP (fr=true syn=false hasRead=true)
[2026-08-01T22:40:39.313Z] LiveUpdateForge: EndTurn fallback flush
[2026-08-01T22:40:39.314Z] onEndTurn: naturalStop=undefined toolCalls=52 nudgeMsg=no
[2026-08-01T22:40:39.314Z] LiveUpdateForge: EndTurn fallback flush
[2026-08-01T22:40:39.314Z] onEndTurn: naturalStop=false toolCalls=52 nudgeMsg=no
[2026-08-01T22:40:39.486Z] LiveUpdateForge: AfterToolExec flush
[2026-08-01T22:40:39.522Z] InitialReadForge.onBeforeSend: SKIP (fr=true syn=false hasRead=true)
[2026-08-01T22:40:42.552Z] LiveUpdateForge: EndTurn fallback flush
[2026-08-01T22:40:42.552Z] onEndTurn: naturalStop=undefined toolCalls=53 nudgeMsg=no
[2026-08-01T22:40:42.552Z] LiveUpdateForge: EndTurn fallback flush
[2026-08-01T22:40:42.553Z] onEndTurn: naturalStop=false toolCalls=53 nudgeMsg=no
[2026-08-01T22:40:54.874Z] LiveUpdateForge: AfterToolExec flush
[2026-08-01T22:40:54.910Z] InitialReadForge.onBeforeSend: SKIP (fr=true syn=false hasRead=true)
[2026-08-01T22:40:58.865Z] LiveUpdateForge: EndTurn fallback flush
[2026-08-01T22:40:58.865Z] onEndTurn: naturalStop=undefined toolCalls=54 nudgeMsg=no
[2026-08-01T22:40:58.865Z] LiveUpdateForge: EndTurn fallback flush
[2026-08-01T22:40:58.866Z] onEndTurn: naturalStop=false toolCalls=54 nudgeMsg=no
[2026-08-01T22:40:59.348Z] LiveUpdateForge: AfterToolExec flush
[2026-08-01T22:40:59.384Z] InitialReadForge.onBeforeSend: SKIP (fr=true syn=false hasRead=true)
[2026-08-01T22:41:01.097Z] LiveUpdateForge: EndTurn fallback flush
[2026-08-01T22:41:01.097Z] onEndTurn: naturalStop=undefined toolCalls=55 nudgeMsg=no
[2026-08-01T22:41:01.097Z] LiveUpdateForge: EndTurn fallback flush
[2026-08-01T22:41:01.098Z] onEndTurn: naturalStop=false toolCalls=55 nudgeMsg=no
[2026-08-01T22:41:01.240Z] LiveUpdateForge: AfterToolExec flush
[2026-08-01T22:41:01.273Z] InitialReadForge.onBeforeSend: SKIP (fr=true syn=false hasRead=true)
[2026-08-01T22:41:03.440Z] LiveUpdateForge: EndTurn fallback flush
[2026-08-01T22:41:03.440Z] onEndTurn: naturalStop=undefined toolCalls=56 nudgeMsg=no
[2026-08-01T22:41:03.440Z] LiveUpdateForge: EndTurn fallback flush
[2026-08-01T22:41:03.440Z] onEndTurn: naturalStop=false toolCalls=56 nudgeMsg=no
[2026-08-01T22:41:20.476Z] LiveUpdateForge: AfterToolExec flush
[2026-08-01T22:41:20.514Z] InitialReadForge.onBeforeSend: SKIP (fr=true syn=false hasRead=true)
[2026-08-01T22:41:22.722Z] LiveUpdateForge: EndTurn fallback flush
[2026-08-01T22:41:22.722Z] onEndTurn: naturalStop=undefined toolCalls=57 nudgeMsg=no
[2026-08-01T22:41:22.722Z] LiveUpdateForge: EndTurn fallback flush
[2026-08-01T22:41:22.722Z] onEndTurn: naturalStop=true toolCalls=0 nudgeMsg=YES
[2026-08-01T22:41:22.729Z] InitialReadForge.onBeforeSend: SKIP (fr=false syn=false hasRead=true)
[2026-08-01T22:41:25.742Z] LiveUpdateForge: EndTurn fallback flush
[2026-08-01T22:41:25.743Z] onEndTurn: naturalStop=undefined toolCalls=0 nudgeMsg=no
[2026-08-01T22:41:25.743Z] LiveUpdateForge: EndTurn fallback flush
[2026-08-01T22:41:25.743Z] onEndTurn: naturalStop=false toolCalls=0 nudgeMsg=no
[2026-08-01T22:41:25.761Z] LiveUpdateForge: self-write on D:\unity\mowang\CODELY.md, baseline aligned
[2026-08-01T22:41:25.763Z] LiveUpdateForge: AfterToolExec flush
[2026-08-01T22:41:25.798Z] InitialReadForge.onBeforeSend: SKIP (fr=true syn=false hasRead=true)
[2026-08-01T22:41:26.284Z] LiveUpdateForge: pending external change on D:\unity\mowang\CODELY.md
[2026-08-01T22:41:28.275Z] LiveUpdateForge: EndTurn fallback flush
[2026-08-01T22:41:28.276Z] onEndTurn: naturalStop=undefined toolCalls=0 nudgeMsg=no
[2026-08-01T22:41:28.276Z] LiveUpdateForge: EndTurn fallback flush
[2026-08-01T22:41:28.276Z] onEndTurn: naturalStop=false toolCalls=0 nudgeMsg=no
[2026-08-01T22:41:28.285Z] LiveUpdateForge: self-write on D:\unity\mowang\CODELY.md, baseline aligned
[2026-08-01T22:41:28.286Z] LiveUpdateForge: AfterToolExec flush
[2026-08-01T22:41:28.323Z] InitialReadForge.onBeforeSend: SKIP (fr=true syn=false hasRead=true)
[2026-08-01T22:41:28.801Z] LiveUpdateForge: pending external change on D:\unity\mowang\CODELY.md
[2026-08-01T22:41:30.938Z] LiveUpdateForge: EndTurn fallback flush
[2026-08-01T22:41:30.938Z] onEndTurn: naturalStop=undefined toolCalls=0 nudgeMsg=no
[2026-08-01T22:41:30.938Z] LiveUpdateForge: EndTurn fallback flush
[2026-08-01T22:41:30.938Z] onEndTurn: naturalStop=false toolCalls=0 nudgeMsg=no
[2026-08-01T22:41:30.949Z] LiveUpdateForge: self-write on D:\unity\mowang\CODELY.md, baseline aligned
[2026-08-01T22:41:30.950Z] LiveUpdateForge: AfterToolExec flush
[2026-08-01T22:41:30.985Z] InitialReadForge.onBeforeSend: SKIP (fr=true syn=false hasRead=true)
[2026-08-01T22:41:31.469Z] LiveUpdateForge: pending external change on D:\unity\mowang\CODELY.md
[2026-08-01T22:41:33.436Z] LiveUpdateForge: EndTurn fallback flush
[2026-08-01T22:41:33.436Z] onEndTurn: naturalStop=undefined toolCalls=0 nudgeMsg=no
[2026-08-01T22:41:33.437Z] LiveUpdateForge: EndTurn fallback flush
[2026-08-01T22:41:33.437Z] onEndTurn: naturalStop=true toolCalls=0 nudgeMsg=no
[2026-08-01T22:41:46.654Z] LiveUpdateForge: AfterToolExec flush
[2026-08-01T22:41:46.655Z] LiveUpdateForge: enqueuing 1 diff notification(s)
[2026-08-01T22:41:46.688Z] InitialReadForge.onBeforeSend: SKIP (fr=true syn=false hasRead=true)
[2026-08-01T22:41:56.564Z] LiveUpdateForge: EndTurn fallback flush
[2026-08-01T22:41:56.564Z] onEndTurn: naturalStop=undefined toolCalls=6 nudgeMsg=no
[2026-08-01T22:41:56.565Z] LiveUpdateForge: EndTurn fallback flush
[2026-08-01T22:41:56.565Z] onEndTurn: naturalStop=true toolCalls=6 nudgeMsg=no
[2026-08-01T22:44:52.861Z] ResumeDiffForge: running checkResumeConsistency
[2026-08-01T22:44:52.863Z] checkResumeConsistency: forgedTimestamps=[]
[2026-08-01T22:44:52.887Z] checkResumeConsistency: no changes detected
[2026-08-01T22:44:52.888Z] LiveUpdateForge: session reset, allowLiveUpdate = false
[2026-08-01T22:44:52.888Z] NudgeForge: ResumeComplete — restoring count from history
[2026-08-01T22:44:52.888Z] restoreNudgeCountFromHistory: no reset point found, count=6
[2026-08-01T22:44:52.945Z] LiveUpdateForge: allowLiveUpdate = true (first real BeforeSend)
[2026-08-01T22:44:52.945Z] InitialReadForge.onBeforeSend: SKIP (fr=false syn=false hasRead=true)
[2026-08-01T22:44:56.620Z] LiveUpdateForge: EndTurn fallback flush
[2026-08-01T22:44:56.620Z] onEndTurn: naturalStop=undefined toolCalls=6 nudgeMsg=no
[2026-08-01T22:44:56.621Z] LiveUpdateForge: EndTurn fallback flush
[2026-08-01T22:44:56.621Z] onEndTurn: naturalStop=false toolCalls=6 nudgeMsg=no
[2026-08-01T22:44:57.054Z] LiveUpdateForge: AfterToolExec flush
[2026-08-01T22:45:37.108Z] LiveUpdateForge: AfterToolExec flush
[2026-08-01T22:45:37.137Z] InitialReadForge.onBeforeSend: SKIP (fr=true syn=false hasRead=true)
[2026-08-01T22:45:38.539Z] LiveUpdateForge: EndTurn fallback flush
[2026-08-01T22:45:38.539Z] onEndTurn: naturalStop=undefined toolCalls=8 nudgeMsg=no
[2026-08-01T22:45:38.540Z] LiveUpdateForge: EndTurn fallback flush
[2026-08-01T22:45:38.540Z] onEndTurn: naturalStop=false toolCalls=8 nudgeMsg=no
[2026-08-01T22:45:38.546Z] LiveUpdateForge: AfterToolExec flush
[2026-08-01T22:45:38.571Z] InitialReadForge.onBeforeSend: SKIP (fr=true syn=false hasRead=true)
[2026-08-01T22:46:10.631Z] LiveUpdateForge: EndTurn fallback flush
[2026-08-01T22:46:10.631Z] onEndTurn: naturalStop=undefined toolCalls=9 nudgeMsg=no
[2026-08-01T22:46:10.631Z] LiveUpdateForge: EndTurn fallback flush
[2026-08-01T22:46:10.631Z] onEndTurn: naturalStop=false toolCalls=9 nudgeMsg=no
[2026-08-01T22:46:10.684Z] LiveUpdateForge: AfterToolExec flush
[2026-08-01T22:46:10.704Z] LiveUpdateForge: AfterToolExec flush
[2026-08-01T22:46:10.743Z] InitialReadForge.onBeforeSend: SKIP (fr=true syn=false hasRead=true)
[2026-08-01T22:46:32.405Z] LiveUpdateForge: EndTurn fallback flush
[2026-08-01T22:46:32.406Z] onEndTurn: naturalStop=undefined toolCalls=11 nudgeMsg=no
[2026-08-01T22:46:32.406Z] LiveUpdateForge: EndTurn fallback flush
[2026-08-01T22:46:32.406Z] onEndTurn: naturalStop=false toolCalls=11 nudgeMsg=no
[2026-08-01T22:46:32.789Z] LiveUpdateForge: AfterToolExec flush
[2026-08-01T22:46:32.842Z] InitialReadForge.onBeforeSend: SKIP (fr=true syn=false hasRead=true)
[2026-08-01T22:46:34.158Z] LiveUpdateForge: EndTurn fallback flush
[2026-08-01T22:46:34.159Z] onEndTurn: naturalStop=undefined toolCalls=12 nudgeMsg=no
[2026-08-01T22:46:34.159Z] LiveUpdateForge: EndTurn fallback flush
[2026-08-01T22:46:34.160Z] onEndTurn: naturalStop=false toolCalls=12 nudgeMsg=no
[2026-08-01T22:46:34.237Z] LiveUpdateForge: AfterToolExec flush
[2026-08-01T22:46:34.282Z] InitialReadForge.onBeforeSend: SKIP (fr=true syn=false hasRead=true)
[2026-08-01T22:46:35.591Z] LiveUpdateForge: EndTurn fallback flush
[2026-08-01T22:46:35.591Z] onEndTurn: naturalStop=undefined toolCalls=13 nudgeMsg=no
[2026-08-01T22:46:35.592Z] LiveUpdateForge: EndTurn fallback flush
[2026-08-01T22:46:35.592Z] onEndTurn: naturalStop=false toolCalls=13 nudgeMsg=no
[2026-08-01T22:47:35.868Z] LiveUpdateForge: AfterToolExec flush
[2026-08-01T22:47:35.903Z] InitialReadForge.onBeforeSend: SKIP (fr=true syn=false hasRead=true)
[2026-08-01T22:47:37.210Z] LiveUpdateForge: EndTurn fallback flush
[2026-08-01T22:47:37.211Z] onEndTurn: naturalStop=undefined toolCalls=14 nudgeMsg=no
[2026-08-01T22:47:37.211Z] LiveUpdateForge: EndTurn fallback flush
[2026-08-01T22:47:37.211Z] onEndTurn: naturalStop=false toolCalls=14 nudgeMsg=no
[2026-08-01T22:47:37.277Z] LiveUpdateForge: AfterToolExec flush
[2026-08-01T22:47:37.314Z] InitialReadForge.onBeforeSend: SKIP (fr=true syn=false hasRead=true)
[2026-08-01T22:47:39.308Z] LiveUpdateForge: EndTurn fallback flush
[2026-08-01T22:47:39.309Z] onEndTurn: naturalStop=undefined toolCalls=15 nudgeMsg=no
[2026-08-01T22:47:39.309Z] LiveUpdateForge: EndTurn fallback flush
[2026-08-01T22:47:39.309Z] onEndTurn: naturalStop=false toolCalls=15 nudgeMsg=no
[2026-08-01T22:47:39.381Z] LiveUpdateForge: AfterToolExec flush
[2026-08-01T22:47:39.421Z] InitialReadForge.onBeforeSend: SKIP (fr=true syn=false hasRead=true)
[2026-08-01T22:47:41.921Z] LiveUpdateForge: EndTurn fallback flush
[2026-08-01T22:47:41.921Z] onEndTurn: naturalStop=undefined toolCalls=16 nudgeMsg=no
[2026-08-01T22:47:41.921Z] LiveUpdateForge: EndTurn fallback flush
[2026-08-01T22:47:41.921Z] onEndTurn: naturalStop=false toolCalls=16 nudgeMsg=no
[2026-08-01T22:47:41.976Z] LiveUpdateForge: AfterToolExec flush
[2026-08-01T22:47:42.010Z] InitialReadForge.onBeforeSend: SKIP (fr=true syn=false hasRead=true)
[2026-08-01T22:47:43.327Z] LiveUpdateForge: EndTurn fallback flush
[2026-08-01T22:47:43.327Z] onEndTurn: naturalStop=undefined toolCalls=17 nudgeMsg=no
[2026-08-01T22:47:43.327Z] LiveUpdateForge: EndTurn fallback flush
[2026-08-01T22:47:43.328Z] onEndTurn: naturalStop=false toolCalls=17 nudgeMsg=no
[2026-08-01T22:47:43.854Z] LiveUpdateForge: AfterToolExec flush
[2026-08-01T22:47:43.894Z] InitialReadForge.onBeforeSend: SKIP (fr=true syn=false hasRead=true)
[2026-08-01T22:47:45.464Z] LiveUpdateForge: EndTurn fallback flush
[2026-08-01T22:47:45.464Z] onEndTurn: naturalStop=undefined toolCalls=18 nudgeMsg=no
[2026-08-01T22:47:45.464Z] LiveUpdateForge: EndTurn fallback flush
[2026-08-01T22:47:45.465Z] onEndTurn: naturalStop=false toolCalls=18 nudgeMsg=no
[2026-08-01T22:47:52.552Z] LiveUpdateForge: AfterToolExec flush
[2026-08-01T22:47:52.596Z] InitialReadForge.onBeforeSend: SKIP (fr=true syn=false hasRead=true)
[2026-08-01T22:47:54.228Z] LiveUpdateForge: EndTurn fallback flush
[2026-08-01T22:47:54.229Z] onEndTurn: naturalStop=undefined toolCalls=19 nudgeMsg=no
[2026-08-01T22:47:54.229Z] LiveUpdateForge: EndTurn fallback flush
[2026-08-01T22:47:54.230Z] onEndTurn: naturalStop=false toolCalls=19 nudgeMsg=no
[2026-08-01T22:47:54.516Z] LiveUpdateForge: AfterToolExec flush
[2026-08-01T22:47:54.558Z] InitialReadForge.onBeforeSend: SKIP (fr=true syn=false hasRead=true)
[2026-08-01T22:47:56.740Z] LiveUpdateForge: EndTurn fallback flush
[2026-08-01T22:47:56.740Z] onEndTurn: naturalStop=undefined toolCalls=20 nudgeMsg=no
[2026-08-01T22:47:56.740Z] LiveUpdateForge: EndTurn fallback flush
[2026-08-01T22:47:56.740Z] onEndTurn: naturalStop=false toolCalls=20 nudgeMsg=no
[2026-08-01T22:48:20.127Z] LiveUpdateForge: AfterToolExec flush
[2026-08-01T22:48:20.165Z] InitialReadForge.onBeforeSend: SKIP (fr=true syn=false hasRead=true)
[2026-08-01T22:48:23.308Z] LiveUpdateForge: EndTurn fallback flush
[2026-08-01T22:48:23.308Z] onEndTurn: naturalStop=undefined toolCalls=21 nudgeMsg=no
[2026-08-01T22:48:23.309Z] LiveUpdateForge: EndTurn fallback flush
[2026-08-01T22:48:23.309Z] onEndTurn: naturalStop=false toolCalls=21 nudgeMsg=no
[2026-08-01T22:48:23.987Z] LiveUpdateForge: AfterToolExec flush
[2026-08-01T22:48:24.026Z] InitialReadForge.onBeforeSend: SKIP (fr=true syn=false hasRead=true)
[2026-08-01T22:48:25.493Z] LiveUpdateForge: EndTurn fallback flush
[2026-08-01T22:48:25.494Z] onEndTurn: naturalStop=undefined toolCalls=22 nudgeMsg=no
[2026-08-01T22:48:25.494Z] LiveUpdateForge: EndTurn fallback flush
[2026-08-01T22:48:25.494Z] onEndTurn: naturalStop=false toolCalls=22 nudgeMsg=no
[2026-08-01T22:48:25.506Z] LiveUpdateForge: AfterToolExec flush
[2026-08-01T22:48:25.543Z] InitialReadForge.onBeforeSend: SKIP (fr=true syn=false hasRead=true)
[2026-08-01T22:48:27.565Z] LiveUpdateForge: EndTurn fallback flush
[2026-08-01T22:48:27.566Z] onEndTurn: naturalStop=undefined toolCalls=23 nudgeMsg=no
[2026-08-01T22:48:27.566Z] LiveUpdateForge: EndTurn fallback flush
[2026-08-01T22:48:27.566Z] onEndTurn: naturalStop=false toolCalls=23 nudgeMsg=no
[2026-08-01T22:48:27.809Z] LiveUpdateForge: AfterToolExec flush
[2026-08-01T22:48:27.841Z] InitialReadForge.onBeforeSend: SKIP (fr=true syn=false hasRead=true)
[2026-08-01T22:48:29.161Z] LiveUpdateForge: EndTurn fallback flush
[2026-08-01T22:48:29.161Z] onEndTurn: naturalStop=undefined toolCalls=24 nudgeMsg=no
[2026-08-01T22:48:29.161Z] LiveUpdateForge: EndTurn fallback flush
[2026-08-01T22:48:29.162Z] onEndTurn: naturalStop=false toolCalls=24 nudgeMsg=no
[2026-08-01T22:48:30.706Z] MemoryForge: attached 5 listener(s)
[2026-08-01T22:48:30.707Z] InitialReadForge: armed one-shot BeforeSend after NewSessionStart
[2026-08-01T22:48:30.707Z] LiveUpdateForge: session reset, allowLiveUpdate = false
[2026-08-01T22:48:31.480Z] LiveUpdateForge: session reset, allowLiveUpdate = false
[2026-08-01T22:48:31.521Z] ResumeDiffForge: running checkResumeConsistency
[2026-08-01T22:48:31.523Z] checkResumeConsistency: forgedTimestamps=[["project","1970-01-01T00:00:00.000Z"]]
[2026-08-01T22:48:31.534Z] checkResumeConsistency: injecting 1 diff notification(s)
[2026-08-01T22:48:31.534Z] injectForgedHistory: role=user preview="[agent-auto] [memory-update 2026-08-02 06:41:30] project memory file has been mo"
[2026-08-01T22:48:31.535Z] injectForgedHistory: recordMessage persisted
[2026-08-01T22:48:31.535Z] LiveUpdateForge: session reset, allowLiveUpdate = false
[2026-08-01T22:48:31.536Z] NudgeForge: ResumeComplete — restoring count from history
[2026-08-01T22:48:31.536Z] restoreNudgeCountFromHistory: found last write at idx=246 count=0
[2026-08-01T22:48:33.153Z] LiveUpdateForge: AfterToolExec flush
[2026-08-01T22:48:33.200Z] InitialReadForge.onBeforeSend: SKIP (fr=true syn=false hasRead=true)
[2026-08-01T22:48:35.135Z] LiveUpdateForge: EndTurn fallback flush
[2026-08-01T22:48:35.136Z] onEndTurn: naturalStop=undefined toolCalls=25 nudgeMsg=no
[2026-08-01T22:48:35.136Z] LiveUpdateForge: EndTurn fallback flush
[2026-08-01T22:48:35.136Z] onEndTurn: naturalStop=false toolCalls=25 nudgeMsg=no
[2026-08-01T22:48:35.340Z] LiveUpdateForge: AfterToolExec flush
[2026-08-01T22:48:35.377Z] InitialReadForge.onBeforeSend: SKIP (fr=true syn=false hasRead=true)
[2026-08-01T22:48:37.611Z] LiveUpdateForge: EndTurn fallback flush
[2026-08-01T22:48:37.611Z] onEndTurn: naturalStop=undefined toolCalls=26 nudgeMsg=no
[2026-08-01T22:48:37.612Z] LiveUpdateForge: EndTurn fallback flush
[2026-08-01T22:48:37.612Z] onEndTurn: naturalStop=false toolCalls=26 nudgeMsg=no
[2026-08-01T22:48:56.810Z] LiveUpdateForge: AfterToolExec flush
[2026-08-01T22:48:56.847Z] InitialReadForge.onBeforeSend: SKIP (fr=true syn=false hasRead=true)
[2026-08-01T22:49:08.703Z] LiveUpdateForge: EndTurn fallback flush
[2026-08-01T22:49:08.703Z] onEndTurn: naturalStop=undefined toolCalls=27 nudgeMsg=no
[2026-08-01T22:49:08.704Z] LiveUpdateForge: EndTurn fallback flush
[2026-08-01T22:49:08.704Z] onEndTurn: naturalStop=false toolCalls=27 nudgeMsg=no
[2026-08-01T22:49:09.415Z] LiveUpdateForge: AfterToolExec flush
[2026-08-01T22:49:09.452Z] InitialReadForge.onBeforeSend: SKIP (fr=true syn=false hasRead=true)
[2026-08-01T22:49:12.566Z] LiveUpdateForge: EndTurn fallback flush
[2026-08-01T22:49:12.566Z] onEndTurn: naturalStop=undefined toolCalls=28 nudgeMsg=no
[2026-08-01T22:49:12.566Z] LiveUpdateForge: EndTurn fallback flush
[2026-08-01T22:49:12.566Z] onEndTurn: naturalStop=false toolCalls=28 nudgeMsg=no
[2026-08-01T22:49:18.698Z] LiveUpdateForge: AfterToolExec flush
[2026-08-01T22:49:18.729Z] InitialReadForge.onBeforeSend: SKIP (fr=true syn=false hasRead=true)
[2026-08-01T22:49:20.046Z] LiveUpdateForge: EndTurn fallback flush
[2026-08-01T22:49:20.046Z] onEndTurn: naturalStop=undefined toolCalls=29 nudgeMsg=no
[2026-08-01T22:49:20.047Z] LiveUpdateForge: EndTurn fallback flush
[2026-08-01T22:49:20.047Z] onEndTurn: naturalStop=false toolCalls=29 nudgeMsg=no
[2026-08-01T22:49:21.113Z] LiveUpdateForge: AfterToolExec flush
[2026-08-01T22:49:21.151Z] InitialReadForge.onBeforeSend: SKIP (fr=true syn=false hasRead=true)
[2026-08-01T22:49:22.605Z] LiveUpdateForge: EndTurn fallback flush
[2026-08-01T22:49:22.605Z] onEndTurn: naturalStop=undefined toolCalls=30 nudgeMsg=no
[2026-08-01T22:49:22.606Z] LiveUpdateForge: EndTurn fallback flush
[2026-08-01T22:49:22.606Z] onEndTurn: naturalStop=false toolCalls=30 nudgeMsg=no
[2026-08-01T22:49:22.735Z] LiveUpdateForge: AfterToolExec flush
[2026-08-01T22:49:22.771Z] InitialReadForge.onBeforeSend: SKIP (fr=true syn=false hasRead=true)
[2026-08-01T22:49:25.134Z] LiveUpdateForge: EndTurn fallback flush
[2026-08-01T22:49:25.134Z] onEndTurn: naturalStop=undefined toolCalls=31 nudgeMsg=no
[2026-08-01T22:49:25.135Z] LiveUpdateForge: EndTurn fallback flush
[2026-08-01T22:49:25.135Z] onEndTurn: naturalStop=false toolCalls=31 nudgeMsg=no
[2026-08-01T22:49:56.436Z] MemoryForge: attached 5 listener(s)
[2026-08-01T22:49:56.437Z] InitialReadForge: armed one-shot BeforeSend after NewSessionStart
[2026-08-01T22:49:56.438Z] LiveUpdateForge: session reset, allowLiveUpdate = false
[2026-08-01T22:49:57.189Z] LiveUpdateForge: AfterToolExec flush
[2026-08-01T22:49:57.255Z] InitialReadForge.onBeforeSend: SKIP (fr=true syn=false hasRead=true)
[2026-08-01T22:49:57.842Z] MemoryForge: attached 5 listener(s)
[2026-08-01T22:49:57.842Z] InitialReadForge: armed one-shot BeforeSend after NewSessionStart
[2026-08-01T22:49:57.842Z] LiveUpdateForge: session reset, allowLiveUpdate = false
[2026-08-01T22:50:00.449Z] LiveUpdateForge: session reset, allowLiveUpdate = false
[2026-08-01T22:50:00.462Z] ResumeDiffForge: running checkResumeConsistency
[2026-08-01T22:50:00.463Z] checkResumeConsistency: forgedTimestamps=[]
[2026-08-01T22:50:00.469Z] checkResumeConsistency: no changes detected
[2026-08-01T22:50:00.469Z] LiveUpdateForge: session reset, allowLiveUpdate = false
[2026-08-01T22:50:00.469Z] NudgeForge: ResumeComplete — restoring count from history
[2026-08-01T22:50:00.470Z] restoreNudgeCountFromHistory: no reset point found, count=48
[2026-08-01T22:50:04.065Z] LiveUpdateForge: EndTurn fallback flush
[2026-08-01T22:50:04.065Z] onEndTurn: naturalStop=undefined toolCalls=32 nudgeMsg=no
[2026-08-01T22:50:04.065Z] LiveUpdateForge: EndTurn fallback flush
[2026-08-01T22:50:04.066Z] onEndTurn: naturalStop=false toolCalls=32 nudgeMsg=no
[2026-08-01T22:50:04.801Z] LiveUpdateForge: AfterToolExec flush
[2026-08-01T22:50:04.835Z] InitialReadForge.onBeforeSend: SKIP (fr=true syn=false hasRead=true)
[2026-08-01T22:50:07.317Z] LiveUpdateForge: EndTurn fallback flush
[2026-08-01T22:50:07.317Z] onEndTurn: naturalStop=undefined toolCalls=33 nudgeMsg=no
[2026-08-01T22:50:07.317Z] LiveUpdateForge: EndTurn fallback flush
[2026-08-01T22:50:07.317Z] onEndTurn: naturalStop=false toolCalls=33 nudgeMsg=no
[2026-08-01T22:50:08.510Z] LiveUpdateForge: AfterToolExec flush
[2026-08-01T22:50:08.549Z] InitialReadForge.onBeforeSend: SKIP (fr=true syn=false hasRead=true)
[2026-08-01T22:50:11.635Z] LiveUpdateForge: EndTurn fallback flush
[2026-08-01T22:50:11.636Z] onEndTurn: naturalStop=undefined toolCalls=34 nudgeMsg=no
[2026-08-01T22:50:11.636Z] LiveUpdateForge: EndTurn fallback flush
[2026-08-01T22:50:11.636Z] onEndTurn: naturalStop=true toolCalls=34 nudgeMsg=no
[2026-08-01T22:50:22.108Z] MemoryForge: attached 5 listener(s)
[2026-08-01T22:50:22.109Z] InitialReadForge: armed one-shot BeforeSend after NewSessionStart
[2026-08-01T22:50:22.109Z] LiveUpdateForge: session reset, allowLiveUpdate = false
[2026-08-01T22:50:22.752Z] LiveUpdateForge: session reset, allowLiveUpdate = false
[2026-08-01T22:50:22.757Z] ResumeDiffForge: running checkResumeConsistency
[2026-08-01T22:50:22.758Z] checkResumeConsistency: forgedTimestamps=[]
[2026-08-01T22:50:22.760Z] checkResumeConsistency: no changes detected
[2026-08-01T22:50:22.761Z] LiveUpdateForge: session reset, allowLiveUpdate = false
[2026-08-01T22:50:22.761Z] NudgeForge: ResumeComplete — restoring count from history
[2026-08-01T22:50:22.761Z] restoreNudgeCountFromHistory: no reset point found, count=48
[2026-08-01T22:50:23.134Z] ResumeDiffForge: running checkResumeConsistency
[2026-08-01T22:50:23.135Z] checkResumeConsistency: forgedTimestamps=[]
[2026-08-01T22:50:23.141Z] checkResumeConsistency: no changes detected
[2026-08-01T22:50:23.141Z] LiveUpdateForge: session reset, allowLiveUpdate = false
[2026-08-01T22:50:23.141Z] NudgeForge: ResumeComplete — restoring count from history
[2026-08-01T22:50:23.142Z] restoreNudgeCountFromHistory: no reset point found, count=48
[2026-08-01T22:50:23.184Z] ResumeDiffForge: running checkResumeConsistency
[2026-08-01T22:50:23.184Z] checkResumeConsistency: forgedTimestamps=[]
[2026-08-01T22:50:23.190Z] checkResumeConsistency: no changes detected
[2026-08-01T22:50:23.190Z] LiveUpdateForge: session reset, allowLiveUpdate = false
[2026-08-01T22:50:23.190Z] NudgeForge: ResumeComplete — restoring count from history
[2026-08-01T22:50:23.191Z] restoreNudgeCountFromHistory: no reset point found, count=48
[2026-08-01T22:50:23.451Z] MemoryForge: attached 5 listener(s)
[2026-08-01T22:50:23.452Z] InitialReadForge: armed one-shot BeforeSend after NewSessionStart
[2026-08-01T22:50:23.452Z] LiveUpdateForge: session reset, allowLiveUpdate = false
[2026-08-01T22:50:23.454Z] MemoryForge: detached all listeners
[2026-08-01T22:50:23.454Z] ResumeDiffForge: running checkResumeConsistency
[2026-08-01T22:50:23.455Z] checkResumeConsistency: forgedTimestamps=[]
[2026-08-01T22:50:23.478Z] checkResumeConsistency: no changes detected
[2026-08-01T22:50:23.478Z] LiveUpdateForge: session reset, allowLiveUpdate = false
[2026-08-01T22:50:23.478Z] NudgeForge: ResumeComplete — restoring count from history
[2026-08-01T22:50:23.479Z] restoreNudgeCountFromHistory: no reset point found, count=48
[2026-08-01T22:50:23.493Z] LiveUpdateForge: allowLiveUpdate = true (first real BeforeSend)
[2026-08-01T22:50:23.494Z] InitialReadForge.onBeforeSend: SKIP (fr=false syn=false hasRead=true)
[2026-08-01T22:50:28.153Z] LiveUpdateForge: EndTurn fallback flush
[2026-08-01T22:50:28.154Z] onEndTurn: naturalStop=undefined toolCalls=48 nudgeMsg=no
[2026-08-01T22:50:28.154Z] LiveUpdateForge: EndTurn fallback flush
[2026-08-01T22:50:28.154Z] onEndTurn: naturalStop=false toolCalls=48 nudgeMsg=no
[2026-08-01T22:50:47.528Z] ResumeDiffForge: running checkResumeConsistency
[2026-08-01T22:50:47.529Z] checkResumeConsistency: forgedTimestamps=[["project","1970-01-01T00:00:00.000Z"]]
[2026-08-01T22:50:47.539Z] checkResumeConsistency: injecting 1 diff notification(s)
[2026-08-01T22:50:47.539Z] injectForgedHistory: role=user preview="[agent-auto] [memory-update 2026-08-02 06:41:30] project memory file has been mo"
[2026-08-01T22:50:47.570Z] injectForgedHistory: recordMessage persisted
[2026-08-01T22:50:47.570Z] LiveUpdateForge: session reset, allowLiveUpdate = false
[2026-08-01T22:50:47.571Z] NudgeForge: ResumeComplete — restoring count from history
[2026-08-01T22:50:47.571Z] restoreNudgeCountFromHistory: found last write at idx=246 count=0
[2026-08-01T22:50:51.731Z] LiveUpdateForge: AfterToolExec flush
[2026-08-01T22:50:52.961Z] LiveUpdateForge: AfterToolExec flush
[2026-08-01T22:50:52.992Z] InitialReadForge.onBeforeSend: SKIP (fr=true syn=false hasRead=true)
[2026-08-01T22:50:54.710Z] LiveUpdateForge: EndTurn fallback flush
[2026-08-01T22:50:54.711Z] onEndTurn: naturalStop=undefined toolCalls=50 nudgeMsg=no
[2026-08-01T22:50:54.711Z] LiveUpdateForge: EndTurn fallback flush
[2026-08-01T22:50:54.711Z] onEndTurn: naturalStop=false toolCalls=50 nudgeMsg=no
[2026-08-01T22:50:57.419Z] LiveUpdateForge: AfterToolExec flush
[2026-08-01T22:50:57.449Z] InitialReadForge.onBeforeSend: SKIP (fr=true syn=false hasRead=true)
[2026-08-01T22:50:59.823Z] LiveUpdateForge: EndTurn fallback flush
[2026-08-01T22:50:59.823Z] onEndTurn: naturalStop=undefined toolCalls=51 nudgeMsg=no
[2026-08-01T22:50:59.824Z] LiveUpdateForge: EndTurn fallback flush
[2026-08-01T22:50:59.824Z] onEndTurn: naturalStop=false toolCalls=51 nudgeMsg=no
[2026-08-01T22:51:07.014Z] LiveUpdateForge: AfterToolExec flush
[2026-08-01T22:51:07.055Z] InitialReadForge.onBeforeSend: SKIP (fr=true syn=false hasRead=true)
[2026-08-01T22:51:11.448Z] LiveUpdateForge: EndTurn fallback flush
[2026-08-01T22:51:11.448Z] onEndTurn: naturalStop=undefined toolCalls=52 nudgeMsg=no
[2026-08-01T22:51:11.448Z] LiveUpdateForge: EndTurn fallback flush
[2026-08-01T22:51:11.449Z] onEndTurn: naturalStop=false toolCalls=52 nudgeMsg=no
[2026-08-01T22:51:11.511Z] LiveUpdateForge: AfterToolExec flush
[2026-08-01T22:51:11.536Z] InitialReadForge.onBeforeSend: SKIP (fr=true syn=false hasRead=true)
[2026-08-01T22:51:13.364Z] LiveUpdateForge: EndTurn fallback flush
[2026-08-01T22:51:13.364Z] onEndTurn: naturalStop=undefined toolCalls=53 nudgeMsg=no
[2026-08-01T22:51:13.365Z] LiveUpdateForge: EndTurn fallback flush
[2026-08-01T22:51:13.365Z] onEndTurn: naturalStop=false toolCalls=53 nudgeMsg=no
[2026-08-01T22:51:13.367Z] LiveUpdateForge: AfterToolExec flush
[2026-08-01T22:51:13.395Z] InitialReadForge.onBeforeSend: SKIP (fr=true syn=false hasRead=true)
[2026-08-01T22:51:14.183Z] ResumeDiffForge: running checkResumeConsistency
[2026-08-01T22:51:14.184Z] checkResumeConsistency: forgedTimestamps=[]
[2026-08-01T22:51:14.194Z] checkResumeConsistency: no changes detected
[2026-08-01T22:51:14.194Z] LiveUpdateForge: session reset, allowLiveUpdate = false
[2026-08-01T22:51:14.195Z] NudgeForge: ResumeComplete — restoring count from history
[2026-08-01T22:51:14.195Z] restoreNudgeCountFromHistory: no reset point found, count=34
[2026-08-01T22:51:16.093Z] LiveUpdateForge: EndTurn fallback flush
[2026-08-01T22:51:16.093Z] onEndTurn: naturalStop=undefined toolCalls=54 nudgeMsg=no
[2026-08-01T22:51:16.093Z] LiveUpdateForge: EndTurn fallback flush
[2026-08-01T22:51:16.093Z] onEndTurn: naturalStop=false toolCalls=54 nudgeMsg=no
[2026-08-01T22:51:18.164Z] LiveUpdateForge: AfterToolExec flush
[2026-08-01T22:51:18.190Z] InitialReadForge.onBeforeSend: SKIP (fr=true syn=false hasRead=true)
[2026-08-01T22:51:21.328Z] LiveUpdateForge: EndTurn fallback flush
[2026-08-01T22:51:21.328Z] onEndTurn: naturalStop=undefined toolCalls=55 nudgeMsg=no
[2026-08-01T22:51:21.329Z] LiveUpdateForge: EndTurn fallback flush
[2026-08-01T22:51:21.329Z] onEndTurn: naturalStop=false toolCalls=55 nudgeMsg=no
[2026-08-01T22:51:27.011Z] LiveUpdateForge: AfterToolExec flush
[2026-08-01T22:51:27.053Z] LiveUpdateForge: AfterToolExec flush
[2026-08-01T22:51:27.434Z] LiveUpdateForge: AfterToolExec flush
[2026-08-01T22:51:27.463Z] InitialReadForge.onBeforeSend: SKIP (fr=true syn=false hasRead=true)
[2026-08-01T22:51:30.731Z] LiveUpdateForge: EndTurn fallback flush
[2026-08-01T22:51:30.731Z] onEndTurn: naturalStop=undefined toolCalls=58 nudgeMsg=no
[2026-08-01T22:51:30.731Z] LiveUpdateForge: EndTurn fallback flush
[2026-08-01T22:51:30.732Z] onEndTurn: naturalStop=true toolCalls=0 nudgeMsg=YES
[2026-08-01T22:51:30.734Z] InitialReadForge.onBeforeSend: SKIP (fr=false syn=false hasRead=true)
[2026-08-01T22:51:38.246Z] LiveUpdateForge: EndTurn fallback flush
[2026-08-01T22:51:38.246Z] onEndTurn: naturalStop=undefined toolCalls=0 nudgeMsg=no
[2026-08-01T22:51:38.247Z] LiveUpdateForge: EndTurn fallback flush
[2026-08-01T22:51:38.248Z] onEndTurn: naturalStop=false toolCalls=0 nudgeMsg=no
[2026-08-01T22:51:38.262Z] LiveUpdateForge: AfterToolExec flush
[2026-08-01T22:51:38.266Z] nudge: read_memory called (does NOT reset counter)
[2026-08-01T22:51:43.676Z] LiveUpdateForge: EndTurn fallback flush
[2026-08-01T22:51:43.676Z] onEndTurn: naturalStop=undefined toolCalls=1 nudgeMsg=no
[2026-08-01T22:51:43.676Z] LiveUpdateForge: EndTurn fallback flush
[2026-08-01T22:51:43.676Z] onEndTurn: naturalStop=false toolCalls=1 nudgeMsg=no
[2026-08-01T22:51:43.689Z] LiveUpdateForge: self-write on D:\unity\mowang\CODELY.md, baseline aligned
[2026-08-01T22:51:43.690Z] LiveUpdateForge: AfterToolExec flush
[2026-08-01T22:51:44.204Z] LiveUpdateForge: pending external change on D:\unity\mowang\CODELY.md
[2026-08-01T22:51:44.205Z] LiveUpdateForge: pending external change on D:\unity\mowang\CODELY.md
[2026-08-01T22:51:44.207Z] LiveUpdateForge: pending external change on D:\unity\mowang\CODELY.md
[2026-08-01T22:51:47.314Z] LiveUpdateForge: EndTurn fallback flush
[2026-08-01T22:51:47.314Z] onEndTurn: naturalStop=undefined toolCalls=0 nudgeMsg=no
[2026-08-01T22:51:47.315Z] LiveUpdateForge: EndTurn fallback flush
[2026-08-01T22:51:47.315Z] onEndTurn: naturalStop=false toolCalls=0 nudgeMsg=no
[2026-08-01T22:51:47.326Z] LiveUpdateForge: self-write on D:\unity\mowang\CODELY.md, baseline aligned
[2026-08-01T22:51:47.327Z] LiveUpdateForge: AfterToolExec flush
[2026-08-01T22:51:47.844Z] LiveUpdateForge: pending external change on D:\unity\mowang\CODELY.md
[2026-08-01T22:51:47.850Z] LiveUpdateForge: pending external change on D:\unity\mowang\CODELY.md
[2026-08-01T22:51:47.851Z] LiveUpdateForge: pending external change on D:\unity\mowang\CODELY.md
[2026-08-01T22:51:49.496Z] LiveUpdateForge: EndTurn fallback flush
[2026-08-01T22:51:49.496Z] onEndTurn: naturalStop=undefined toolCalls=0 nudgeMsg=no
[2026-08-01T22:51:49.497Z] LiveUpdateForge: EndTurn fallback flush
[2026-08-01T22:51:49.497Z] onEndTurn: naturalStop=true toolCalls=0 nudgeMsg=no
[2026-08-01T22:52:52.819Z] ResumeDiffForge: running checkResumeConsistency
[2026-08-01T22:52:52.820Z] checkResumeConsistency: forgedTimestamps=[]
[2026-08-01T22:52:52.827Z] checkResumeConsistency: no changes detected
[2026-08-01T22:52:52.828Z] LiveUpdateForge: session reset, allowLiveUpdate = false
[2026-08-01T22:52:52.828Z] NudgeForge: ResumeComplete — restoring count from history
[2026-08-01T22:52:52.828Z] restoreNudgeCountFromHistory: no reset point found, count=34
[2026-08-01T22:52:52.864Z] LiveUpdateForge: allowLiveUpdate = true (first real BeforeSend)
[2026-08-01T22:52:52.865Z] InitialReadForge.onBeforeSend: SKIP (fr=false syn=false hasRead=true)
[2026-08-01T22:53:04.002Z] LiveUpdateForge: EndTurn fallback flush
[2026-08-01T22:53:04.002Z] onEndTurn: naturalStop=undefined toolCalls=34 nudgeMsg=no
[2026-08-01T22:53:04.003Z] LiveUpdateForge: EndTurn fallback flush
[2026-08-01T22:53:04.003Z] onEndTurn: naturalStop=true toolCalls=34 nudgeMsg=no
[2026-08-01T22:53:55.934Z] ResumeDiffForge: running checkResumeConsistency
[2026-08-01T22:53:55.934Z] checkResumeConsistency: forgedTimestamps=[["project","1970-01-01T00:00:00.000Z"]]
[2026-08-01T22:53:55.944Z] checkResumeConsistency: injecting 1 diff notification(s)
[2026-08-01T22:53:55.944Z] injectForgedHistory: role=user preview="[agent-auto] [memory-update 2026-08-02 06:51:47] project memory file has been mo"
[2026-08-01T22:53:55.969Z] injectForgedHistory: recordMessage persisted
[2026-08-01T22:53:55.969Z] LiveUpdateForge: session reset, allowLiveUpdate = false
[2026-08-01T22:53:55.969Z] NudgeForge: ResumeComplete — restoring count from history
[2026-08-01T22:53:55.970Z] restoreNudgeCountFromHistory: found last write at idx=117 count=0
[2026-08-01T22:53:56.103Z] LiveUpdateForge: allowLiveUpdate = true (first real BeforeSend)
[2026-08-01T22:54:05.391Z] LiveUpdateForge: EndTurn fallback flush
[2026-08-01T22:54:05.392Z] onEndTurn: naturalStop=undefined toolCalls=0 nudgeMsg=no
[2026-08-01T22:54:05.392Z] LiveUpdateForge: EndTurn fallback flush
[2026-08-01T22:54:05.392Z] onEndTurn: naturalStop=false toolCalls=0 nudgeMsg=no
[2026-08-01T22:54:08.375Z] LiveUpdateForge: AfterToolExec flush
[2026-08-01T22:54:10.948Z] LiveUpdateForge: EndTurn fallback flush
[2026-08-01T22:54:10.948Z] onEndTurn: naturalStop=undefined toolCalls=1 nudgeMsg=no
[2026-08-01T22:54:10.948Z] LiveUpdateForge: EndTurn fallback flush
[2026-08-01T22:54:10.949Z] onEndTurn: naturalStop=false toolCalls=1 nudgeMsg=no
[2026-08-01T22:54:13.034Z] LiveUpdateForge: AfterToolExec flush
[2026-08-01T22:54:15.960Z] LiveUpdateForge: EndTurn fallback flush
[2026-08-01T22:54:15.960Z] onEndTurn: naturalStop=undefined toolCalls=2 nudgeMsg=no
[2026-08-01T22:54:15.961Z] LiveUpdateForge: EndTurn fallback flush
[2026-08-01T22:54:15.961Z] onEndTurn: naturalStop=false toolCalls=2 nudgeMsg=no
[2026-08-01T22:54:18.171Z] LiveUpdateForge: AfterToolExec flush
[2026-08-01T22:54:19.798Z] LiveUpdateForge: EndTurn fallback flush
[2026-08-01T22:54:19.798Z] onEndTurn: naturalStop=undefined toolCalls=3 nudgeMsg=no
[2026-08-01T22:54:19.799Z] LiveUpdateForge: EndTurn fallback flush
[2026-08-01T22:54:19.799Z] onEndTurn: naturalStop=false toolCalls=3 nudgeMsg=no
[2026-08-01T22:54:22.066Z] LiveUpdateForge: AfterToolExec flush
[2026-08-01T22:54:23.909Z] LiveUpdateForge: EndTurn fallback flush
[2026-08-01T22:54:23.910Z] onEndTurn: naturalStop=undefined toolCalls=4 nudgeMsg=no
[2026-08-01T22:54:23.910Z] LiveUpdateForge: EndTurn fallback flush
[2026-08-01T22:54:23.910Z] onEndTurn: naturalStop=false toolCalls=4 nudgeMsg=no
[2026-08-01T22:54:26.219Z] LiveUpdateForge: AfterToolExec flush
[2026-08-01T22:54:28.003Z] LiveUpdateForge: EndTurn fallback flush
[2026-08-01T22:54:28.003Z] onEndTurn: naturalStop=undefined toolCalls=5 nudgeMsg=no
[2026-08-01T22:54:28.003Z] LiveUpdateForge: EndTurn fallback flush
[2026-08-01T22:54:28.004Z] onEndTurn: naturalStop=false toolCalls=5 nudgeMsg=no
[2026-08-01T22:54:30.043Z] LiveUpdateForge: AfterToolExec flush
[2026-08-01T22:54:31.504Z] LiveUpdateForge: EndTurn fallback flush
[2026-08-01T22:54:31.504Z] onEndTurn: naturalStop=undefined toolCalls=6 nudgeMsg=no
[2026-08-01T22:54:31.504Z] LiveUpdateForge: EndTurn fallback flush
[2026-08-01T22:54:31.505Z] onEndTurn: naturalStop=false toolCalls=6 nudgeMsg=no
[2026-08-01T22:54:31.518Z] LiveUpdateForge: AfterToolExec flush
[2026-08-01T22:54:33.127Z] LiveUpdateForge: EndTurn fallback flush
[2026-08-01T22:54:33.127Z] onEndTurn: naturalStop=undefined toolCalls=7 nudgeMsg=no
[2026-08-01T22:54:33.127Z] LiveUpdateForge: EndTurn fallback flush
[2026-08-01T22:54:33.128Z] onEndTurn: naturalStop=false toolCalls=7 nudgeMsg=no
[2026-08-01T22:54:33.188Z] LiveUpdateForge: AfterToolExec flush
[2026-08-01T22:54:35.656Z] LiveUpdateForge: EndTurn fallback flush
[2026-08-01T22:54:35.656Z] onEndTurn: naturalStop=undefined toolCalls=8 nudgeMsg=no
[2026-08-01T22:54:35.656Z] LiveUpdateForge: EndTurn fallback flush
[2026-08-01T22:54:35.657Z] onEndTurn: naturalStop=false toolCalls=8 nudgeMsg=no
