[2026-07-30T00:25:51.774Z] MemoryForge: attached 5 listener(s)
[2026-07-30T00:25:51.774Z] InitialReadForge: armed one-shot BeforeSend after NewSessionStart
[2026-07-30T00:25:51.775Z] LiveUpdateForge: session reset, allowLiveUpdate = false
[2026-07-30T00:25:51.881Z] LiveUpdateForge: session reset, allowLiveUpdate = false
[2026-07-30T00:25:51.891Z] ResumeDiffForge: running checkResumeConsistency
[2026-07-30T00:25:51.892Z] checkResumeConsistency: forgedTimestamps=[]
[2026-07-30T00:25:51.899Z] checkResumeConsistency: no changes detected
[2026-07-30T00:25:51.900Z] LiveUpdateForge: session reset, allowLiveUpdate = false
[2026-07-30T00:25:51.900Z] NudgeForge: ResumeComplete — restoring count from history
[2026-07-30T00:25:51.901Z] restoreNudgeCountFromHistory: no reset point found, count=38
[2026-07-30T00:25:52.472Z] MemoryForge: attached 5 listener(s)
[2026-07-30T00:25:52.473Z] InitialReadForge: armed one-shot BeforeSend after NewSessionStart
[2026-07-30T00:25:52.473Z] LiveUpdateForge: session reset, allowLiveUpdate = false
[2026-07-30T00:25:52.598Z] LiveUpdateForge: session reset, allowLiveUpdate = false
[2026-07-30T00:25:52.621Z] ResumeDiffForge: running checkResumeConsistency
[2026-07-30T00:25:52.623Z] checkResumeConsistency: forgedTimestamps=[]
[2026-07-30T00:25:52.632Z] checkResumeConsistency: no changes detected
[2026-07-30T00:25:52.633Z] LiveUpdateForge: session reset, allowLiveUpdate = false
[2026-07-30T00:25:52.633Z] NudgeForge: ResumeComplete — restoring count from history
[2026-07-30T00:25:52.635Z] restoreNudgeCountFromHistory: no reset point found, count=21
[2026-07-30T00:25:53.203Z] MemoryForge: attached 5 listener(s)
[2026-07-30T00:25:53.204Z] InitialReadForge: armed one-shot BeforeSend after NewSessionStart
[2026-07-30T00:25:53.204Z] LiveUpdateForge: session reset, allowLiveUpdate = false
[2026-07-30T00:25:53.293Z] LiveUpdateForge: session reset, allowLiveUpdate = false
[2026-07-30T00:25:53.301Z] ResumeDiffForge: running checkResumeConsistency
[2026-07-30T00:25:53.302Z] checkResumeConsistency: forgedTimestamps=[]
[2026-07-30T00:25:53.310Z] checkResumeConsistency: no changes detected
[2026-07-30T00:25:53.310Z] LiveUpdateForge: session reset, allowLiveUpdate = false
[2026-07-30T00:25:53.310Z] NudgeForge: ResumeComplete — restoring count from history
[2026-07-30T00:25:53.311Z] restoreNudgeCountFromHistory: no reset point found, count=44
[2026-07-30T00:25:54.316Z] MemoryForge: attached 5 listener(s)
[2026-07-30T00:25:54.317Z] InitialReadForge: armed one-shot BeforeSend after NewSessionStart
[2026-07-30T00:25:54.317Z] LiveUpdateForge: session reset, allowLiveUpdate = false
[2026-07-30T00:25:54.651Z] LiveUpdateForge: session reset, allowLiveUpdate = false
[2026-07-30T00:25:54.726Z] ResumeDiffForge: running checkResumeConsistency
[2026-07-30T00:25:54.728Z] checkResumeConsistency: forgedTimestamps=[]
[2026-07-30T00:25:54.754Z] checkResumeConsistency: no changes detected
[2026-07-30T00:25:54.755Z] LiveUpdateForge: session reset, allowLiveUpdate = false
[2026-07-30T00:25:54.755Z] NudgeForge: ResumeComplete — restoring count from history
[2026-07-30T00:25:54.756Z] restoreNudgeCountFromHistory: found last write at idx=210 count=0
[2026-07-30T00:25:55.650Z] MemoryForge: attached 5 listener(s)
[2026-07-30T00:25:55.650Z] InitialReadForge: armed one-shot BeforeSend after NewSessionStart
[2026-07-30T00:25:55.651Z] LiveUpdateForge: session reset, allowLiveUpdate = false
[2026-07-30T00:25:56.601Z] MemoryForge: attached 5 listener(s)
[2026-07-30T00:25:56.602Z] InitialReadForge: armed one-shot BeforeSend after NewSessionStart
[2026-07-30T00:25:56.602Z] LiveUpdateForge: session reset, allowLiveUpdate = false
[2026-07-30T00:26:19.483Z] MemoryForge: attached 5 listener(s)
[2026-07-30T00:26:19.483Z] InitialReadForge: armed one-shot BeforeSend after NewSessionStart
[2026-07-30T00:26:19.484Z] LiveUpdateForge: session reset, allowLiveUpdate = false
[2026-07-30T00:30:18.375Z] MemoryForge: attached 5 listener(s)
[2026-07-30T00:30:18.375Z] InitialReadForge: armed one-shot BeforeSend after NewSessionStart
[2026-07-30T00:30:18.375Z] LiveUpdateForge: session reset, allowLiveUpdate = false
[2026-07-30T00:30:18.376Z] MemoryForge: detached all listeners
[2026-07-30T00:30:18.376Z] ResumeDiffForge: no read_memory in history, backfilling forge
[2026-07-30T00:30:18.477Z] recordForgedToolExchange: toolName=read_memory callId=resume-forge-read-memory-backfill
[2026-07-30T00:30:18.506Z] recordForgedToolExchange: recordMessage + recordToolCalls persisted
[2026-07-30T00:30:18.507Z] injectForgedHistory: role=user preview=""
[2026-07-30T00:30:18.520Z] injectForgedHistory: recordMessage persisted
[2026-07-30T00:30:18.524Z] ResumeDiffForge: backfilled read_memory and baseline for 2 raw + 2 provider file(s)
[2026-07-30T00:30:18.524Z] LiveUpdateForge: session reset, allowLiveUpdate = false
[2026-07-30T00:30:18.524Z] NudgeForge: ResumeComplete — restoring count from history
[2026-07-30T00:30:18.525Z] restoreNudgeCountFromHistory: no reset point found, count=0
[2026-07-30T00:30:18.538Z] LiveUpdateForge: allowLiveUpdate = true (first real BeforeSend)
[2026-07-30T00:30:18.539Z] InitialReadForge.onBeforeSend: SKIP (fr=false syn=false hasRead=true)
[2026-07-30T00:30:24.059Z] LiveUpdateForge: EndTurn fallback flush
[2026-07-30T00:30:24.060Z] onEndTurn: naturalStop=false toolCalls=0 nudgeMsg=no
[2026-07-30T00:30:24.146Z] LiveUpdateForge: AfterToolExec flush
[2026-07-30T00:30:24.980Z] LiveUpdateForge: AfterToolExec flush
[2026-07-30T00:30:24.997Z] InitialReadForge.onBeforeSend: SKIP (fr=true syn=false hasRead=true)
[2026-07-30T00:30:27.700Z] LiveUpdateForge: EndTurn fallback flush
[2026-07-30T00:30:27.700Z] onEndTurn: naturalStop=false toolCalls=2 nudgeMsg=no
[2026-07-30T00:30:27.716Z] LiveUpdateForge: AfterToolExec flush
[2026-07-30T00:30:28.233Z] LiveUpdateForge: AfterToolExec flush
[2026-07-30T00:30:28.255Z] InitialReadForge.onBeforeSend: SKIP (fr=true syn=false hasRead=true)
[2026-07-30T00:30:35.919Z] LiveUpdateForge: EndTurn fallback flush
[2026-07-30T00:30:35.920Z] onEndTurn: naturalStop=false toolCalls=4 nudgeMsg=no
[2026-07-30T00:30:36.067Z] LiveUpdateForge: AfterToolExec flush
[2026-07-30T00:30:36.472Z] LiveUpdateForge: AfterToolExec flush
[2026-07-30T00:30:36.493Z] InitialReadForge.onBeforeSend: SKIP (fr=true syn=false hasRead=true)
[2026-07-30T00:30:41.548Z] LiveUpdateForge: EndTurn fallback flush
[2026-07-30T00:30:41.548Z] onEndTurn: naturalStop=false toolCalls=6 nudgeMsg=no
[2026-07-30T00:30:41.556Z] LiveUpdateForge: AfterToolExec flush
[2026-07-30T00:30:41.727Z] LiveUpdateForge: AfterToolExec flush
[2026-07-30T00:30:41.748Z] InitialReadForge.onBeforeSend: SKIP (fr=true syn=false hasRead=true)
[2026-07-30T00:30:56.306Z] LiveUpdateForge: EndTurn fallback flush
[2026-07-30T00:30:56.306Z] onEndTurn: naturalStop=false toolCalls=8 nudgeMsg=no
[2026-07-30T00:30:56.353Z] LiveUpdateForge: AfterToolExec flush
[2026-07-30T00:30:56.388Z] LiveUpdateForge: AfterToolExec flush
[2026-07-30T00:30:56.412Z] InitialReadForge.onBeforeSend: SKIP (fr=true syn=false hasRead=true)
[2026-07-30T00:31:04.114Z] LiveUpdateForge: EndTurn fallback flush
[2026-07-30T00:31:04.115Z] onEndTurn: naturalStop=false toolCalls=10 nudgeMsg=no
[2026-07-30T00:31:04.213Z] LiveUpdateForge: AfterToolExec flush
[2026-07-30T00:31:04.396Z] LiveUpdateForge: AfterToolExec flush
[2026-07-30T00:31:04.430Z] InitialReadForge.onBeforeSend: SKIP (fr=true syn=false hasRead=true)
[2026-07-30T00:31:07.345Z] LiveUpdateForge: EndTurn fallback flush
[2026-07-30T00:31:07.346Z] onEndTurn: naturalStop=false toolCalls=12 nudgeMsg=no
[2026-07-30T00:31:14.936Z] LiveUpdateForge: AfterToolExec flush
[2026-07-30T00:31:14.972Z] InitialReadForge.onBeforeSend: SKIP (fr=true syn=false hasRead=true)
[2026-07-30T00:31:44.016Z] LiveUpdateForge: EndTurn fallback flush
[2026-07-30T00:31:44.016Z] onEndTurn: naturalStop=false toolCalls=13 nudgeMsg=no
[2026-07-30T00:31:44.134Z] LiveUpdateForge: AfterToolExec flush
[2026-07-30T00:31:44.140Z] LiveUpdateForge: AfterToolExec flush
[2026-07-30T00:31:44.161Z] LiveUpdateForge: AfterToolExec flush
[2026-07-30T00:31:44.163Z] LiveUpdateForge: AfterToolExec flush
[2026-07-30T00:31:44.192Z] InitialReadForge.onBeforeSend: SKIP (fr=true syn=false hasRead=true)
[2026-07-30T00:33:13.264Z] LiveUpdateForge: EndTurn fallback flush
[2026-07-30T00:33:13.264Z] onEndTurn: naturalStop=false toolCalls=17 nudgeMsg=no
[2026-07-30T00:33:13.552Z] LiveUpdateForge: AfterToolExec flush
[2026-07-30T00:33:13.554Z] LiveUpdateForge: AfterToolExec flush
[2026-07-30T00:33:13.624Z] InitialReadForge.onBeforeSend: SKIP (fr=true syn=false hasRead=true)
[2026-07-30T00:33:30.688Z] LiveUpdateForge: EndTurn fallback flush
[2026-07-30T00:33:30.688Z] onEndTurn: naturalStop=false toolCalls=19 nudgeMsg=no
[2026-07-30T00:33:30.696Z] LiveUpdateForge: AfterToolExec flush
[2026-07-30T00:33:30.744Z] InitialReadForge.onBeforeSend: SKIP (fr=true syn=false hasRead=true)
[2026-07-30T00:33:34.244Z] LiveUpdateForge: EndTurn fallback flush
[2026-07-30T00:33:34.245Z] onEndTurn: naturalStop=false toolCalls=20 nudgeMsg=no
[2026-07-30T00:33:34.250Z] LiveUpdateForge: AfterToolExec flush
[2026-07-30T00:33:34.299Z] InitialReadForge.onBeforeSend: SKIP (fr=true syn=false hasRead=true)
[2026-07-30T00:33:40.198Z] LiveUpdateForge: EndTurn fallback flush
[2026-07-30T00:33:40.199Z] onEndTurn: naturalStop=false toolCalls=21 nudgeMsg=no
[2026-07-30T00:33:40.279Z] LiveUpdateForge: AfterToolExec flush
[2026-07-30T00:33:40.295Z] LiveUpdateForge: AfterToolExec flush
[2026-07-30T00:33:40.366Z] InitialReadForge.onBeforeSend: SKIP (fr=true syn=false hasRead=true)
[2026-07-30T00:34:01.366Z] LiveUpdateForge: EndTurn fallback flush
[2026-07-30T00:34:01.367Z] onEndTurn: naturalStop=false toolCalls=23 nudgeMsg=no
[2026-07-30T00:34:01.420Z] InitialReadForge.onBeforeSend: SKIP (fr=true syn=false hasRead=true)
[2026-07-30T00:34:10.981Z] LiveUpdateForge: EndTurn fallback flush
[2026-07-30T00:34:10.982Z] onEndTurn: naturalStop=false toolCalls=23 nudgeMsg=no
[2026-07-30T00:34:11.038Z] LiveUpdateForge: AfterToolExec flush
[2026-07-30T00:34:11.086Z] InitialReadForge.onBeforeSend: SKIP (fr=true syn=false hasRead=true)
[2026-07-30T00:34:18.937Z] LiveUpdateForge: EndTurn fallback flush
[2026-07-30T00:34:18.938Z] onEndTurn: naturalStop=false toolCalls=24 nudgeMsg=no
[2026-07-30T00:34:18.947Z] LiveUpdateForge: AfterToolExec flush
[2026-07-30T00:34:18.991Z] InitialReadForge.onBeforeSend: SKIP (fr=true syn=false hasRead=true)
[2026-07-30T00:34:23.897Z] LiveUpdateForge: EndTurn fallback flush
[2026-07-30T00:34:23.898Z] onEndTurn: naturalStop=false toolCalls=25 nudgeMsg=no
[2026-07-30T00:34:23.907Z] LiveUpdateForge: AfterToolExec flush
[2026-07-30T00:34:23.953Z] InitialReadForge.onBeforeSend: SKIP (fr=true syn=false hasRead=true)
[2026-07-30T00:34:47.328Z] LiveUpdateForge: EndTurn fallback flush
[2026-07-30T00:34:47.328Z] onEndTurn: naturalStop=false toolCalls=26 nudgeMsg=no
[2026-07-30T00:34:47.367Z] LiveUpdateForge: AfterToolExec flush
[2026-07-30T00:34:47.417Z] InitialReadForge.onBeforeSend: SKIP (fr=true syn=false hasRead=true)
[2026-07-30T00:35:08.207Z] LiveUpdateForge: EndTurn fallback flush
[2026-07-30T00:35:08.207Z] onEndTurn: naturalStop=false toolCalls=27 nudgeMsg=no
[2026-07-30T00:35:08.271Z] LiveUpdateForge: AfterToolExec flush
[2026-07-30T00:35:08.319Z] InitialReadForge.onBeforeSend: SKIP (fr=true syn=false hasRead=true)
[2026-07-30T00:35:17.813Z] LiveUpdateForge: EndTurn fallback flush
[2026-07-30T00:35:17.813Z] onEndTurn: naturalStop=false toolCalls=28 nudgeMsg=no
[2026-07-30T00:35:37.584Z] LiveUpdateForge: AfterToolExec flush
[2026-07-30T00:35:37.628Z] InitialReadForge.onBeforeSend: SKIP (fr=true syn=false hasRead=true)
[2026-07-30T00:36:05.613Z] LiveUpdateForge: EndTurn fallback flush
[2026-07-30T00:36:05.613Z] onEndTurn: naturalStop=false toolCalls=29 nudgeMsg=no
[2026-07-30T00:36:08.659Z] LiveUpdateForge: AfterToolExec flush
[2026-07-30T00:36:08.709Z] InitialReadForge.onBeforeSend: SKIP (fr=true syn=false hasRead=true)
[2026-07-30T00:36:13.240Z] LiveUpdateForge: EndTurn fallback flush
[2026-07-30T00:36:13.240Z] onEndTurn: naturalStop=false toolCalls=30 nudgeMsg=no
[2026-07-30T00:36:13.459Z] LiveUpdateForge: AfterToolExec flush
[2026-07-30T00:36:13.507Z] InitialReadForge.onBeforeSend: SKIP (fr=true syn=false hasRead=true)
[2026-07-30T00:36:15.673Z] LiveUpdateForge: EndTurn fallback flush
[2026-07-30T00:36:15.674Z] onEndTurn: naturalStop=false toolCalls=31 nudgeMsg=no
[2026-07-30T00:36:31.404Z] LiveUpdateForge: AfterToolExec flush
[2026-07-30T00:36:31.456Z] InitialReadForge.onBeforeSend: SKIP (fr=true syn=false hasRead=true)
[2026-07-30T00:37:11.266Z] LiveUpdateForge: EndTurn fallback flush
[2026-07-30T00:37:11.266Z] onEndTurn: naturalStop=false toolCalls=32 nudgeMsg=no
[2026-07-30T00:37:12.598Z] LiveUpdateForge: AfterToolExec flush
[2026-07-30T00:37:12.646Z] InitialReadForge.onBeforeSend: SKIP (fr=true syn=false hasRead=true)
[2026-07-30T00:37:31.534Z] LiveUpdateForge: EndTurn fallback flush
[2026-07-30T00:37:31.534Z] onEndTurn: naturalStop=false toolCalls=33 nudgeMsg=no
[2026-07-30T00:37:31.920Z] LiveUpdateForge: AfterToolExec flush
[2026-07-30T00:37:31.973Z] InitialReadForge.onBeforeSend: SKIP (fr=true syn=false hasRead=true)
[2026-07-30T00:37:40.078Z] LiveUpdateForge: EndTurn fallback flush
[2026-07-30T00:37:40.079Z] onEndTurn: naturalStop=false toolCalls=34 nudgeMsg=no
[2026-07-30T00:37:40.250Z] LiveUpdateForge: AfterToolExec flush
[2026-07-30T00:37:40.300Z] InitialReadForge.onBeforeSend: SKIP (fr=true syn=false hasRead=true)
[2026-07-30T00:37:42.813Z] LiveUpdateForge: EndTurn fallback flush
[2026-07-30T00:37:42.814Z] onEndTurn: naturalStop=false toolCalls=35 nudgeMsg=no
[2026-07-30T00:37:56.559Z] LiveUpdateForge: AfterToolExec flush
[2026-07-30T00:37:56.612Z] InitialReadForge.onBeforeSend: SKIP (fr=true syn=false hasRead=true)
[2026-07-30T00:38:21.039Z] LiveUpdateForge: EndTurn fallback flush
[2026-07-30T00:38:21.039Z] onEndTurn: naturalStop=false toolCalls=36 nudgeMsg=no
[2026-07-30T00:38:21.064Z] LiveUpdateForge: AfterToolExec flush
[2026-07-30T00:38:21.127Z] InitialReadForge.onBeforeSend: SKIP (fr=true syn=false hasRead=true)
[2026-07-30T00:38:25.020Z] LiveUpdateForge: EndTurn fallback flush
[2026-07-30T00:38:25.020Z] onEndTurn: naturalStop=false toolCalls=37 nudgeMsg=no
[2026-07-30T00:38:25.177Z] LiveUpdateForge: AfterToolExec flush
[2026-07-30T00:38:25.229Z] InitialReadForge.onBeforeSend: SKIP (fr=true syn=false hasRead=true)
[2026-07-30T00:38:30.361Z] LiveUpdateForge: EndTurn fallback flush
[2026-07-30T00:38:30.362Z] onEndTurn: naturalStop=false toolCalls=38 nudgeMsg=no
[2026-07-30T00:38:38.593Z] LiveUpdateForge: AfterToolExec flush
[2026-07-30T00:38:38.661Z] InitialReadForge.onBeforeSend: SKIP (fr=true syn=false hasRead=true)
[2026-07-30T00:38:49.263Z] LiveUpdateForge: EndTurn fallback flush
[2026-07-30T00:38:49.263Z] onEndTurn: naturalStop=false toolCalls=39 nudgeMsg=no
[2026-07-30T00:39:03.957Z] LiveUpdateForge: AfterToolExec flush
[2026-07-30T00:39:04.020Z] InitialReadForge.onBeforeSend: SKIP (fr=true syn=false hasRead=true)
[2026-07-30T00:39:23.951Z] LiveUpdateForge: EndTurn fallback flush
[2026-07-30T00:39:23.952Z] onEndTurn: naturalStop=false toolCalls=40 nudgeMsg=no
[2026-07-30T00:39:24.700Z] LiveUpdateForge: AfterToolExec flush
[2026-07-30T00:39:24.747Z] InitialReadForge.onBeforeSend: SKIP (fr=true syn=false hasRead=true)
[2026-07-30T00:39:32.482Z] LiveUpdateForge: EndTurn fallback flush
[2026-07-30T00:39:32.482Z] onEndTurn: naturalStop=false toolCalls=41 nudgeMsg=no
[2026-07-30T00:39:32.542Z] InitialReadForge.onBeforeSend: SKIP (fr=true syn=false hasRead=true)
[2026-07-30T00:39:37.366Z] LiveUpdateForge: EndTurn fallback flush
[2026-07-30T00:39:37.367Z] onEndTurn: naturalStop=false toolCalls=41 nudgeMsg=no
[2026-07-30T00:39:37.477Z] LiveUpdateForge: AfterToolExec flush
[2026-07-30T00:39:37.545Z] InitialReadForge.onBeforeSend: SKIP (fr=true syn=false hasRead=true)
[2026-07-30T00:39:40.081Z] LiveUpdateForge: EndTurn fallback flush
[2026-07-30T00:39:40.081Z] onEndTurn: naturalStop=false toolCalls=42 nudgeMsg=no
[2026-07-30T00:39:40.087Z] LiveUpdateForge: AfterToolExec flush
[2026-07-30T00:39:40.138Z] InitialReadForge.onBeforeSend: SKIP (fr=true syn=false hasRead=true)
[2026-07-30T00:39:45.323Z] LiveUpdateForge: EndTurn fallback flush
[2026-07-30T00:39:45.324Z] onEndTurn: naturalStop=true toolCalls=43 nudgeMsg=no
[2026-07-30T00:40:38.471Z] MemoryForge: attached 5 listener(s)
[2026-07-30T00:40:38.471Z] InitialReadForge: armed one-shot BeforeSend after NewSessionStart
[2026-07-30T00:40:38.471Z] LiveUpdateForge: session reset, allowLiveUpdate = false
[2026-07-30T00:40:38.563Z] LiveUpdateForge: session reset, allowLiveUpdate = false
[2026-07-30T00:40:38.574Z] ResumeDiffForge: running checkResumeConsistency
[2026-07-30T00:40:38.575Z] checkResumeConsistency: forgedTimestamps=[]
[2026-07-30T00:40:38.583Z] checkResumeConsistency: no changes detected
[2026-07-30T00:40:38.583Z] LiveUpdateForge: session reset, allowLiveUpdate = false
[2026-07-30T00:40:38.584Z] NudgeForge: ResumeComplete — restoring count from history
[2026-07-30T00:40:38.585Z] restoreNudgeCountFromHistory: no reset point found, count=38
[2026-07-30T00:40:38.955Z] MemoryForge: attached 5 listener(s)
[2026-07-30T00:40:38.956Z] InitialReadForge: armed one-shot BeforeSend after NewSessionStart
[2026-07-30T00:40:38.956Z] LiveUpdateForge: session reset, allowLiveUpdate = false
[2026-07-30T00:40:39.099Z] LiveUpdateForge: session reset, allowLiveUpdate = false
[2026-07-30T00:40:39.126Z] ResumeDiffForge: running checkResumeConsistency
[2026-07-30T00:40:39.129Z] checkResumeConsistency: forgedTimestamps=[]
[2026-07-30T00:40:39.138Z] checkResumeConsistency: no changes detected
[2026-07-30T00:40:39.139Z] LiveUpdateForge: session reset, allowLiveUpdate = false
[2026-07-30T00:40:39.139Z] NudgeForge: ResumeComplete — restoring count from history
[2026-07-30T00:40:39.141Z] restoreNudgeCountFromHistory: no reset point found, count=21
[2026-07-30T00:40:39.949Z] MemoryForge: attached 5 listener(s)
[2026-07-30T00:40:39.950Z] InitialReadForge: armed one-shot BeforeSend after NewSessionStart
[2026-07-30T00:40:39.950Z] LiveUpdateForge: session reset, allowLiveUpdate = false
[2026-07-30T00:40:40.067Z] LiveUpdateForge: session reset, allowLiveUpdate = false
[2026-07-30T00:40:40.077Z] ResumeDiffForge: running checkResumeConsistency
[2026-07-30T00:40:40.077Z] checkResumeConsistency: forgedTimestamps=[]
[2026-07-30T00:40:40.087Z] checkResumeConsistency: no changes detected
[2026-07-30T00:40:40.088Z] LiveUpdateForge: session reset, allowLiveUpdate = false
[2026-07-30T00:40:40.088Z] NudgeForge: ResumeComplete — restoring count from history
[2026-07-30T00:40:40.089Z] restoreNudgeCountFromHistory: no reset point found, count=44
[2026-07-30T00:40:40.283Z] ResumeDiffForge: running checkResumeConsistency
[2026-07-30T00:40:40.284Z] checkResumeConsistency: forgedTimestamps=[]
[2026-07-30T00:40:40.295Z] checkResumeConsistency: no changes detected
[2026-07-30T00:40:40.295Z] LiveUpdateForge: session reset, allowLiveUpdate = false
[2026-07-30T00:40:40.296Z] NudgeForge: ResumeComplete — restoring count from history
[2026-07-30T00:40:40.297Z] restoreNudgeCountFromHistory: no reset point found, count=45
[2026-07-30T00:41:32.712Z] ResumeDiffForge: running checkResumeConsistency
[2026-07-30T00:41:32.712Z] checkResumeConsistency: forgedTimestamps=[]
[2026-07-30T00:41:32.719Z] checkResumeConsistency: no changes detected
[2026-07-30T00:41:32.719Z] LiveUpdateForge: session reset, allowLiveUpdate = false
[2026-07-30T00:41:32.719Z] NudgeForge: ResumeComplete — restoring count from history
[2026-07-30T00:41:32.720Z] restoreNudgeCountFromHistory: no reset point found, count=45
[2026-07-30T00:41:32.750Z] LiveUpdateForge: allowLiveUpdate = true (first real BeforeSend)
[2026-07-30T00:41:32.751Z] InitialReadForge.onBeforeSend: SKIP (fr=false syn=false hasRead=true)
[2026-07-30T00:41:45.739Z] LiveUpdateForge: EndTurn fallback flush
[2026-07-30T00:41:45.739Z] onEndTurn: naturalStop=false toolCalls=45 nudgeMsg=no
[2026-07-30T00:41:45.743Z] InitialReadForge.onBeforeSend: SKIP (fr=false syn=false hasRead=true)
[2026-07-30T00:42:01.445Z] LiveUpdateForge: EndTurn fallback flush
[2026-07-30T00:42:01.445Z] onEndTurn: naturalStop=false toolCalls=45 nudgeMsg=no
[2026-07-30T00:42:01.456Z] LiveUpdateForge: AfterToolExec flush
[2026-07-30T00:42:01.482Z] InitialReadForge.onBeforeSend: SKIP (fr=true syn=false hasRead=true)
[2026-07-30T00:42:15.350Z] LiveUpdateForge: EndTurn fallback flush
[2026-07-30T00:42:15.350Z] onEndTurn: naturalStop=false toolCalls=46 nudgeMsg=no
[2026-07-30T00:42:15.361Z] LiveUpdateForge: AfterToolExec flush
[2026-07-30T00:42:15.387Z] InitialReadForge.onBeforeSend: SKIP (fr=true syn=false hasRead=true)
[2026-07-30T00:42:46.026Z] LiveUpdateForge: EndTurn fallback flush
[2026-07-30T00:42:46.026Z] onEndTurn: naturalStop=false toolCalls=47 nudgeMsg=no
[2026-07-30T00:42:46.075Z] LiveUpdateForge: AfterToolExec flush
[2026-07-30T00:42:46.099Z] InitialReadForge.onBeforeSend: SKIP (fr=true syn=false hasRead=true)
[2026-07-30T00:42:51.975Z] LiveUpdateForge: EndTurn fallback flush
[2026-07-30T00:42:51.976Z] onEndTurn: naturalStop=false toolCalls=48 nudgeMsg=no
[2026-07-30T00:43:06.293Z] LiveUpdateForge: AfterToolExec flush
[2026-07-30T00:43:06.321Z] InitialReadForge.onBeforeSend: SKIP (fr=true syn=false hasRead=true)
[2026-07-30T00:43:14.481Z] LiveUpdateForge: EndTurn fallback flush
[2026-07-30T00:43:14.482Z] onEndTurn: naturalStop=false toolCalls=49 nudgeMsg=no
[2026-07-30T00:43:14.511Z] LiveUpdateForge: AfterToolExec flush
[2026-07-30T00:43:14.535Z] InitialReadForge.onBeforeSend: SKIP (fr=true syn=false hasRead=true)
[2026-07-30T00:43:22.243Z] LiveUpdateForge: EndTurn fallback flush
[2026-07-30T00:43:22.243Z] onEndTurn: naturalStop=true toolCalls=0 nudgeMsg=YES
[2026-07-30T00:43:22.245Z] InitialReadForge.onBeforeSend: SKIP (fr=false syn=false hasRead=true)
[2026-07-30T00:43:45.949Z] LiveUpdateForge: EndTurn fallback flush
[2026-07-30T00:43:45.950Z] onEndTurn: naturalStop=false toolCalls=0 nudgeMsg=no
[2026-07-30T00:43:45.965Z] LiveUpdateForge: self-write on D:\unity\mowang\CODELY.md, baseline aligned
[2026-07-30T00:43:45.967Z] LiveUpdateForge: AfterToolExec flush
[2026-07-30T00:43:45.996Z] InitialReadForge.onBeforeSend: SKIP (fr=true syn=false hasRead=true)
[2026-07-30T00:43:46.500Z] LiveUpdateForge: pending external change on D:\unity\mowang\CODELY.md
[2026-07-30T00:43:46.501Z] LiveUpdateForge: pending external change on D:\unity\mowang\CODELY.md
[2026-07-30T00:43:46.501Z] LiveUpdateForge: pending external change on D:\unity\mowang\CODELY.md
[2026-07-30T00:43:46.516Z] LiveUpdateForge: pending external change on D:\unity\mowang\CODELY.md
[2026-07-30T00:43:48.919Z] LiveUpdateForge: EndTurn fallback flush
[2026-07-30T00:43:48.919Z] onEndTurn: naturalStop=true toolCalls=0 nudgeMsg=no
[2026-07-30T00:44:52.675Z] ResumeDiffForge: running checkResumeConsistency
[2026-07-30T00:44:52.676Z] checkResumeConsistency: forgedTimestamps=[]
[2026-07-30T00:44:52.685Z] checkResumeConsistency: no changes detected
[2026-07-30T00:44:52.685Z] LiveUpdateForge: session reset, allowLiveUpdate = false
[2026-07-30T00:44:52.685Z] NudgeForge: ResumeComplete — restoring count from history
[2026-07-30T00:44:52.686Z] restoreNudgeCountFromHistory: no reset point found, count=38
[2026-07-30T00:44:52.813Z] ResumeDiffForge: running checkResumeConsistency
[2026-07-30T00:44:52.813Z] checkResumeConsistency: forgedTimestamps=[]
[2026-07-30T00:44:52.821Z] checkResumeConsistency: no changes detected
[2026-07-30T00:44:52.822Z] LiveUpdateForge: session reset, allowLiveUpdate = false
[2026-07-30T00:44:52.822Z] NudgeForge: ResumeComplete — restoring count from history
[2026-07-30T00:44:52.823Z] restoreNudgeCountFromHistory: no reset point found, count=21
[2026-07-30T00:44:52.937Z] ResumeDiffForge: running checkResumeConsistency
[2026-07-30T00:44:52.937Z] checkResumeConsistency: forgedTimestamps=[]
[2026-07-30T00:44:52.945Z] checkResumeConsistency: no changes detected
[2026-07-30T00:44:52.946Z] LiveUpdateForge: session reset, allowLiveUpdate = false
[2026-07-30T00:44:52.946Z] NudgeForge: ResumeComplete — restoring count from history
[2026-07-30T00:44:52.947Z] restoreNudgeCountFromHistory: no reset point found, count=44
[2026-07-30T00:44:53.049Z] ResumeDiffForge: running checkResumeConsistency
[2026-07-30T00:44:53.050Z] checkResumeConsistency: forgedTimestamps=[]
[2026-07-30T00:44:53.058Z] checkResumeConsistency: no changes detected
[2026-07-30T00:44:53.059Z] LiveUpdateForge: session reset, allowLiveUpdate = false
[2026-07-30T00:44:53.059Z] NudgeForge: ResumeComplete — restoring count from history
[2026-07-30T00:44:53.059Z] restoreNudgeCountFromHistory: found last write at idx=90 count=0
[2026-07-30T00:45:39.126Z] ResumeDiffForge: running checkResumeConsistency
[2026-07-30T00:45:39.127Z] checkResumeConsistency: forgedTimestamps=[]
[2026-07-30T00:45:39.135Z] checkResumeConsistency: no changes detected
[2026-07-30T00:45:39.135Z] LiveUpdateForge: session reset, allowLiveUpdate = false
[2026-07-30T00:45:39.135Z] NudgeForge: ResumeComplete — restoring count from history
[2026-07-30T00:45:39.136Z] restoreNudgeCountFromHistory: found last write at idx=90 count=0
[2026-07-30T00:45:39.168Z] LiveUpdateForge: allowLiveUpdate = true (first real BeforeSend)
[2026-07-30T00:45:39.169Z] InitialReadForge.onBeforeSend: SKIP (fr=false syn=false hasRead=true)
[2026-07-30T00:45:55.968Z] LiveUpdateForge: EndTurn fallback flush
[2026-07-30T00:45:55.969Z] onEndTurn: naturalStop=false toolCalls=0 nudgeMsg=no
[2026-07-30T00:46:53.787Z] LiveUpdateForge: AfterToolExec flush
[2026-07-30T00:46:53.815Z] InitialReadForge.onBeforeSend: SKIP (fr=true syn=false hasRead=true)
[2026-07-30T00:47:04.353Z] LiveUpdateForge: EndTurn fallback flush
[2026-07-30T00:47:04.353Z] onEndTurn: naturalStop=false toolCalls=1 nudgeMsg=no
[2026-07-30T00:47:04.372Z] LiveUpdateForge: AfterToolExec flush
[2026-07-30T00:47:04.398Z] InitialReadForge.onBeforeSend: SKIP (fr=true syn=false hasRead=true)
[2026-07-30T00:47:11.747Z] LiveUpdateForge: EndTurn fallback flush
[2026-07-30T00:47:11.748Z] onEndTurn: naturalStop=false toolCalls=2 nudgeMsg=no
[2026-07-30T00:47:12.352Z] LiveUpdateForge: AfterToolExec flush
[2026-07-30T00:47:12.380Z] InitialReadForge.onBeforeSend: SKIP (fr=true syn=false hasRead=true)
[2026-07-30T00:47:32.661Z] LiveUpdateForge: EndTurn fallback flush
[2026-07-30T00:47:32.661Z] onEndTurn: naturalStop=false toolCalls=3 nudgeMsg=no
[2026-07-30T00:47:34.799Z] LiveUpdateForge: AfterToolExec flush
[2026-07-30T00:47:34.837Z] InitialReadForge.onBeforeSend: SKIP (fr=true syn=false hasRead=true)
[2026-07-30T00:47:42.716Z] LiveUpdateForge: EndTurn fallback flush
[2026-07-30T00:47:42.716Z] onEndTurn: naturalStop=false toolCalls=4 nudgeMsg=no
[2026-07-30T00:47:44.078Z] LiveUpdateForge: AfterToolExec flush
[2026-07-30T00:47:44.114Z] InitialReadForge.onBeforeSend: SKIP (fr=true syn=false hasRead=true)
[2026-07-30T00:47:46.406Z] LiveUpdateForge: EndTurn fallback flush
[2026-07-30T00:47:46.406Z] onEndTurn: naturalStop=false toolCalls=5 nudgeMsg=no
[2026-07-30T00:47:46.452Z] LiveUpdateForge: AfterToolExec flush
[2026-07-30T00:47:46.476Z] InitialReadForge.onBeforeSend: SKIP (fr=true syn=false hasRead=true)
[2026-07-30T00:47:49.911Z] LiveUpdateForge: EndTurn fallback flush
[2026-07-30T00:47:49.912Z] onEndTurn: naturalStop=false toolCalls=6 nudgeMsg=no
[2026-07-30T00:47:49.931Z] LiveUpdateForge: AfterToolExec flush
[2026-07-30T00:47:49.955Z] InitialReadForge.onBeforeSend: SKIP (fr=true syn=false hasRead=true)
[2026-07-30T00:47:53.347Z] LiveUpdateForge: EndTurn fallback flush
[2026-07-30T00:47:53.347Z] onEndTurn: naturalStop=false toolCalls=7 nudgeMsg=no
[2026-07-30T00:48:07.053Z] LiveUpdateForge: AfterToolExec flush
[2026-07-30T00:48:07.078Z] InitialReadForge.onBeforeSend: SKIP (fr=true syn=false hasRead=true)
[2026-07-30T00:48:19.235Z] LiveUpdateForge: EndTurn fallback flush
[2026-07-30T00:48:19.236Z] onEndTurn: naturalStop=false toolCalls=8 nudgeMsg=no
[2026-07-30T00:48:20.148Z] LiveUpdateForge: AfterToolExec flush
[2026-07-30T00:48:20.176Z] InitialReadForge.onBeforeSend: SKIP (fr=true syn=false hasRead=true)
[2026-07-30T00:48:26.390Z] LiveUpdateForge: EndTurn fallback flush
[2026-07-30T00:48:26.391Z] onEndTurn: naturalStop=false toolCalls=9 nudgeMsg=no
[2026-07-30T00:48:28.286Z] LiveUpdateForge: AfterToolExec flush
[2026-07-30T00:48:28.312Z] InitialReadForge.onBeforeSend: SKIP (fr=true syn=false hasRead=true)
[2026-07-30T00:48:31.645Z] LiveUpdateForge: EndTurn fallback flush
[2026-07-30T00:48:31.645Z] onEndTurn: naturalStop=false toolCalls=10 nudgeMsg=no
[2026-07-30T00:48:31.834Z] LiveUpdateForge: AfterToolExec flush
[2026-07-30T00:48:31.860Z] InitialReadForge.onBeforeSend: SKIP (fr=true syn=false hasRead=true)
[2026-07-30T00:48:38.969Z] LiveUpdateForge: EndTurn fallback flush
[2026-07-30T00:48:38.969Z] onEndTurn: naturalStop=false toolCalls=11 nudgeMsg=no
[2026-07-30T00:49:24.784Z] LiveUpdateForge: AfterToolExec flush
[2026-07-30T00:49:24.816Z] InitialReadForge.onBeforeSend: SKIP (fr=true syn=false hasRead=true)
[2026-07-30T00:49:28.687Z] LiveUpdateForge: EndTurn fallback flush
[2026-07-30T00:49:28.687Z] onEndTurn: naturalStop=false toolCalls=12 nudgeMsg=no
[2026-07-30T00:49:29.287Z] LiveUpdateForge: AfterToolExec flush
[2026-07-30T00:49:29.310Z] InitialReadForge.onBeforeSend: SKIP (fr=true syn=false hasRead=true)
[2026-07-30T00:49:36.601Z] LiveUpdateForge: EndTurn fallback flush
[2026-07-30T00:49:36.601Z] onEndTurn: naturalStop=true toolCalls=13 nudgeMsg=no
[2026-07-30T00:49:39.861Z] ResumeDiffForge: running checkResumeConsistency
[2026-07-30T00:49:39.861Z] checkResumeConsistency: forgedTimestamps=[]
[2026-07-30T00:49:39.869Z] checkResumeConsistency: no changes detected
[2026-07-30T00:49:39.869Z] LiveUpdateForge: session reset, allowLiveUpdate = false
[2026-07-30T00:49:39.870Z] NudgeForge: ResumeComplete — restoring count from history
[2026-07-30T00:49:39.870Z] restoreNudgeCountFromHistory: found last write at idx=90 count=13
[2026-07-30T00:49:39.899Z] LiveUpdateForge: allowLiveUpdate = true (first real BeforeSend)
[2026-07-30T00:49:39.900Z] InitialReadForge.onBeforeSend: SKIP (fr=false syn=false hasRead=true)
[2026-07-30T00:49:51.830Z] LiveUpdateForge: EndTurn fallback flush
[2026-07-30T00:49:51.830Z] onEndTurn: naturalStop=false toolCalls=13 nudgeMsg=no
[2026-07-30T00:49:51.840Z] LiveUpdateForge: AfterToolExec flush
[2026-07-30T00:49:51.865Z] InitialReadForge.onBeforeSend: SKIP (fr=true syn=false hasRead=true)
[2026-07-30T00:49:54.424Z] LiveUpdateForge: EndTurn fallback flush
[2026-07-30T00:49:54.424Z] onEndTurn: naturalStop=false toolCalls=14 nudgeMsg=no
[2026-07-30T00:49:54.433Z] LiveUpdateForge: AfterToolExec flush
[2026-07-30T00:49:54.457Z] InitialReadForge.onBeforeSend: SKIP (fr=true syn=false hasRead=true)
[2026-07-30T00:49:57.803Z] LiveUpdateForge: EndTurn fallback flush
[2026-07-30T00:49:57.804Z] onEndTurn: naturalStop=false toolCalls=15 nudgeMsg=no
[2026-07-30T00:49:57.811Z] LiveUpdateForge: AfterToolExec flush
[2026-07-30T00:49:57.833Z] InitialReadForge.onBeforeSend: SKIP (fr=true syn=false hasRead=true)
[2026-07-30T00:50:03.846Z] LiveUpdateForge: EndTurn fallback flush
[2026-07-30T00:50:03.846Z] onEndTurn: naturalStop=false toolCalls=16 nudgeMsg=no
[2026-07-30T00:50:03.889Z] LiveUpdateForge: AfterToolExec flush
[2026-07-30T00:50:03.913Z] InitialReadForge.onBeforeSend: SKIP (fr=true syn=false hasRead=true)
[2026-07-30T00:50:09.544Z] LiveUpdateForge: EndTurn fallback flush
[2026-07-30T00:50:09.545Z] onEndTurn: naturalStop=false toolCalls=17 nudgeMsg=no
[2026-07-30T00:50:09.561Z] LiveUpdateForge: AfterToolExec flush
[2026-07-30T00:50:09.591Z] InitialReadForge.onBeforeSend: SKIP (fr=true syn=false hasRead=true)
[2026-07-30T00:50:14.764Z] LiveUpdateForge: EndTurn fallback flush
[2026-07-30T00:50:14.765Z] onEndTurn: naturalStop=false toolCalls=18 nudgeMsg=no
[2026-07-30T00:50:14.782Z] LiveUpdateForge: AfterToolExec flush
[2026-07-30T00:50:14.812Z] InitialReadForge.onBeforeSend: SKIP (fr=true syn=false hasRead=true)
[2026-07-30T00:50:25.254Z] LiveUpdateForge: EndTurn fallback flush
[2026-07-30T00:50:25.255Z] onEndTurn: naturalStop=false toolCalls=19 nudgeMsg=no
[2026-07-30T00:50:25.275Z] LiveUpdateForge: AfterToolExec flush
[2026-07-30T00:50:25.299Z] InitialReadForge.onBeforeSend: SKIP (fr=true syn=false hasRead=true)
[2026-07-30T00:50:34.757Z] LiveUpdateForge: EndTurn fallback flush
[2026-07-30T00:50:34.757Z] onEndTurn: naturalStop=false toolCalls=20 nudgeMsg=no
[2026-07-30T00:50:34.901Z] LiveUpdateForge: AfterToolExec flush
[2026-07-30T00:50:34.928Z] InitialReadForge.onBeforeSend: SKIP (fr=true syn=false hasRead=true)
[2026-07-30T00:50:38.094Z] LiveUpdateForge: EndTurn fallback flush
[2026-07-30T00:50:38.094Z] onEndTurn: naturalStop=false toolCalls=21 nudgeMsg=no
[2026-07-30T00:50:38.109Z] LiveUpdateForge: AfterToolExec flush
[2026-07-30T00:50:38.133Z] InitialReadForge.onBeforeSend: SKIP (fr=true syn=false hasRead=true)
[2026-07-30T00:50:42.193Z] LiveUpdateForge: EndTurn fallback flush
[2026-07-30T00:50:42.193Z] onEndTurn: naturalStop=false toolCalls=22 nudgeMsg=no
[2026-07-30T00:50:42.304Z] LiveUpdateForge: AfterToolExec flush
[2026-07-30T00:50:42.328Z] InitialReadForge.onBeforeSend: SKIP (fr=true syn=false hasRead=true)
[2026-07-30T00:50:49.360Z] LiveUpdateForge: EndTurn fallback flush
[2026-07-30T00:50:49.361Z] onEndTurn: naturalStop=false toolCalls=23 nudgeMsg=no
[2026-07-30T00:50:52.249Z] LiveUpdateForge: AfterToolExec flush
[2026-07-30T00:50:52.279Z] InitialReadForge.onBeforeSend: SKIP (fr=true syn=false hasRead=true)
[2026-07-30T00:50:54.749Z] LiveUpdateForge: EndTurn fallback flush
[2026-07-30T00:50:54.749Z] onEndTurn: naturalStop=false toolCalls=24 nudgeMsg=no
[2026-07-30T00:50:54.757Z] LiveUpdateForge: AfterToolExec flush
[2026-07-30T00:50:54.781Z] InitialReadForge.onBeforeSend: SKIP (fr=true syn=false hasRead=true)
[2026-07-30T00:51:00.714Z] LiveUpdateForge: EndTurn fallback flush
[2026-07-30T00:51:00.714Z] onEndTurn: naturalStop=false toolCalls=25 nudgeMsg=no
[2026-07-30T00:51:00.730Z] LiveUpdateForge: AfterToolExec flush
[2026-07-30T00:51:00.756Z] InitialReadForge.onBeforeSend: SKIP (fr=true syn=false hasRead=true)
[2026-07-30T00:51:04.829Z] LiveUpdateForge: EndTurn fallback flush
[2026-07-30T00:51:04.829Z] onEndTurn: naturalStop=false toolCalls=26 nudgeMsg=no
[2026-07-30T00:51:04.835Z] LiveUpdateForge: AfterToolExec flush
[2026-07-30T00:51:04.857Z] InitialReadForge.onBeforeSend: SKIP (fr=true syn=false hasRead=true)
[2026-07-30T00:51:07.265Z] LiveUpdateForge: EndTurn fallback flush
[2026-07-30T00:51:07.265Z] onEndTurn: naturalStop=false toolCalls=27 nudgeMsg=no
[2026-07-30T00:51:07.283Z] LiveUpdateForge: AfterToolExec flush
[2026-07-30T00:51:07.309Z] InitialReadForge.onBeforeSend: SKIP (fr=true syn=false hasRead=true)
[2026-07-30T00:51:09.494Z] LiveUpdateForge: EndTurn fallback flush
[2026-07-30T00:51:09.494Z] onEndTurn: naturalStop=false toolCalls=28 nudgeMsg=no
[2026-07-30T00:51:15.131Z] LiveUpdateForge: AfterToolExec flush
[2026-07-30T00:51:15.165Z] InitialReadForge.onBeforeSend: SKIP (fr=true syn=false hasRead=true)
[2026-07-30T00:51:26.557Z] LiveUpdateForge: EndTurn fallback flush
[2026-07-30T00:51:26.557Z] onEndTurn: naturalStop=false toolCalls=29 nudgeMsg=no
[2026-07-30T00:51:26.568Z] LiveUpdateForge: AfterToolExec flush
[2026-07-30T00:51:26.601Z] InitialReadForge.onBeforeSend: SKIP (fr=true syn=false hasRead=true)
[2026-07-30T00:51:32.897Z] LiveUpdateForge: EndTurn fallback flush
[2026-07-30T00:51:32.898Z] onEndTurn: naturalStop=false toolCalls=30 nudgeMsg=no
[2026-07-30T00:51:32.946Z] LiveUpdateForge: AfterToolExec flush
[2026-07-30T00:51:32.972Z] InitialReadForge.onBeforeSend: SKIP (fr=true syn=false hasRead=true)
[2026-07-30T00:51:40.979Z] LiveUpdateForge: EndTurn fallback flush
[2026-07-30T00:51:40.979Z] onEndTurn: naturalStop=false toolCalls=31 nudgeMsg=no
[2026-07-30T00:51:40.994Z] LiveUpdateForge: AfterToolExec flush
[2026-07-30T00:51:41.017Z] InitialReadForge.onBeforeSend: SKIP (fr=true syn=false hasRead=true)
[2026-07-30T00:51:44.063Z] LiveUpdateForge: EndTurn fallback flush
[2026-07-30T00:51:44.064Z] onEndTurn: naturalStop=false toolCalls=32 nudgeMsg=no
[2026-07-30T00:51:44.075Z] LiveUpdateForge: AfterToolExec flush
[2026-07-30T00:51:44.100Z] InitialReadForge.onBeforeSend: SKIP (fr=true syn=false hasRead=true)
[2026-07-30T00:51:46.013Z] LiveUpdateForge: EndTurn fallback flush
[2026-07-30T00:51:46.014Z] onEndTurn: naturalStop=false toolCalls=33 nudgeMsg=no
[2026-07-30T00:51:56.709Z] LiveUpdateForge: AfterToolExec flush
[2026-07-30T00:51:56.735Z] InitialReadForge.onBeforeSend: SKIP (fr=true syn=false hasRead=true)
[2026-07-30T00:52:01.685Z] LiveUpdateForge: EndTurn fallback flush
[2026-07-30T00:52:01.686Z] onEndTurn: naturalStop=false toolCalls=34 nudgeMsg=no
[2026-07-30T00:52:04.950Z] LiveUpdateForge: AfterToolExec flush
[2026-07-30T00:52:04.985Z] InitialReadForge.onBeforeSend: SKIP (fr=true syn=false hasRead=true)
[2026-07-30T00:52:08.934Z] LiveUpdateForge: EndTurn fallback flush
[2026-07-30T00:52:08.934Z] onEndTurn: naturalStop=false toolCalls=35 nudgeMsg=no
[2026-07-30T00:52:09.313Z] LiveUpdateForge: AfterToolExec flush
[2026-07-30T00:52:09.343Z] InitialReadForge.onBeforeSend: SKIP (fr=true syn=false hasRead=true)
[2026-07-30T00:52:13.505Z] LiveUpdateForge: EndTurn fallback flush
[2026-07-30T00:52:13.506Z] onEndTurn: naturalStop=false toolCalls=36 nudgeMsg=no
[2026-07-30T00:52:13.513Z] LiveUpdateForge: AfterToolExec flush
[2026-07-30T00:52:13.538Z] InitialReadForge.onBeforeSend: SKIP (fr=true syn=false hasRead=true)
[2026-07-30T00:52:16.721Z] LiveUpdateForge: EndTurn fallback flush
[2026-07-30T00:52:16.721Z] onEndTurn: naturalStop=false toolCalls=37 nudgeMsg=no
[2026-07-30T00:52:17.717Z] LiveUpdateForge: AfterToolExec flush
[2026-07-30T00:52:17.740Z] InitialReadForge.onBeforeSend: SKIP (fr=true syn=false hasRead=true)
[2026-07-30T00:52:19.999Z] LiveUpdateForge: EndTurn fallback flush
[2026-07-30T00:52:19.999Z] onEndTurn: naturalStop=false toolCalls=38 nudgeMsg=no
[2026-07-30T00:52:20.343Z] LiveUpdateForge: AfterToolExec flush
[2026-07-30T00:52:20.368Z] InitialReadForge.onBeforeSend: SKIP (fr=true syn=false hasRead=true)
[2026-07-30T00:52:22.458Z] LiveUpdateForge: EndTurn fallback flush
[2026-07-30T00:52:22.458Z] onEndTurn: naturalStop=false toolCalls=39 nudgeMsg=no
[2026-07-30T00:52:22.643Z] LiveUpdateForge: AfterToolExec flush
[2026-07-30T00:52:22.667Z] InitialReadForge.onBeforeSend: SKIP (fr=true syn=false hasRead=true)
[2026-07-30T00:52:25.864Z] LiveUpdateForge: EndTurn fallback flush
[2026-07-30T00:52:25.865Z] onEndTurn: naturalStop=false toolCalls=40 nudgeMsg=no
[2026-07-30T00:52:33.913Z] LiveUpdateForge: AfterToolExec flush
[2026-07-30T00:52:33.954Z] InitialReadForge.onBeforeSend: SKIP (fr=true syn=false hasRead=true)
[2026-07-30T00:52:36.125Z] LiveUpdateForge: EndTurn fallback flush
[2026-07-30T00:52:36.125Z] onEndTurn: naturalStop=false toolCalls=41 nudgeMsg=no
[2026-07-30T00:52:36.706Z] LiveUpdateForge: AfterToolExec flush
[2026-07-30T00:52:36.730Z] InitialReadForge.onBeforeSend: SKIP (fr=true syn=false hasRead=true)
[2026-07-30T00:52:40.322Z] LiveUpdateForge: EndTurn fallback flush
[2026-07-30T00:52:40.322Z] onEndTurn: naturalStop=true toolCalls=42 nudgeMsg=no
[2026-07-30T00:54:21.374Z] ResumeDiffForge: running checkResumeConsistency
[2026-07-30T00:54:21.375Z] checkResumeConsistency: forgedTimestamps=[]
[2026-07-30T00:54:21.382Z] checkResumeConsistency: no changes detected
[2026-07-30T00:54:21.382Z] LiveUpdateForge: session reset, allowLiveUpdate = false
[2026-07-30T00:54:21.382Z] NudgeForge: ResumeComplete — restoring count from history
[2026-07-30T00:54:21.382Z] restoreNudgeCountFromHistory: found last write at idx=90 count=42
[2026-07-30T00:54:21.412Z] LiveUpdateForge: allowLiveUpdate = true (first real BeforeSend)
[2026-07-30T00:54:21.412Z] InitialReadForge.onBeforeSend: SKIP (fr=false syn=false hasRead=true)
[2026-07-30T00:54:26.438Z] LiveUpdateForge: EndTurn fallback flush
[2026-07-30T00:54:26.438Z] onEndTurn: naturalStop=false toolCalls=42 nudgeMsg=no
[2026-07-30T00:54:32.652Z] LiveUpdateForge: AfterToolExec flush
[2026-07-30T00:54:32.691Z] InitialReadForge.onBeforeSend: SKIP (fr=true syn=false hasRead=true)
[2026-07-30T00:54:36.209Z] LiveUpdateForge: EndTurn fallback flush
[2026-07-30T00:54:36.209Z] onEndTurn: naturalStop=false toolCalls=43 nudgeMsg=no
[2026-07-30T00:54:40.960Z] LiveUpdateForge: AfterToolExec flush
[2026-07-30T00:54:40.987Z] InitialReadForge.onBeforeSend: SKIP (fr=true syn=false hasRead=true)
[2026-07-30T00:54:44.981Z] LiveUpdateForge: EndTurn fallback flush
[2026-07-30T00:54:44.982Z] onEndTurn: naturalStop=false toolCalls=44 nudgeMsg=no
[2026-07-30T00:54:44.992Z] LiveUpdateForge: AfterToolExec flush
[2026-07-30T00:54:45.024Z] InitialReadForge.onBeforeSend: SKIP (fr=true syn=false hasRead=true)
[2026-07-30T00:54:47.386Z] LiveUpdateForge: EndTurn fallback flush
[2026-07-30T00:54:47.387Z] onEndTurn: naturalStop=false toolCalls=45 nudgeMsg=no
[2026-07-30T00:54:47.397Z] LiveUpdateForge: AfterToolExec flush
[2026-07-30T00:54:47.426Z] InitialReadForge.onBeforeSend: SKIP (fr=true syn=false hasRead=true)
[2026-07-30T00:55:14.554Z] LiveUpdateForge: EndTurn fallback flush
[2026-07-30T00:55:14.554Z] onEndTurn: naturalStop=false toolCalls=46 nudgeMsg=no
[2026-07-30T00:55:14.632Z] LiveUpdateForge: AfterToolExec flush
[2026-07-30T00:55:14.660Z] InitialReadForge.onBeforeSend: SKIP (fr=true syn=false hasRead=true)
[2026-07-30T00:55:16.906Z] LiveUpdateForge: EndTurn fallback flush
[2026-07-30T00:55:16.906Z] onEndTurn: naturalStop=false toolCalls=47 nudgeMsg=no
[2026-07-30T00:55:16.936Z] LiveUpdateForge: AfterToolExec flush
[2026-07-30T00:55:16.965Z] InitialReadForge.onBeforeSend: SKIP (fr=true syn=false hasRead=true)
[2026-07-30T00:55:21.023Z] LiveUpdateForge: EndTurn fallback flush
[2026-07-30T00:55:21.024Z] onEndTurn: naturalStop=false toolCalls=48 nudgeMsg=no
[2026-07-30T00:55:21.590Z] LiveUpdateForge: AfterToolExec flush
[2026-07-30T00:55:21.611Z] InitialReadForge.onBeforeSend: SKIP (fr=true syn=false hasRead=true)
[2026-07-30T00:55:24.585Z] LiveUpdateForge: EndTurn fallback flush
[2026-07-30T00:55:24.585Z] onEndTurn: naturalStop=false toolCalls=49 nudgeMsg=no
[2026-07-30T00:55:34.412Z] LiveUpdateForge: AfterToolExec flush
[2026-07-30T00:55:34.440Z] InitialReadForge.onBeforeSend: SKIP (fr=true syn=false hasRead=true)
[2026-07-30T00:56:12.944Z] LiveUpdateForge: EndTurn fallback flush
[2026-07-30T00:56:12.945Z] onEndTurn: naturalStop=false toolCalls=50 nudgeMsg=no
[2026-07-30T00:56:14.134Z] LiveUpdateForge: AfterToolExec flush
[2026-07-30T00:56:14.160Z] InitialReadForge.onBeforeSend: SKIP (fr=true syn=false hasRead=true)
[2026-07-30T00:56:17.870Z] LiveUpdateForge: EndTurn fallback flush
[2026-07-30T00:56:17.870Z] onEndTurn: naturalStop=false toolCalls=51 nudgeMsg=no
[2026-07-30T00:56:19.741Z] LiveUpdateForge: AfterToolExec flush
[2026-07-30T00:56:19.781Z] InitialReadForge.onBeforeSend: SKIP (fr=true syn=false hasRead=true)
[2026-07-30T00:56:28.245Z] LiveUpdateForge: EndTurn fallback flush
[2026-07-30T00:56:28.246Z] onEndTurn: naturalStop=false toolCalls=52 nudgeMsg=no
[2026-07-30T00:56:28.273Z] LiveUpdateForge: AfterToolExec flush
[2026-07-30T00:56:28.300Z] InitialReadForge.onBeforeSend: SKIP (fr=true syn=false hasRead=true)
[2026-07-30T00:56:30.309Z] LiveUpdateForge: EndTurn fallback flush
[2026-07-30T00:56:30.309Z] onEndTurn: naturalStop=false toolCalls=53 nudgeMsg=no
[2026-07-30T00:56:30.483Z] LiveUpdateForge: AfterToolExec flush
[2026-07-30T00:56:30.511Z] InitialReadForge.onBeforeSend: SKIP (fr=true syn=false hasRead=true)
[2026-07-30T00:56:34.055Z] LiveUpdateForge: EndTurn fallback flush
[2026-07-30T00:56:34.055Z] onEndTurn: naturalStop=false toolCalls=54 nudgeMsg=no
[2026-07-30T00:56:41.562Z] LiveUpdateForge: AfterToolExec flush
[2026-07-30T00:56:41.600Z] InitialReadForge.onBeforeSend: SKIP (fr=true syn=false hasRead=true)
[2026-07-30T00:56:43.885Z] LiveUpdateForge: EndTurn fallback flush
[2026-07-30T00:56:43.885Z] onEndTurn: naturalStop=false toolCalls=55 nudgeMsg=no
[2026-07-30T00:56:44.437Z] LiveUpdateForge: AfterToolExec flush
[2026-07-30T00:56:44.475Z] InitialReadForge.onBeforeSend: SKIP (fr=true syn=false hasRead=true)
[2026-07-30T00:56:47.476Z] LiveUpdateForge: EndTurn fallback flush
[2026-07-30T00:56:47.476Z] onEndTurn: naturalStop=true toolCalls=0 nudgeMsg=YES
[2026-07-30T00:56:47.479Z] InitialReadForge.onBeforeSend: SKIP (fr=false syn=false hasRead=true)
[2026-07-30T00:56:49.953Z] LiveUpdateForge: EndTurn fallback flush
[2026-07-30T00:56:49.953Z] onEndTurn: naturalStop=false toolCalls=0 nudgeMsg=no
[2026-07-30T00:56:49.970Z] LiveUpdateForge: AfterToolExec flush
[2026-07-30T00:56:49.971Z] nudge: read_memory called (does NOT reset counter)
[2026-07-30T00:56:54.299Z] LiveUpdateForge: EndTurn fallback flush
[2026-07-30T00:56:54.299Z] onEndTurn: naturalStop=false toolCalls=1 nudgeMsg=no
[2026-07-30T00:56:54.307Z] LiveUpdateForge: self-write on D:\unity\mowang\CODELY.md, baseline aligned
[2026-07-30T00:56:54.308Z] LiveUpdateForge: AfterToolExec flush
[2026-07-30T00:56:54.844Z] LiveUpdateForge: pending external change on D:\unity\mowang\CODELY.md
[2026-07-30T00:56:56.814Z] LiveUpdateForge: EndTurn fallback flush
[2026-07-30T00:56:56.827Z] onEndTurn: naturalStop=true toolCalls=0 nudgeMsg=no
[2026-07-30T00:57:48.715Z] ResumeDiffForge: running checkResumeConsistency
[2026-07-30T00:57:48.716Z] checkResumeConsistency: forgedTimestamps=[["project","1970-01-01T00:00:00.000Z"]]
[2026-07-30T00:57:48.722Z] checkResumeConsistency: injecting 1 diff notification(s)
[2026-07-30T00:57:48.723Z] injectForgedHistory: role=user preview="[agent-auto] [memory-update 2026-07-30 08:56:54] project memory file has been mo"
[2026-07-30T00:57:48.744Z] injectForgedHistory: recordMessage persisted
[2026-07-30T00:57:48.745Z] LiveUpdateForge: session reset, allowLiveUpdate = false
[2026-07-30T00:57:48.745Z] NudgeForge: ResumeComplete — restoring count from history
[2026-07-30T00:57:48.746Z] restoreNudgeCountFromHistory: found last write at idx=214 count=0
[2026-07-30T00:57:48.779Z] LiveUpdateForge: allowLiveUpdate = true (first real BeforeSend)
[2026-07-30T00:57:52.507Z] LiveUpdateForge: EndTurn fallback flush
[2026-07-30T00:57:52.507Z] onEndTurn: naturalStop=false toolCalls=0 nudgeMsg=no
[2026-07-30T00:58:00.427Z] LiveUpdateForge: AfterToolExec flush
[2026-07-30T00:58:08.426Z] LiveUpdateForge: EndTurn fallback flush
[2026-07-30T00:58:08.427Z] onEndTurn: naturalStop=false toolCalls=1 nudgeMsg=no
[2026-07-30T00:58:08.439Z] LiveUpdateForge: AfterToolExec flush
[2026-07-30T00:58:10.759Z] LiveUpdateForge: EndTurn fallback flush
[2026-07-30T00:58:10.760Z] onEndTurn: naturalStop=false toolCalls=2 nudgeMsg=no
[2026-07-30T00:58:11.355Z] LiveUpdateForge: AfterToolExec flush
[2026-07-30T00:58:14.203Z] LiveUpdateForge: EndTurn fallback flush
[2026-07-30T00:58:14.203Z] onEndTurn: naturalStop=false toolCalls=3 nudgeMsg=no
[2026-07-30T00:58:14.706Z] LiveUpdateForge: AfterToolExec flush
[2026-07-30T00:58:22.871Z] LiveUpdateForge: EndTurn fallback flush
[2026-07-30T00:58:22.872Z] onEndTurn: naturalStop=false toolCalls=4 nudgeMsg=no
[2026-07-30T00:58:22.937Z] LiveUpdateForge: AfterToolExec flush
[2026-07-30T00:58:25.469Z] LiveUpdateForge: EndTurn fallback flush
[2026-07-30T00:58:25.469Z] onEndTurn: naturalStop=false toolCalls=5 nudgeMsg=no
[2026-07-30T00:58:25.480Z] LiveUpdateForge: AfterToolExec flush
[2026-07-30T00:58:27.961Z] LiveUpdateForge: EndTurn fallback flush
[2026-07-30T00:58:27.961Z] onEndTurn: naturalStop=false toolCalls=6 nudgeMsg=no
[2026-07-30T00:58:27.970Z] LiveUpdateForge: AfterToolExec flush
[2026-07-30T00:58:41.123Z] LiveUpdateForge: EndTurn fallback flush
[2026-07-30T00:58:41.123Z] onEndTurn: naturalStop=false toolCalls=7 nudgeMsg=no
[2026-07-30T00:58:41.144Z] LiveUpdateForge: AfterToolExec flush
[2026-07-30T00:58:44.641Z] LiveUpdateForge: EndTurn fallback flush
[2026-07-30T00:58:44.642Z] onEndTurn: naturalStop=false toolCalls=8 nudgeMsg=no
[2026-07-30T00:58:45.725Z] LiveUpdateForge: AfterToolExec flush
[2026-07-30T00:58:47.896Z] LiveUpdateForge: EndTurn fallback flush
[2026-07-30T00:58:47.897Z] onEndTurn: naturalStop=false toolCalls=9 nudgeMsg=no
[2026-07-30T00:58:59.268Z] LiveUpdateForge: AfterToolExec flush
[2026-07-30T00:59:01.946Z] LiveUpdateForge: EndTurn fallback flush
[2026-07-30T00:59:01.946Z] onEndTurn: naturalStop=false toolCalls=10 nudgeMsg=no
[2026-07-30T00:59:03.041Z] LiveUpdateForge: AfterToolExec flush
[2026-07-30T00:59:06.525Z] LiveUpdateForge: EndTurn fallback flush
[2026-07-30T00:59:06.525Z] onEndTurn: naturalStop=false toolCalls=11 nudgeMsg=no
[2026-07-30T00:59:08.662Z] LiveUpdateForge: AfterToolExec flush
[2026-07-30T00:59:11.226Z] LiveUpdateForge: EndTurn fallback flush
[2026-07-30T00:59:11.227Z] onEndTurn: naturalStop=false toolCalls=12 nudgeMsg=no
[2026-07-30T00:59:11.407Z] LiveUpdateForge: AfterToolExec flush
[2026-07-30T00:59:14.036Z] LiveUpdateForge: EndTurn fallback flush
[2026-07-30T00:59:14.037Z] onEndTurn: naturalStop=false toolCalls=13 nudgeMsg=no
[2026-07-30T00:59:34.377Z] LiveUpdateForge: AfterToolExec flush
[2026-07-30T00:59:43.618Z] LiveUpdateForge: EndTurn fallback flush
[2026-07-30T00:59:43.618Z] onEndTurn: naturalStop=false toolCalls=14 nudgeMsg=no
[2026-07-30T00:59:44.370Z] LiveUpdateForge: AfterToolExec flush
[2026-07-30T00:59:47.504Z] LiveUpdateForge: EndTurn fallback flush
[2026-07-30T00:59:47.504Z] onEndTurn: naturalStop=false toolCalls=15 nudgeMsg=no
[2026-07-30T00:59:47.961Z] LiveUpdateForge: AfterToolExec flush
[2026-07-30T00:59:56.492Z] LiveUpdateForge: EndTurn fallback flush
[2026-07-30T00:59:56.493Z] onEndTurn: naturalStop=false toolCalls=16 nudgeMsg=no
[2026-07-30T00:59:57.064Z] LiveUpdateForge: AfterToolExec flush
[2026-07-30T01:00:15.784Z] LiveUpdateForge: EndTurn fallback flush
[2026-07-30T01:00:15.785Z] onEndTurn: naturalStop=false toolCalls=17 nudgeMsg=no
[2026-07-30T01:00:16.486Z] LiveUpdateForge: AfterToolExec flush
[2026-07-30T01:00:18.987Z] LiveUpdateForge: EndTurn fallback flush
[2026-07-30T01:00:18.987Z] onEndTurn: naturalStop=false toolCalls=18 nudgeMsg=no
[2026-07-30T01:00:18.992Z] LiveUpdateForge: AfterToolExec flush
[2026-07-30T01:00:21.626Z] LiveUpdateForge: EndTurn fallback flush
[2026-07-30T01:00:21.627Z] onEndTurn: naturalStop=false toolCalls=19 nudgeMsg=no
[2026-07-30T01:00:21.645Z] LiveUpdateForge: AfterToolExec flush
[2026-07-30T01:00:26.064Z] LiveUpdateForge: EndTurn fallback flush
[2026-07-30T01:00:26.065Z] onEndTurn: naturalStop=false toolCalls=20 nudgeMsg=no
[2026-07-30T01:00:26.084Z] LiveUpdateForge: AfterToolExec flush
[2026-07-30T01:00:38.999Z] LiveUpdateForge: EndTurn fallback flush
[2026-07-30T01:00:39.000Z] onEndTurn: naturalStop=false toolCalls=21 nudgeMsg=no
[2026-07-30T01:00:39.023Z] LiveUpdateForge: AfterToolExec flush
[2026-07-30T01:00:43.995Z] LiveUpdateForge: EndTurn fallback flush
[2026-07-30T01:00:43.996Z] onEndTurn: naturalStop=false toolCalls=22 nudgeMsg=no
[2026-07-30T01:00:44.004Z] LiveUpdateForge: AfterToolExec flush
[2026-07-30T01:00:47.992Z] LiveUpdateForge: EndTurn fallback flush
[2026-07-30T01:00:47.993Z] onEndTurn: naturalStop=false toolCalls=23 nudgeMsg=no
[2026-07-30T01:00:48.010Z] LiveUpdateForge: AfterToolExec flush
[2026-07-30T01:00:52.588Z] LiveUpdateForge: EndTurn fallback flush
[2026-07-30T01:00:52.588Z] onEndTurn: naturalStop=false toolCalls=24 nudgeMsg=no
[2026-07-30T01:00:53.904Z] LiveUpdateForge: AfterToolExec flush
[2026-07-30T01:00:56.612Z] LiveUpdateForge: EndTurn fallback flush
[2026-07-30T01:00:56.613Z] onEndTurn: naturalStop=false toolCalls=25 nudgeMsg=no
[2026-07-30T01:00:59.010Z] LiveUpdateForge: AfterToolExec flush
[2026-07-30T01:01:02.072Z] LiveUpdateForge: EndTurn fallback flush
[2026-07-30T01:01:02.073Z] onEndTurn: naturalStop=false toolCalls=26 nudgeMsg=no
[2026-07-30T01:01:02.085Z] LiveUpdateForge: AfterToolExec flush
[2026-07-30T01:01:04.701Z] LiveUpdateForge: EndTurn fallback flush
[2026-07-30T01:01:04.702Z] onEndTurn: naturalStop=false toolCalls=27 nudgeMsg=no
[2026-07-30T01:01:04.720Z] LiveUpdateForge: AfterToolExec flush
[2026-07-30T01:01:07.300Z] LiveUpdateForge: EndTurn fallback flush
[2026-07-30T01:01:07.300Z] onEndTurn: naturalStop=false toolCalls=28 nudgeMsg=no
[2026-07-30T01:01:17.909Z] LiveUpdateForge: AfterToolExec flush
[2026-07-30T01:01:22.282Z] LiveUpdateForge: EndTurn fallback flush
[2026-07-30T01:01:22.283Z] onEndTurn: naturalStop=false toolCalls=29 nudgeMsg=no
[2026-07-30T01:01:23.431Z] LiveUpdateForge: AfterToolExec flush
[2026-07-30T01:01:26.809Z] LiveUpdateForge: EndTurn fallback flush
[2026-07-30T01:01:26.810Z] onEndTurn: naturalStop=false toolCalls=30 nudgeMsg=no
[2026-07-30T01:01:29.232Z] LiveUpdateForge: AfterToolExec flush
[2026-07-30T01:01:31.611Z] LiveUpdateForge: EndTurn fallback flush
[2026-07-30T01:01:31.611Z] onEndTurn: naturalStop=false toolCalls=31 nudgeMsg=no
[2026-07-30T01:01:31.794Z] LiveUpdateForge: AfterToolExec flush
[2026-07-30T01:01:34.832Z] LiveUpdateForge: EndTurn fallback flush
[2026-07-30T01:01:34.832Z] onEndTurn: naturalStop=false toolCalls=32 nudgeMsg=no
[2026-07-30T01:01:47.038Z] LiveUpdateForge: AfterToolExec flush
[2026-07-30T01:01:49.741Z] LiveUpdateForge: EndTurn fallback flush
[2026-07-30T01:01:49.742Z] onEndTurn: naturalStop=false toolCalls=33 nudgeMsg=no
[2026-07-30T01:01:50.337Z] LiveUpdateForge: AfterToolExec flush
[2026-07-30T01:01:54.596Z] LiveUpdateForge: EndTurn fallback flush
[2026-07-30T01:01:54.597Z] onEndTurn: naturalStop=true toolCalls=34 nudgeMsg=no
[2026-07-30T05:06:39.992Z] MemoryForge: attached 5 listener(s)
[2026-07-30T05:06:39.993Z] InitialReadForge: armed one-shot BeforeSend after NewSessionStart
[2026-07-30T05:06:39.993Z] LiveUpdateForge: session reset, allowLiveUpdate = false
[2026-07-30T05:06:43.289Z] MemoryForge: attached 5 listener(s)
[2026-07-30T05:06:43.290Z] InitialReadForge: armed one-shot BeforeSend after NewSessionStart
[2026-07-30T05:06:43.290Z] LiveUpdateForge: session reset, allowLiveUpdate = false
[2026-07-30T05:08:37.162Z] MemoryForge: attached 5 listener(s)
[2026-07-30T05:08:37.162Z] InitialReadForge: armed one-shot BeforeSend after NewSessionStart
[2026-07-30T05:08:37.163Z] LiveUpdateForge: session reset, allowLiveUpdate = false
[2026-07-30T05:08:37.163Z] MemoryForge: detached all listeners
[2026-07-30T05:08:37.164Z] ResumeDiffForge: no read_memory in history, backfilling forge
[2026-07-30T05:08:37.250Z] recordForgedToolExchange: toolName=read_memory callId=resume-forge-read-memory-backfill
[2026-07-30T05:08:37.287Z] recordForgedToolExchange: recordMessage + recordToolCalls persisted
[2026-07-30T05:08:37.288Z] injectForgedHistory: role=user preview=""
[2026-07-30T05:08:37.306Z] injectForgedHistory: recordMessage persisted
[2026-07-30T05:08:37.311Z] ResumeDiffForge: backfilled read_memory and baseline for 2 raw + 2 provider file(s)
[2026-07-30T05:08:37.311Z] LiveUpdateForge: session reset, allowLiveUpdate = false
[2026-07-30T05:08:37.312Z] NudgeForge: ResumeComplete — restoring count from history
[2026-07-30T05:08:37.312Z] restoreNudgeCountFromHistory: no reset point found, count=0
[2026-07-30T05:08:37.330Z] LiveUpdateForge: allowLiveUpdate = true (first real BeforeSend)
[2026-07-30T05:08:37.331Z] InitialReadForge.onBeforeSend: SKIP (fr=false syn=false hasRead=true)
[2026-07-30T05:08:41.521Z] LiveUpdateForge: EndTurn fallback flush
[2026-07-30T05:08:41.521Z] onEndTurn: naturalStop=false toolCalls=0 nudgeMsg=no
[2026-07-30T05:08:41.596Z] LiveUpdateForge: AfterToolExec flush
[2026-07-30T05:08:58.017Z] LiveUpdateForge: AfterToolExec flush
[2026-07-30T05:08:58.035Z] InitialReadForge.onBeforeSend: SKIP (fr=true syn=false hasRead=true)
[2026-07-30T05:09:03.950Z] LiveUpdateForge: EndTurn fallback flush
[2026-07-30T05:09:03.950Z] onEndTurn: naturalStop=false toolCalls=2 nudgeMsg=no
[2026-07-30T05:09:03.961Z] LiveUpdateForge: AfterToolExec flush
[2026-07-30T05:09:04.043Z] LiveUpdateForge: AfterToolExec flush
[2026-07-30T05:09:04.061Z] InitialReadForge.onBeforeSend: SKIP (fr=true syn=false hasRead=true)
[2026-07-30T05:09:16.148Z] LiveUpdateForge: EndTurn fallback flush
[2026-07-30T05:09:16.148Z] onEndTurn: naturalStop=false toolCalls=4 nudgeMsg=no
[2026-07-30T05:09:16.165Z] LiveUpdateForge: AfterToolExec flush
[2026-07-30T05:09:16.176Z] LiveUpdateForge: AfterToolExec flush
[2026-07-30T05:09:16.195Z] InitialReadForge.onBeforeSend: SKIP (fr=true syn=false hasRead=true)
[2026-07-30T05:09:24.385Z] LiveUpdateForge: EndTurn fallback flush
[2026-07-30T05:09:24.385Z] onEndTurn: naturalStop=false toolCalls=6 nudgeMsg=no
[2026-07-30T05:09:24.391Z] LiveUpdateForge: AfterToolExec flush
[2026-07-30T05:09:24.413Z] InitialReadForge.onBeforeSend: SKIP (fr=true syn=false hasRead=true)
[2026-07-30T05:09:46.988Z] LiveUpdateForge: EndTurn fallback flush
[2026-07-30T05:09:46.988Z] onEndTurn: naturalStop=false toolCalls=7 nudgeMsg=no
[2026-07-30T05:09:47.048Z] LiveUpdateForge: AfterToolExec flush
[2026-07-30T05:09:47.088Z] InitialReadForge.onBeforeSend: SKIP (fr=true syn=false hasRead=true)
[2026-07-30T05:09:52.651Z] LiveUpdateForge: EndTurn fallback flush
[2026-07-30T05:09:52.651Z] onEndTurn: naturalStop=false toolCalls=8 nudgeMsg=no
[2026-07-30T05:09:52.666Z] LiveUpdateForge: AfterToolExec flush
[2026-07-30T05:09:52.688Z] InitialReadForge.onBeforeSend: SKIP (fr=true syn=false hasRead=true)
[2026-07-30T05:09:56.728Z] LiveUpdateForge: EndTurn fallback flush
[2026-07-30T05:09:56.728Z] onEndTurn: naturalStop=false toolCalls=9 nudgeMsg=no
[2026-07-30T05:09:56.744Z] LiveUpdateForge: AfterToolExec flush
[2026-07-30T05:09:56.765Z] InitialReadForge.onBeforeSend: SKIP (fr=true syn=false hasRead=true)
[2026-07-30T05:09:59.548Z] LiveUpdateForge: EndTurn fallback flush
[2026-07-30T05:09:59.548Z] onEndTurn: naturalStop=false toolCalls=10 nudgeMsg=no
[2026-07-30T05:09:59.587Z] LiveUpdateForge: AfterToolExec flush
[2026-07-30T05:09:59.606Z] InitialReadForge.onBeforeSend: SKIP (fr=true syn=false hasRead=true)
[2026-07-30T05:10:01.876Z] LiveUpdateForge: EndTurn fallback flush
[2026-07-30T05:10:01.876Z] onEndTurn: naturalStop=false toolCalls=11 nudgeMsg=no
[2026-07-30T05:10:02.468Z] LiveUpdateForge: AfterToolExec flush
[2026-07-30T05:10:02.487Z] InitialReadForge.onBeforeSend: SKIP (fr=true syn=false hasRead=true)
[2026-07-30T05:10:07.463Z] LiveUpdateForge: EndTurn fallback flush
[2026-07-30T05:10:07.463Z] onEndTurn: naturalStop=false toolCalls=12 nudgeMsg=no
[2026-07-30T05:10:07.485Z] LiveUpdateForge: AfterToolExec flush
[2026-07-30T05:10:07.502Z] InitialReadForge.onBeforeSend: SKIP (fr=true syn=false hasRead=true)
[2026-07-30T05:10:09.639Z] LiveUpdateForge: EndTurn fallback flush
[2026-07-30T05:10:09.639Z] onEndTurn: naturalStop=false toolCalls=13 nudgeMsg=no
[2026-07-30T05:10:09.732Z] LiveUpdateForge: AfterToolExec flush
[2026-07-30T05:10:09.764Z] InitialReadForge.onBeforeSend: SKIP (fr=true syn=false hasRead=true)
[2026-07-30T05:10:12.405Z] LiveUpdateForge: EndTurn fallback flush
[2026-07-30T05:10:12.405Z] onEndTurn: naturalStop=false toolCalls=14 nudgeMsg=no
[2026-07-30T05:10:28.459Z] LiveUpdateForge: AfterToolExec flush
[2026-07-30T05:10:28.479Z] InitialReadForge.onBeforeSend: SKIP (fr=true syn=false hasRead=true)
[2026-07-30T05:10:31.317Z] LiveUpdateForge: EndTurn fallback flush
[2026-07-30T05:10:31.317Z] onEndTurn: naturalStop=false toolCalls=15 nudgeMsg=no
[2026-07-30T05:10:31.341Z] LiveUpdateForge: AfterToolExec flush
[2026-07-30T05:10:31.359Z] InitialReadForge.onBeforeSend: SKIP (fr=true syn=false hasRead=true)
[2026-07-30T05:10:32.730Z] LiveUpdateForge: EndTurn fallback flush
[2026-07-30T05:10:32.730Z] onEndTurn: naturalStop=false toolCalls=16 nudgeMsg=no
[2026-07-30T05:10:32.930Z] LiveUpdateForge: AfterToolExec flush
[2026-07-30T05:10:32.950Z] InitialReadForge.onBeforeSend: SKIP (fr=true syn=false hasRead=true)
[2026-07-30T05:10:34.623Z] LiveUpdateForge: EndTurn fallback flush
[2026-07-30T05:10:34.623Z] onEndTurn: naturalStop=false toolCalls=17 nudgeMsg=no
[2026-07-30T05:10:35.383Z] LiveUpdateForge: AfterToolExec flush
[2026-07-30T05:10:35.402Z] InitialReadForge.onBeforeSend: SKIP (fr=true syn=false hasRead=true)
[2026-07-30T05:10:37.781Z] LiveUpdateForge: EndTurn fallback flush
[2026-07-30T05:10:37.781Z] onEndTurn: naturalStop=false toolCalls=18 nudgeMsg=no
[2026-07-30T05:10:37.869Z] LiveUpdateForge: AfterToolExec flush
[2026-07-30T05:10:37.889Z] InitialReadForge.onBeforeSend: SKIP (fr=true syn=false hasRead=true)
[2026-07-30T05:10:40.185Z] LiveUpdateForge: EndTurn fallback flush
[2026-07-30T05:10:40.186Z] onEndTurn: naturalStop=false toolCalls=19 nudgeMsg=no
[2026-07-30T05:10:46.127Z] LiveUpdateForge: AfterToolExec flush
[2026-07-30T05:10:46.161Z] InitialReadForge.onBeforeSend: SKIP (fr=true syn=false hasRead=true)
[2026-07-30T05:10:56.141Z] LiveUpdateForge: EndTurn fallback flush
[2026-07-30T05:10:56.142Z] onEndTurn: naturalStop=false toolCalls=20 nudgeMsg=no
[2026-07-30T05:10:57.991Z] LiveUpdateForge: AfterToolExec flush
[2026-07-30T05:10:58.023Z] InitialReadForge.onBeforeSend: SKIP (fr=true syn=false hasRead=true)
[2026-07-30T05:11:08.824Z] LiveUpdateForge: EndTurn fallback flush
[2026-07-30T05:11:08.824Z] onEndTurn: naturalStop=false toolCalls=21 nudgeMsg=no
[2026-07-30T05:11:09.167Z] LiveUpdateForge: AfterToolExec flush
[2026-07-30T05:11:09.201Z] InitialReadForge.onBeforeSend: SKIP (fr=true syn=false hasRead=true)
[2026-07-30T05:11:15.131Z] LiveUpdateForge: EndTurn fallback flush
[2026-07-30T05:11:15.131Z] onEndTurn: naturalStop=false toolCalls=22 nudgeMsg=no
[2026-07-30T05:11:15.216Z] LiveUpdateForge: AfterToolExec flush
[2026-07-30T05:11:15.237Z] InitialReadForge.onBeforeSend: SKIP (fr=true syn=false hasRead=true)
[2026-07-30T05:11:18.992Z] LiveUpdateForge: EndTurn fallback flush
[2026-07-30T05:11:18.993Z] onEndTurn: naturalStop=false toolCalls=23 nudgeMsg=no
[2026-07-30T05:11:25.856Z] LiveUpdateForge: AfterToolExec flush
[2026-07-30T05:11:25.895Z] InitialReadForge.onBeforeSend: SKIP (fr=true syn=false hasRead=true)
[2026-07-30T05:11:33.268Z] LiveUpdateForge: EndTurn fallback flush
[2026-07-30T05:11:33.269Z] onEndTurn: naturalStop=false toolCalls=24 nudgeMsg=no
[2026-07-30T05:11:33.928Z] LiveUpdateForge: AfterToolExec flush
[2026-07-30T05:11:33.951Z] InitialReadForge.onBeforeSend: SKIP (fr=true syn=false hasRead=true)
[2026-07-30T05:11:37.959Z] LiveUpdateForge: EndTurn fallback flush
[2026-07-30T05:11:37.959Z] onEndTurn: naturalStop=false toolCalls=25 nudgeMsg=no
[2026-07-30T05:11:38.308Z] LiveUpdateForge: AfterToolExec flush
[2026-07-30T05:11:38.334Z] InitialReadForge.onBeforeSend: SKIP (fr=true syn=false hasRead=true)
[2026-07-30T05:11:43.368Z] LiveUpdateForge: EndTurn fallback flush
[2026-07-30T05:11:43.369Z] onEndTurn: naturalStop=false toolCalls=26 nudgeMsg=no
[2026-07-30T05:11:43.718Z] LiveUpdateForge: AfterToolExec flush
[2026-07-30T05:11:43.741Z] InitialReadForge.onBeforeSend: SKIP (fr=true syn=false hasRead=true)
[2026-07-30T05:11:47.741Z] LiveUpdateForge: EndTurn fallback flush
[2026-07-30T05:11:47.742Z] onEndTurn: naturalStop=false toolCalls=27 nudgeMsg=no
[2026-07-30T05:11:48.147Z] LiveUpdateForge: AfterToolExec flush
[2026-07-30T05:11:48.183Z] InitialReadForge.onBeforeSend: SKIP (fr=true syn=false hasRead=true)
[2026-07-30T05:11:50.505Z] LiveUpdateForge: EndTurn fallback flush
[2026-07-30T05:11:50.505Z] onEndTurn: naturalStop=false toolCalls=28 nudgeMsg=no
[2026-07-30T05:11:50.597Z] LiveUpdateForge: AfterToolExec flush
[2026-07-30T05:11:50.620Z] InitialReadForge.onBeforeSend: SKIP (fr=true syn=false hasRead=true)
[2026-07-30T05:11:52.885Z] LiveUpdateForge: EndTurn fallback flush
[2026-07-30T05:11:52.886Z] onEndTurn: naturalStop=false toolCalls=29 nudgeMsg=no
[2026-07-30T05:12:51.647Z] LiveUpdateForge: AfterToolExec flush
[2026-07-30T05:12:51.689Z] InitialReadForge.onBeforeSend: SKIP (fr=true syn=false hasRead=true)
[2026-07-30T05:12:54.284Z] LiveUpdateForge: EndTurn fallback flush
[2026-07-30T05:12:54.284Z] onEndTurn: naturalStop=false toolCalls=30 nudgeMsg=no
[2026-07-30T05:12:54.851Z] LiveUpdateForge: AfterToolExec flush
[2026-07-30T05:12:54.876Z] InitialReadForge.onBeforeSend: SKIP (fr=true syn=false hasRead=true)
[2026-07-30T05:12:57.160Z] LiveUpdateForge: EndTurn fallback flush
[2026-07-30T05:12:57.160Z] onEndTurn: naturalStop=false toolCalls=31 nudgeMsg=no
[2026-07-30T05:12:57.423Z] LiveUpdateForge: AfterToolExec flush
[2026-07-30T05:12:57.445Z] InitialReadForge.onBeforeSend: SKIP (fr=true syn=false hasRead=true)
[2026-07-30T05:13:01.304Z] LiveUpdateForge: EndTurn fallback flush
[2026-07-30T05:13:01.304Z] onEndTurn: naturalStop=true toolCalls=32 nudgeMsg=no
[2026-07-30T05:14:47.503Z] ResumeDiffForge: running checkResumeConsistency
[2026-07-30T05:14:47.503Z] checkResumeConsistency: forgedTimestamps=[]
[2026-07-30T05:14:47.509Z] checkResumeConsistency: no changes detected
[2026-07-30T05:14:47.509Z] LiveUpdateForge: session reset, allowLiveUpdate = false
[2026-07-30T05:14:47.510Z] NudgeForge: ResumeComplete — restoring count from history
[2026-07-30T05:14:47.510Z] restoreNudgeCountFromHistory: no reset point found, count=32
[2026-07-30T05:14:47.533Z] LiveUpdateForge: allowLiveUpdate = true (first real BeforeSend)
[2026-07-30T05:14:47.533Z] InitialReadForge.onBeforeSend: SKIP (fr=false syn=false hasRead=true)
[2026-07-30T05:15:06.470Z] LiveUpdateForge: EndTurn fallback flush
[2026-07-30T05:15:06.470Z] onEndTurn: naturalStop=false toolCalls=32 nudgeMsg=no
[2026-07-30T05:15:06.485Z] LiveUpdateForge: AfterToolExec flush
[2026-07-30T05:15:06.507Z] InitialReadForge.onBeforeSend: SKIP (fr=true syn=false hasRead=true)
[2026-07-30T05:15:09.085Z] LiveUpdateForge: EndTurn fallback flush
[2026-07-30T05:15:09.086Z] onEndTurn: naturalStop=false toolCalls=33 nudgeMsg=no
[2026-07-30T05:15:09.633Z] LiveUpdateForge: AfterToolExec flush
[2026-07-30T05:15:09.651Z] InitialReadForge.onBeforeSend: SKIP (fr=true syn=false hasRead=true)
[2026-07-30T05:15:19.413Z] LiveUpdateForge: EndTurn fallback flush
[2026-07-30T05:15:19.413Z] onEndTurn: naturalStop=false toolCalls=34 nudgeMsg=no
[2026-07-30T05:15:19.917Z] LiveUpdateForge: AfterToolExec flush
[2026-07-30T05:15:19.948Z] InitialReadForge.onBeforeSend: SKIP (fr=true syn=false hasRead=true)
[2026-07-30T05:15:24.657Z] LiveUpdateForge: EndTurn fallback flush
[2026-07-30T05:15:24.658Z] onEndTurn: naturalStop=false toolCalls=35 nudgeMsg=no
[2026-07-30T05:15:24.999Z] LiveUpdateForge: AfterToolExec flush
[2026-07-30T05:15:25.030Z] InitialReadForge.onBeforeSend: SKIP (fr=true syn=false hasRead=true)
[2026-07-30T05:15:42.124Z] LiveUpdateForge: EndTurn fallback flush
[2026-07-30T05:15:42.124Z] onEndTurn: naturalStop=false toolCalls=36 nudgeMsg=no
[2026-07-30T05:15:42.460Z] LiveUpdateForge: AfterToolExec flush
[2026-07-30T05:15:42.481Z] InitialReadForge.onBeforeSend: SKIP (fr=true syn=false hasRead=true)
[2026-07-30T05:16:00.827Z] LiveUpdateForge: EndTurn fallback flush
[2026-07-30T05:16:00.828Z] onEndTurn: naturalStop=false toolCalls=37 nudgeMsg=no
[2026-07-30T05:16:01.340Z] LiveUpdateForge: AfterToolExec flush
[2026-07-30T05:16:01.359Z] InitialReadForge.onBeforeSend: SKIP (fr=true syn=false hasRead=true)
[2026-07-30T05:16:06.920Z] LiveUpdateForge: EndTurn fallback flush
[2026-07-30T05:16:06.920Z] onEndTurn: naturalStop=false toolCalls=38 nudgeMsg=no
[2026-07-30T05:16:07.262Z] LiveUpdateForge: AfterToolExec flush
[2026-07-30T05:16:07.282Z] InitialReadForge.onBeforeSend: SKIP (fr=true syn=false hasRead=true)
[2026-07-30T05:16:13.694Z] LiveUpdateForge: EndTurn fallback flush
[2026-07-30T05:16:13.695Z] onEndTurn: naturalStop=false toolCalls=39 nudgeMsg=no
[2026-07-30T05:16:14.474Z] LiveUpdateForge: AfterToolExec flush
[2026-07-30T05:16:14.508Z] InitialReadForge.onBeforeSend: SKIP (fr=true syn=false hasRead=true)
[2026-07-30T05:16:19.804Z] LiveUpdateForge: EndTurn fallback flush
[2026-07-30T05:16:19.804Z] onEndTurn: naturalStop=false toolCalls=40 nudgeMsg=no
[2026-07-30T05:16:20.181Z] LiveUpdateForge: AfterToolExec flush
[2026-07-30T05:16:20.212Z] InitialReadForge.onBeforeSend: SKIP (fr=true syn=false hasRead=true)
[2026-07-30T05:16:27.574Z] LiveUpdateForge: EndTurn fallback flush
[2026-07-30T05:16:27.574Z] onEndTurn: naturalStop=false toolCalls=41 nudgeMsg=no
[2026-07-30T05:16:27.934Z] LiveUpdateForge: AfterToolExec flush
[2026-07-30T05:16:27.963Z] InitialReadForge.onBeforeSend: SKIP (fr=true syn=false hasRead=true)
[2026-07-30T05:16:38.739Z] LiveUpdateForge: EndTurn fallback flush
[2026-07-30T05:16:38.740Z] onEndTurn: naturalStop=false toolCalls=42 nudgeMsg=no
[2026-07-30T05:16:39.216Z] LiveUpdateForge: AfterToolExec flush
[2026-07-30T05:16:39.243Z] InitialReadForge.onBeforeSend: SKIP (fr=true syn=false hasRead=true)
[2026-07-30T05:16:44.429Z] LiveUpdateForge: EndTurn fallback flush
[2026-07-30T05:16:44.429Z] onEndTurn: naturalStop=false toolCalls=43 nudgeMsg=no
[2026-07-30T05:16:44.914Z] LiveUpdateForge: AfterToolExec flush
[2026-07-30T05:16:44.952Z] InitialReadForge.onBeforeSend: SKIP (fr=true syn=false hasRead=true)
[2026-07-30T05:16:47.938Z] LiveUpdateForge: EndTurn fallback flush
[2026-07-30T05:16:47.938Z] onEndTurn: naturalStop=false toolCalls=44 nudgeMsg=no
[2026-07-30T05:16:48.322Z] LiveUpdateForge: AfterToolExec flush
[2026-07-30T05:16:48.347Z] InitialReadForge.onBeforeSend: SKIP (fr=true syn=false hasRead=true)
[2026-07-30T05:17:01.438Z] LiveUpdateForge: EndTurn fallback flush
[2026-07-30T05:17:01.439Z] onEndTurn: naturalStop=false toolCalls=45 nudgeMsg=no
[2026-07-30T05:17:01.890Z] LiveUpdateForge: AfterToolExec flush
[2026-07-30T05:17:01.915Z] InitialReadForge.onBeforeSend: SKIP (fr=true syn=false hasRead=true)
[2026-07-30T05:17:06.658Z] LiveUpdateForge: EndTurn fallback flush
[2026-07-30T05:17:06.659Z] onEndTurn: naturalStop=false toolCalls=46 nudgeMsg=no
[2026-07-30T05:17:07.589Z] LiveUpdateForge: AfterToolExec flush
[2026-07-30T05:17:07.631Z] InitialReadForge.onBeforeSend: SKIP (fr=true syn=false hasRead=true)
[2026-07-30T05:17:10.779Z] LiveUpdateForge: EndTurn fallback flush
[2026-07-30T05:17:10.780Z] onEndTurn: naturalStop=false toolCalls=47 nudgeMsg=no
[2026-07-30T05:17:10.958Z] LiveUpdateForge: AfterToolExec flush
[2026-07-30T05:17:10.980Z] InitialReadForge.onBeforeSend: SKIP (fr=true syn=false hasRead=true)
[2026-07-30T05:17:13.199Z] LiveUpdateForge: EndTurn fallback flush
[2026-07-30T05:17:13.199Z] onEndTurn: naturalStop=false toolCalls=48 nudgeMsg=no
[2026-07-30T05:17:21.369Z] LiveUpdateForge: AfterToolExec flush
[2026-07-30T05:17:21.394Z] InitialReadForge.onBeforeSend: SKIP (fr=true syn=false hasRead=true)
[2026-07-30T05:17:26.270Z] LiveUpdateForge: EndTurn fallback flush
[2026-07-30T05:17:26.270Z] onEndTurn: naturalStop=false toolCalls=49 nudgeMsg=no
[2026-07-30T05:17:26.296Z] LiveUpdateForge: AfterToolExec flush
[2026-07-30T05:17:26.319Z] InitialReadForge.onBeforeSend: SKIP (fr=true syn=false hasRead=true)
[2026-07-30T05:17:33.562Z] LiveUpdateForge: EndTurn fallback flush
[2026-07-30T05:17:33.563Z] onEndTurn: naturalStop=false toolCalls=50 nudgeMsg=no
[2026-07-30T05:17:33.640Z] LiveUpdateForge: AfterToolExec flush
[2026-07-30T05:17:33.672Z] InitialReadForge.onBeforeSend: SKIP (fr=true syn=false hasRead=true)
[2026-07-30T05:17:36.539Z] LiveUpdateForge: EndTurn fallback flush
[2026-07-30T05:17:36.539Z] onEndTurn: naturalStop=false toolCalls=51 nudgeMsg=no
[2026-07-30T05:17:36.584Z] LiveUpdateForge: AfterToolExec flush
[2026-07-30T05:17:36.618Z] InitialReadForge.onBeforeSend: SKIP (fr=true syn=false hasRead=true)
[2026-07-30T05:17:59.317Z] LiveUpdateForge: EndTurn fallback flush
[2026-07-30T05:17:59.317Z] onEndTurn: naturalStop=false toolCalls=52 nudgeMsg=no
[2026-07-30T05:18:00.016Z] LiveUpdateForge: AfterToolExec flush
[2026-07-30T05:18:00.051Z] InitialReadForge.onBeforeSend: SKIP (fr=true syn=false hasRead=true)
[2026-07-30T05:18:18.584Z] LiveUpdateForge: EndTurn fallback flush
[2026-07-30T05:18:18.584Z] onEndTurn: naturalStop=false toolCalls=53 nudgeMsg=no
[2026-07-30T05:18:18.594Z] LiveUpdateForge: AfterToolExec flush
[2026-07-30T05:18:18.970Z] LiveUpdateForge: AfterToolExec flush
[2026-07-30T05:18:19.000Z] InitialReadForge.onBeforeSend: SKIP (fr=true syn=false hasRead=true)
[2026-07-30T05:18:54.072Z] LiveUpdateForge: EndTurn fallback flush
[2026-07-30T05:18:54.073Z] onEndTurn: naturalStop=false toolCalls=55 nudgeMsg=no
[2026-07-30T05:19:15.959Z] LiveUpdateForge: AfterToolExec flush
[2026-07-30T05:19:15.991Z] InitialReadForge.onBeforeSend: SKIP (fr=true syn=false hasRead=true)
[2026-07-30T05:19:20.243Z] LiveUpdateForge: EndTurn fallback flush
[2026-07-30T05:19:20.243Z] onEndTurn: naturalStop=false toolCalls=56 nudgeMsg=no
[2026-07-30T05:19:20.761Z] LiveUpdateForge: AfterToolExec flush
[2026-07-30T05:19:20.794Z] InitialReadForge.onBeforeSend: SKIP (fr=true syn=false hasRead=true)
[2026-07-30T05:19:24.212Z] LiveUpdateForge: EndTurn fallback flush
[2026-07-30T05:19:24.213Z] onEndTurn: naturalStop=false toolCalls=57 nudgeMsg=no
[2026-07-30T05:19:24.627Z] LiveUpdateForge: AfterToolExec flush
[2026-07-30T05:19:24.657Z] InitialReadForge.onBeforeSend: SKIP (fr=true syn=false hasRead=true)
[2026-07-30T05:19:37.255Z] LiveUpdateForge: EndTurn fallback flush
[2026-07-30T05:19:37.256Z] onEndTurn: naturalStop=false toolCalls=58 nudgeMsg=no
[2026-07-30T05:19:37.556Z] LiveUpdateForge: AfterToolExec flush
[2026-07-30T05:19:37.619Z] LiveUpdateForge: AfterToolExec flush
[2026-07-30T05:19:37.665Z] InitialReadForge.onBeforeSend: SKIP (fr=true syn=false hasRead=true)
[2026-07-30T05:19:49.163Z] LiveUpdateForge: EndTurn fallback flush
[2026-07-30T05:19:49.163Z] onEndTurn: naturalStop=false toolCalls=60 nudgeMsg=no
[2026-07-30T05:19:49.681Z] LiveUpdateForge: AfterToolExec flush
[2026-07-30T05:19:49.725Z] InitialReadForge.onBeforeSend: SKIP (fr=true syn=false hasRead=true)
[2026-07-30T05:20:00.241Z] LiveUpdateForge: EndTurn fallback flush
[2026-07-30T05:20:00.242Z] onEndTurn: naturalStop=false toolCalls=61 nudgeMsg=no
[2026-07-30T05:20:00.650Z] LiveUpdateForge: AfterToolExec flush
[2026-07-30T05:20:00.698Z] InitialReadForge.onBeforeSend: SKIP (fr=true syn=false hasRead=true)
[2026-07-30T05:20:02.648Z] LiveUpdateForge: EndTurn fallback flush
[2026-07-30T05:20:02.648Z] onEndTurn: naturalStop=false toolCalls=62 nudgeMsg=no
[2026-07-30T05:20:02.671Z] LiveUpdateForge: AfterToolExec flush
[2026-07-30T05:20:02.704Z] InitialReadForge.onBeforeSend: SKIP (fr=true syn=false hasRead=true)
[2026-07-30T05:20:06.417Z] LiveUpdateForge: EndTurn fallback flush
[2026-07-30T05:20:06.417Z] onEndTurn: naturalStop=false toolCalls=63 nudgeMsg=no
[2026-07-30T05:20:06.441Z] LiveUpdateForge: AfterToolExec flush
[2026-07-30T05:20:06.474Z] InitialReadForge.onBeforeSend: SKIP (fr=true syn=false hasRead=true)
[2026-07-30T05:20:08.314Z] LiveUpdateForge: EndTurn fallback flush
[2026-07-30T05:20:08.314Z] onEndTurn: naturalStop=false toolCalls=64 nudgeMsg=no
[2026-07-30T05:20:08.352Z] LiveUpdateForge: AfterToolExec flush
[2026-07-30T05:20:08.383Z] InitialReadForge.onBeforeSend: SKIP (fr=true syn=false hasRead=true)
[2026-07-30T05:20:11.383Z] LiveUpdateForge: EndTurn fallback flush
[2026-07-30T05:20:11.384Z] onEndTurn: naturalStop=false toolCalls=65 nudgeMsg=no
[2026-07-30T05:20:11.401Z] LiveUpdateForge: AfterToolExec flush
[2026-07-30T05:20:11.437Z] InitialReadForge.onBeforeSend: SKIP (fr=true syn=false hasRead=true)
[2026-07-30T05:20:15.364Z] LiveUpdateForge: EndTurn fallback flush
[2026-07-30T05:20:15.364Z] onEndTurn: naturalStop=false toolCalls=66 nudgeMsg=no
[2026-07-30T05:20:15.529Z] LiveUpdateForge: AfterToolExec flush
[2026-07-30T05:20:15.562Z] InitialReadForge.onBeforeSend: SKIP (fr=true syn=false hasRead=true)
[2026-07-30T05:20:18.677Z] LiveUpdateForge: EndTurn fallback flush
[2026-07-30T05:20:18.678Z] onEndTurn: naturalStop=false toolCalls=67 nudgeMsg=no
[2026-07-30T05:20:18.689Z] LiveUpdateForge: AfterToolExec flush
[2026-07-30T05:20:18.726Z] InitialReadForge.onBeforeSend: SKIP (fr=true syn=false hasRead=true)
[2026-07-30T05:20:31.831Z] LiveUpdateForge: EndTurn fallback flush
[2026-07-30T05:20:31.831Z] onEndTurn: naturalStop=false toolCalls=68 nudgeMsg=no
[2026-07-30T05:20:31.847Z] LiveUpdateForge: AfterToolExec flush
[2026-07-30T05:20:31.884Z] InitialReadForge.onBeforeSend: SKIP (fr=true syn=false hasRead=true)
[2026-07-30T05:20:34.664Z] LiveUpdateForge: EndTurn fallback flush
[2026-07-30T05:20:34.665Z] onEndTurn: naturalStop=false toolCalls=69 nudgeMsg=no
[2026-07-30T05:20:35.276Z] LiveUpdateForge: AfterToolExec flush
[2026-07-30T05:20:35.310Z] InitialReadForge.onBeforeSend: SKIP (fr=true syn=false hasRead=true)
[2026-07-30T05:20:37.173Z] LiveUpdateForge: EndTurn fallback flush
[2026-07-30T05:20:37.174Z] onEndTurn: naturalStop=false toolCalls=70 nudgeMsg=no
[2026-07-30T05:20:37.180Z] LiveUpdateForge: AfterToolExec flush
[2026-07-30T05:20:37.212Z] InitialReadForge.onBeforeSend: SKIP (fr=true syn=false hasRead=true)
[2026-07-30T05:20:40.017Z] LiveUpdateForge: EndTurn fallback flush
[2026-07-30T05:20:40.018Z] onEndTurn: naturalStop=false toolCalls=71 nudgeMsg=no
[2026-07-30T05:20:40.025Z] LiveUpdateForge: AfterToolExec flush
[2026-07-30T05:20:40.058Z] InitialReadForge.onBeforeSend: SKIP (fr=true syn=false hasRead=true)
[2026-07-30T05:20:43.320Z] LiveUpdateForge: EndTurn fallback flush
[2026-07-30T05:20:43.320Z] onEndTurn: naturalStop=false toolCalls=72 nudgeMsg=no
[2026-07-30T05:20:43.369Z] LiveUpdateForge: AfterToolExec flush
[2026-07-30T05:20:43.408Z] InitialReadForge.onBeforeSend: SKIP (fr=true syn=false hasRead=true)
[2026-07-30T05:20:47.238Z] LiveUpdateForge: EndTurn fallback flush
[2026-07-30T05:20:47.238Z] onEndTurn: naturalStop=false toolCalls=73 nudgeMsg=no
[2026-07-30T05:20:47.257Z] LiveUpdateForge: AfterToolExec flush
[2026-07-30T05:20:47.292Z] InitialReadForge.onBeforeSend: SKIP (fr=true syn=false hasRead=true)
[2026-07-30T05:20:49.849Z] LiveUpdateForge: EndTurn fallback flush
[2026-07-30T05:20:49.849Z] onEndTurn: naturalStop=false toolCalls=74 nudgeMsg=no
[2026-07-30T05:20:49.865Z] LiveUpdateForge: AfterToolExec flush
[2026-07-30T05:20:49.900Z] InitialReadForge.onBeforeSend: SKIP (fr=true syn=false hasRead=true)
[2026-07-30T05:20:52.756Z] LiveUpdateForge: EndTurn fallback flush
[2026-07-30T05:20:52.756Z] onEndTurn: naturalStop=false toolCalls=75 nudgeMsg=no
[2026-07-30T05:20:52.764Z] LiveUpdateForge: AfterToolExec flush
[2026-07-30T05:20:52.797Z] InitialReadForge.onBeforeSend: SKIP (fr=true syn=false hasRead=true)
[2026-07-30T05:20:58.333Z] LiveUpdateForge: EndTurn fallback flush
[2026-07-30T05:20:58.333Z] onEndTurn: naturalStop=false toolCalls=76 nudgeMsg=no
[2026-07-30T05:20:58.352Z] LiveUpdateForge: AfterToolExec flush
[2026-07-30T05:20:58.385Z] InitialReadForge.onBeforeSend: SKIP (fr=true syn=false hasRead=true)
[2026-07-30T05:21:01.706Z] LiveUpdateForge: EndTurn fallback flush
[2026-07-30T05:21:01.706Z] onEndTurn: naturalStop=false toolCalls=77 nudgeMsg=no
[2026-07-30T05:21:20.795Z] LiveUpdateForge: AfterToolExec flush
[2026-07-30T05:21:20.847Z] InitialReadForge.onBeforeSend: SKIP (fr=true syn=false hasRead=true)
[2026-07-30T05:21:23.290Z] LiveUpdateForge: EndTurn fallback flush
[2026-07-30T05:21:23.291Z] onEndTurn: naturalStop=false toolCalls=78 nudgeMsg=no
[2026-07-30T05:21:24.313Z] LiveUpdateForge: AfterToolExec flush
[2026-07-30T05:21:24.350Z] InitialReadForge.onBeforeSend: SKIP (fr=true syn=false hasRead=true)
[2026-07-30T05:21:27.270Z] LiveUpdateForge: EndTurn fallback flush
[2026-07-30T05:21:27.270Z] onEndTurn: naturalStop=false toolCalls=79 nudgeMsg=no
[2026-07-30T05:21:29.546Z] LiveUpdateForge: AfterToolExec flush
[2026-07-30T05:21:29.584Z] InitialReadForge.onBeforeSend: SKIP (fr=true syn=false hasRead=true)
[2026-07-30T05:21:31.887Z] LiveUpdateForge: EndTurn fallback flush
[2026-07-30T05:21:31.888Z] onEndTurn: naturalStop=false toolCalls=80 nudgeMsg=no
[2026-07-30T05:21:31.919Z] LiveUpdateForge: AfterToolExec flush
[2026-07-30T05:21:31.961Z] InitialReadForge.onBeforeSend: SKIP (fr=true syn=false hasRead=true)
[2026-07-30T05:21:35.646Z] LiveUpdateForge: EndTurn fallback flush
[2026-07-30T05:21:35.646Z] onEndTurn: naturalStop=false toolCalls=81 nudgeMsg=no
[2026-07-30T05:21:35.671Z] LiveUpdateForge: AfterToolExec flush
[2026-07-30T05:21:35.707Z] InitialReadForge.onBeforeSend: SKIP (fr=true syn=false hasRead=true)
[2026-07-30T05:21:39.491Z] LiveUpdateForge: EndTurn fallback flush
[2026-07-30T05:21:39.492Z] onEndTurn: naturalStop=false toolCalls=82 nudgeMsg=no
[2026-07-30T05:21:39.736Z] LiveUpdateForge: AfterToolExec flush
[2026-07-30T05:21:39.772Z] InitialReadForge.onBeforeSend: SKIP (fr=true syn=false hasRead=true)
[2026-07-30T05:21:41.215Z] LiveUpdateForge: EndTurn fallback flush
[2026-07-30T05:21:41.216Z] onEndTurn: naturalStop=false toolCalls=83 nudgeMsg=no
[2026-07-30T05:21:41.328Z] LiveUpdateForge: AfterToolExec flush
[2026-07-30T05:21:41.367Z] InitialReadForge.onBeforeSend: SKIP (fr=true syn=false hasRead=true)
[2026-07-30T05:21:43.690Z] LiveUpdateForge: EndTurn fallback flush
[2026-07-30T05:21:43.691Z] onEndTurn: naturalStop=false toolCalls=84 nudgeMsg=no
[2026-07-30T05:22:06.475Z] LiveUpdateForge: AfterToolExec flush
[2026-07-30T05:22:06.513Z] InitialReadForge.onBeforeSend: SKIP (fr=true syn=false hasRead=true)
[2026-07-30T05:22:11.624Z] LiveUpdateForge: EndTurn fallback flush
[2026-07-30T05:22:11.625Z] onEndTurn: naturalStop=false toolCalls=85 nudgeMsg=no
[2026-07-30T05:22:11.651Z] LiveUpdateForge: AfterToolExec flush
[2026-07-30T05:22:11.707Z] InitialReadForge.onBeforeSend: SKIP (fr=true syn=false hasRead=true)
[2026-07-30T05:22:23.531Z] LiveUpdateForge: EndTurn fallback flush
[2026-07-30T05:22:23.532Z] onEndTurn: naturalStop=false toolCalls=86 nudgeMsg=no
[2026-07-30T05:22:24.116Z] LiveUpdateForge: AfterToolExec flush
[2026-07-30T05:22:24.150Z] InitialReadForge.onBeforeSend: SKIP (fr=true syn=false hasRead=true)
[2026-07-30T05:22:33.352Z] LiveUpdateForge: EndTurn fallback flush
[2026-07-30T05:22:33.352Z] onEndTurn: naturalStop=false toolCalls=87 nudgeMsg=no
[2026-07-30T05:22:33.371Z] LiveUpdateForge: AfterToolExec flush
[2026-07-30T05:22:33.404Z] InitialReadForge.onBeforeSend: SKIP (fr=true syn=false hasRead=true)
[2026-07-30T05:22:37.358Z] LiveUpdateForge: EndTurn fallback flush
[2026-07-30T05:22:37.359Z] onEndTurn: naturalStop=false toolCalls=88 nudgeMsg=no
[2026-07-30T05:22:47.223Z] LiveUpdateForge: AfterToolExec flush
[2026-07-30T05:22:47.264Z] InitialReadForge.onBeforeSend: SKIP (fr=true syn=false hasRead=true)
[2026-07-30T05:22:50.263Z] LiveUpdateForge: EndTurn fallback flush
[2026-07-30T05:22:50.263Z] onEndTurn: naturalStop=false toolCalls=89 nudgeMsg=no
[2026-07-30T05:22:51.071Z] LiveUpdateForge: AfterToolExec flush
[2026-07-30T05:22:51.105Z] InitialReadForge.onBeforeSend: SKIP (fr=true syn=false hasRead=true)
[2026-07-30T05:23:05.053Z] LiveUpdateForge: EndTurn fallback flush
[2026-07-30T05:23:05.053Z] onEndTurn: naturalStop=false toolCalls=90 nudgeMsg=no
[2026-07-30T05:23:07.080Z] LiveUpdateForge: AfterToolExec flush
[2026-07-30T05:23:07.128Z] InitialReadForge.onBeforeSend: SKIP (fr=true syn=false hasRead=true)
[2026-07-30T05:23:13.051Z] LiveUpdateForge: EndTurn fallback flush
[2026-07-30T05:23:13.052Z] onEndTurn: naturalStop=false toolCalls=91 nudgeMsg=no
[2026-07-30T05:23:13.705Z] LiveUpdateForge: AfterToolExec flush
[2026-07-30T05:23:13.761Z] InitialReadForge.onBeforeSend: SKIP (fr=true syn=false hasRead=true)
[2026-07-30T05:23:16.391Z] LiveUpdateForge: EndTurn fallback flush
[2026-07-30T05:23:16.391Z] onEndTurn: naturalStop=false toolCalls=92 nudgeMsg=no
[2026-07-30T05:23:16.416Z] LiveUpdateForge: AfterToolExec flush
[2026-07-30T05:23:16.452Z] InitialReadForge.onBeforeSend: SKIP (fr=true syn=false hasRead=true)
[2026-07-30T05:23:19.434Z] LiveUpdateForge: EndTurn fallback flush
[2026-07-30T05:23:19.435Z] onEndTurn: naturalStop=false toolCalls=93 nudgeMsg=no
[2026-07-30T05:23:19.460Z] LiveUpdateForge: AfterToolExec flush
[2026-07-30T05:23:19.498Z] InitialReadForge.onBeforeSend: SKIP (fr=true syn=false hasRead=true)
[2026-07-30T05:23:25.300Z] LiveUpdateForge: EndTurn fallback flush
[2026-07-30T05:23:25.301Z] onEndTurn: naturalStop=false toolCalls=94 nudgeMsg=no
[2026-07-30T05:23:25.612Z] LiveUpdateForge: AfterToolExec flush
[2026-07-30T05:23:25.667Z] InitialReadForge.onBeforeSend: SKIP (fr=true syn=false hasRead=true)
[2026-07-30T05:23:30.083Z] LiveUpdateForge: EndTurn fallback flush
[2026-07-30T05:23:30.083Z] onEndTurn: naturalStop=false toolCalls=95 nudgeMsg=no
[2026-07-30T05:23:30.434Z] LiveUpdateForge: AfterToolExec flush
[2026-07-30T05:23:30.485Z] InitialReadForge.onBeforeSend: SKIP (fr=true syn=false hasRead=true)
[2026-07-30T05:23:43.557Z] LiveUpdateForge: EndTurn fallback flush
[2026-07-30T05:23:43.557Z] onEndTurn: naturalStop=false toolCalls=96 nudgeMsg=no
[2026-07-30T05:23:43.715Z] LiveUpdateForge: AfterToolExec flush
[2026-07-30T05:23:43.775Z] InitialReadForge.onBeforeSend: SKIP (fr=true syn=false hasRead=true)
[2026-07-30T05:23:47.682Z] LiveUpdateForge: EndTurn fallback flush
[2026-07-30T05:23:47.682Z] onEndTurn: naturalStop=false toolCalls=97 nudgeMsg=no
[2026-07-30T05:24:35.847Z] LiveUpdateForge: AfterToolExec flush
[2026-07-30T05:24:35.889Z] InitialReadForge.onBeforeSend: SKIP (fr=true syn=false hasRead=true)
[2026-07-30T05:24:46.321Z] LiveUpdateForge: EndTurn fallback flush
[2026-07-30T05:24:46.322Z] onEndTurn: naturalStop=false toolCalls=98 nudgeMsg=no
[2026-07-30T05:24:46.339Z] LiveUpdateForge: AfterToolExec flush
[2026-07-30T05:24:46.382Z] InitialReadForge.onBeforeSend: SKIP (fr=true syn=false hasRead=true)
[2026-07-30T05:24:48.573Z] LiveUpdateForge: EndTurn fallback flush
[2026-07-30T05:24:48.574Z] onEndTurn: naturalStop=false toolCalls=99 nudgeMsg=no
[2026-07-30T05:24:49.212Z] LiveUpdateForge: AfterToolExec flush
[2026-07-30T05:24:49.261Z] InitialReadForge.onBeforeSend: SKIP (fr=true syn=false hasRead=true)
[2026-07-30T05:24:54.316Z] LiveUpdateForge: EndTurn fallback flush
[2026-07-30T05:24:54.316Z] onEndTurn: naturalStop=false toolCalls=100 nudgeMsg=no
[2026-07-30T05:24:54.337Z] LiveUpdateForge: AfterToolExec flush
[2026-07-30T05:24:54.382Z] InitialReadForge.onBeforeSend: SKIP (fr=true syn=false hasRead=true)
[2026-07-30T05:24:56.091Z] LiveUpdateForge: EndTurn fallback flush
[2026-07-30T05:24:56.091Z] onEndTurn: naturalStop=false toolCalls=101 nudgeMsg=no
[2026-07-30T05:25:06.398Z] LiveUpdateForge: AfterToolExec flush
[2026-07-30T05:25:06.454Z] InitialReadForge.onBeforeSend: SKIP (fr=true syn=false hasRead=true)
[2026-07-30T05:25:08.542Z] LiveUpdateForge: EndTurn fallback flush
[2026-07-30T05:25:08.542Z] onEndTurn: naturalStop=false toolCalls=102 nudgeMsg=no
[2026-07-30T05:25:09.591Z] LiveUpdateForge: AfterToolExec flush
[2026-07-30T05:25:09.645Z] InitialReadForge.onBeforeSend: SKIP (fr=true syn=false hasRead=true)
[2026-07-30T05:25:17.084Z] LiveUpdateForge: EndTurn fallback flush
[2026-07-30T05:25:17.084Z] onEndTurn: naturalStop=false toolCalls=103 nudgeMsg=no
[2026-07-30T05:25:19.234Z] LiveUpdateForge: AfterToolExec flush
[2026-07-30T05:25:19.277Z] InitialReadForge.onBeforeSend: SKIP (fr=true syn=false hasRead=true)
[2026-07-30T05:25:21.348Z] LiveUpdateForge: EndTurn fallback flush
[2026-07-30T05:25:21.349Z] onEndTurn: naturalStop=false toolCalls=104 nudgeMsg=no
[2026-07-30T05:25:21.374Z] LiveUpdateForge: AfterToolExec flush
[2026-07-30T05:25:21.416Z] InitialReadForge.onBeforeSend: SKIP (fr=true syn=false hasRead=true)
[2026-07-30T05:25:23.301Z] LiveUpdateForge: EndTurn fallback flush
[2026-07-30T05:25:23.301Z] onEndTurn: naturalStop=false toolCalls=105 nudgeMsg=no
[2026-07-30T05:25:23.333Z] LiveUpdateForge: AfterToolExec flush
[2026-07-30T05:25:23.375Z] InitialReadForge.onBeforeSend: SKIP (fr=true syn=false hasRead=true)
[2026-07-30T05:25:32.793Z] LiveUpdateForge: EndTurn fallback flush
[2026-07-30T05:25:32.793Z] onEndTurn: naturalStop=false toolCalls=106 nudgeMsg=no
[2026-07-30T05:25:32.987Z] LiveUpdateForge: AfterToolExec flush
[2026-07-30T05:25:33.033Z] InitialReadForge.onBeforeSend: SKIP (fr=true syn=false hasRead=true)
[2026-07-30T05:25:34.535Z] LiveUpdateForge: EndTurn fallback flush
[2026-07-30T05:25:34.535Z] onEndTurn: naturalStop=false toolCalls=107 nudgeMsg=no
[2026-07-30T05:25:34.643Z] LiveUpdateForge: AfterToolExec flush
[2026-07-30T05:25:34.686Z] InitialReadForge.onBeforeSend: SKIP (fr=true syn=false hasRead=true)
[2026-07-30T05:25:38.085Z] LiveUpdateForge: EndTurn fallback flush
[2026-07-30T05:25:38.085Z] onEndTurn: naturalStop=false toolCalls=108 nudgeMsg=no
[2026-07-30T05:26:05.838Z] LiveUpdateForge: AfterToolExec flush
[2026-07-30T05:26:05.890Z] InitialReadForge.onBeforeSend: SKIP (fr=true syn=false hasRead=true)
[2026-07-30T05:26:07.626Z] LiveUpdateForge: EndTurn fallback flush
[2026-07-30T05:26:07.627Z] onEndTurn: naturalStop=false toolCalls=109 nudgeMsg=no
[2026-07-30T05:26:07.657Z] LiveUpdateForge: AfterToolExec flush
[2026-07-30T05:26:07.709Z] InitialReadForge.onBeforeSend: SKIP (fr=true syn=false hasRead=true)
[2026-07-30T05:26:09.224Z] LiveUpdateForge: EndTurn fallback flush
[2026-07-30T05:26:09.224Z] onEndTurn: naturalStop=false toolCalls=110 nudgeMsg=no
[2026-07-30T05:26:09.805Z] LiveUpdateForge: AfterToolExec flush
[2026-07-30T05:26:09.840Z] InitialReadForge.onBeforeSend: SKIP (fr=true syn=false hasRead=true)
[2026-07-30T05:26:12.560Z] LiveUpdateForge: EndTurn fallback flush
[2026-07-30T05:26:12.560Z] onEndTurn: naturalStop=false toolCalls=111 nudgeMsg=no
[2026-07-30T05:26:13.001Z] LiveUpdateForge: AfterToolExec flush
[2026-07-30T05:26:13.037Z] InitialReadForge.onBeforeSend: SKIP (fr=true syn=false hasRead=true)
[2026-07-30T05:26:18.338Z] LiveUpdateForge: EndTurn fallback flush
[2026-07-30T05:26:18.338Z] onEndTurn: naturalStop=true toolCalls=0 nudgeMsg=YES
[2026-07-30T05:26:18.344Z] InitialReadForge.onBeforeSend: SKIP (fr=false syn=false hasRead=true)
[2026-07-30T05:26:24.191Z] LiveUpdateForge: EndTurn fallback flush
[2026-07-30T05:26:24.191Z] onEndTurn: naturalStop=false toolCalls=0 nudgeMsg=no
[2026-07-30T05:26:24.216Z] LiveUpdateForge: self-write on D:\unity\mowang\CODELY.md, baseline aligned
[2026-07-30T05:26:24.217Z] LiveUpdateForge: AfterToolExec flush
[2026-07-30T05:26:24.263Z] InitialReadForge.onBeforeSend: SKIP (fr=true syn=false hasRead=true)
[2026-07-30T05:26:24.787Z] LiveUpdateForge: pending external change on D:\unity\mowang\CODELY.md
[2026-07-30T05:26:25.958Z] LiveUpdateForge: EndTurn fallback flush
[2026-07-30T05:26:25.958Z] onEndTurn: naturalStop=true toolCalls=0 nudgeMsg=no
[2026-07-30T05:27:16.001Z] ResumeDiffForge: running checkResumeConsistency
[2026-07-30T05:27:16.002Z] checkResumeConsistency: forgedTimestamps=[]
[2026-07-30T05:27:16.008Z] checkResumeConsistency: no changes detected
[2026-07-30T05:27:16.008Z] LiveUpdateForge: session reset, allowLiveUpdate = false
[2026-07-30T05:27:16.008Z] NudgeForge: ResumeComplete — restoring count from history
[2026-07-30T05:27:16.009Z] restoreNudgeCountFromHistory: found last write at idx=225 count=0
[2026-07-30T05:27:16.039Z] LiveUpdateForge: allowLiveUpdate = true (first real BeforeSend)
[2026-07-30T05:27:16.040Z] InitialReadForge.onBeforeSend: SKIP (fr=false syn=false hasRead=true)
[2026-07-30T05:27:19.419Z] LiveUpdateForge: EndTurn fallback flush
[2026-07-30T05:27:19.419Z] onEndTurn: naturalStop=true toolCalls=0 nudgeMsg=no
[2026-07-30T05:28:55.076Z] ResumeDiffForge: running checkResumeConsistency
[2026-07-30T05:28:55.076Z] checkResumeConsistency: forgedTimestamps=[]
[2026-07-30T05:28:55.082Z] checkResumeConsistency: no changes detected
[2026-07-30T05:28:55.082Z] LiveUpdateForge: session reset, allowLiveUpdate = false
[2026-07-30T05:28:55.082Z] NudgeForge: ResumeComplete — restoring count from history
[2026-07-30T05:28:55.083Z] restoreNudgeCountFromHistory: found last write at idx=225 count=0
[2026-07-30T05:28:55.108Z] LiveUpdateForge: allowLiveUpdate = true (first real BeforeSend)
[2026-07-30T05:28:55.109Z] InitialReadForge.onBeforeSend: SKIP (fr=false syn=false hasRead=true)
[2026-07-30T05:29:00.320Z] LiveUpdateForge: EndTurn fallback flush
[2026-07-30T05:29:00.320Z] onEndTurn: naturalStop=false toolCalls=0 nudgeMsg=no
[2026-07-30T05:29:00.331Z] LiveUpdateForge: AfterToolExec flush
[2026-07-30T05:29:00.357Z] InitialReadForge.onBeforeSend: SKIP (fr=true syn=false hasRead=true)
[2026-07-30T05:29:01.963Z] LiveUpdateForge: EndTurn fallback flush
[2026-07-30T05:29:01.963Z] onEndTurn: naturalStop=false toolCalls=1 nudgeMsg=no
[2026-07-30T05:29:01.972Z] LiveUpdateForge: AfterToolExec flush
[2026-07-30T05:29:02.000Z] InitialReadForge.onBeforeSend: SKIP (fr=true syn=false hasRead=true)
[2026-07-30T05:29:05.696Z] LiveUpdateForge: EndTurn fallback flush
[2026-07-30T05:29:05.696Z] onEndTurn: naturalStop=false toolCalls=2 nudgeMsg=no
[2026-07-30T05:29:05.741Z] LiveUpdateForge: AfterToolExec flush
[2026-07-30T05:29:05.766Z] InitialReadForge.onBeforeSend: SKIP (fr=true syn=false hasRead=true)
[2026-07-30T05:29:10.472Z] LiveUpdateForge: EndTurn fallback flush
[2026-07-30T05:29:10.472Z] onEndTurn: naturalStop=false toolCalls=3 nudgeMsg=no
[2026-07-30T05:29:10.489Z] LiveUpdateForge: AfterToolExec flush
[2026-07-30T05:29:10.517Z] InitialReadForge.onBeforeSend: SKIP (fr=true syn=false hasRead=true)
[2026-07-30T05:29:12.586Z] LiveUpdateForge: EndTurn fallback flush
[2026-07-30T05:29:12.587Z] onEndTurn: naturalStop=false toolCalls=4 nudgeMsg=no
[2026-07-30T05:29:12.604Z] LiveUpdateForge: AfterToolExec flush
[2026-07-30T05:29:12.631Z] InitialReadForge.onBeforeSend: SKIP (fr=true syn=false hasRead=true)
[2026-07-30T05:29:14.763Z] LiveUpdateForge: EndTurn fallback flush
[2026-07-30T05:29:14.763Z] onEndTurn: naturalStop=false toolCalls=5 nudgeMsg=no
[2026-07-30T05:29:14.771Z] LiveUpdateForge: AfterToolExec flush
[2026-07-30T05:29:14.796Z] InitialReadForge.onBeforeSend: SKIP (fr=true syn=false hasRead=true)
[2026-07-30T05:29:18.176Z] LiveUpdateForge: EndTurn fallback flush
[2026-07-30T05:29:18.176Z] onEndTurn: naturalStop=false toolCalls=6 nudgeMsg=no
[2026-07-30T05:29:18.196Z] LiveUpdateForge: AfterToolExec flush
[2026-07-30T05:29:18.237Z] InitialReadForge.onBeforeSend: SKIP (fr=true syn=false hasRead=true)
[2026-07-30T05:29:24.071Z] LiveUpdateForge: EndTurn fallback flush
[2026-07-30T05:29:24.071Z] onEndTurn: naturalStop=false toolCalls=7 nudgeMsg=no
[2026-07-30T05:29:24.093Z] LiveUpdateForge: AfterToolExec flush
[2026-07-30T05:29:24.121Z] InitialReadForge.onBeforeSend: SKIP (fr=true syn=false hasRead=true)
[2026-07-30T05:29:28.795Z] LiveUpdateForge: EndTurn fallback flush
[2026-07-30T05:29:28.796Z] onEndTurn: naturalStop=false toolCalls=8 nudgeMsg=no
[2026-07-30T05:29:28.811Z] LiveUpdateForge: AfterToolExec flush
[2026-07-30T05:29:28.835Z] InitialReadForge.onBeforeSend: SKIP (fr=true syn=false hasRead=true)
[2026-07-30T05:29:31.439Z] LiveUpdateForge: EndTurn fallback flush
[2026-07-30T05:29:31.439Z] onEndTurn: naturalStop=false toolCalls=9 nudgeMsg=no
[2026-07-30T05:29:31.559Z] LiveUpdateForge: AfterToolExec flush
[2026-07-30T05:29:31.584Z] InitialReadForge.onBeforeSend: SKIP (fr=true syn=false hasRead=true)
[2026-07-30T05:29:34.453Z] LiveUpdateForge: EndTurn fallback flush
[2026-07-30T05:29:34.454Z] onEndTurn: naturalStop=false toolCalls=10 nudgeMsg=no
[2026-07-30T05:29:34.498Z] LiveUpdateForge: AfterToolExec flush
[2026-07-30T05:29:34.524Z] InitialReadForge.onBeforeSend: SKIP (fr=true syn=false hasRead=true)
[2026-07-30T05:29:37.308Z] LiveUpdateForge: EndTurn fallback flush
[2026-07-30T05:29:37.308Z] onEndTurn: naturalStop=false toolCalls=11 nudgeMsg=no
[2026-07-30T05:29:37.869Z] LiveUpdateForge: AfterToolExec flush
[2026-07-30T05:29:37.906Z] InitialReadForge.onBeforeSend: SKIP (fr=true syn=false hasRead=true)
[2026-07-30T05:29:40.090Z] LiveUpdateForge: EndTurn fallback flush
[2026-07-30T05:29:40.090Z] onEndTurn: naturalStop=false toolCalls=12 nudgeMsg=no
[2026-07-30T05:29:50.486Z] LiveUpdateForge: AfterToolExec flush
[2026-07-30T05:29:50.514Z] InitialReadForge.onBeforeSend: SKIP (fr=true syn=false hasRead=true)
[2026-07-30T05:29:52.316Z] LiveUpdateForge: EndTurn fallback flush
[2026-07-30T05:29:52.316Z] onEndTurn: naturalStop=false toolCalls=13 nudgeMsg=no
[2026-07-30T05:29:53.336Z] LiveUpdateForge: AfterToolExec flush
[2026-07-30T05:29:53.370Z] InitialReadForge.onBeforeSend: SKIP (fr=true syn=false hasRead=true)
[2026-07-30T05:30:00.243Z] LiveUpdateForge: EndTurn fallback flush
[2026-07-30T05:30:00.243Z] onEndTurn: naturalStop=false toolCalls=14 nudgeMsg=no
[2026-07-30T05:30:02.424Z] LiveUpdateForge: AfterToolExec flush
[2026-07-30T05:30:02.461Z] InitialReadForge.onBeforeSend: SKIP (fr=true syn=false hasRead=true)
[2026-07-30T05:30:04.847Z] LiveUpdateForge: EndTurn fallback flush
[2026-07-30T05:30:04.848Z] onEndTurn: naturalStop=false toolCalls=15 nudgeMsg=no
[2026-07-30T05:30:05.028Z] LiveUpdateForge: AfterToolExec flush
[2026-07-30T05:30:05.054Z] InitialReadForge.onBeforeSend: SKIP (fr=true syn=false hasRead=true)
[2026-07-30T05:30:07.447Z] LiveUpdateForge: EndTurn fallback flush
[2026-07-30T05:30:07.448Z] onEndTurn: naturalStop=false toolCalls=16 nudgeMsg=no
[2026-07-30T05:30:20.944Z] LiveUpdateForge: AfterToolExec flush
[2026-07-30T05:30:20.972Z] InitialReadForge.onBeforeSend: SKIP (fr=true syn=false hasRead=true)
[2026-07-30T05:30:23.312Z] LiveUpdateForge: EndTurn fallback flush
[2026-07-30T05:30:23.312Z] onEndTurn: naturalStop=false toolCalls=17 nudgeMsg=no
[2026-07-30T05:30:23.338Z] LiveUpdateForge: AfterToolExec flush
[2026-07-30T05:30:23.361Z] InitialReadForge.onBeforeSend: SKIP (fr=true syn=false hasRead=true)
[2026-07-30T05:30:25.793Z] LiveUpdateForge: EndTurn fallback flush
[2026-07-30T05:30:25.793Z] onEndTurn: naturalStop=false toolCalls=18 nudgeMsg=no
[2026-07-30T05:30:25.818Z] LiveUpdateForge: AfterToolExec flush
[2026-07-30T05:30:25.847Z] InitialReadForge.onBeforeSend: SKIP (fr=true syn=false hasRead=true)
[2026-07-30T05:30:30.653Z] LiveUpdateForge: EndTurn fallback flush
[2026-07-30T05:30:30.653Z] onEndTurn: naturalStop=false toolCalls=19 nudgeMsg=no
[2026-07-30T05:30:31.878Z] LiveUpdateForge: AfterToolExec flush
[2026-07-30T05:30:31.915Z] InitialReadForge.onBeforeSend: SKIP (fr=true syn=false hasRead=true)
[2026-07-30T05:30:33.987Z] LiveUpdateForge: EndTurn fallback flush
[2026-07-30T05:30:33.988Z] onEndTurn: naturalStop=false toolCalls=20 nudgeMsg=no
[2026-07-30T05:30:34.333Z] LiveUpdateForge: AfterToolExec flush
[2026-07-30T05:30:34.372Z] InitialReadForge.onBeforeSend: SKIP (fr=true syn=false hasRead=true)
[2026-07-30T05:30:39.987Z] LiveUpdateForge: EndTurn fallback flush
[2026-07-30T05:30:39.987Z] onEndTurn: naturalStop=false toolCalls=21 nudgeMsg=no
[2026-07-30T05:30:40.550Z] LiveUpdateForge: AfterToolExec flush
[2026-07-30T05:30:40.577Z] InitialReadForge.onBeforeSend: SKIP (fr=true syn=false hasRead=true)
[2026-07-30T05:30:42.110Z] LiveUpdateForge: EndTurn fallback flush
[2026-07-30T05:30:42.110Z] onEndTurn: naturalStop=false toolCalls=22 nudgeMsg=no
[2026-07-30T05:30:42.124Z] LiveUpdateForge: AfterToolExec flush
[2026-07-30T05:30:42.150Z] InitialReadForge.onBeforeSend: SKIP (fr=true syn=false hasRead=true)
[2026-07-30T05:30:46.482Z] LiveUpdateForge: EndTurn fallback flush
[2026-07-30T05:30:46.482Z] onEndTurn: naturalStop=false toolCalls=23 nudgeMsg=no
[2026-07-30T05:30:46.820Z] LiveUpdateForge: AfterToolExec flush
[2026-07-30T05:30:46.857Z] InitialReadForge.onBeforeSend: SKIP (fr=true syn=false hasRead=true)
[2026-07-30T05:30:50.647Z] LiveUpdateForge: EndTurn fallback flush
[2026-07-30T05:30:50.648Z] onEndTurn: naturalStop=false toolCalls=24 nudgeMsg=no
[2026-07-30T05:30:50.739Z] LiveUpdateForge: AfterToolExec flush
[2026-07-30T05:30:50.767Z] InitialReadForge.onBeforeSend: SKIP (fr=true syn=false hasRead=true)
[2026-07-30T05:30:53.306Z] LiveUpdateForge: EndTurn fallback flush
[2026-07-30T05:30:53.306Z] onEndTurn: naturalStop=false toolCalls=25 nudgeMsg=no
[2026-07-30T05:31:26.334Z] LiveUpdateForge: AfterToolExec flush
[2026-07-30T05:31:26.374Z] InitialReadForge.onBeforeSend: SKIP (fr=true syn=false hasRead=true)
[2026-07-30T05:31:32.211Z] LiveUpdateForge: EndTurn fallback flush
[2026-07-30T05:31:32.211Z] onEndTurn: naturalStop=false toolCalls=26 nudgeMsg=no
[2026-07-30T05:31:32.554Z] LiveUpdateForge: AfterToolExec flush
[2026-07-30T05:31:32.577Z] InitialReadForge.onBeforeSend: SKIP (fr=true syn=false hasRead=true)
[2026-07-30T05:31:34.251Z] LiveUpdateForge: EndTurn fallback flush
[2026-07-30T05:31:34.251Z] onEndTurn: naturalStop=false toolCalls=27 nudgeMsg=no
[2026-07-30T05:31:34.335Z] LiveUpdateForge: AfterToolExec flush
[2026-07-30T05:31:34.364Z] InitialReadForge.onBeforeSend: SKIP (fr=true syn=false hasRead=true)
[2026-07-30T05:31:38.394Z] LiveUpdateForge: EndTurn fallback flush
[2026-07-30T05:31:38.394Z] onEndTurn: naturalStop=false toolCalls=28 nudgeMsg=no
[2026-07-30T05:31:42.200Z] LiveUpdateForge: AfterToolExec flush
[2026-07-30T05:31:42.226Z] InitialReadForge.onBeforeSend: SKIP (fr=true syn=false hasRead=true)
[2026-07-30T05:31:45.296Z] LiveUpdateForge: EndTurn fallback flush
[2026-07-30T05:31:45.297Z] onEndTurn: naturalStop=false toolCalls=29 nudgeMsg=no
[2026-07-30T05:31:45.655Z] LiveUpdateForge: AfterToolExec flush
[2026-07-30T05:31:45.681Z] InitialReadForge.onBeforeSend: SKIP (fr=true syn=false hasRead=true)
[2026-07-30T05:31:49.556Z] LiveUpdateForge: EndTurn fallback flush
[2026-07-30T05:31:49.556Z] onEndTurn: naturalStop=false toolCalls=30 nudgeMsg=no
[2026-07-30T05:31:49.897Z] LiveUpdateForge: AfterToolExec flush
[2026-07-30T05:31:49.949Z] InitialReadForge.onBeforeSend: SKIP (fr=true syn=false hasRead=true)
[2026-07-30T05:31:51.449Z] LiveUpdateForge: EndTurn fallback flush
[2026-07-30T05:31:51.449Z] onEndTurn: naturalStop=false toolCalls=31 nudgeMsg=no
[2026-07-30T05:31:51.540Z] LiveUpdateForge: AfterToolExec flush
[2026-07-30T05:31:51.566Z] InitialReadForge.onBeforeSend: SKIP (fr=true syn=false hasRead=true)
[2026-07-30T05:31:53.826Z] LiveUpdateForge: EndTurn fallback flush
[2026-07-30T05:31:53.826Z] onEndTurn: naturalStop=false toolCalls=32 nudgeMsg=no
[2026-07-30T05:32:16.140Z] LiveUpdateForge: AfterToolExec flush
[2026-07-30T05:32:16.168Z] InitialReadForge.onBeforeSend: SKIP (fr=true syn=false hasRead=true)
[2026-07-30T05:32:21.681Z] LiveUpdateForge: EndTurn fallback flush
[2026-07-30T05:32:21.682Z] onEndTurn: naturalStop=false toolCalls=33 nudgeMsg=no
[2026-07-30T05:32:22.184Z] LiveUpdateForge: AfterToolExec flush
[2026-07-30T05:32:22.229Z] InitialReadForge.onBeforeSend: SKIP (fr=true syn=false hasRead=true)
[2026-07-30T05:32:24.409Z] LiveUpdateForge: EndTurn fallback flush
[2026-07-30T05:32:24.409Z] onEndTurn: naturalStop=false toolCalls=34 nudgeMsg=no
[2026-07-30T05:32:24.556Z] LiveUpdateForge: AfterToolExec flush
[2026-07-30T05:32:24.585Z] InitialReadForge.onBeforeSend: SKIP (fr=true syn=false hasRead=true)
[2026-07-30T05:32:29.437Z] LiveUpdateForge: EndTurn fallback flush
[2026-07-30T05:32:29.437Z] onEndTurn: naturalStop=false toolCalls=35 nudgeMsg=no
[2026-07-30T05:32:49.170Z] LiveUpdateForge: AfterToolExec flush
[2026-07-30T05:32:49.211Z] InitialReadForge.onBeforeSend: SKIP (fr=true syn=false hasRead=true)
[2026-07-30T05:33:01.385Z] LiveUpdateForge: EndTurn fallback flush
[2026-07-30T05:33:01.385Z] onEndTurn: naturalStop=false toolCalls=36 nudgeMsg=no
[2026-07-30T05:33:01.725Z] LiveUpdateForge: AfterToolExec flush
[2026-07-30T05:33:01.751Z] InitialReadForge.onBeforeSend: SKIP (fr=true syn=false hasRead=true)
[2026-07-30T05:33:04.937Z] LiveUpdateForge: EndTurn fallback flush
[2026-07-30T05:33:04.938Z] onEndTurn: naturalStop=false toolCalls=37 nudgeMsg=no
[2026-07-30T05:33:05.038Z] LiveUpdateForge: AfterToolExec flush
[2026-07-30T05:33:05.064Z] InitialReadForge.onBeforeSend: SKIP (fr=true syn=false hasRead=true)
[2026-07-30T05:33:08.536Z] LiveUpdateForge: EndTurn fallback flush
[2026-07-30T05:33:08.536Z] onEndTurn: naturalStop=false toolCalls=38 nudgeMsg=no
[2026-07-30T05:33:23.444Z] LiveUpdateForge: AfterToolExec flush
[2026-07-30T05:33:23.469Z] InitialReadForge.onBeforeSend: SKIP (fr=true syn=false hasRead=true)
[2026-07-30T05:33:28.426Z] LiveUpdateForge: EndTurn fallback flush
[2026-07-30T05:33:28.427Z] onEndTurn: naturalStop=false toolCalls=39 nudgeMsg=no
[2026-07-30T05:33:28.796Z] LiveUpdateForge: AfterToolExec flush
[2026-07-30T05:33:28.838Z] InitialReadForge.onBeforeSend: SKIP (fr=true syn=false hasRead=true)
[2026-07-30T05:33:30.920Z] LiveUpdateForge: EndTurn fallback flush
[2026-07-30T05:33:30.921Z] onEndTurn: naturalStop=false toolCalls=40 nudgeMsg=no
[2026-07-30T05:33:31.018Z] LiveUpdateForge: AfterToolExec flush
[2026-07-30T05:33:31.045Z] InitialReadForge.onBeforeSend: SKIP (fr=true syn=false hasRead=true)
[2026-07-30T05:33:34.122Z] LiveUpdateForge: EndTurn fallback flush
[2026-07-30T05:33:34.122Z] onEndTurn: naturalStop=false toolCalls=41 nudgeMsg=no
[2026-07-30T05:33:42.577Z] LiveUpdateForge: AfterToolExec flush
[2026-07-30T05:33:42.603Z] InitialReadForge.onBeforeSend: SKIP (fr=true syn=false hasRead=true)
[2026-07-30T05:33:48.276Z] LiveUpdateForge: EndTurn fallback flush
[2026-07-30T05:33:48.277Z] onEndTurn: naturalStop=false toolCalls=42 nudgeMsg=no
[2026-07-30T05:33:48.623Z] LiveUpdateForge: AfterToolExec flush
[2026-07-30T05:33:48.650Z] InitialReadForge.onBeforeSend: SKIP (fr=true syn=false hasRead=true)
[2026-07-30T05:33:56.868Z] LiveUpdateForge: EndTurn fallback flush
[2026-07-30T05:33:56.869Z] onEndTurn: naturalStop=false toolCalls=43 nudgeMsg=no
[2026-07-30T05:33:57.370Z] LiveUpdateForge: AfterToolExec flush
[2026-07-30T05:33:57.398Z] InitialReadForge.onBeforeSend: SKIP (fr=true syn=false hasRead=true)
[2026-07-30T05:34:04.594Z] LiveUpdateForge: EndTurn fallback flush
[2026-07-30T05:34:04.595Z] onEndTurn: naturalStop=false toolCalls=44 nudgeMsg=no
[2026-07-30T05:34:04.923Z] LiveUpdateForge: AfterToolExec flush
[2026-07-30T05:34:04.948Z] InitialReadForge.onBeforeSend: SKIP (fr=true syn=false hasRead=true)
[2026-07-30T05:34:08.119Z] LiveUpdateForge: EndTurn fallback flush
[2026-07-30T05:34:08.119Z] onEndTurn: naturalStop=false toolCalls=45 nudgeMsg=no
[2026-07-30T05:34:08.197Z] LiveUpdateForge: AfterToolExec flush
[2026-07-30T05:34:08.222Z] InitialReadForge.onBeforeSend: SKIP (fr=true syn=false hasRead=true)
[2026-07-30T05:34:13.331Z] LiveUpdateForge: EndTurn fallback flush
[2026-07-30T05:34:13.332Z] onEndTurn: naturalStop=false toolCalls=46 nudgeMsg=no
[2026-07-30T05:34:37.351Z] LiveUpdateForge: AfterToolExec flush
[2026-07-30T05:34:37.392Z] InitialReadForge.onBeforeSend: SKIP (fr=true syn=false hasRead=true)
[2026-07-30T05:34:50.002Z] LiveUpdateForge: EndTurn fallback flush
[2026-07-30T05:34:50.003Z] onEndTurn: naturalStop=false toolCalls=47 nudgeMsg=no
[2026-07-30T05:34:50.367Z] LiveUpdateForge: AfterToolExec flush
[2026-07-30T05:34:50.392Z] InitialReadForge.onBeforeSend: SKIP (fr=true syn=false hasRead=true)
[2026-07-30T05:34:58.222Z] LiveUpdateForge: EndTurn fallback flush
[2026-07-30T05:34:58.222Z] onEndTurn: naturalStop=false toolCalls=48 nudgeMsg=no
[2026-07-30T05:34:58.581Z] LiveUpdateForge: AfterToolExec flush
[2026-07-30T05:34:58.606Z] InitialReadForge.onBeforeSend: SKIP (fr=true syn=false hasRead=true)
[2026-07-30T05:35:03.425Z] LiveUpdateForge: EndTurn fallback flush
[2026-07-30T05:35:03.425Z] onEndTurn: naturalStop=false toolCalls=49 nudgeMsg=no
[2026-07-30T05:35:03.775Z] LiveUpdateForge: AfterToolExec flush
[2026-07-30T05:35:03.800Z] InitialReadForge.onBeforeSend: SKIP (fr=true syn=false hasRead=true)
[2026-07-30T05:35:10.182Z] LiveUpdateForge: EndTurn fallback flush
[2026-07-30T05:35:10.183Z] onEndTurn: naturalStop=false toolCalls=50 nudgeMsg=no
[2026-07-30T05:35:10.534Z] LiveUpdateForge: AfterToolExec flush
[2026-07-30T05:35:10.578Z] InitialReadForge.onBeforeSend: SKIP (fr=true syn=false hasRead=true)
[2026-07-30T05:35:12.611Z] LiveUpdateForge: EndTurn fallback flush
[2026-07-30T05:35:12.611Z] onEndTurn: naturalStop=false toolCalls=51 nudgeMsg=no
[2026-07-30T05:35:12.701Z] LiveUpdateForge: AfterToolExec flush
[2026-07-30T05:35:12.731Z] InitialReadForge.onBeforeSend: SKIP (fr=true syn=false hasRead=true)
[2026-07-30T05:35:17.708Z] LiveUpdateForge: EndTurn fallback flush
[2026-07-30T05:35:17.709Z] onEndTurn: naturalStop=false toolCalls=52 nudgeMsg=no
[2026-07-30T05:35:24.633Z] LiveUpdateForge: AfterToolExec flush
[2026-07-30T05:35:24.659Z] InitialReadForge.onBeforeSend: SKIP (fr=true syn=false hasRead=true)
[2026-07-30T05:35:32.111Z] LiveUpdateForge: EndTurn fallback flush
[2026-07-30T05:35:32.112Z] onEndTurn: naturalStop=false toolCalls=53 nudgeMsg=no
[2026-07-30T05:35:32.449Z] LiveUpdateForge: AfterToolExec flush
[2026-07-30T05:35:32.475Z] InitialReadForge.onBeforeSend: SKIP (fr=true syn=false hasRead=true)
[2026-07-30T05:35:37.805Z] LiveUpdateForge: EndTurn fallback flush
[2026-07-30T05:35:37.805Z] onEndTurn: naturalStop=false toolCalls=54 nudgeMsg=no
[2026-07-30T05:35:38.495Z] LiveUpdateForge: AfterToolExec flush
[2026-07-30T05:35:38.521Z] InitialReadForge.onBeforeSend: SKIP (fr=true syn=false hasRead=true)
[2026-07-30T05:35:44.945Z] LiveUpdateForge: EndTurn fallback flush
[2026-07-30T05:35:44.945Z] onEndTurn: naturalStop=false toolCalls=55 nudgeMsg=no
[2026-07-30T05:35:45.032Z] LiveUpdateForge: AfterToolExec flush
[2026-07-30T05:35:45.059Z] InitialReadForge.onBeforeSend: SKIP (fr=true syn=false hasRead=true)
[2026-07-30T05:35:47.632Z] LiveUpdateForge: EndTurn fallback flush
[2026-07-30T05:35:47.632Z] onEndTurn: naturalStop=false toolCalls=56 nudgeMsg=no
[2026-07-30T05:36:03.415Z] LiveUpdateForge: AfterToolExec flush
[2026-07-30T05:36:03.454Z] InitialReadForge.onBeforeSend: SKIP (fr=true syn=false hasRead=true)
[2026-07-30T05:36:10.369Z] LiveUpdateForge: EndTurn fallback flush
[2026-07-30T05:36:10.369Z] onEndTurn: naturalStop=false toolCalls=57 nudgeMsg=no
[2026-07-30T05:36:10.863Z] LiveUpdateForge: AfterToolExec flush
[2026-07-30T05:36:10.892Z] InitialReadForge.onBeforeSend: SKIP (fr=true syn=false hasRead=true)
[2026-07-30T05:36:16.800Z] LiveUpdateForge: EndTurn fallback flush
[2026-07-30T05:36:16.801Z] onEndTurn: naturalStop=false toolCalls=58 nudgeMsg=no
[2026-07-30T05:36:17.159Z] LiveUpdateForge: AfterToolExec flush
[2026-07-30T05:36:17.200Z] InitialReadForge.onBeforeSend: SKIP (fr=true syn=false hasRead=true)
[2026-07-30T05:36:25.554Z] LiveUpdateForge: EndTurn fallback flush
[2026-07-30T05:36:25.554Z] onEndTurn: naturalStop=false toolCalls=59 nudgeMsg=no
[2026-07-30T05:36:25.889Z] LiveUpdateForge: AfterToolExec flush
[2026-07-30T05:36:25.929Z] InitialReadForge.onBeforeSend: SKIP (fr=true syn=false hasRead=true)
[2026-07-30T05:36:32.538Z] LiveUpdateForge: EndTurn fallback flush
[2026-07-30T05:36:32.538Z] onEndTurn: naturalStop=false toolCalls=60 nudgeMsg=no
[2026-07-30T05:36:32.892Z] LiveUpdateForge: AfterToolExec flush
[2026-07-30T05:36:32.937Z] InitialReadForge.onBeforeSend: SKIP (fr=true syn=false hasRead=true)
[2026-07-30T05:36:34.891Z] LiveUpdateForge: EndTurn fallback flush
[2026-07-30T05:36:34.891Z] onEndTurn: naturalStop=false toolCalls=61 nudgeMsg=no
[2026-07-30T05:36:34.987Z] LiveUpdateForge: AfterToolExec flush
[2026-07-30T05:36:35.016Z] InitialReadForge.onBeforeSend: SKIP (fr=true syn=false hasRead=true)
[2026-07-30T05:36:38.229Z] LiveUpdateForge: EndTurn fallback flush
[2026-07-30T05:36:38.229Z] onEndTurn: naturalStop=false toolCalls=62 nudgeMsg=no
[2026-07-30T05:36:45.001Z] LiveUpdateForge: AfterToolExec flush
[2026-07-30T05:36:45.041Z] InitialReadForge.onBeforeSend: SKIP (fr=true syn=false hasRead=true)
[2026-07-30T05:36:48.880Z] LiveUpdateForge: EndTurn fallback flush
[2026-07-30T05:36:48.880Z] onEndTurn: naturalStop=false toolCalls=63 nudgeMsg=no
[2026-07-30T05:36:49.492Z] LiveUpdateForge: AfterToolExec flush
[2026-07-30T05:36:49.523Z] InitialReadForge.onBeforeSend: SKIP (fr=true syn=false hasRead=true)
[2026-07-30T05:36:53.269Z] LiveUpdateForge: EndTurn fallback flush
[2026-07-30T05:36:53.269Z] onEndTurn: naturalStop=false toolCalls=64 nudgeMsg=no
[2026-07-30T05:36:53.277Z] LiveUpdateForge: AfterToolExec flush
[2026-07-30T05:36:53.301Z] InitialReadForge.onBeforeSend: SKIP (fr=true syn=false hasRead=true)
[2026-07-30T05:36:57.427Z] LiveUpdateForge: EndTurn fallback flush
[2026-07-30T05:36:57.428Z] onEndTurn: naturalStop=false toolCalls=65 nudgeMsg=no
[2026-07-30T05:36:57.435Z] LiveUpdateForge: AfterToolExec flush
[2026-07-30T05:36:57.462Z] InitialReadForge.onBeforeSend: SKIP (fr=true syn=false hasRead=true)
[2026-07-30T05:36:59.248Z] LiveUpdateForge: EndTurn fallback flush
[2026-07-30T05:36:59.248Z] onEndTurn: naturalStop=false toolCalls=66 nudgeMsg=no
[2026-07-30T05:36:59.254Z] LiveUpdateForge: AfterToolExec flush
[2026-07-30T05:36:59.281Z] InitialReadForge.onBeforeSend: SKIP (fr=true syn=false hasRead=true)
[2026-07-30T05:37:06.707Z] LiveUpdateForge: EndTurn fallback flush
[2026-07-30T05:37:06.708Z] onEndTurn: naturalStop=false toolCalls=67 nudgeMsg=no
[2026-07-30T05:37:06.723Z] LiveUpdateForge: AfterToolExec flush
[2026-07-30T05:37:06.749Z] InitialReadForge.onBeforeSend: SKIP (fr=true syn=false hasRead=true)
[2026-07-30T05:37:10.906Z] LiveUpdateForge: EndTurn fallback flush
[2026-07-30T05:37:10.906Z] onEndTurn: naturalStop=false toolCalls=68 nudgeMsg=no
[2026-07-30T05:37:11.139Z] LiveUpdateForge: AfterToolExec flush
[2026-07-30T05:37:11.166Z] InitialReadForge.onBeforeSend: SKIP (fr=true syn=false hasRead=true)
[2026-07-30T05:37:12.877Z] LiveUpdateForge: EndTurn fallback flush
[2026-07-30T05:37:12.877Z] onEndTurn: naturalStop=false toolCalls=69 nudgeMsg=no
[2026-07-30T05:37:12.986Z] LiveUpdateForge: AfterToolExec flush
[2026-07-30T05:37:13.013Z] InitialReadForge.onBeforeSend: SKIP (fr=true syn=false hasRead=true)
[2026-07-30T05:37:17.469Z] LiveUpdateForge: EndTurn fallback flush
[2026-07-30T05:37:17.470Z] onEndTurn: naturalStop=false toolCalls=70 nudgeMsg=no
[2026-07-30T05:37:27.096Z] LiveUpdateForge: AfterToolExec flush
[2026-07-30T05:37:27.136Z] InitialReadForge.onBeforeSend: SKIP (fr=true syn=false hasRead=true)
[2026-07-30T05:37:30.267Z] LiveUpdateForge: EndTurn fallback flush
[2026-07-30T05:37:30.267Z] onEndTurn: naturalStop=false toolCalls=71 nudgeMsg=no
[2026-07-30T05:37:31.240Z] LiveUpdateForge: AfterToolExec flush
[2026-07-30T05:37:31.268Z] InitialReadForge.onBeforeSend: SKIP (fr=true syn=false hasRead=true)
[2026-07-30T05:37:35.883Z] LiveUpdateForge: EndTurn fallback flush
[2026-07-30T05:37:35.884Z] onEndTurn: naturalStop=false toolCalls=72 nudgeMsg=no
[2026-07-30T05:37:37.840Z] LiveUpdateForge: AfterToolExec flush
[2026-07-30T05:37:37.883Z] InitialReadForge.onBeforeSend: SKIP (fr=true syn=false hasRead=true)
[2026-07-30T05:37:41.836Z] LiveUpdateForge: EndTurn fallback flush
[2026-07-30T05:37:41.836Z] onEndTurn: naturalStop=false toolCalls=73 nudgeMsg=no
[2026-07-30T05:37:41.930Z] LiveUpdateForge: AfterToolExec flush
[2026-07-30T05:37:41.961Z] InitialReadForge.onBeforeSend: SKIP (fr=true syn=false hasRead=true)
[2026-07-30T05:37:48.756Z] LiveUpdateForge: EndTurn fallback flush
[2026-07-30T05:37:48.756Z] onEndTurn: naturalStop=false toolCalls=74 nudgeMsg=no
[2026-07-30T05:38:20.462Z] LiveUpdateForge: AfterToolExec flush
[2026-07-30T05:38:20.503Z] InitialReadForge.onBeforeSend: SKIP (fr=true syn=false hasRead=true)
[2026-07-30T05:38:24.638Z] LiveUpdateForge: EndTurn fallback flush
[2026-07-30T05:38:24.638Z] onEndTurn: naturalStop=false toolCalls=75 nudgeMsg=no
[2026-07-30T05:38:24.974Z] LiveUpdateForge: AfterToolExec flush
[2026-07-30T05:38:25.016Z] InitialReadForge.onBeforeSend: SKIP (fr=true syn=false hasRead=true)
[2026-07-30T05:38:32.692Z] LiveUpdateForge: EndTurn fallback flush
[2026-07-30T05:38:32.692Z] onEndTurn: naturalStop=false toolCalls=76 nudgeMsg=no
[2026-07-30T05:38:33.178Z] LiveUpdateForge: AfterToolExec flush
[2026-07-30T05:38:33.220Z] InitialReadForge.onBeforeSend: SKIP (fr=true syn=false hasRead=true)
[2026-07-30T05:38:35.454Z] LiveUpdateForge: EndTurn fallback flush
[2026-07-30T05:38:35.454Z] onEndTurn: naturalStop=false toolCalls=77 nudgeMsg=no
[2026-07-30T05:38:35.540Z] LiveUpdateForge: AfterToolExec flush
[2026-07-30T05:38:35.568Z] InitialReadForge.onBeforeSend: SKIP (fr=true syn=false hasRead=true)
[2026-07-30T05:38:38.804Z] LiveUpdateForge: EndTurn fallback flush
[2026-07-30T05:38:38.805Z] onEndTurn: naturalStop=false toolCalls=78 nudgeMsg=no
[2026-07-30T05:38:42.827Z] LiveUpdateForge: AfterToolExec flush
[2026-07-30T05:38:42.868Z] InitialReadForge.onBeforeSend: SKIP (fr=true syn=false hasRead=true)
[2026-07-30T05:38:47.860Z] LiveUpdateForge: EndTurn fallback flush
[2026-07-30T05:38:47.860Z] onEndTurn: naturalStop=false toolCalls=79 nudgeMsg=no
[2026-07-30T05:38:48.445Z] LiveUpdateForge: AfterToolExec flush
[2026-07-30T05:38:48.482Z] InitialReadForge.onBeforeSend: SKIP (fr=true syn=false hasRead=true)
[2026-07-30T05:38:51.667Z] LiveUpdateForge: EndTurn fallback flush
[2026-07-30T05:38:51.667Z] onEndTurn: naturalStop=false toolCalls=80 nudgeMsg=no
[2026-07-30T05:38:52.081Z] LiveUpdateForge: AfterToolExec flush
[2026-07-30T05:38:52.120Z] InitialReadForge.onBeforeSend: SKIP (fr=true syn=false hasRead=true)
[2026-07-30T05:38:55.911Z] LiveUpdateForge: EndTurn fallback flush
[2026-07-30T05:38:55.911Z] onEndTurn: naturalStop=false toolCalls=81 nudgeMsg=no
[2026-07-30T05:38:55.928Z] LiveUpdateForge: AfterToolExec flush
[2026-07-30T05:38:55.973Z] InitialReadForge.onBeforeSend: SKIP (fr=true syn=false hasRead=true)
[2026-07-30T05:39:00.444Z] LiveUpdateForge: EndTurn fallback flush
[2026-07-30T05:39:00.444Z] onEndTurn: naturalStop=false toolCalls=82 nudgeMsg=no
[2026-07-30T05:39:00.786Z] LiveUpdateForge: AfterToolExec flush
[2026-07-30T05:39:00.814Z] InitialReadForge.onBeforeSend: SKIP (fr=true syn=false hasRead=true)
[2026-07-30T05:39:03.017Z] LiveUpdateForge: EndTurn fallback flush
[2026-07-30T05:39:03.017Z] onEndTurn: naturalStop=false toolCalls=83 nudgeMsg=no
[2026-07-30T05:39:03.033Z] LiveUpdateForge: AfterToolExec flush
[2026-07-30T05:39:03.058Z] InitialReadForge.onBeforeSend: SKIP (fr=true syn=false hasRead=true)
[2026-07-30T05:39:06.816Z] LiveUpdateForge: EndTurn fallback flush
[2026-07-30T05:39:06.817Z] onEndTurn: naturalStop=false toolCalls=84 nudgeMsg=no
[2026-07-30T05:39:10.097Z] LiveUpdateForge: AfterToolExec flush
[2026-07-30T05:39:10.128Z] InitialReadForge.onBeforeSend: SKIP (fr=true syn=false hasRead=true)
[2026-07-30T05:39:17.804Z] LiveUpdateForge: EndTurn fallback flush
[2026-07-30T05:39:17.804Z] onEndTurn: naturalStop=false toolCalls=85 nudgeMsg=no
[2026-07-30T05:39:18.160Z] LiveUpdateForge: AfterToolExec flush
[2026-07-30T05:39:18.200Z] InitialReadForge.onBeforeSend: SKIP (fr=true syn=false hasRead=true)
[2026-07-30T05:39:21.043Z] LiveUpdateForge: EndTurn fallback flush
[2026-07-30T05:39:21.044Z] onEndTurn: naturalStop=false toolCalls=86 nudgeMsg=no
[2026-07-30T05:39:21.064Z] LiveUpdateForge: AfterToolExec flush
[2026-07-30T05:39:21.093Z] InitialReadForge.onBeforeSend: SKIP (fr=true syn=false hasRead=true)
[2026-07-30T05:39:23.822Z] LiveUpdateForge: EndTurn fallback flush
[2026-07-30T05:39:23.822Z] onEndTurn: naturalStop=false toolCalls=87 nudgeMsg=no
[2026-07-30T05:39:23.831Z] LiveUpdateForge: AfterToolExec flush
[2026-07-30T05:39:23.862Z] InitialReadForge.onBeforeSend: SKIP (fr=true syn=false hasRead=true)
[2026-07-30T05:39:28.594Z] LiveUpdateForge: EndTurn fallback flush
[2026-07-30T05:39:28.594Z] onEndTurn: naturalStop=false toolCalls=88 nudgeMsg=no
[2026-07-30T05:39:28.614Z] LiveUpdateForge: AfterToolExec flush
[2026-07-30T05:39:28.641Z] InitialReadForge.onBeforeSend: SKIP (fr=true syn=false hasRead=true)
[2026-07-30T05:39:30.453Z] LiveUpdateForge: EndTurn fallback flush
[2026-07-30T05:39:30.453Z] onEndTurn: naturalStop=false toolCalls=89 nudgeMsg=no
[2026-07-30T05:39:31.024Z] LiveUpdateForge: AfterToolExec flush
[2026-07-30T05:39:31.050Z] InitialReadForge.onBeforeSend: SKIP (fr=true syn=false hasRead=true)
[2026-07-30T05:39:35.199Z] LiveUpdateForge: EndTurn fallback flush
[2026-07-30T05:39:35.199Z] onEndTurn: naturalStop=false toolCalls=90 nudgeMsg=no
[2026-07-30T05:39:44.762Z] LiveUpdateForge: AfterToolExec flush
[2026-07-30T05:39:44.795Z] InitialReadForge.onBeforeSend: SKIP (fr=true syn=false hasRead=true)
[2026-07-30T05:39:57.217Z] LiveUpdateForge: EndTurn fallback flush
[2026-07-30T05:39:57.217Z] onEndTurn: naturalStop=false toolCalls=91 nudgeMsg=no
[2026-07-30T05:39:57.479Z] LiveUpdateForge: AfterToolExec flush
[2026-07-30T05:39:57.520Z] InitialReadForge.onBeforeSend: SKIP (fr=true syn=false hasRead=true)
[2026-07-30T05:40:01.117Z] LiveUpdateForge: EndTurn fallback flush
[2026-07-30T05:40:01.117Z] onEndTurn: naturalStop=true toolCalls=0 nudgeMsg=YES
[2026-07-30T05:40:01.121Z] InitialReadForge.onBeforeSend: SKIP (fr=false syn=false hasRead=true)
[2026-07-30T05:40:15.297Z] LiveUpdateForge: EndTurn fallback flush
[2026-07-30T05:40:15.298Z] onEndTurn: naturalStop=false toolCalls=0 nudgeMsg=no
[2026-07-30T05:40:15.312Z] LiveUpdateForge: self-write on D:\unity\mowang\CODELY.md, baseline aligned
[2026-07-30T05:40:15.313Z] LiveUpdateForge: AfterToolExec flush
[2026-07-30T05:40:15.343Z] InitialReadForge.onBeforeSend: SKIP (fr=true syn=false hasRead=true)
[2026-07-30T05:40:15.861Z] LiveUpdateForge: pending external change on D:\unity\mowang\CODELY.md
[2026-07-30T05:40:19.334Z] LiveUpdateForge: EndTurn fallback flush
[2026-07-30T05:40:19.334Z] onEndTurn: naturalStop=true toolCalls=0 nudgeMsg=no
[2026-07-30T05:41:04.389Z] MemoryForge: attached 5 listener(s)
[2026-07-30T05:41:04.389Z] InitialReadForge: armed one-shot BeforeSend after NewSessionStart
[2026-07-30T05:41:04.390Z] LiveUpdateForge: session reset, allowLiveUpdate = false
[2026-07-30T06:02:58.051Z] MemoryForge: attached 5 listener(s)
[2026-07-30T06:02:58.052Z] InitialReadForge: armed one-shot BeforeSend after NewSessionStart
[2026-07-30T06:02:58.052Z] LiveUpdateForge: session reset, allowLiveUpdate = false
[2026-07-30T06:02:58.246Z] LiveUpdateForge: session reset, allowLiveUpdate = false
[2026-07-30T06:02:58.272Z] ResumeDiffForge: running checkResumeConsistency
[2026-07-30T06:02:58.273Z] checkResumeConsistency: forgedTimestamps=[]
[2026-07-30T06:02:58.280Z] checkResumeConsistency: no changes detected
[2026-07-30T06:02:58.281Z] LiveUpdateForge: session reset, allowLiveUpdate = false
[2026-07-30T06:02:58.281Z] NudgeForge: ResumeComplete — restoring count from history
[2026-07-30T06:02:58.282Z] restoreNudgeCountFromHistory: found last write at idx=417 count=0
[2026-07-30T06:04:56.217Z] MemoryForge: attached 5 listener(s)
[2026-07-30T06:04:56.218Z] InitialReadForge: armed one-shot BeforeSend after NewSessionStart
[2026-07-30T06:04:56.218Z] LiveUpdateForge: session reset, allowLiveUpdate = false
[2026-07-30T06:04:57.188Z] MemoryForge: attached 5 listener(s)
[2026-07-30T06:04:57.188Z] InitialReadForge: armed one-shot BeforeSend after NewSessionStart
[2026-07-30T06:04:57.189Z] LiveUpdateForge: session reset, allowLiveUpdate = false
[2026-07-30T06:05:05.475Z] MemoryForge: attached 5 listener(s)
[2026-07-30T06:05:05.475Z] InitialReadForge: armed one-shot BeforeSend after NewSessionStart
[2026-07-30T06:05:05.475Z] LiveUpdateForge: session reset, allowLiveUpdate = false
[2026-07-30T06:05:05.476Z] MemoryForge: detached all listeners
[2026-07-30T06:05:05.477Z] ResumeDiffForge: no read_memory in history, backfilling forge
[2026-07-30T06:05:05.579Z] recordForgedToolExchange: toolName=read_memory callId=resume-forge-read-memory-backfill
[2026-07-30T06:05:05.614Z] recordForgedToolExchange: recordMessage + recordToolCalls persisted
[2026-07-30T06:05:05.614Z] injectForgedHistory: role=user preview=""
[2026-07-30T06:05:05.629Z] injectForgedHistory: recordMessage persisted
[2026-07-30T06:05:05.635Z] ResumeDiffForge: backfilled read_memory and baseline for 2 raw + 2 provider file(s)
[2026-07-30T06:05:05.635Z] LiveUpdateForge: session reset, allowLiveUpdate = false
[2026-07-30T06:05:05.636Z] NudgeForge: ResumeComplete — restoring count from history
[2026-07-30T06:05:05.636Z] restoreNudgeCountFromHistory: no reset point found, count=0
[2026-07-30T06:05:05.657Z] LiveUpdateForge: allowLiveUpdate = true (first real BeforeSend)
[2026-07-30T06:05:05.657Z] InitialReadForge.onBeforeSend: SKIP (fr=false syn=false hasRead=true)
[2026-07-30T06:05:28.284Z] LiveUpdateForge: EndTurn fallback flush
[2026-07-30T06:05:28.284Z] onEndTurn: naturalStop=false toolCalls=0 nudgeMsg=no
[2026-07-30T06:07:24.999Z] LiveUpdateForge: AfterToolExec flush
[2026-07-30T06:07:25.075Z] InitialReadForge.onBeforeSend: SKIP (fr=true syn=false hasRead=true)
[2026-07-30T06:07:32.244Z] LiveUpdateForge: EndTurn fallback flush
[2026-07-30T06:07:32.244Z] onEndTurn: naturalStop=false toolCalls=1 nudgeMsg=no
[2026-07-30T06:07:32.255Z] LiveUpdateForge: AfterToolExec flush
[2026-07-30T06:07:32.256Z] LiveUpdateForge: AfterToolExec flush
[2026-07-30T06:07:32.257Z] LiveUpdateForge: AfterToolExec flush
[2026-07-30T06:07:32.258Z] LiveUpdateForge: AfterToolExec flush
[2026-07-30T06:07:32.282Z] InitialReadForge.onBeforeSend: SKIP (fr=true syn=false hasRead=true)
[2026-07-30T06:07:40.135Z] LiveUpdateForge: EndTurn fallback flush
[2026-07-30T06:07:40.135Z] onEndTurn: naturalStop=false toolCalls=5 nudgeMsg=no
[2026-07-30T06:07:40.216Z] LiveUpdateForge: AfterToolExec flush
[2026-07-30T06:07:40.227Z] LiveUpdateForge: AfterToolExec flush
[2026-07-30T06:07:40.228Z] LiveUpdateForge: AfterToolExec flush
[2026-07-30T06:07:41.251Z] LiveUpdateForge: AfterToolExec flush
[2026-07-30T06:07:41.274Z] InitialReadForge.onBeforeSend: SKIP (fr=true syn=false hasRead=true)
[2026-07-30T06:07:44.263Z] LiveUpdateForge: EndTurn fallback flush
[2026-07-30T06:07:44.264Z] onEndTurn: naturalStop=false toolCalls=9 nudgeMsg=no
[2026-07-30T06:07:44.272Z] LiveUpdateForge: AfterToolExec flush
[2026-07-30T06:07:44.273Z] LiveUpdateForge: AfterToolExec flush
[2026-07-30T06:07:44.298Z] InitialReadForge.onBeforeSend: SKIP (fr=true syn=false hasRead=true)
[2026-07-30T06:07:48.223Z] LiveUpdateForge: EndTurn fallback flush
[2026-07-30T06:07:48.223Z] onEndTurn: naturalStop=false toolCalls=11 nudgeMsg=no
[2026-07-30T06:07:48.808Z] LiveUpdateForge: AfterToolExec flush
[2026-07-30T06:07:48.843Z] InitialReadForge.onBeforeSend: SKIP (fr=true syn=false hasRead=true)
[2026-07-30T06:07:58.983Z] LiveUpdateForge: EndTurn fallback flush
[2026-07-30T06:07:58.984Z] onEndTurn: naturalStop=false toolCalls=12 nudgeMsg=no
[2026-07-30T06:07:59.020Z] LiveUpdateForge: AfterToolExec flush
[2026-07-30T06:07:59.020Z] LiveUpdateForge: AfterToolExec flush
[2026-07-30T06:07:59.021Z] LiveUpdateForge: AfterToolExec flush
[2026-07-30T06:07:59.021Z] LiveUpdateForge: AfterToolExec flush
[2026-07-30T06:07:59.050Z] InitialReadForge.onBeforeSend: SKIP (fr=true syn=false hasRead=true)
[2026-07-30T06:08:07.319Z] LiveUpdateForge: EndTurn fallback flush
[2026-07-30T06:08:07.320Z] onEndTurn: naturalStop=false toolCalls=16 nudgeMsg=no
[2026-07-30T06:08:07.326Z] LiveUpdateForge: AfterToolExec flush
[2026-07-30T06:08:33.984Z] LiveUpdateForge: AfterToolExec flush
[2026-07-30T06:08:34.010Z] InitialReadForge.onBeforeSend: SKIP (fr=true syn=false hasRead=true)
[2026-07-30T06:08:44.129Z] LiveUpdateForge: EndTurn fallback flush
[2026-07-30T06:08:44.129Z] onEndTurn: naturalStop=false toolCalls=18 nudgeMsg=no
[2026-07-30T06:08:51.330Z] LiveUpdateForge: AfterToolExec flush
[2026-07-30T06:08:51.363Z] InitialReadForge.onBeforeSend: SKIP (fr=true syn=false hasRead=true)
[2026-07-30T06:09:05.717Z] LiveUpdateForge: EndTurn fallback flush
[2026-07-30T06:09:05.717Z] onEndTurn: naturalStop=false toolCalls=19 nudgeMsg=no
[2026-07-30T06:09:05.736Z] LiveUpdateForge: AfterToolExec flush
[2026-07-30T06:09:05.737Z] LiveUpdateForge: AfterToolExec flush
[2026-07-30T06:09:05.767Z] InitialReadForge.onBeforeSend: SKIP (fr=true syn=false hasRead=true)
[2026-07-30T06:09:48.784Z] LiveUpdateForge: EndTurn fallback flush
[2026-07-30T06:09:48.785Z] onEndTurn: naturalStop=false toolCalls=21 nudgeMsg=no
[2026-07-30T06:09:52.959Z] LiveUpdateForge: AfterToolExec flush
[2026-07-30T06:09:52.988Z] InitialReadForge.onBeforeSend: SKIP (fr=true syn=false hasRead=true)
[2026-07-30T06:10:04.476Z] LiveUpdateForge: EndTurn fallback flush
[2026-07-30T06:10:04.476Z] onEndTurn: naturalStop=false toolCalls=22 nudgeMsg=no
[2026-07-30T06:10:14.454Z] LiveUpdateForge: AfterToolExec flush
[2026-07-30T06:10:14.486Z] InitialReadForge.onBeforeSend: SKIP (fr=true syn=false hasRead=true)
[2026-07-30T06:10:16.778Z] MemoryForge: attached 5 listener(s)
[2026-07-30T06:10:16.778Z] InitialReadForge: armed one-shot BeforeSend after NewSessionStart
[2026-07-30T06:10:16.779Z] LiveUpdateForge: session reset, allowLiveUpdate = false
[2026-07-30T06:10:21.564Z] LiveUpdateForge: EndTurn fallback flush
[2026-07-30T06:10:21.565Z] onEndTurn: naturalStop=false toolCalls=23 nudgeMsg=no
[2026-07-30T06:10:21.580Z] LiveUpdateForge: AfterToolExec flush
[2026-07-30T06:10:21.608Z] InitialReadForge.onBeforeSend: SKIP (fr=true syn=false hasRead=true)
[2026-07-30T06:10:25.009Z] LiveUpdateForge: EndTurn fallback flush
[2026-07-30T06:10:25.009Z] onEndTurn: naturalStop=false toolCalls=24 nudgeMsg=no
[2026-07-30T06:10:25.027Z] LiveUpdateForge: AfterToolExec flush
[2026-07-30T06:10:25.028Z] LiveUpdateForge: AfterToolExec flush
[2026-07-30T06:10:25.056Z] InitialReadForge.onBeforeSend: SKIP (fr=true syn=false hasRead=true)
[2026-07-30T06:10:25.999Z] MemoryForge: attached 5 listener(s)
[2026-07-30T06:10:25.999Z] InitialReadForge: armed one-shot BeforeSend after NewSessionStart
[2026-07-30T06:10:25.999Z] LiveUpdateForge: session reset, allowLiveUpdate = false
[2026-07-30T06:10:26.000Z] MemoryForge: detached all listeners
[2026-07-30T06:10:26.001Z] ResumeDiffForge: no read_memory in history, backfilling forge
[2026-07-30T06:10:26.122Z] recordForgedToolExchange: toolName=read_memory callId=resume-forge-read-memory-backfill
[2026-07-30T06:10:26.157Z] recordForgedToolExchange: recordMessage + recordToolCalls persisted
[2026-07-30T06:10:26.157Z] injectForgedHistory: role=user preview=""
[2026-07-30T06:10:26.174Z] injectForgedHistory: recordMessage persisted
[2026-07-30T06:10:26.180Z] ResumeDiffForge: backfilled read_memory and baseline for 2 raw + 2 provider file(s)
[2026-07-30T06:10:26.180Z] LiveUpdateForge: session reset, allowLiveUpdate = false
[2026-07-30T06:10:26.180Z] NudgeForge: ResumeComplete — restoring count from history
[2026-07-30T06:10:26.180Z] restoreNudgeCountFromHistory: no reset point found, count=0
[2026-07-30T06:10:26.201Z] LiveUpdateForge: allowLiveUpdate = true (first real BeforeSend)
[2026-07-30T06:10:26.202Z] InitialReadForge.onBeforeSend: SKIP (fr=false syn=false hasRead=true)
[2026-07-30T06:10:29.106Z] LiveUpdateForge: EndTurn fallback flush
[2026-07-30T06:10:29.106Z] onEndTurn: naturalStop=false toolCalls=0 nudgeMsg=no
[2026-07-30T06:10:29.188Z] LiveUpdateForge: AfterToolExec flush
[2026-07-30T06:10:29.207Z] InitialReadForge.onBeforeSend: SKIP (fr=true syn=false hasRead=true)
[2026-07-30T06:10:31.769Z] LiveUpdateForge: EndTurn fallback flush
[2026-07-30T06:10:31.769Z] onEndTurn: naturalStop=false toolCalls=1 nudgeMsg=no
[2026-07-30T06:10:31.886Z] LiveUpdateForge: AfterToolExec flush
[2026-07-30T06:10:31.902Z] InitialReadForge.onBeforeSend: SKIP (fr=true syn=false hasRead=true)
[2026-07-30T06:10:35.052Z] LiveUpdateForge: EndTurn fallback flush
[2026-07-30T06:10:35.052Z] onEndTurn: naturalStop=false toolCalls=2 nudgeMsg=no
[2026-07-30T06:10:35.057Z] LiveUpdateForge: AfterToolExec flush
[2026-07-30T06:10:35.078Z] InitialReadForge.onBeforeSend: SKIP (fr=true syn=false hasRead=true)
[2026-07-30T06:10:37.628Z] LiveUpdateForge: EndTurn fallback flush
[2026-07-30T06:10:37.629Z] onEndTurn: naturalStop=false toolCalls=3 nudgeMsg=no
[2026-07-30T06:10:37.696Z] LiveUpdateForge: AfterToolExec flush
[2026-07-30T06:10:37.720Z] InitialReadForge.onBeforeSend: SKIP (fr=true syn=false hasRead=true)
[2026-07-30T06:10:41.945Z] LiveUpdateForge: EndTurn fallback flush
[2026-07-30T06:10:41.945Z] onEndTurn: naturalStop=false toolCalls=26 nudgeMsg=no
[2026-07-30T06:10:42.715Z] LiveUpdateForge: EndTurn fallback flush
[2026-07-30T06:10:42.715Z] onEndTurn: naturalStop=false toolCalls=4 nudgeMsg=no
[2026-07-30T06:10:44.328Z] LiveUpdateForge: AfterToolExec flush
[2026-07-30T06:10:44.358Z] InitialReadForge.onBeforeSend: SKIP (fr=true syn=false hasRead=true)
[2026-07-30T06:10:45.102Z] LiveUpdateForge: AfterToolExec flush
[2026-07-30T06:10:45.137Z] InitialReadForge.onBeforeSend: SKIP (fr=true syn=false hasRead=true)
[2026-07-30T06:10:48.159Z] LiveUpdateForge: EndTurn fallback flush
[2026-07-30T06:10:48.159Z] onEndTurn: naturalStop=false toolCalls=27 nudgeMsg=no
[2026-07-30T06:10:53.316Z] LiveUpdateForge: EndTurn fallback flush
[2026-07-30T06:10:53.316Z] onEndTurn: naturalStop=false toolCalls=5 nudgeMsg=no
[2026-07-30T06:10:57.319Z] LiveUpdateForge: AfterToolExec flush
[2026-07-30T06:10:57.342Z] InitialReadForge.onBeforeSend: SKIP (fr=true syn=false hasRead=true)
[2026-07-30T06:10:59.205Z] LiveUpdateForge: AfterToolExec flush
[2026-07-30T06:10:59.247Z] InitialReadForge.onBeforeSend: SKIP (fr=true syn=false hasRead=true)
[2026-07-30T06:11:05.415Z] LiveUpdateForge: EndTurn fallback flush
[2026-07-30T06:11:05.416Z] onEndTurn: naturalStop=false toolCalls=28 nudgeMsg=no
[2026-07-30T06:11:05.434Z] LiveUpdateForge: AfterToolExec flush
[2026-07-30T06:11:05.434Z] LiveUpdateForge: AfterToolExec flush
[2026-07-30T06:11:05.465Z] InitialReadForge.onBeforeSend: SKIP (fr=true syn=false hasRead=true)
[2026-07-30T06:11:10.370Z] LiveUpdateForge: EndTurn fallback flush
[2026-07-30T06:11:10.370Z] onEndTurn: naturalStop=false toolCalls=30 nudgeMsg=no
[2026-07-30T06:11:10.389Z] LiveUpdateForge: AfterToolExec flush
[2026-07-30T06:11:10.417Z] InitialReadForge.onBeforeSend: SKIP (fr=true syn=false hasRead=true)
[2026-07-30T06:11:11.133Z] LiveUpdateForge: EndTurn fallback flush
[2026-07-30T06:11:11.133Z] onEndTurn: naturalStop=true toolCalls=6 nudgeMsg=no
[2026-07-30T06:11:12.722Z] LiveUpdateForge: EndTurn fallback flush
[2026-07-30T06:11:12.722Z] onEndTurn: naturalStop=false toolCalls=31 nudgeMsg=no
[2026-07-30T06:11:13.342Z] LiveUpdateForge: AfterToolExec flush
[2026-07-30T06:11:13.369Z] InitialReadForge.onBeforeSend: SKIP (fr=true syn=false hasRead=true)
[2026-07-30T06:11:18.260Z] LiveUpdateForge: EndTurn fallback flush
[2026-07-30T06:11:18.260Z] onEndTurn: naturalStop=false toolCalls=32 nudgeMsg=no
[2026-07-30T06:11:18.295Z] LiveUpdateForge: AfterToolExec flush
[2026-07-30T06:11:18.324Z] InitialReadForge.onBeforeSend: SKIP (fr=true syn=false hasRead=true)
[2026-07-30T06:11:43.572Z] LiveUpdateForge: EndTurn fallback flush
[2026-07-30T06:11:43.572Z] onEndTurn: naturalStop=false toolCalls=33 nudgeMsg=no
[2026-07-30T06:11:44.546Z] LiveUpdateForge: AfterToolExec flush
[2026-07-30T06:11:44.575Z] InitialReadForge.onBeforeSend: SKIP (fr=true syn=false hasRead=true)
[2026-07-30T06:11:56.144Z] LiveUpdateForge: EndTurn fallback flush
[2026-07-30T06:11:56.145Z] onEndTurn: naturalStop=false toolCalls=34 nudgeMsg=no
[2026-07-30T06:11:56.890Z] LiveUpdateForge: AfterToolExec flush
[2026-07-30T06:11:56.918Z] InitialReadForge.onBeforeSend: SKIP (fr=true syn=false hasRead=true)
[2026-07-30T06:12:30.233Z] LiveUpdateForge: EndTurn fallback flush
[2026-07-30T06:12:30.234Z] onEndTurn: naturalStop=false toolCalls=35 nudgeMsg=no
[2026-07-30T06:12:31.026Z] LiveUpdateForge: AfterToolExec flush
[2026-07-30T06:12:31.055Z] InitialReadForge.onBeforeSend: SKIP (fr=true syn=false hasRead=true)
[2026-07-30T06:12:36.537Z] LiveUpdateForge: EndTurn fallback flush
[2026-07-30T06:12:36.538Z] onEndTurn: naturalStop=false toolCalls=36 nudgeMsg=no
[2026-07-30T06:12:36.551Z] LiveUpdateForge: AfterToolExec flush
[2026-07-30T06:12:36.584Z] InitialReadForge.onBeforeSend: SKIP (fr=true syn=false hasRead=true)
[2026-07-30T06:13:24.709Z] LiveUpdateForge: EndTurn fallback flush
[2026-07-30T06:13:24.710Z] onEndTurn: naturalStop=false toolCalls=37 nudgeMsg=no
[2026-07-30T06:13:25.284Z] LiveUpdateForge: AfterToolExec flush
[2026-07-30T06:13:25.325Z] InitialReadForge.onBeforeSend: SKIP (fr=true syn=false hasRead=true)
[2026-07-30T06:13:30.693Z] LiveUpdateForge: EndTurn fallback flush
[2026-07-30T06:13:30.693Z] onEndTurn: naturalStop=false toolCalls=38 nudgeMsg=no
[2026-07-30T06:13:30.733Z] LiveUpdateForge: AfterToolExec flush
[2026-07-30T06:13:30.760Z] InitialReadForge.onBeforeSend: SKIP (fr=true syn=false hasRead=true)
[2026-07-30T06:13:34.874Z] LiveUpdateForge: EndTurn fallback flush
[2026-07-30T06:13:34.875Z] onEndTurn: naturalStop=false toolCalls=39 nudgeMsg=no
[2026-07-30T06:13:35.398Z] LiveUpdateForge: AfterToolExec flush
[2026-07-30T06:13:35.426Z] InitialReadForge.onBeforeSend: SKIP (fr=true syn=false hasRead=true)
[2026-07-30T06:13:43.003Z] LiveUpdateForge: EndTurn fallback flush
[2026-07-30T06:13:43.003Z] onEndTurn: naturalStop=false toolCalls=40 nudgeMsg=no
[2026-07-30T06:13:43.011Z] LiveUpdateForge: AfterToolExec flush
[2026-07-30T06:13:43.042Z] InitialReadForge.onBeforeSend: SKIP (fr=true syn=false hasRead=true)
[2026-07-30T06:13:55.954Z] LiveUpdateForge: EndTurn fallback flush
[2026-07-30T06:13:55.954Z] onEndTurn: naturalStop=false toolCalls=41 nudgeMsg=no
[2026-07-30T06:13:56.662Z] LiveUpdateForge: AfterToolExec flush
[2026-07-30T06:13:56.696Z] InitialReadForge.onBeforeSend: SKIP (fr=true syn=false hasRead=true)
[2026-07-30T06:14:17.585Z] LiveUpdateForge: EndTurn fallback flush
[2026-07-30T06:14:17.586Z] onEndTurn: naturalStop=false toolCalls=42 nudgeMsg=no
[2026-07-30T06:14:27.929Z] LiveUpdateForge: AfterToolExec flush
[2026-07-30T06:14:27.987Z] InitialReadForge.onBeforeSend: SKIP (fr=true syn=false hasRead=true)
[2026-07-30T06:14:32.819Z] LiveUpdateForge: EndTurn fallback flush
[2026-07-30T06:14:32.820Z] onEndTurn: naturalStop=false toolCalls=43 nudgeMsg=no
[2026-07-30T06:14:32.845Z] LiveUpdateForge: AfterToolExec flush
[2026-07-30T06:14:32.877Z] InitialReadForge.onBeforeSend: SKIP (fr=true syn=false hasRead=true)
[2026-07-30T06:14:35.922Z] LiveUpdateForge: EndTurn fallback flush
[2026-07-30T06:14:35.923Z] onEndTurn: naturalStop=false toolCalls=44 nudgeMsg=no
[2026-07-30T06:14:35.926Z] LiveUpdateForge: AfterToolExec flush
[2026-07-30T06:14:35.965Z] InitialReadForge.onBeforeSend: SKIP (fr=true syn=false hasRead=true)
[2026-07-30T06:15:00.099Z] LiveUpdateForge: EndTurn fallback flush
[2026-07-30T06:15:00.100Z] onEndTurn: naturalStop=true toolCalls=45 nudgeMsg=no
[2026-07-30T06:18:41.811Z] ResumeDiffForge: running checkResumeConsistency
[2026-07-30T06:18:41.813Z] checkResumeConsistency: forgedTimestamps=[]
[2026-07-30T06:18:41.823Z] checkResumeConsistency: no changes detected
[2026-07-30T06:18:41.823Z] LiveUpdateForge: session reset, allowLiveUpdate = false
[2026-07-30T06:18:41.823Z] NudgeForge: ResumeComplete — restoring count from history
[2026-07-30T06:18:41.824Z] restoreNudgeCountFromHistory: no reset point found, count=45
[2026-07-30T06:18:41.878Z] LiveUpdateForge: allowLiveUpdate = true (first real BeforeSend)
[2026-07-30T06:18:41.878Z] InitialReadForge.onBeforeSend: SKIP (fr=false syn=false hasRead=true)
[2026-07-30T06:18:51.923Z] LiveUpdateForge: EndTurn fallback flush
[2026-07-30T06:18:51.924Z] onEndTurn: naturalStop=false toolCalls=45 nudgeMsg=no
[2026-07-30T06:18:51.952Z] LiveUpdateForge: AfterToolExec flush
[2026-07-30T06:18:51.958Z] LiveUpdateForge: AfterToolExec flush
[2026-07-30T06:18:51.984Z] InitialReadForge.onBeforeSend: SKIP (fr=true syn=false hasRead=true)
[2026-07-30T06:18:56.546Z] LiveUpdateForge: EndTurn fallback flush
[2026-07-30T06:18:56.546Z] onEndTurn: naturalStop=false toolCalls=47 nudgeMsg=no
[2026-07-30T06:18:57.155Z] LiveUpdateForge: AfterToolExec flush
[2026-07-30T06:18:57.191Z] InitialReadForge.onBeforeSend: SKIP (fr=true syn=false hasRead=true)
[2026-07-30T06:20:01.252Z] LiveUpdateForge: EndTurn fallback flush
[2026-07-30T06:20:01.252Z] onEndTurn: naturalStop=false toolCalls=48 nudgeMsg=no
[2026-07-30T06:20:07.512Z] LiveUpdateForge: AfterToolExec flush
[2026-07-30T06:20:07.539Z] InitialReadForge.onBeforeSend: SKIP (fr=true syn=false hasRead=true)
[2026-07-30T06:20:51.700Z] LiveUpdateForge: EndTurn fallback flush
[2026-07-30T06:20:51.701Z] onEndTurn: naturalStop=false toolCalls=49 nudgeMsg=no
[2026-07-30T06:20:52.515Z] LiveUpdateForge: AfterToolExec flush
[2026-07-30T06:20:52.542Z] InitialReadForge.onBeforeSend: SKIP (fr=true syn=false hasRead=true)
[2026-07-30T06:21:52.512Z] LiveUpdateForge: EndTurn fallback flush
[2026-07-30T06:21:52.512Z] onEndTurn: naturalStop=false toolCalls=50 nudgeMsg=no
[2026-07-30T06:21:55.913Z] LiveUpdateForge: AfterToolExec flush
[2026-07-30T06:21:55.940Z] InitialReadForge.onBeforeSend: SKIP (fr=true syn=false hasRead=true)
[2026-07-30T06:22:44.259Z] LiveUpdateForge: EndTurn fallback flush
[2026-07-30T06:22:44.260Z] onEndTurn: naturalStop=false toolCalls=51 nudgeMsg=no
[2026-07-30T06:22:45.029Z] LiveUpdateForge: AfterToolExec flush
[2026-07-30T06:22:45.056Z] InitialReadForge.onBeforeSend: SKIP (fr=true syn=false hasRead=true)
[2026-07-30T06:22:58.280Z] LiveUpdateForge: EndTurn fallback flush
[2026-07-30T06:22:58.281Z] onEndTurn: naturalStop=false toolCalls=52 nudgeMsg=no
[2026-07-30T06:22:58.310Z] LiveUpdateForge: AfterToolExec flush
[2026-07-30T06:22:58.335Z] InitialReadForge.onBeforeSend: SKIP (fr=true syn=false hasRead=true)
[2026-07-30T06:23:01.986Z] LiveUpdateForge: EndTurn fallback flush
[2026-07-30T06:23:01.986Z] onEndTurn: naturalStop=false toolCalls=53 nudgeMsg=no
[2026-07-30T06:23:02.001Z] LiveUpdateForge: AfterToolExec flush
[2026-07-30T06:23:02.028Z] InitialReadForge.onBeforeSend: SKIP (fr=true syn=false hasRead=true)
[2026-07-30T06:23:12.701Z] LiveUpdateForge: EndTurn fallback flush
[2026-07-30T06:23:12.702Z] onEndTurn: naturalStop=false toolCalls=54 nudgeMsg=no
[2026-07-30T06:23:12.719Z] LiveUpdateForge: AfterToolExec flush
[2026-07-30T06:23:12.746Z] InitialReadForge.onBeforeSend: SKIP (fr=true syn=false hasRead=true)
[2026-07-30T06:23:25.082Z] LiveUpdateForge: EndTurn fallback flush
[2026-07-30T06:23:25.082Z] onEndTurn: naturalStop=false toolCalls=55 nudgeMsg=no
[2026-07-30T06:23:25.867Z] LiveUpdateForge: AfterToolExec flush
[2026-07-30T06:23:25.891Z] InitialReadForge.onBeforeSend: SKIP (fr=true syn=false hasRead=true)
[2026-07-30T06:23:34.215Z] LiveUpdateForge: EndTurn fallback flush
[2026-07-30T06:23:34.215Z] onEndTurn: naturalStop=false toolCalls=56 nudgeMsg=no
[2026-07-30T06:23:34.441Z] LiveUpdateForge: AfterToolExec flush
[2026-07-30T06:23:34.480Z] InitialReadForge.onBeforeSend: SKIP (fr=true syn=false hasRead=true)
[2026-07-30T06:23:38.914Z] LiveUpdateForge: EndTurn fallback flush
[2026-07-30T06:23:38.914Z] onEndTurn: naturalStop=false toolCalls=57 nudgeMsg=no
[2026-07-30T06:23:38.931Z] LiveUpdateForge: AfterToolExec flush
[2026-07-30T06:23:38.961Z] InitialReadForge.onBeforeSend: SKIP (fr=true syn=false hasRead=true)
[2026-07-30T06:23:44.120Z] LiveUpdateForge: EndTurn fallback flush
[2026-07-30T06:23:44.121Z] onEndTurn: naturalStop=false toolCalls=58 nudgeMsg=no
[2026-07-30T06:23:44.210Z] LiveUpdateForge: AfterToolExec flush
[2026-07-30T06:23:44.241Z] InitialReadForge.onBeforeSend: SKIP (fr=true syn=false hasRead=true)
[2026-07-30T06:24:35.673Z] LiveUpdateForge: EndTurn fallback flush
[2026-07-30T06:24:35.674Z] onEndTurn: naturalStop=false toolCalls=59 nudgeMsg=no
[2026-07-30T06:24:36.648Z] LiveUpdateForge: AfterToolExec flush
[2026-07-30T06:24:36.675Z] InitialReadForge.onBeforeSend: SKIP (fr=true syn=false hasRead=true)
[2026-07-30T06:24:45.674Z] LiveUpdateForge: EndTurn fallback flush
[2026-07-30T06:24:45.675Z] onEndTurn: naturalStop=false toolCalls=60 nudgeMsg=no
[2026-07-30T06:24:56.971Z] LiveUpdateForge: AfterToolExec flush
[2026-07-30T06:24:57.007Z] InitialReadForge.onBeforeSend: SKIP (fr=true syn=false hasRead=true)
[2026-07-30T06:25:14.472Z] LiveUpdateForge: EndTurn fallback flush
[2026-07-30T06:25:14.473Z] onEndTurn: naturalStop=true toolCalls=0 nudgeMsg=YES
[2026-07-30T06:25:14.477Z] InitialReadForge.onBeforeSend: SKIP (fr=false syn=false hasRead=true)
[2026-07-30T06:25:21.766Z] LiveUpdateForge: EndTurn fallback flush
[2026-07-30T06:25:21.767Z] onEndTurn: naturalStop=true toolCalls=0 nudgeMsg=no
[2026-07-30T06:29:17.856Z] MemoryForge: attached 5 listener(s)
[2026-07-30T06:29:17.857Z] InitialReadForge: armed one-shot BeforeSend after NewSessionStart
[2026-07-30T06:29:17.857Z] LiveUpdateForge: session reset, allowLiveUpdate = false
[2026-07-30T06:29:18.002Z] LiveUpdateForge: session reset, allowLiveUpdate = false
[2026-07-30T06:29:18.022Z] ResumeDiffForge: running checkResumeConsistency
[2026-07-30T06:29:18.023Z] checkResumeConsistency: forgedTimestamps=[]
[2026-07-30T06:29:18.030Z] checkResumeConsistency: no changes detected
[2026-07-30T06:29:18.031Z] LiveUpdateForge: session reset, allowLiveUpdate = false
[2026-07-30T06:29:18.031Z] NudgeForge: ResumeComplete — restoring count from history
[2026-07-30T06:29:18.031Z] restoreNudgeCountFromHistory: found last write at idx=417 count=0
[2026-07-30T06:29:18.199Z] ResumeDiffForge: running checkResumeConsistency
[2026-07-30T06:29:18.199Z] checkResumeConsistency: forgedTimestamps=[]
[2026-07-30T06:29:18.206Z] checkResumeConsistency: no changes detected
[2026-07-30T06:29:18.206Z] LiveUpdateForge: session reset, allowLiveUpdate = false
[2026-07-30T06:29:18.206Z] NudgeForge: ResumeComplete — restoring count from history
[2026-07-30T06:29:18.207Z] restoreNudgeCountFromHistory: found nudge message at idx=101 count=0
[2026-07-30T06:29:18.533Z] MemoryForge: attached 5 listener(s)
[2026-07-30T06:29:18.533Z] InitialReadForge: armed one-shot BeforeSend after NewSessionStart
[2026-07-30T06:29:18.534Z] LiveUpdateForge: session reset, allowLiveUpdate = false
[2026-07-30T06:29:18.578Z] LiveUpdateForge: session reset, allowLiveUpdate = false
[2026-07-30T06:29:18.580Z] ResumeDiffForge: running checkResumeConsistency
[2026-07-30T06:29:18.581Z] checkResumeConsistency: forgedTimestamps=[]
[2026-07-30T06:29:18.583Z] checkResumeConsistency: no changes detected
[2026-07-30T06:29:18.583Z] LiveUpdateForge: session reset, allowLiveUpdate = false
[2026-07-30T06:29:18.584Z] NudgeForge: ResumeComplete — restoring count from history
[2026-07-30T06:29:18.584Z] restoreNudgeCountFromHistory: no reset point found, count=6
[2026-07-30T06:33:29.642Z] ResumeDiffForge: running checkResumeConsistency
[2026-07-30T06:33:29.643Z] checkResumeConsistency: forgedTimestamps=[]
[2026-07-30T06:33:29.650Z] checkResumeConsistency: no changes detected
[2026-07-30T06:33:29.650Z] LiveUpdateForge: session reset, allowLiveUpdate = false
[2026-07-30T06:33:29.650Z] NudgeForge: ResumeComplete — restoring count from history
[2026-07-30T06:33:29.651Z] restoreNudgeCountFromHistory: found nudge message at idx=101 count=0
[2026-07-30T06:33:29.682Z] LiveUpdateForge: allowLiveUpdate = true (first real BeforeSend)
[2026-07-30T06:33:29.683Z] InitialReadForge.onBeforeSend: SKIP (fr=false syn=false hasRead=true)
[2026-07-30T06:34:04.572Z] LiveUpdateForge: EndTurn fallback flush
[2026-07-30T06:34:04.573Z] onEndTurn: naturalStop=false toolCalls=0 nudgeMsg=no
[2026-07-30T06:34:05.185Z] LiveUpdateForge: AfterToolExec flush
[2026-07-30T06:34:05.209Z] InitialReadForge.onBeforeSend: SKIP (fr=true syn=false hasRead=true)
[2026-07-30T06:34:12.876Z] LiveUpdateForge: EndTurn fallback flush
[2026-07-30T06:34:12.877Z] onEndTurn: naturalStop=false toolCalls=1 nudgeMsg=no
[2026-07-30T06:34:12.970Z] LiveUpdateForge: AfterToolExec flush
[2026-07-30T06:34:13.000Z] InitialReadForge.onBeforeSend: SKIP (fr=true syn=false hasRead=true)
[2026-07-30T06:34:27.343Z] LiveUpdateForge: EndTurn fallback flush
[2026-07-30T06:34:27.343Z] onEndTurn: naturalStop=false toolCalls=2 nudgeMsg=no
[2026-07-30T06:34:27.466Z] LiveUpdateForge: AfterToolExec flush
[2026-07-30T06:34:27.491Z] InitialReadForge.onBeforeSend: SKIP (fr=true syn=false hasRead=true)
[2026-07-30T06:34:35.578Z] LiveUpdateForge: EndTurn fallback flush
[2026-07-30T06:34:35.578Z] onEndTurn: naturalStop=false toolCalls=3 nudgeMsg=no
[2026-07-30T06:34:35.682Z] LiveUpdateForge: AfterToolExec flush
[2026-07-30T06:34:35.705Z] InitialReadForge.onBeforeSend: SKIP (fr=true syn=false hasRead=true)
[2026-07-30T06:34:39.860Z] LiveUpdateForge: EndTurn fallback flush
[2026-07-30T06:34:39.860Z] onEndTurn: naturalStop=false toolCalls=4 nudgeMsg=no
[2026-07-30T06:34:40.224Z] LiveUpdateForge: AfterToolExec flush
[2026-07-30T06:34:40.255Z] InitialReadForge.onBeforeSend: SKIP (fr=true syn=false hasRead=true)
[2026-07-30T06:34:44.767Z] LiveUpdateForge: EndTurn fallback flush
[2026-07-30T06:34:44.768Z] onEndTurn: naturalStop=true toolCalls=5 nudgeMsg=no
[2026-07-30T07:02:24.099Z] MemoryForge: attached 5 listener(s)
[2026-07-30T07:02:24.100Z] InitialReadForge: armed one-shot BeforeSend after NewSessionStart
[2026-07-30T07:02:24.100Z] LiveUpdateForge: session reset, allowLiveUpdate = false
[2026-07-30T07:02:24.371Z] LiveUpdateForge: session reset, allowLiveUpdate = false
[2026-07-30T07:02:24.416Z] ResumeDiffForge: running checkResumeConsistency
[2026-07-30T07:02:24.417Z] checkResumeConsistency: forgedTimestamps=[]
[2026-07-30T07:02:24.424Z] checkResumeConsistency: no changes detected
[2026-07-30T07:02:24.424Z] LiveUpdateForge: session reset, allowLiveUpdate = false
[2026-07-30T07:02:24.425Z] NudgeForge: ResumeComplete — restoring count from history
[2026-07-30T07:02:24.425Z] restoreNudgeCountFromHistory: found last write at idx=417 count=0
[2026-07-30T07:02:24.843Z] MemoryForge: attached 5 listener(s)
[2026-07-30T07:02:24.843Z] InitialReadForge: armed one-shot BeforeSend after NewSessionStart
[2026-07-30T07:02:24.844Z] LiveUpdateForge: session reset, allowLiveUpdate = false
[2026-07-30T07:02:25.039Z] LiveUpdateForge: session reset, allowLiveUpdate = false
[2026-07-30T07:02:25.053Z] ResumeDiffForge: running checkResumeConsistency
[2026-07-30T07:02:25.054Z] checkResumeConsistency: forgedTimestamps=[]
[2026-07-30T07:02:25.059Z] checkResumeConsistency: no changes detected
[2026-07-30T07:02:25.059Z] LiveUpdateForge: session reset, allowLiveUpdate = false
[2026-07-30T07:02:25.060Z] NudgeForge: ResumeComplete — restoring count from history
[2026-07-30T07:02:25.060Z] restoreNudgeCountFromHistory: found nudge message at idx=101 count=5
[2026-07-30T07:02:25.644Z] MemoryForge: attached 5 listener(s)
[2026-07-30T07:02:25.645Z] InitialReadForge: armed one-shot BeforeSend after NewSessionStart
[2026-07-30T07:02:25.645Z] LiveUpdateForge: session reset, allowLiveUpdate = false
[2026-07-30T07:02:25.695Z] LiveUpdateForge: session reset, allowLiveUpdate = false
[2026-07-30T07:02:25.698Z] ResumeDiffForge: running checkResumeConsistency
[2026-07-30T07:02:25.699Z] checkResumeConsistency: forgedTimestamps=[]
[2026-07-30T07:02:25.707Z] checkResumeConsistency: no changes detected
[2026-07-30T07:02:25.707Z] LiveUpdateForge: session reset, allowLiveUpdate = false
[2026-07-30T07:02:25.707Z] NudgeForge: ResumeComplete — restoring count from history
[2026-07-30T07:02:25.708Z] restoreNudgeCountFromHistory: no reset point found, count=6
[2026-07-30T07:09:11.366Z] MemoryForge: attached 5 listener(s)
[2026-07-30T07:09:11.367Z] InitialReadForge: armed one-shot BeforeSend after NewSessionStart
[2026-07-30T07:09:11.367Z] LiveUpdateForge: session reset, allowLiveUpdate = false
[2026-07-30T07:09:11.541Z] LiveUpdateForge: session reset, allowLiveUpdate = false
[2026-07-30T07:09:11.563Z] ResumeDiffForge: running checkResumeConsistency
[2026-07-30T07:09:11.564Z] checkResumeConsistency: forgedTimestamps=[]
[2026-07-30T07:09:11.571Z] checkResumeConsistency: no changes detected
[2026-07-30T07:09:11.572Z] LiveUpdateForge: session reset, allowLiveUpdate = false
[2026-07-30T07:09:11.572Z] NudgeForge: ResumeComplete — restoring count from history
[2026-07-30T07:09:11.572Z] restoreNudgeCountFromHistory: found last write at idx=417 count=0
[2026-07-30T07:09:12.007Z] MemoryForge: attached 5 listener(s)
[2026-07-30T07:09:12.007Z] InitialReadForge: armed one-shot BeforeSend after NewSessionStart
[2026-07-30T07:09:12.008Z] LiveUpdateForge: session reset, allowLiveUpdate = false
[2026-07-30T07:09:12.163Z] LiveUpdateForge: session reset, allowLiveUpdate = false
[2026-07-30T07:09:12.182Z] ResumeDiffForge: running checkResumeConsistency
[2026-07-30T07:09:12.182Z] checkResumeConsistency: forgedTimestamps=[]
[2026-07-30T07:09:12.191Z] checkResumeConsistency: no changes detected
[2026-07-30T07:09:12.191Z] LiveUpdateForge: session reset, allowLiveUpdate = false
[2026-07-30T07:09:12.192Z] NudgeForge: ResumeComplete — restoring count from history
[2026-07-30T07:09:12.192Z] restoreNudgeCountFromHistory: found nudge message at idx=101 count=5
[2026-07-30T07:09:12.743Z] MemoryForge: attached 5 listener(s)
[2026-07-30T07:09:12.744Z] InitialReadForge: armed one-shot BeforeSend after NewSessionStart
[2026-07-30T07:09:12.744Z] LiveUpdateForge: session reset, allowLiveUpdate = false
[2026-07-30T07:09:12.797Z] LiveUpdateForge: session reset, allowLiveUpdate = false
[2026-07-30T07:09:12.801Z] ResumeDiffForge: running checkResumeConsistency
[2026-07-30T07:09:12.802Z] checkResumeConsistency: forgedTimestamps=[]
[2026-07-30T07:09:12.805Z] checkResumeConsistency: no changes detected
[2026-07-30T07:09:12.806Z] LiveUpdateForge: session reset, allowLiveUpdate = false
[2026-07-30T07:09:12.806Z] NudgeForge: ResumeComplete — restoring count from history
[2026-07-30T07:09:12.807Z] restoreNudgeCountFromHistory: no reset point found, count=6
[2026-07-30T10:18:54.816Z] MemoryForge: attached 5 listener(s)
[2026-07-30T10:18:54.817Z] InitialReadForge: armed one-shot BeforeSend after NewSessionStart
[2026-07-30T10:18:54.818Z] LiveUpdateForge: session reset, allowLiveUpdate = false
[2026-07-30T10:18:55.160Z] MemoryForge: attached 5 listener(s)
[2026-07-30T10:18:55.161Z] InitialReadForge: armed one-shot BeforeSend after NewSessionStart
[2026-07-30T10:18:55.161Z] LiveUpdateForge: session reset, allowLiveUpdate = false
[2026-07-30T10:23:19.056Z] MemoryForge: attached 5 listener(s)
[2026-07-30T10:23:19.057Z] InitialReadForge: armed one-shot BeforeSend after NewSessionStart
[2026-07-30T10:23:19.057Z] LiveUpdateForge: session reset, allowLiveUpdate = false
[2026-07-30T10:23:19.058Z] MemoryForge: detached all listeners
[2026-07-30T10:23:19.059Z] ResumeDiffForge: no read_memory in history, backfilling forge
[2026-07-30T10:23:19.176Z] recordForgedToolExchange: toolName=read_memory callId=resume-forge-read-memory-backfill
[2026-07-30T10:23:19.217Z] recordForgedToolExchange: recordMessage + recordToolCalls persisted
[2026-07-30T10:23:19.218Z] injectForgedHistory: role=user preview=""
[2026-07-30T10:23:19.235Z] injectForgedHistory: recordMessage persisted
[2026-07-30T10:23:19.240Z] ResumeDiffForge: backfilled read_memory and baseline for 2 raw + 2 provider file(s)
[2026-07-30T10:23:19.241Z] LiveUpdateForge: session reset, allowLiveUpdate = false
[2026-07-30T10:23:19.241Z] NudgeForge: ResumeComplete — restoring count from history
[2026-07-30T10:23:19.241Z] restoreNudgeCountFromHistory: no reset point found, count=0
[2026-07-30T10:23:19.261Z] LiveUpdateForge: allowLiveUpdate = true (first real BeforeSend)
[2026-07-30T10:23:19.262Z] InitialReadForge.onBeforeSend: SKIP (fr=false syn=false hasRead=true)
[2026-07-30T10:23:26.874Z] LiveUpdateForge: EndTurn fallback flush
[2026-07-30T10:23:26.874Z] onEndTurn: naturalStop=false toolCalls=0 nudgeMsg=no
[2026-07-30T10:25:13.905Z] LiveUpdateForge: AfterToolExec flush
[2026-07-30T10:25:13.950Z] InitialReadForge.onBeforeSend: SKIP (fr=true syn=false hasRead=true)
[2026-07-30T10:25:20.356Z] LiveUpdateForge: EndTurn fallback flush
[2026-07-30T10:25:20.356Z] onEndTurn: naturalStop=false toolCalls=1 nudgeMsg=no
[2026-07-30T10:25:20.367Z] LiveUpdateForge: AfterToolExec flush
[2026-07-30T10:25:20.368Z] LiveUpdateForge: AfterToolExec flush
[2026-07-30T10:25:20.369Z] LiveUpdateForge: AfterToolExec flush
[2026-07-30T10:25:20.370Z] LiveUpdateForge: AfterToolExec flush
[2026-07-30T10:25:20.414Z] InitialReadForge.onBeforeSend: SKIP (fr=true syn=false hasRead=true)
[2026-07-30T10:25:24.929Z] LiveUpdateForge: EndTurn fallback flush
[2026-07-30T10:25:24.929Z] onEndTurn: naturalStop=false toolCalls=5 nudgeMsg=no
[2026-07-30T10:25:25.513Z] LiveUpdateForge: AfterToolExec flush
[2026-07-30T10:25:25.517Z] LiveUpdateForge: AfterToolExec flush
[2026-07-30T10:25:53.673Z] LiveUpdateForge: AfterToolExec flush
[2026-07-30T10:25:53.674Z] LiveUpdateForge: AfterToolExec flush
[2026-07-30T10:25:53.675Z] LiveUpdateForge: AfterToolExec flush
[2026-07-30T10:25:53.724Z] InitialReadForge.onBeforeSend: SKIP (fr=true syn=false hasRead=true)
[2026-07-30T10:26:01.177Z] LiveUpdateForge: EndTurn fallback flush
[2026-07-30T10:26:01.177Z] onEndTurn: naturalStop=false toolCalls=10 nudgeMsg=no
[2026-07-30T10:26:01.188Z] LiveUpdateForge: AfterToolExec flush
[2026-07-30T10:26:01.190Z] LiveUpdateForge: AfterToolExec flush
[2026-07-30T10:26:01.192Z] LiveUpdateForge: AfterToolExec flush
[2026-07-30T10:26:01.192Z] LiveUpdateForge: AfterToolExec flush
[2026-07-30T10:26:01.240Z] InitialReadForge.onBeforeSend: SKIP (fr=true syn=false hasRead=true)
[2026-07-30T10:26:17.318Z] MemoryForge: attached 5 listener(s)
[2026-07-30T10:26:17.319Z] InitialReadForge: armed one-shot BeforeSend after NewSessionStart
[2026-07-30T10:26:17.319Z] LiveUpdateForge: session reset, allowLiveUpdate = false
[2026-07-30T10:26:19.187Z] LiveUpdateForge: session reset, allowLiveUpdate = false
[2026-07-30T10:26:19.225Z] ResumeDiffForge: running checkResumeConsistency
[2026-07-30T10:26:19.226Z] checkResumeConsistency: forgedTimestamps=[]
[2026-07-30T10:26:19.238Z] checkResumeConsistency: no changes detected
[2026-07-30T10:26:19.239Z] LiveUpdateForge: session reset, allowLiveUpdate = false
[2026-07-30T10:26:19.239Z] NudgeForge: ResumeComplete — restoring count from history
[2026-07-30T10:26:19.241Z] restoreNudgeCountFromHistory: no reset point found, count=119
[2026-07-30T10:26:19.722Z] MemoryForge: attached 5 listener(s)
[2026-07-30T10:26:19.723Z] InitialReadForge: armed one-shot BeforeSend after NewSessionStart
[2026-07-30T10:26:19.723Z] LiveUpdateForge: session reset, allowLiveUpdate = false
[2026-07-30T10:27:57.325Z] MemoryForge: attached 5 listener(s)
[2026-07-30T10:27:57.326Z] InitialReadForge: armed one-shot BeforeSend after NewSessionStart
[2026-07-30T10:27:57.326Z] LiveUpdateForge: session reset, allowLiveUpdate = false
[2026-07-30T10:27:58.899Z] MemoryForge: attached 5 listener(s)
[2026-07-30T10:27:58.902Z] InitialReadForge: armed one-shot BeforeSend after NewSessionStart
[2026-07-30T10:27:58.903Z] LiveUpdateForge: session reset, allowLiveUpdate = false
[2026-07-30T10:28:00.101Z] MemoryForge: attached 5 listener(s)
[2026-07-30T10:28:00.102Z] InitialReadForge: armed one-shot BeforeSend after NewSessionStart
[2026-07-30T10:28:00.103Z] LiveUpdateForge: session reset, allowLiveUpdate = false
[2026-07-30T10:28:00.324Z] LiveUpdateForge: session reset, allowLiveUpdate = false
[2026-07-30T10:28:00.341Z] ResumeDiffForge: running checkResumeConsistency
[2026-07-30T10:28:00.342Z] checkResumeConsistency: forgedTimestamps=[]
[2026-07-30T10:28:00.390Z] checkResumeConsistency: no changes detected
[2026-07-30T10:28:00.390Z] LiveUpdateForge: session reset, allowLiveUpdate = false
[2026-07-30T10:28:00.391Z] NudgeForge: ResumeComplete — restoring count from history
[2026-07-30T10:28:00.392Z] restoreNudgeCountFromHistory: no reset point found, count=14
[2026-07-30T10:28:00.807Z] LiveUpdateForge: session reset, allowLiveUpdate = false
[2026-07-30T10:28:00.870Z] ResumeDiffForge: running checkResumeConsistency
[2026-07-30T10:28:00.874Z] checkResumeConsistency: forgedTimestamps=[]
[2026-07-30T10:28:00.964Z] checkResumeConsistency: no changes detected
[2026-07-30T10:28:00.964Z] LiveUpdateForge: session reset, allowLiveUpdate = false
[2026-07-30T10:28:00.965Z] NudgeForge: ResumeComplete — restoring count from history
[2026-07-30T10:28:00.966Z] restoreNudgeCountFromHistory: no reset point found, count=119
[2026-07-30T10:28:01.639Z] MemoryForge: attached 5 listener(s)
[2026-07-30T10:28:01.640Z] InitialReadForge: armed one-shot BeforeSend after NewSessionStart
[2026-07-30T10:28:01.640Z] LiveUpdateForge: session reset, allowLiveUpdate = false
[2026-07-30T10:28:06.345Z] ResumeDiffForge: running checkResumeConsistency
[2026-07-30T10:28:06.347Z] checkResumeConsistency: forgedTimestamps=[]
[2026-07-30T10:28:06.356Z] ResumeDiffForge: running checkResumeConsistency
[2026-07-30T10:28:06.356Z] checkResumeConsistency: forgedTimestamps=[]
[2026-07-30T10:28:06.365Z] checkResumeConsistency: no changes detected
[2026-07-30T10:28:06.366Z] LiveUpdateForge: session reset, allowLiveUpdate = false
[2026-07-30T10:28:06.366Z] NudgeForge: ResumeComplete — restoring count from history
[2026-07-30T10:28:06.366Z] restoreNudgeCountFromHistory: no reset point found, count=14
[2026-07-30T10:28:06.374Z] checkResumeConsistency: no changes detected
[2026-07-30T10:28:06.374Z] LiveUpdateForge: session reset, allowLiveUpdate = false
[2026-07-30T10:28:06.375Z] NudgeForge: ResumeComplete — restoring count from history
[2026-07-30T10:28:06.375Z] restoreNudgeCountFromHistory: no reset point found, count=14
[2026-07-30T10:28:06.467Z] ResumeDiffForge: running checkResumeConsistency
[2026-07-30T10:28:06.468Z] checkResumeConsistency: forgedTimestamps=[]
[2026-07-30T10:28:06.475Z] checkResumeConsistency: no changes detected
[2026-07-30T10:28:06.475Z] LiveUpdateForge: session reset, allowLiveUpdate = false
[2026-07-30T10:28:06.476Z] NudgeForge: ResumeComplete — restoring count from history
[2026-07-30T10:28:06.477Z] restoreNudgeCountFromHistory: no reset point found, count=14
[2026-07-30T10:28:06.764Z] MemoryForge: attached 5 listener(s)
[2026-07-30T10:28:06.764Z] InitialReadForge: armed one-shot BeforeSend after NewSessionStart
[2026-07-30T10:28:06.764Z] LiveUpdateForge: session reset, allowLiveUpdate = false
[2026-07-30T10:28:06.768Z] MemoryForge: detached all listeners
[2026-07-30T10:28:06.769Z] ResumeDiffForge: running checkResumeConsistency
[2026-07-30T10:28:06.769Z] checkResumeConsistency: forgedTimestamps=[]
[2026-07-30T10:28:06.825Z] checkResumeConsistency: no changes detected
[2026-07-30T10:28:06.825Z] LiveUpdateForge: session reset, allowLiveUpdate = false
[2026-07-30T10:28:06.826Z] NudgeForge: ResumeComplete — restoring count from history
[2026-07-30T10:28:06.826Z] restoreNudgeCountFromHistory: no reset point found, count=14
[2026-07-30T10:28:06.854Z] LiveUpdateForge: allowLiveUpdate = true (first real BeforeSend)
[2026-07-30T10:28:06.855Z] InitialReadForge.onBeforeSend: SKIP (fr=false syn=false hasRead=true)
[2026-07-30T10:28:17.105Z] LiveUpdateForge: EndTurn fallback flush
[2026-07-30T10:28:17.105Z] onEndTurn: naturalStop=false toolCalls=14 nudgeMsg=no
[2026-07-30T10:28:17.216Z] LiveUpdateForge: AfterToolExec flush
[2026-07-30T10:28:17.217Z] LiveUpdateForge: AfterToolExec flush
[2026-07-30T10:28:18.438Z] LiveUpdateForge: AfterToolExec flush
[2026-07-30T10:28:18.440Z] LiveUpdateForge: AfterToolExec flush
[2026-07-30T10:28:18.505Z] InitialReadForge.onBeforeSend: SKIP (fr=true syn=false hasRead=true)
[2026-07-30T10:28:26.752Z] LiveUpdateForge: EndTurn fallback flush
[2026-07-30T10:28:26.752Z] onEndTurn: naturalStop=false toolCalls=18 nudgeMsg=no
[2026-07-30T10:28:28.159Z] LiveUpdateForge: AfterToolExec flush
[2026-07-30T10:28:28.165Z] LiveUpdateForge: AfterToolExec flush
[2026-07-30T10:28:28.166Z] LiveUpdateForge: AfterToolExec flush
[2026-07-30T10:28:28.327Z] LiveUpdateForge: AfterToolExec flush
[2026-07-30T10:28:28.353Z] InitialReadForge.onBeforeSend: SKIP (fr=true syn=false hasRead=true)
[2026-07-30T10:28:32.081Z] LiveUpdateForge: EndTurn fallback flush
[2026-07-30T10:28:32.082Z] onEndTurn: naturalStop=false toolCalls=22 nudgeMsg=no
[2026-07-30T10:28:32.126Z] LiveUpdateForge: AfterToolExec flush
[2026-07-30T10:28:32.501Z] LiveUpdateForge: AfterToolExec flush
[2026-07-30T10:28:32.637Z] LiveUpdateForge: AfterToolExec flush
[2026-07-30T10:28:32.668Z] InitialReadForge.onBeforeSend: SKIP (fr=true syn=false hasRead=true)
[2026-07-30T10:28:42.514Z] LiveUpdateForge: EndTurn fallback flush
[2026-07-30T10:28:42.515Z] onEndTurn: naturalStop=false toolCalls=25 nudgeMsg=no
[2026-07-30T10:28:42.529Z] LiveUpdateForge: AfterToolExec flush
[2026-07-30T10:28:42.872Z] LiveUpdateForge: AfterToolExec flush
[2026-07-30T10:28:43.023Z] LiveUpdateForge: AfterToolExec flush
[2026-07-30T10:28:43.068Z] InitialReadForge.onBeforeSend: SKIP (fr=true syn=false hasRead=true)
[2026-07-30T10:30:04.573Z] MemoryForge: attached 5 listener(s)
[2026-07-30T10:30:04.574Z] InitialReadForge: armed one-shot BeforeSend after NewSessionStart
[2026-07-30T10:30:04.575Z] LiveUpdateForge: session reset, allowLiveUpdate = false
[2026-07-30T10:30:05.544Z] LiveUpdateForge: session reset, allowLiveUpdate = false
[2026-07-30T10:30:05.576Z] ResumeDiffForge: running checkResumeConsistency
[2026-07-30T10:30:05.577Z] checkResumeConsistency: forgedTimestamps=[]
[2026-07-30T10:30:05.588Z] checkResumeConsistency: no changes detected
[2026-07-30T10:30:05.588Z] LiveUpdateForge: session reset, allowLiveUpdate = false
[2026-07-30T10:30:05.589Z] NudgeForge: ResumeComplete — restoring count from history
[2026-07-30T10:30:05.590Z] restoreNudgeCountFromHistory: no reset point found, count=119
[2026-07-30T10:30:05.690Z] MemoryForge: attached 5 listener(s)
[2026-07-30T10:30:05.692Z] InitialReadForge: armed one-shot BeforeSend after NewSessionStart
[2026-07-30T10:30:05.693Z] LiveUpdateForge: session reset, allowLiveUpdate = false
[2026-07-30T10:30:28.912Z] LiveUpdateForge: EndTurn fallback flush
[2026-07-30T10:30:28.912Z] onEndTurn: naturalStop=false toolCalls=28 nudgeMsg=no
[2026-07-30T10:30:28.930Z] LiveUpdateForge: AfterToolExec flush
[2026-07-30T10:30:28.932Z] LiveUpdateForge: AfterToolExec flush
[2026-07-30T10:30:28.933Z] LiveUpdateForge: AfterToolExec flush
[2026-07-30T10:30:28.978Z] InitialReadForge.onBeforeSend: SKIP (fr=true syn=false hasRead=true)
[2026-07-30T10:30:41.559Z] LiveUpdateForge: EndTurn fallback flush
[2026-07-30T10:30:41.559Z] onEndTurn: naturalStop=false toolCalls=31 nudgeMsg=no
[2026-07-30T10:30:42.099Z] LiveUpdateForge: AfterToolExec flush
[2026-07-30T10:30:42.295Z] LiveUpdateForge: AfterToolExec flush
[2026-07-30T10:30:42.297Z] LiveUpdateForge: AfterToolExec flush
[2026-07-30T10:30:42.340Z] InitialReadForge.onBeforeSend: SKIP (fr=true syn=false hasRead=true)
[2026-07-30T10:31:17.911Z] LiveUpdateForge: EndTurn fallback flush
[2026-07-30T10:31:17.912Z] onEndTurn: naturalStop=false toolCalls=34 nudgeMsg=no
[2026-07-30T10:31:23.522Z] LiveUpdateForge: AfterToolExec flush
[2026-07-30T10:31:23.598Z] InitialReadForge.onBeforeSend: SKIP (fr=true syn=false hasRead=true)
[2026-07-30T10:31:27.606Z] LiveUpdateForge: EndTurn fallback flush
[2026-07-30T10:31:27.607Z] onEndTurn: naturalStop=false toolCalls=35 nudgeMsg=no
[2026-07-30T10:31:30.183Z] LiveUpdateForge: AfterToolExec flush
[2026-07-30T10:31:30.233Z] InitialReadForge.onBeforeSend: SKIP (fr=true syn=false hasRead=true)
[2026-07-30T10:31:36.814Z] LiveUpdateForge: EndTurn fallback flush
[2026-07-30T10:31:36.848Z] onEndTurn: naturalStop=false toolCalls=36 nudgeMsg=no
[2026-07-30T10:31:41.878Z] LiveUpdateForge: AfterToolExec flush
[2026-07-30T10:31:41.930Z] InitialReadForge.onBeforeSend: SKIP (fr=true syn=false hasRead=true)
[2026-07-30T10:31:46.751Z] LiveUpdateForge: EndTurn fallback flush
[2026-07-30T10:31:46.751Z] onEndTurn: naturalStop=false toolCalls=37 nudgeMsg=no
[2026-07-30T10:31:46.851Z] LiveUpdateForge: AfterToolExec flush
[2026-07-30T10:31:46.898Z] InitialReadForge.onBeforeSend: SKIP (fr=true syn=false hasRead=true)
[2026-07-30T10:31:55.281Z] LiveUpdateForge: EndTurn fallback flush
[2026-07-30T10:31:55.282Z] onEndTurn: naturalStop=false toolCalls=38 nudgeMsg=no
[2026-07-30T10:31:56.089Z] LiveUpdateForge: AfterToolExec flush
[2026-07-30T10:31:56.170Z] InitialReadForge.onBeforeSend: SKIP (fr=true syn=false hasRead=true)
[2026-07-30T10:31:59.004Z] LiveUpdateForge: EndTurn fallback flush
[2026-07-30T10:31:59.005Z] onEndTurn: naturalStop=false toolCalls=39 nudgeMsg=no
[2026-07-30T10:32:01.131Z] LiveUpdateForge: AfterToolExec flush
[2026-07-30T10:32:01.245Z] InitialReadForge.onBeforeSend: SKIP (fr=true syn=false hasRead=true)
[2026-07-30T10:32:04.136Z] LiveUpdateForge: EndTurn fallback flush
[2026-07-30T10:32:04.136Z] onEndTurn: naturalStop=false toolCalls=40 nudgeMsg=no
[2026-07-30T10:32:04.361Z] LiveUpdateForge: AfterToolExec flush
[2026-07-30T10:32:04.538Z] InitialReadForge.onBeforeSend: SKIP (fr=true syn=false hasRead=true)
[2026-07-30T10:32:23.131Z] LiveUpdateForge: EndTurn fallback flush
[2026-07-30T10:32:23.133Z] onEndTurn: naturalStop=false toolCalls=41 nudgeMsg=no
[2026-07-30T10:33:09.892Z] LiveUpdateForge: AfterToolExec flush
[2026-07-30T10:33:09.950Z] InitialReadForge.onBeforeSend: SKIP (fr=true syn=false hasRead=true)
[2026-07-30T10:33:28.589Z] LiveUpdateForge: EndTurn fallback flush
[2026-07-30T10:33:28.591Z] onEndTurn: naturalStop=false toolCalls=42 nudgeMsg=no
[2026-07-30T10:33:29.432Z] LiveUpdateForge: AfterToolExec flush
[2026-07-30T10:33:29.479Z] InitialReadForge.onBeforeSend: SKIP (fr=true syn=false hasRead=true)
[2026-07-30T10:33:36.702Z] LiveUpdateForge: EndTurn fallback flush
[2026-07-30T10:33:36.703Z] onEndTurn: naturalStop=false toolCalls=43 nudgeMsg=no
[2026-07-30T10:33:36.852Z] LiveUpdateForge: AfterToolExec flush
[2026-07-30T10:33:36.905Z] InitialReadForge.onBeforeSend: SKIP (fr=true syn=false hasRead=true)
[2026-07-30T10:33:41.699Z] LiveUpdateForge: EndTurn fallback flush
[2026-07-30T10:33:41.699Z] onEndTurn: naturalStop=false toolCalls=44 nudgeMsg=no
[2026-07-30T10:33:41.734Z] LiveUpdateForge: AfterToolExec flush
[2026-07-30T10:33:41.776Z] InitialReadForge.onBeforeSend: SKIP (fr=true syn=false hasRead=true)
[2026-07-30T10:33:52.975Z] LiveUpdateForge: EndTurn fallback flush
[2026-07-30T10:33:52.975Z] onEndTurn: naturalStop=false toolCalls=45 nudgeMsg=no
[2026-07-30T10:33:53.077Z] LiveUpdateForge: AfterToolExec flush
[2026-07-30T10:33:53.131Z] InitialReadForge.onBeforeSend: SKIP (fr=true syn=false hasRead=true)
[2026-07-30T10:33:57.371Z] LiveUpdateForge: EndTurn fallback flush
[2026-07-30T10:33:57.371Z] onEndTurn: naturalStop=false toolCalls=46 nudgeMsg=no
[2026-07-30T10:33:57.412Z] LiveUpdateForge: AfterToolExec flush
[2026-07-30T10:33:57.461Z] InitialReadForge.onBeforeSend: SKIP (fr=true syn=false hasRead=true)
[2026-07-30T10:34:09.789Z] LiveUpdateForge: EndTurn fallback flush
[2026-07-30T10:34:09.789Z] onEndTurn: naturalStop=false toolCalls=47 nudgeMsg=no
[2026-07-30T10:34:09.837Z] LiveUpdateForge: AfterToolExec flush
[2026-07-30T10:34:09.887Z] InitialReadForge.onBeforeSend: SKIP (fr=true syn=false hasRead=true)
[2026-07-30T10:34:15.370Z] LiveUpdateForge: EndTurn fallback flush
[2026-07-30T10:34:15.371Z] onEndTurn: naturalStop=false toolCalls=48 nudgeMsg=no
[2026-07-30T10:34:15.385Z] LiveUpdateForge: AfterToolExec flush
[2026-07-30T10:34:15.442Z] InitialReadForge.onBeforeSend: SKIP (fr=true syn=false hasRead=true)
[2026-07-30T10:34:25.263Z] LiveUpdateForge: EndTurn fallback flush
[2026-07-30T10:34:25.264Z] onEndTurn: naturalStop=false toolCalls=49 nudgeMsg=no
[2026-07-30T10:34:25.377Z] LiveUpdateForge: AfterToolExec flush
[2026-07-30T10:34:25.442Z] InitialReadForge.onBeforeSend: SKIP (fr=true syn=false hasRead=true)
[2026-07-30T10:34:36.070Z] LiveUpdateForge: EndTurn fallback flush
[2026-07-30T10:34:36.071Z] onEndTurn: naturalStop=false toolCalls=50 nudgeMsg=no
[2026-07-30T10:34:36.092Z] LiveUpdateForge: AfterToolExec flush
[2026-07-30T10:34:36.146Z] InitialReadForge.onBeforeSend: SKIP (fr=true syn=false hasRead=true)
[2026-07-30T10:34:58.315Z] LiveUpdateForge: EndTurn fallback flush
[2026-07-30T10:34:58.315Z] onEndTurn: naturalStop=false toolCalls=51 nudgeMsg=no
[2026-07-30T10:34:58.329Z] LiveUpdateForge: AfterToolExec flush
[2026-07-30T10:34:58.385Z] InitialReadForge.onBeforeSend: SKIP (fr=true syn=false hasRead=true)
[2026-07-30T10:35:02.595Z] LiveUpdateForge: EndTurn fallback flush
[2026-07-30T10:35:02.595Z] onEndTurn: naturalStop=false toolCalls=52 nudgeMsg=no
[2026-07-30T10:35:03.078Z] LiveUpdateForge: AfterToolExec flush
[2026-07-30T10:35:03.152Z] InitialReadForge.onBeforeSend: SKIP (fr=true syn=false hasRead=true)
[2026-07-30T10:35:10.971Z] LiveUpdateForge: EndTurn fallback flush
[2026-07-30T10:35:10.972Z] onEndTurn: naturalStop=false toolCalls=53 nudgeMsg=no
[2026-07-30T10:35:11.654Z] LiveUpdateForge: AfterToolExec flush
[2026-07-30T10:35:11.711Z] InitialReadForge.onBeforeSend: SKIP (fr=true syn=false hasRead=true)
[2026-07-30T10:35:41.709Z] LiveUpdateForge: EndTurn fallback flush
[2026-07-30T10:35:41.710Z] onEndTurn: naturalStop=false toolCalls=54 nudgeMsg=no
[2026-07-30T10:35:41.722Z] LiveUpdateForge: AfterToolExec flush
[2026-07-30T10:35:41.724Z] LiveUpdateForge: AfterToolExec flush
[2026-07-30T10:35:41.780Z] InitialReadForge.onBeforeSend: SKIP (fr=true syn=false hasRead=true)
[2026-07-30T10:35:47.550Z] LiveUpdateForge: EndTurn fallback flush
[2026-07-30T10:35:47.551Z] onEndTurn: naturalStop=false toolCalls=56 nudgeMsg=no
[2026-07-30T10:35:47.702Z] LiveUpdateForge: AfterToolExec flush
[2026-07-30T10:35:47.755Z] InitialReadForge.onBeforeSend: SKIP (fr=true syn=false hasRead=true)
[2026-07-30T10:36:09.889Z] LiveUpdateForge: EndTurn fallback flush
[2026-07-30T10:36:09.890Z] onEndTurn: naturalStop=true toolCalls=0 nudgeMsg=YES
[2026-07-30T10:36:09.903Z] InitialReadForge.onBeforeSend: SKIP (fr=false syn=false hasRead=true)
[2026-07-30T10:36:18.760Z] LiveUpdateForge: EndTurn fallback flush
[2026-07-30T10:36:18.760Z] onEndTurn: naturalStop=false toolCalls=0 nudgeMsg=no
[2026-07-30T10:36:18.792Z] LiveUpdateForge: self-write on D:\unity\mowang\CODELY.md, baseline aligned
[2026-07-30T10:36:18.793Z] LiveUpdateForge: AfterToolExec flush
[2026-07-30T10:36:18.838Z] InitialReadForge.onBeforeSend: SKIP (fr=true syn=false hasRead=true)
[2026-07-30T10:36:21.919Z] LiveUpdateForge: EndTurn fallback flush
[2026-07-30T10:36:21.920Z] onEndTurn: naturalStop=true toolCalls=0 nudgeMsg=no
[2026-07-30T10:36:24.966Z] MemoryForge: attached 5 listener(s)
[2026-07-30T10:36:24.967Z] InitialReadForge: armed one-shot BeforeSend after NewSessionStart
[2026-07-30T10:36:24.967Z] LiveUpdateForge: session reset, allowLiveUpdate = false
[2026-07-30T10:36:25.212Z] LiveUpdateForge: session reset, allowLiveUpdate = false
[2026-07-30T10:36:25.232Z] ResumeDiffForge: running checkResumeConsistency
[2026-07-30T10:36:25.234Z] checkResumeConsistency: forgedTimestamps=[]
[2026-07-30T10:36:25.240Z] checkResumeConsistency: no changes detected
[2026-07-30T10:36:25.241Z] LiveUpdateForge: session reset, allowLiveUpdate = false
[2026-07-30T10:36:25.241Z] NudgeForge: ResumeComplete — restoring count from history
[2026-07-30T10:36:25.242Z] restoreNudgeCountFromHistory: found last write at idx=75 count=0
[2026-07-30T10:36:25.986Z] MemoryForge: attached 5 listener(s)
[2026-07-30T10:36:25.987Z] InitialReadForge: armed one-shot BeforeSend after NewSessionStart
[2026-07-30T10:36:25.987Z] LiveUpdateForge: session reset, allowLiveUpdate = false
[2026-07-30T10:36:25.998Z] MemoryForge: detached all listeners
[2026-07-30T10:36:25.999Z] ResumeDiffForge: running checkResumeConsistency
[2026-07-30T10:36:26.000Z] checkResumeConsistency: forgedTimestamps=[]
[2026-07-30T10:36:26.045Z] checkResumeConsistency: no changes detected
[2026-07-30T10:36:26.045Z] LiveUpdateForge: session reset, allowLiveUpdate = false
[2026-07-30T10:36:26.046Z] NudgeForge: ResumeComplete — restoring count from history
[2026-07-30T10:36:26.046Z] restoreNudgeCountFromHistory: found last write at idx=75 count=0
[2026-07-30T10:37:43.043Z] ResumeDiffForge: running checkResumeConsistency
[2026-07-30T10:37:43.044Z] checkResumeConsistency: forgedTimestamps=[]
[2026-07-30T10:37:43.052Z] checkResumeConsistency: no changes detected
[2026-07-30T10:37:43.053Z] LiveUpdateForge: session reset, allowLiveUpdate = false
[2026-07-30T10:37:43.053Z] NudgeForge: ResumeComplete — restoring count from history
[2026-07-30T10:37:43.054Z] restoreNudgeCountFromHistory: no reset point found, count=14
[2026-07-30T10:37:43.159Z] ResumeDiffForge: running checkResumeConsistency
[2026-07-30T10:37:43.159Z] checkResumeConsistency: forgedTimestamps=[]
[2026-07-30T10:37:43.167Z] checkResumeConsistency: no changes detected
[2026-07-30T10:37:43.168Z] LiveUpdateForge: session reset, allowLiveUpdate = false
[2026-07-30T10:37:43.168Z] NudgeForge: ResumeComplete — restoring count from history
[2026-07-30T10:37:43.169Z] restoreNudgeCountFromHistory: no reset point found, count=14
[2026-07-30T10:37:43.221Z] LiveUpdateForge: allowLiveUpdate = true (first real BeforeSend)
[2026-07-30T10:37:43.222Z] InitialReadForge.onBeforeSend: SKIP (fr=false syn=false hasRead=true)
[2026-07-30T10:38:12.275Z] LiveUpdateForge: EndTurn fallback flush
[2026-07-30T10:38:12.275Z] onEndTurn: naturalStop=false toolCalls=14 nudgeMsg=no
[2026-07-30T10:38:12.504Z] LiveUpdateForge: AfterToolExec flush
[2026-07-30T10:38:59.991Z] MemoryForge: attached 5 listener(s)
[2026-07-30T10:38:59.992Z] InitialReadForge: armed one-shot BeforeSend after NewSessionStart
[2026-07-30T10:38:59.993Z] LiveUpdateForge: session reset, allowLiveUpdate = false
[2026-07-30T10:39:01.154Z] MemoryForge: attached 5 listener(s)
[2026-07-30T10:39:01.154Z] InitialReadForge: armed one-shot BeforeSend after NewSessionStart
[2026-07-30T10:39:01.155Z] LiveUpdateForge: session reset, allowLiveUpdate = false
[2026-07-30T10:40:13.215Z] LiveUpdateForge: AfterToolExec flush
[2026-07-30T10:40:13.252Z] InitialReadForge.onBeforeSend: SKIP (fr=true syn=false hasRead=true)
[2026-07-30T10:40:24.268Z] LiveUpdateForge: EndTurn fallback flush
[2026-07-30T10:40:24.268Z] onEndTurn: naturalStop=false toolCalls=16 nudgeMsg=no
[2026-07-30T10:40:24.712Z] LiveUpdateForge: AfterToolExec flush
[2026-07-30T10:40:25.951Z] LiveUpdateForge: AfterToolExec flush
[2026-07-30T10:40:29.787Z] LiveUpdateForge: AfterToolExec flush
[2026-07-30T10:40:29.820Z] InitialReadForge.onBeforeSend: SKIP (fr=true syn=false hasRead=true)
[2026-07-30T10:40:34.091Z] LiveUpdateForge: EndTurn fallback flush
[2026-07-30T10:40:34.091Z] onEndTurn: naturalStop=false toolCalls=19 nudgeMsg=no
[2026-07-30T10:40:34.107Z] LiveUpdateForge: AfterToolExec flush
[2026-07-30T10:40:34.220Z] LiveUpdateForge: AfterToolExec flush
[2026-07-30T10:40:34.247Z] InitialReadForge.onBeforeSend: SKIP (fr=true syn=false hasRead=true)
[2026-07-30T10:40:40.605Z] LiveUpdateForge: EndTurn fallback flush
[2026-07-30T10:40:40.605Z] onEndTurn: naturalStop=false toolCalls=21 nudgeMsg=no
[2026-07-30T10:40:41.011Z] LiveUpdateForge: AfterToolExec flush
[2026-07-30T10:40:41.012Z] LiveUpdateForge: AfterToolExec flush
[2026-07-30T10:40:41.015Z] LiveUpdateForge: AfterToolExec flush
[2026-07-30T10:40:41.142Z] LiveUpdateForge: AfterToolExec flush
[2026-07-30T10:40:41.144Z] LiveUpdateForge: AfterToolExec flush
[2026-07-30T10:40:41.178Z] InitialReadForge.onBeforeSend: SKIP (fr=true syn=false hasRead=true)
[2026-07-30T10:40:45.644Z] LiveUpdateForge: EndTurn fallback flush
[2026-07-30T10:40:45.644Z] onEndTurn: naturalStop=false toolCalls=26 nudgeMsg=no
[2026-07-30T10:40:45.658Z] LiveUpdateForge: AfterToolExec flush
[2026-07-30T10:40:45.659Z] LiveUpdateForge: AfterToolExec flush
[2026-07-30T10:40:45.660Z] LiveUpdateForge: AfterToolExec flush
[2026-07-30T10:40:45.695Z] InitialReadForge.onBeforeSend: SKIP (fr=true syn=false hasRead=true)
[2026-07-30T10:41:27.992Z] LiveUpdateForge: EndTurn fallback flush
[2026-07-30T10:41:27.993Z] onEndTurn: naturalStop=false toolCalls=29 nudgeMsg=no
[2026-07-30T10:41:28.004Z] LiveUpdateForge: AfterToolExec flush
[2026-07-30T10:41:28.729Z] LiveUpdateForge: AfterToolExec flush
[2026-07-30T10:41:28.730Z] LiveUpdateForge: AfterToolExec flush
[2026-07-30T10:41:28.772Z] InitialReadForge.onBeforeSend: SKIP (fr=true syn=false hasRead=true)
[2026-07-30T10:41:28.834Z] MemoryForge: attached 5 listener(s)
[2026-07-30T10:41:28.835Z] InitialReadForge: armed one-shot BeforeSend after NewSessionStart
[2026-07-30T10:41:28.836Z] LiveUpdateForge: session reset, allowLiveUpdate = false
[2026-07-30T10:41:37.379Z] LiveUpdateForge: EndTurn fallback flush
[2026-07-30T10:41:37.379Z] onEndTurn: naturalStop=false toolCalls=32 nudgeMsg=no
[2026-07-30T10:41:37.724Z] LiveUpdateForge: AfterToolExec flush
[2026-07-30T10:41:37.851Z] LiveUpdateForge: AfterToolExec flush
[2026-07-30T10:41:37.889Z] InitialReadForge.onBeforeSend: SKIP (fr=true syn=false hasRead=true)
[2026-07-30T10:41:44.809Z] LiveUpdateForge: EndTurn fallback flush
[2026-07-30T10:41:44.809Z] onEndTurn: naturalStop=false toolCalls=34 nudgeMsg=no
[2026-07-30T10:41:45.368Z] LiveUpdateForge: AfterToolExec flush
[2026-07-30T10:41:45.368Z] LiveUpdateForge: AfterToolExec flush
[2026-07-30T10:41:48.044Z] LiveUpdateForge: AfterToolExec flush
[2026-07-30T10:41:48.082Z] InitialReadForge.onBeforeSend: SKIP (fr=true syn=false hasRead=true)
[2026-07-30T10:41:53.929Z] LiveUpdateForge: EndTurn fallback flush
[2026-07-30T10:41:53.930Z] onEndTurn: naturalStop=false toolCalls=37 nudgeMsg=no
[2026-07-30T10:41:53.946Z] LiveUpdateForge: AfterToolExec flush
[2026-07-30T10:41:55.296Z] LiveUpdateForge: AfterToolExec flush
[2026-07-30T10:41:55.335Z] InitialReadForge.onBeforeSend: SKIP (fr=true syn=false hasRead=true)
[2026-07-30T10:42:09.338Z] LiveUpdateForge: EndTurn fallback flush
[2026-07-30T10:42:09.338Z] onEndTurn: naturalStop=false toolCalls=39 nudgeMsg=no
[2026-07-30T10:42:09.665Z] LiveUpdateForge: AfterToolExec flush
[2026-07-30T10:42:09.785Z] LiveUpdateForge: AfterToolExec flush
[2026-07-30T10:42:09.828Z] InitialReadForge.onBeforeSend: SKIP (fr=true syn=false hasRead=true)
[2026-07-30T10:42:15.525Z] LiveUpdateForge: EndTurn fallback flush
[2026-07-30T10:42:15.526Z] onEndTurn: naturalStop=false toolCalls=41 nudgeMsg=no
[2026-07-30T10:42:15.540Z] LiveUpdateForge: AfterToolExec flush
[2026-07-30T10:42:16.131Z] LiveUpdateForge: AfterToolExec flush
[2026-07-30T10:42:16.131Z] LiveUpdateForge: AfterToolExec flush
[2026-07-30T10:42:16.171Z] InitialReadForge.onBeforeSend: SKIP (fr=true syn=false hasRead=true)
[2026-07-30T10:42:36.715Z] LiveUpdateForge: EndTurn fallback flush
[2026-07-30T10:42:36.716Z] onEndTurn: naturalStop=false toolCalls=44 nudgeMsg=no
[2026-07-30T10:42:36.751Z] LiveUpdateForge: AfterToolExec flush
[2026-07-30T10:42:36.791Z] InitialReadForge.onBeforeSend: SKIP (fr=true syn=false hasRead=true)
[2026-07-30T10:42:38.660Z] MemoryForge: attached 5 listener(s)
[2026-07-30T10:42:38.661Z] InitialReadForge: armed one-shot BeforeSend after NewSessionStart
[2026-07-30T10:42:38.661Z] LiveUpdateForge: session reset, allowLiveUpdate = false
[2026-07-30T10:42:39.304Z] MemoryForge: attached 5 listener(s)
[2026-07-30T10:42:39.305Z] InitialReadForge: armed one-shot BeforeSend after NewSessionStart
[2026-07-30T10:42:39.305Z] LiveUpdateForge: session reset, allowLiveUpdate = false
[2026-07-30T10:42:39.306Z] MemoryForge: detached all listeners
[2026-07-30T10:42:39.307Z] ResumeDiffForge: no read_memory in history, backfilling forge
[2026-07-30T10:42:39.452Z] recordForgedToolExchange: toolName=read_memory callId=resume-forge-read-memory-backfill
[2026-07-30T10:42:39.527Z] recordForgedToolExchange: recordMessage + recordToolCalls persisted
[2026-07-30T10:42:39.527Z] injectForgedHistory: role=user preview=""
[2026-07-30T10:42:39.562Z] injectForgedHistory: recordMessage persisted
[2026-07-30T10:42:39.569Z] ResumeDiffForge: backfilled read_memory and baseline for 2 raw + 2 provider file(s)
[2026-07-30T10:42:39.569Z] LiveUpdateForge: session reset, allowLiveUpdate = false
[2026-07-30T10:42:39.569Z] NudgeForge: ResumeComplete — restoring count from history
[2026-07-30T10:42:39.570Z] restoreNudgeCountFromHistory: no reset point found, count=0
[2026-07-30T10:42:39.593Z] LiveUpdateForge: allowLiveUpdate = true (first real BeforeSend)
[2026-07-30T10:42:39.593Z] InitialReadForge.onBeforeSend: SKIP (fr=false syn=false hasRead=true)
[2026-07-30T10:42:47.574Z] LiveUpdateForge: EndTurn fallback flush
[2026-07-30T10:42:47.575Z] onEndTurn: naturalStop=false toolCalls=45 nudgeMsg=no
[2026-07-30T10:42:47.607Z] LiveUpdateForge: AfterToolExec flush
[2026-07-30T10:42:47.648Z] InitialReadForge.onBeforeSend: SKIP (fr=true syn=false hasRead=true)
[2026-07-30T10:42:50.893Z] LiveUpdateForge: EndTurn fallback flush
[2026-07-30T10:42:50.893Z] onEndTurn: naturalStop=false toolCalls=0 nudgeMsg=no
[2026-07-30T10:42:51.055Z] LiveUpdateForge: AfterToolExec flush
[2026-07-30T10:42:51.096Z] InitialReadForge.onBeforeSend: SKIP (fr=true syn=false hasRead=true)
[2026-07-30T10:42:53.867Z] LiveUpdateForge: EndTurn fallback flush
[2026-07-30T10:42:53.867Z] onEndTurn: naturalStop=false toolCalls=46 nudgeMsg=no
[2026-07-30T10:42:53.891Z] LiveUpdateForge: AfterToolExec flush
[2026-07-30T10:42:53.931Z] InitialReadForge.onBeforeSend: SKIP (fr=true syn=false hasRead=true)
[2026-07-30T10:42:57.452Z] LiveUpdateForge: EndTurn fallback flush
[2026-07-30T10:42:57.453Z] onEndTurn: naturalStop=false toolCalls=47 nudgeMsg=no
[2026-07-30T10:42:57.462Z] LiveUpdateForge: AfterToolExec flush
[2026-07-30T10:42:57.503Z] InitialReadForge.onBeforeSend: SKIP (fr=true syn=false hasRead=true)
[2026-07-30T10:42:58.976Z] LiveUpdateForge: EndTurn fallback flush
[2026-07-30T10:42:58.976Z] onEndTurn: naturalStop=false toolCalls=1 nudgeMsg=no
[2026-07-30T10:43:03.271Z] LiveUpdateForge: EndTurn fallback flush
[2026-07-30T10:43:03.271Z] onEndTurn: naturalStop=false toolCalls=48 nudgeMsg=no
[2026-07-30T10:43:03.364Z] LiveUpdateForge: AfterToolExec flush
[2026-07-30T10:43:03.413Z] InitialReadForge.onBeforeSend: SKIP (fr=true syn=false hasRead=true)
[2026-07-30T10:43:08.704Z] LiveUpdateForge: EndTurn fallback flush
[2026-07-30T10:43:08.705Z] onEndTurn: naturalStop=false toolCalls=49 nudgeMsg=no
[2026-07-30T10:43:08.921Z] LiveUpdateForge: AfterToolExec flush
[2026-07-30T10:43:09.025Z] InitialReadForge.onBeforeSend: SKIP (fr=true syn=false hasRead=true)
[2026-07-30T10:43:15.494Z] LiveUpdateForge: EndTurn fallback flush
[2026-07-30T10:43:15.495Z] onEndTurn: naturalStop=false toolCalls=50 nudgeMsg=no
[2026-07-30T10:43:15.854Z] LiveUpdateForge: AfterToolExec flush
[2026-07-30T10:43:15.948Z] InitialReadForge.onBeforeSend: SKIP (fr=true syn=false hasRead=true)
[2026-07-30T10:43:21.686Z] LiveUpdateForge: EndTurn fallback flush
[2026-07-30T10:43:21.687Z] onEndTurn: naturalStop=false toolCalls=51 nudgeMsg=no
[2026-07-30T10:43:21.716Z] LiveUpdateForge: AfterToolExec flush
[2026-07-30T10:43:21.772Z] InitialReadForge.onBeforeSend: SKIP (fr=true syn=false hasRead=true)
[2026-07-30T10:43:27.331Z] LiveUpdateForge: EndTurn fallback flush
[2026-07-30T10:43:27.332Z] onEndTurn: naturalStop=false toolCalls=52 nudgeMsg=no
[2026-07-30T10:43:27.352Z] LiveUpdateForge: AfterToolExec flush
[2026-07-30T10:43:27.396Z] InitialReadForge.onBeforeSend: SKIP (fr=true syn=false hasRead=true)
[2026-07-30T10:43:42.156Z] LiveUpdateForge: EndTurn fallback flush
[2026-07-30T10:43:42.157Z] onEndTurn: naturalStop=false toolCalls=53 nudgeMsg=no
[2026-07-30T10:43:42.181Z] LiveUpdateForge: AfterToolExec flush
[2026-07-30T10:43:42.225Z] InitialReadForge.onBeforeSend: SKIP (fr=true syn=false hasRead=true)
[2026-07-30T10:43:46.395Z] LiveUpdateForge: EndTurn fallback flush
[2026-07-30T10:43:46.395Z] onEndTurn: naturalStop=false toolCalls=54 nudgeMsg=no
[2026-07-30T10:43:46.418Z] LiveUpdateForge: AfterToolExec flush
[2026-07-30T10:43:46.463Z] InitialReadForge.onBeforeSend: SKIP (fr=true syn=false hasRead=true)
[2026-07-30T10:43:50.144Z] LiveUpdateForge: EndTurn fallback flush
[2026-07-30T10:43:50.145Z] onEndTurn: naturalStop=false toolCalls=55 nudgeMsg=no
[2026-07-30T10:43:50.324Z] LiveUpdateForge: AfterToolExec flush
[2026-07-30T10:43:50.330Z] LiveUpdateForge: AfterToolExec flush
[2026-07-30T10:43:50.375Z] InitialReadForge.onBeforeSend: SKIP (fr=true syn=false hasRead=true)
[2026-07-30T10:43:52.871Z] LiveUpdateForge: EndTurn fallback flush
[2026-07-30T10:43:52.871Z] onEndTurn: naturalStop=false toolCalls=57 nudgeMsg=no
[2026-07-30T10:44:10.231Z] LiveUpdateForge: AfterToolExec flush
[2026-07-30T10:44:10.290Z] InitialReadForge.onBeforeSend: SKIP (fr=true syn=false hasRead=true)
[2026-07-30T10:44:18.754Z] LiveUpdateForge: AfterToolExec flush
[2026-07-30T10:44:18.805Z] InitialReadForge.onBeforeSend: SKIP (fr=true syn=false hasRead=true)
[2026-07-30T10:44:22.765Z] LiveUpdateForge: EndTurn fallback flush
[2026-07-30T10:44:22.765Z] onEndTurn: naturalStop=false toolCalls=2 nudgeMsg=no
[2026-07-30T10:44:22.786Z] LiveUpdateForge: AfterToolExec flush
[2026-07-30T10:44:22.787Z] LiveUpdateForge: AfterToolExec flush
[2026-07-30T10:44:22.788Z] LiveUpdateForge: AfterToolExec flush
[2026-07-30T10:44:22.791Z] LiveUpdateForge: AfterToolExec flush
[2026-07-30T10:44:22.848Z] InitialReadForge.onBeforeSend: SKIP (fr=true syn=false hasRead=true)
[2026-07-30T10:44:25.298Z] LiveUpdateForge: EndTurn fallback flush
[2026-07-30T10:44:25.299Z] onEndTurn: naturalStop=false toolCalls=58 nudgeMsg=no
[2026-07-30T10:44:25.343Z] LiveUpdateForge: AfterToolExec flush
[2026-07-30T10:44:25.384Z] InitialReadForge.onBeforeSend: SKIP (fr=true syn=false hasRead=true)
[2026-07-30T10:44:26.484Z] LiveUpdateForge: EndTurn fallback flush
[2026-07-30T10:44:26.484Z] onEndTurn: naturalStop=false toolCalls=6 nudgeMsg=no
[2026-07-30T10:44:26.494Z] LiveUpdateForge: AfterToolExec flush
[2026-07-30T10:44:26.495Z] LiveUpdateForge: AfterToolExec flush
[2026-07-30T10:44:26.495Z] LiveUpdateForge: AfterToolExec flush
[2026-07-30T10:44:26.496Z] LiveUpdateForge: AfterToolExec flush
[2026-07-30T10:44:26.497Z] LiveUpdateForge: AfterToolExec flush
[2026-07-30T10:44:26.546Z] InitialReadForge.onBeforeSend: SKIP (fr=true syn=false hasRead=true)
[2026-07-30T10:44:33.380Z] LiveUpdateForge: EndTurn fallback flush
[2026-07-30T10:44:33.381Z] onEndTurn: naturalStop=false toolCalls=11 nudgeMsg=no
[2026-07-30T10:44:35.838Z] LiveUpdateForge: EndTurn fallback flush
[2026-07-30T10:44:35.839Z] onEndTurn: naturalStop=false toolCalls=59 nudgeMsg=no
[2026-07-30T10:44:42.030Z] LiveUpdateForge: AfterToolExec flush
[2026-07-30T10:44:42.037Z] LiveUpdateForge: AfterToolExec flush
[2026-07-30T10:44:42.088Z] InitialReadForge.onBeforeSend: SKIP (fr=true syn=false hasRead=true)
[2026-07-30T10:44:51.333Z] LiveUpdateForge: EndTurn fallback flush
[2026-07-30T10:44:51.333Z] onEndTurn: naturalStop=false toolCalls=61 nudgeMsg=no
[2026-07-30T10:44:57.042Z] LiveUpdateForge: AfterToolExec flush
[2026-07-30T10:44:57.093Z] InitialReadForge.onBeforeSend: SKIP (fr=true syn=false hasRead=true)
[2026-07-30T10:45:10.797Z] LiveUpdateForge: AfterToolExec flush
[2026-07-30T10:45:10.849Z] InitialReadForge.onBeforeSend: SKIP (fr=true syn=false hasRead=true)
[2026-07-30T10:45:14.627Z] LiveUpdateForge: EndTurn fallback flush
[2026-07-30T10:45:14.627Z] onEndTurn: naturalStop=false toolCalls=62 nudgeMsg=no
[2026-07-30T10:45:14.649Z] LiveUpdateForge: AfterToolExec flush
[2026-07-30T10:45:14.709Z] InitialReadForge.onBeforeSend: SKIP (fr=true syn=false hasRead=true)
[2026-07-30T10:45:14.992Z] LiveUpdateForge: EndTurn fallback flush
[2026-07-30T10:45:14.992Z] onEndTurn: naturalStop=false toolCalls=12 nudgeMsg=no
[2026-07-30T10:45:15.025Z] LiveUpdateForge: AfterToolExec flush
[2026-07-30T10:45:15.078Z] InitialReadForge.onBeforeSend: SKIP (fr=true syn=false hasRead=true)
[2026-07-30T10:45:36.436Z] LiveUpdateForge: EndTurn fallback flush
[2026-07-30T10:45:36.437Z] onEndTurn: naturalStop=false toolCalls=63 nudgeMsg=no
[2026-07-30T10:45:36.495Z] LiveUpdateForge: AfterToolExec flush
[2026-07-30T10:45:36.540Z] InitialReadForge.onBeforeSend: SKIP (fr=true syn=false hasRead=true)
[2026-07-30T10:45:40.763Z] LiveUpdateForge: EndTurn fallback flush
[2026-07-30T10:45:40.763Z] onEndTurn: naturalStop=false toolCalls=64 nudgeMsg=no
[2026-07-30T10:45:40.847Z] LiveUpdateForge: AfterToolExec flush
[2026-07-30T10:45:40.892Z] InitialReadForge.onBeforeSend: SKIP (fr=true syn=false hasRead=true)
[2026-07-30T10:45:47.458Z] LiveUpdateForge: EndTurn fallback flush
[2026-07-30T10:45:47.458Z] onEndTurn: naturalStop=false toolCalls=65 nudgeMsg=no
[2026-07-30T10:45:47.803Z] LiveUpdateForge: AfterToolExec flush
[2026-07-30T10:45:47.858Z] InitialReadForge.onBeforeSend: SKIP (fr=true syn=false hasRead=true)
[2026-07-30T10:45:51.961Z] LiveUpdateForge: EndTurn fallback flush
[2026-07-30T10:45:51.961Z] onEndTurn: naturalStop=false toolCalls=66 nudgeMsg=no
[2026-07-30T10:45:53.283Z] LiveUpdateForge: AfterToolExec flush
[2026-07-30T10:45:53.338Z] InitialReadForge.onBeforeSend: SKIP (fr=true syn=false hasRead=true)
[2026-07-30T10:45:58.483Z] LiveUpdateForge: EndTurn fallback flush
[2026-07-30T10:45:58.483Z] onEndTurn: naturalStop=false toolCalls=67 nudgeMsg=no
[2026-07-30T10:45:58.547Z] LiveUpdateForge: AfterToolExec flush
[2026-07-30T10:45:58.614Z] InitialReadForge.onBeforeSend: SKIP (fr=true syn=false hasRead=true)
[2026-07-30T10:46:05.633Z] LiveUpdateForge: EndTurn fallback flush
[2026-07-30T10:46:05.634Z] onEndTurn: naturalStop=true toolCalls=13 nudgeMsg=no
[2026-07-30T10:46:12.173Z] ResumeDiffForge: running checkResumeConsistency
[2026-07-30T10:46:12.174Z] checkResumeConsistency: forgedTimestamps=[]
[2026-07-30T10:46:12.198Z] checkResumeConsistency: no changes detected
[2026-07-30T10:46:12.199Z] LiveUpdateForge: session reset, allowLiveUpdate = false
[2026-07-30T10:46:12.199Z] NudgeForge: ResumeComplete — restoring count from history
[2026-07-30T10:46:12.200Z] restoreNudgeCountFromHistory: no reset point found, count=13
[2026-07-30T10:46:22.467Z] LiveUpdateForge: EndTurn fallback flush
[2026-07-30T10:46:22.467Z] onEndTurn: naturalStop=false toolCalls=68 nudgeMsg=no
[2026-07-30T10:46:22.533Z] LiveUpdateForge: AfterToolExec flush
[2026-07-30T10:46:22.587Z] InitialReadForge.onBeforeSend: SKIP (fr=true syn=false hasRead=true)
[2026-07-30T10:46:46.179Z] ResumeDiffForge: running checkResumeConsistency
[2026-07-30T10:46:46.179Z] checkResumeConsistency: forgedTimestamps=[]
[2026-07-30T10:46:46.186Z] checkResumeConsistency: no changes detected
[2026-07-30T10:46:46.186Z] LiveUpdateForge: session reset, allowLiveUpdate = false
[2026-07-30T10:46:46.187Z] NudgeForge: ResumeComplete — restoring count from history
[2026-07-30T10:46:46.187Z] restoreNudgeCountFromHistory: no reset point found, count=13
[2026-07-30T10:46:46.204Z] LiveUpdateForge: allowLiveUpdate = true (first real BeforeSend)
[2026-07-30T10:46:46.205Z] InitialReadForge.onBeforeSend: SKIP (fr=false syn=false hasRead=true)
[2026-07-30T10:46:51.961Z] LiveUpdateForge: EndTurn fallback flush
[2026-07-30T10:46:51.961Z] onEndTurn: naturalStop=false toolCalls=13 nudgeMsg=no
[2026-07-30T10:46:51.964Z] LiveUpdateForge: EndTurn fallback flush
[2026-07-30T10:46:51.965Z] onEndTurn: naturalStop=false toolCalls=69 nudgeMsg=no
[2026-07-30T10:46:51.973Z] LiveUpdateForge: AfterToolExec flush
[2026-07-30T10:46:51.984Z] LiveUpdateForge: AfterToolExec flush
[2026-07-30T10:46:52.032Z] InitialReadForge.onBeforeSend: SKIP (fr=true syn=false hasRead=true)
[2026-07-30T10:46:52.050Z] InitialReadForge.onBeforeSend: SKIP (fr=true syn=false hasRead=true)
[2026-07-30T10:46:54.484Z] LiveUpdateForge: EndTurn fallback flush
[2026-07-30T10:46:54.485Z] onEndTurn: naturalStop=false toolCalls=14 nudgeMsg=no
[2026-07-30T10:46:54.489Z] LiveUpdateForge: AfterToolExec flush
[2026-07-30T10:46:54.541Z] InitialReadForge.onBeforeSend: SKIP (fr=true syn=false hasRead=true)
[2026-07-30T10:46:59.177Z] LiveUpdateForge: EndTurn fallback flush
[2026-07-30T10:46:59.178Z] onEndTurn: naturalStop=false toolCalls=15 nudgeMsg=no
[2026-07-30T10:46:59.236Z] LiveUpdateForge: AfterToolExec flush
[2026-07-30T10:46:59.242Z] LiveUpdateForge: AfterToolExec flush
[2026-07-30T10:46:59.243Z] LiveUpdateForge: AfterToolExec flush
[2026-07-30T10:46:59.296Z] InitialReadForge.onBeforeSend: SKIP (fr=true syn=false hasRead=true)
[2026-07-30T10:47:14.226Z] LiveUpdateForge: EndTurn fallback flush
[2026-07-30T10:47:14.227Z] onEndTurn: naturalStop=false toolCalls=18 nudgeMsg=no
[2026-07-30T10:47:14.541Z] LiveUpdateForge: EndTurn fallback flush
[2026-07-30T10:47:14.541Z] onEndTurn: naturalStop=true toolCalls=0 nudgeMsg=YES
[2026-07-30T10:47:14.556Z] InitialReadForge.onBeforeSend: SKIP (fr=false syn=false hasRead=true)
[2026-07-30T10:47:34.573Z] LiveUpdateForge: EndTurn fallback flush
[2026-07-30T10:47:34.573Z] onEndTurn: naturalStop=false toolCalls=0 nudgeMsg=no
[2026-07-30T10:47:34.601Z] LiveUpdateForge: self-write on D:\unity\mowang\CODELY.md, baseline aligned
[2026-07-30T10:47:34.602Z] LiveUpdateForge: AfterToolExec flush
[2026-07-30T10:47:34.651Z] InitialReadForge.onBeforeSend: SKIP (fr=true syn=false hasRead=true)
[2026-07-30T10:47:35.114Z] LiveUpdateForge: pending external change on D:\unity\mowang\CODELY.md
[2026-07-30T10:47:39.276Z] LiveUpdateForge: EndTurn fallback flush
[2026-07-30T10:47:39.277Z] onEndTurn: naturalStop=true toolCalls=0 nudgeMsg=no
[2026-07-30T10:50:30.754Z] ResumeDiffForge: running checkResumeConsistency
[2026-07-30T10:50:30.756Z] checkResumeConsistency: forgedTimestamps=[]
[2026-07-30T10:50:30.768Z] checkResumeConsistency: no changes detected
[2026-07-30T10:50:30.769Z] LiveUpdateForge: session reset, allowLiveUpdate = false
[2026-07-30T10:50:30.769Z] NudgeForge: ResumeComplete — restoring count from history
[2026-07-30T10:50:30.770Z] restoreNudgeCountFromHistory: found last write at idx=88 count=0
[2026-07-30T10:50:30.811Z] LiveUpdateForge: allowLiveUpdate = true (first real BeforeSend)
[2026-07-30T10:50:30.812Z] InitialReadForge.onBeforeSend: SKIP (fr=false syn=false hasRead=true)
[2026-07-30T10:50:30.953Z] LiveUpdateForge: EndTurn fallback flush
[2026-07-30T10:50:30.954Z] onEndTurn: naturalStop=false toolCalls=0 nudgeMsg=no
[2026-07-30T10:50:30.960Z] InitialReadForge.onBeforeSend: SKIP (fr=false syn=false hasRead=true)
[2026-07-30T10:50:39.502Z] LiveUpdateForge: EndTurn fallback flush
[2026-07-30T10:50:39.502Z] onEndTurn: naturalStop=false toolCalls=0 nudgeMsg=no
[2026-07-30T10:51:05.144Z] LiveUpdateForge: AfterToolExec flush
[2026-07-30T10:51:05.179Z] InitialReadForge.onBeforeSend: SKIP (fr=true syn=false hasRead=true)
[2026-07-30T10:51:08.381Z] LiveUpdateForge: EndTurn fallback flush
[2026-07-30T10:51:08.381Z] onEndTurn: naturalStop=true toolCalls=1 nudgeMsg=no
[2026-07-30T10:51:43.522Z] LiveUpdateForge: AfterToolExec flush
[2026-07-30T10:51:43.525Z] LiveUpdateForge: enqueuing 1 diff notification(s)
[2026-07-30T10:51:43.581Z] InitialReadForge.onBeforeSend: SKIP (fr=true syn=false hasRead=true)
[2026-07-30T10:51:48.137Z] LiveUpdateForge: EndTurn fallback flush
[2026-07-30T10:51:48.137Z] onEndTurn: naturalStop=false toolCalls=19 nudgeMsg=no
[2026-07-30T10:51:48.152Z] LiveUpdateForge: AfterToolExec flush
[2026-07-30T10:51:48.205Z] InitialReadForge.onBeforeSend: SKIP (fr=true syn=false hasRead=true)
[2026-07-30T10:51:52.690Z] LiveUpdateForge: EndTurn fallback flush
[2026-07-30T10:51:52.690Z] onEndTurn: naturalStop=false toolCalls=20 nudgeMsg=no
[2026-07-30T10:51:52.928Z] LiveUpdateForge: AfterToolExec flush
[2026-07-30T10:51:52.980Z] InitialReadForge.onBeforeSend: SKIP (fr=true syn=false hasRead=true)
[2026-07-30T10:52:15.412Z] LiveUpdateForge: EndTurn fallback flush
[2026-07-30T10:52:15.413Z] onEndTurn: naturalStop=false toolCalls=21 nudgeMsg=no
[2026-07-30T10:52:26.950Z] LiveUpdateForge: AfterToolExec flush
[2026-07-30T10:52:27.006Z] InitialReadForge.onBeforeSend: SKIP (fr=true syn=false hasRead=true)
[2026-07-30T10:52:31.671Z] LiveUpdateForge: EndTurn fallback flush
[2026-07-30T10:52:31.672Z] onEndTurn: naturalStop=false toolCalls=22 nudgeMsg=no
[2026-07-30T10:52:31.876Z] LiveUpdateForge: AfterToolExec flush
[2026-07-30T10:52:31.894Z] LiveUpdateForge: AfterToolExec flush
[2026-07-30T10:52:31.899Z] LiveUpdateForge: AfterToolExec flush
[2026-07-30T10:52:31.956Z] InitialReadForge.onBeforeSend: SKIP (fr=true syn=false hasRead=true)
[2026-07-30T10:52:36.333Z] LiveUpdateForge: EndTurn fallback flush
[2026-07-30T10:52:36.333Z] onEndTurn: naturalStop=false toolCalls=25 nudgeMsg=no
[2026-07-30T10:52:36.349Z] LiveUpdateForge: AfterToolExec flush
[2026-07-30T10:52:36.354Z] LiveUpdateForge: AfterToolExec flush
[2026-07-30T10:52:36.357Z] LiveUpdateForge: AfterToolExec flush
[2026-07-30T10:52:36.414Z] InitialReadForge.onBeforeSend: SKIP (fr=true syn=false hasRead=true)
[2026-07-30T10:52:57.389Z] LiveUpdateForge: EndTurn fallback flush
[2026-07-30T10:52:57.389Z] onEndTurn: naturalStop=false toolCalls=28 nudgeMsg=no
[2026-07-30T10:52:59.421Z] LiveUpdateForge: AfterToolExec flush
[2026-07-30T10:52:59.422Z] LiveUpdateForge: AfterToolExec flush
[2026-07-30T10:52:59.423Z] LiveUpdateForge: AfterToolExec flush
[2026-07-30T10:52:59.424Z] LiveUpdateForge: AfterToolExec flush
[2026-07-30T10:52:59.425Z] LiveUpdateForge: AfterToolExec flush
[2026-07-30T10:52:59.426Z] LiveUpdateForge: AfterToolExec flush
[2026-07-30T10:52:59.427Z] LiveUpdateForge: AfterToolExec flush
[2026-07-30T10:52:59.428Z] LiveUpdateForge: AfterToolExec flush
[2026-07-30T10:52:59.429Z] LiveUpdateForge: AfterToolExec flush
[2026-07-30T10:52:59.429Z] LiveUpdateForge: AfterToolExec flush
[2026-07-30T10:52:59.430Z] LiveUpdateForge: AfterToolExec flush
[2026-07-30T10:52:59.458Z] InitialReadForge.onBeforeSend: SKIP (fr=true syn=false hasRead=true)
[2026-07-30T10:53:09.155Z] LiveUpdateForge: EndTurn fallback flush
[2026-07-30T10:53:09.156Z] onEndTurn: naturalStop=false toolCalls=39 nudgeMsg=no
[2026-07-30T10:53:20.187Z] LiveUpdateForge: AfterToolExec flush
[2026-07-30T10:53:20.188Z] LiveUpdateForge: AfterToolExec flush
[2026-07-30T10:53:20.195Z] LiveUpdateForge: AfterToolExec flush
[2026-07-30T10:53:20.197Z] LiveUpdateForge: AfterToolExec flush
[2026-07-30T10:53:20.198Z] LiveUpdateForge: AfterToolExec flush
[2026-07-30T10:53:20.227Z] InitialReadForge.onBeforeSend: SKIP (fr=true syn=false hasRead=true)
[2026-07-30T10:53:26.138Z] LiveUpdateForge: EndTurn fallback flush
[2026-07-30T10:53:26.139Z] onEndTurn: naturalStop=false toolCalls=44 nudgeMsg=no
[2026-07-30T10:53:26.177Z] LiveUpdateForge: AfterToolExec flush
[2026-07-30T10:53:26.226Z] LiveUpdateForge: AfterToolExec flush
[2026-07-30T10:53:26.255Z] InitialReadForge.onBeforeSend: SKIP (fr=true syn=false hasRead=true)
[2026-07-30T10:53:40.910Z] LiveUpdateForge: EndTurn fallback flush
[2026-07-30T10:53:40.910Z] onEndTurn: naturalStop=false toolCalls=46 nudgeMsg=no
[2026-07-30T10:53:40.938Z] LiveUpdateForge: AfterToolExec flush
[2026-07-30T10:53:40.939Z] LiveUpdateForge: AfterToolExec flush
[2026-07-30T10:53:40.939Z] LiveUpdateForge: AfterToolExec flush
[2026-07-30T10:53:40.940Z] LiveUpdateForge: AfterToolExec flush
[2026-07-30T10:53:40.973Z] InitialReadForge.onBeforeSend: SKIP (fr=true syn=false hasRead=true)
[2026-07-30T10:53:59.675Z] LiveUpdateForge: EndTurn fallback flush
[2026-07-30T10:53:59.675Z] onEndTurn: naturalStop=false toolCalls=50 nudgeMsg=no
[2026-07-30T10:54:02.686Z] LiveUpdateForge: AfterToolExec flush
[2026-07-30T10:54:02.743Z] InitialReadForge.onBeforeSend: SKIP (fr=true syn=false hasRead=true)
[2026-07-30T10:54:13.322Z] LiveUpdateForge: EndTurn fallback flush
[2026-07-30T10:54:13.323Z] onEndTurn: naturalStop=false toolCalls=51 nudgeMsg=no
[2026-07-30T10:54:37.313Z] LiveUpdateForge: AfterToolExec flush
[2026-07-30T10:54:37.354Z] InitialReadForge.onBeforeSend: SKIP (fr=true syn=false hasRead=true)
[2026-07-30T10:54:40.258Z] LiveUpdateForge: EndTurn fallback flush
[2026-07-30T10:54:40.259Z] onEndTurn: naturalStop=false toolCalls=52 nudgeMsg=no
[2026-07-30T10:54:40.315Z] LiveUpdateForge: AfterToolExec flush
[2026-07-30T10:54:40.348Z] InitialReadForge.onBeforeSend: SKIP (fr=true syn=false hasRead=true)
[2026-07-30T10:54:44.393Z] LiveUpdateForge: EndTurn fallback flush
[2026-07-30T10:54:44.394Z] onEndTurn: naturalStop=false toolCalls=53 nudgeMsg=no
[2026-07-30T10:55:04.089Z] LiveUpdateForge: AfterToolExec flush
[2026-07-30T10:55:04.129Z] InitialReadForge.onBeforeSend: SKIP (fr=true syn=false hasRead=true)
[2026-07-30T10:55:07.921Z] LiveUpdateForge: EndTurn fallback flush
[2026-07-30T10:55:07.921Z] onEndTurn: naturalStop=false toolCalls=54 nudgeMsg=no
[2026-07-30T10:55:08.028Z] LiveUpdateForge: AfterToolExec flush
[2026-07-30T10:55:08.082Z] InitialReadForge.onBeforeSend: SKIP (fr=true syn=false hasRead=true)
[2026-07-30T10:55:11.697Z] LiveUpdateForge: EndTurn fallback flush
[2026-07-30T10:55:11.697Z] onEndTurn: naturalStop=false toolCalls=55 nudgeMsg=no
[2026-07-30T10:55:11.716Z] LiveUpdateForge: AfterToolExec flush
[2026-07-30T10:55:11.748Z] InitialReadForge.onBeforeSend: SKIP (fr=true syn=false hasRead=true)
[2026-07-30T10:55:15.286Z] LiveUpdateForge: EndTurn fallback flush
[2026-07-30T10:55:15.286Z] onEndTurn: naturalStop=false toolCalls=56 nudgeMsg=no
[2026-07-30T10:55:15.290Z] LiveUpdateForge: AfterToolExec flush
[2026-07-30T10:55:15.321Z] InitialReadForge.onBeforeSend: SKIP (fr=true syn=false hasRead=true)
[2026-07-30T10:55:21.629Z] LiveUpdateForge: EndTurn fallback flush
[2026-07-30T10:55:21.629Z] onEndTurn: naturalStop=false toolCalls=57 nudgeMsg=no
[2026-07-30T10:55:21.643Z] LiveUpdateForge: AfterToolExec flush
[2026-07-30T10:55:21.677Z] InitialReadForge.onBeforeSend: SKIP (fr=true syn=false hasRead=true)
[2026-07-30T10:55:29.455Z] LiveUpdateForge: EndTurn fallback flush
[2026-07-30T10:55:29.455Z] onEndTurn: naturalStop=false toolCalls=58 nudgeMsg=no
[2026-07-30T10:55:29.475Z] LiveUpdateForge: AfterToolExec flush
[2026-07-30T10:55:29.514Z] InitialReadForge.onBeforeSend: SKIP (fr=true syn=false hasRead=true)
[2026-07-30T10:55:32.755Z] LiveUpdateForge: EndTurn fallback flush
[2026-07-30T10:55:32.755Z] onEndTurn: naturalStop=false toolCalls=59 nudgeMsg=no
[2026-07-30T10:55:32.771Z] LiveUpdateForge: AfterToolExec flush
[2026-07-30T10:55:32.808Z] InitialReadForge.onBeforeSend: SKIP (fr=true syn=false hasRead=true)
[2026-07-30T10:55:37.928Z] LiveUpdateForge: EndTurn fallback flush
[2026-07-30T10:55:37.928Z] onEndTurn: naturalStop=false toolCalls=60 nudgeMsg=no
[2026-07-30T10:55:38.013Z] LiveUpdateForge: AfterToolExec flush
[2026-07-30T10:55:38.044Z] InitialReadForge.onBeforeSend: SKIP (fr=true syn=false hasRead=true)
[2026-07-30T10:55:42.005Z] LiveUpdateForge: EndTurn fallback flush
[2026-07-30T10:55:42.005Z] onEndTurn: naturalStop=false toolCalls=61 nudgeMsg=no
[2026-07-30T10:55:42.010Z] LiveUpdateForge: AfterToolExec flush
[2026-07-30T10:55:42.049Z] InitialReadForge.onBeforeSend: SKIP (fr=true syn=false hasRead=true)
[2026-07-30T10:55:48.418Z] LiveUpdateForge: EndTurn fallback flush
[2026-07-30T10:55:48.419Z] onEndTurn: naturalStop=true toolCalls=0 nudgeMsg=YES
[2026-07-30T10:55:48.429Z] InitialReadForge.onBeforeSend: SKIP (fr=false syn=false hasRead=true)
[2026-07-30T10:55:53.988Z] LiveUpdateForge: EndTurn fallback flush
[2026-07-30T10:55:53.989Z] onEndTurn: naturalStop=true toolCalls=0 nudgeMsg=no
[2026-07-30T10:56:32.725Z] MemoryForge: attached 5 listener(s)
[2026-07-30T10:56:32.726Z] InitialReadForge: armed one-shot BeforeSend after NewSessionStart
[2026-07-30T10:56:32.727Z] LiveUpdateForge: session reset, allowLiveUpdate = false
[2026-07-30T10:56:37.940Z] MemoryForge: attached 5 listener(s)
[2026-07-30T10:56:37.940Z] InitialReadForge: armed one-shot BeforeSend after NewSessionStart
[2026-07-30T10:56:37.940Z] LiveUpdateForge: session reset, allowLiveUpdate = false
[2026-07-30T10:56:37.941Z] MemoryForge: detached all listeners
[2026-07-30T10:56:37.942Z] ResumeDiffForge: no read_memory in history, backfilling forge
[2026-07-30T10:56:38.070Z] recordForgedToolExchange: toolName=read_memory callId=resume-forge-read-memory-backfill
[2026-07-30T10:56:38.111Z] recordForgedToolExchange: recordMessage + recordToolCalls persisted
[2026-07-30T10:56:38.112Z] injectForgedHistory: role=user preview=""
[2026-07-30T10:56:38.129Z] injectForgedHistory: recordMessage persisted
[2026-07-30T10:56:38.135Z] ResumeDiffForge: backfilled read_memory and baseline for 2 raw + 2 provider file(s)
[2026-07-30T10:56:38.135Z] LiveUpdateForge: session reset, allowLiveUpdate = false
[2026-07-30T10:56:38.135Z] NudgeForge: ResumeComplete — restoring count from history
[2026-07-30T10:56:38.135Z] restoreNudgeCountFromHistory: no reset point found, count=0
[2026-07-30T10:56:38.166Z] LiveUpdateForge: allowLiveUpdate = true (first real BeforeSend)
[2026-07-30T10:56:38.167Z] InitialReadForge.onBeforeSend: SKIP (fr=false syn=false hasRead=true)
[2026-07-30T10:56:44.554Z] LiveUpdateForge: EndTurn fallback flush
[2026-07-30T10:56:44.555Z] onEndTurn: naturalStop=false toolCalls=0 nudgeMsg=no
[2026-07-30T10:56:44.583Z] LiveUpdateForge: AfterToolExec flush
[2026-07-30T10:56:44.584Z] LiveUpdateForge: AfterToolExec flush
[2026-07-30T10:56:44.584Z] LiveUpdateForge: AfterToolExec flush
[2026-07-30T10:56:44.609Z] InitialReadForge.onBeforeSend: SKIP (fr=true syn=false hasRead=true)
[2026-07-30T10:56:51.433Z] LiveUpdateForge: EndTurn fallback flush
[2026-07-30T10:56:51.433Z] onEndTurn: naturalStop=false toolCalls=3 nudgeMsg=no
[2026-07-30T10:56:51.459Z] LiveUpdateForge: AfterToolExec flush
[2026-07-30T10:57:34.294Z] LiveUpdateForge: AfterToolExec flush
[2026-07-30T10:58:13.120Z] LiveUpdateForge: AfterToolExec flush
[2026-07-30T10:58:37.084Z] LiveUpdateForge: AfterToolExec flush
[2026-07-30T10:58:37.119Z] InitialReadForge.onBeforeSend: SKIP (fr=true syn=false hasRead=true)
[2026-07-30T10:58:57.606Z] LiveUpdateForge: EndTurn fallback flush
[2026-07-30T10:58:57.607Z] onEndTurn: naturalStop=false toolCalls=7 nudgeMsg=no
[2026-07-30T10:58:57.623Z] LiveUpdateForge: AfterToolExec flush
[2026-07-30T10:58:57.624Z] LiveUpdateForge: AfterToolExec flush
[2026-07-30T10:58:57.625Z] LiveUpdateForge: AfterToolExec flush
[2026-07-30T10:58:57.626Z] LiveUpdateForge: AfterToolExec flush
[2026-07-30T10:58:57.653Z] InitialReadForge.onBeforeSend: SKIP (fr=true syn=false hasRead=true)
[2026-07-30T10:59:09.143Z] LiveUpdateForge: EndTurn fallback flush
[2026-07-30T10:59:09.144Z] onEndTurn: naturalStop=false toolCalls=11 nudgeMsg=no
[2026-07-30T10:59:09.154Z] LiveUpdateForge: AfterToolExec flush
[2026-07-30T10:59:09.155Z] LiveUpdateForge: AfterToolExec flush
[2026-07-30T10:59:09.156Z] LiveUpdateForge: AfterToolExec flush
[2026-07-30T10:59:09.156Z] LiveUpdateForge: AfterToolExec flush
[2026-07-30T10:59:09.157Z] LiveUpdateForge: AfterToolExec flush
[2026-07-30T10:59:09.158Z] LiveUpdateForge: AfterToolExec flush
[2026-07-30T10:59:09.159Z] LiveUpdateForge: AfterToolExec flush
[2026-07-30T10:59:09.160Z] LiveUpdateForge: AfterToolExec flush
[2026-07-30T10:59:09.160Z] LiveUpdateForge: AfterToolExec flush
[2026-07-30T10:59:09.161Z] LiveUpdateForge: AfterToolExec flush
[2026-07-30T10:59:09.161Z] LiveUpdateForge: AfterToolExec flush
[2026-07-30T10:59:09.162Z] LiveUpdateForge: AfterToolExec flush
[2026-07-30T10:59:09.162Z] LiveUpdateForge: AfterToolExec flush
[2026-07-30T10:59:09.163Z] LiveUpdateForge: AfterToolExec flush
[2026-07-30T10:59:09.164Z] LiveUpdateForge: AfterToolExec flush
[2026-07-30T10:59:09.191Z] InitialReadForge.onBeforeSend: SKIP (fr=true syn=false hasRead=true)
[2026-07-30T10:59:34.905Z] LiveUpdateForge: EndTurn fallback flush
[2026-07-30T10:59:34.905Z] onEndTurn: naturalStop=false toolCalls=26 nudgeMsg=no
[2026-07-30T10:59:35.015Z] LiveUpdateForge: AfterToolExec flush
[2026-07-30T10:59:35.045Z] InitialReadForge.onBeforeSend: SKIP (fr=true syn=false hasRead=true)
[2026-07-30T10:59:43.706Z] LiveUpdateForge: EndTurn fallback flush
[2026-07-30T10:59:43.706Z] onEndTurn: naturalStop=false toolCalls=27 nudgeMsg=no
[2026-07-30T10:59:43.725Z] LiveUpdateForge: AfterToolExec flush
[2026-07-30T10:59:43.758Z] InitialReadForge.onBeforeSend: SKIP (fr=true syn=false hasRead=true)
[2026-07-30T10:59:47.190Z] LiveUpdateForge: EndTurn fallback flush
[2026-07-30T10:59:47.191Z] onEndTurn: naturalStop=false toolCalls=28 nudgeMsg=no
[2026-07-30T10:59:47.199Z] LiveUpdateForge: AfterToolExec flush
[2026-07-30T10:59:47.227Z] InitialReadForge.onBeforeSend: SKIP (fr=true syn=false hasRead=true)
[2026-07-30T10:59:51.738Z] LiveUpdateForge: EndTurn fallback flush
[2026-07-30T10:59:51.738Z] onEndTurn: naturalStop=false toolCalls=29 nudgeMsg=no
[2026-07-30T10:59:51.751Z] LiveUpdateForge: AfterToolExec flush
[2026-07-30T10:59:51.775Z] InitialReadForge.onBeforeSend: SKIP (fr=true syn=false hasRead=true)
[2026-07-30T11:00:01.574Z] LiveUpdateForge: EndTurn fallback flush
[2026-07-30T11:00:01.574Z] onEndTurn: naturalStop=false toolCalls=30 nudgeMsg=no
[2026-07-30T11:00:01.600Z] LiveUpdateForge: AfterToolExec flush
[2026-07-30T11:00:01.601Z] LiveUpdateForge: AfterToolExec flush
[2026-07-30T11:00:01.647Z] LiveUpdateForge: AfterToolExec flush
[2026-07-30T11:00:01.674Z] InitialReadForge.onBeforeSend: SKIP (fr=true syn=false hasRead=true)
[2026-07-30T11:00:15.971Z] LiveUpdateForge: EndTurn fallback flush
[2026-07-30T11:00:15.972Z] onEndTurn: naturalStop=false toolCalls=33 nudgeMsg=no
[2026-07-30T11:00:16.018Z] LiveUpdateForge: AfterToolExec flush
[2026-07-30T11:00:16.043Z] LiveUpdateForge: AfterToolExec flush
[2026-07-30T11:00:16.056Z] LiveUpdateForge: AfterToolExec flush
[2026-07-30T11:00:16.083Z] InitialReadForge.onBeforeSend: SKIP (fr=true syn=false hasRead=true)
[2026-07-30T11:00:19.865Z] LiveUpdateForge: EndTurn fallback flush
[2026-07-30T11:00:19.866Z] onEndTurn: naturalStop=false toolCalls=36 nudgeMsg=no
[2026-07-30T11:00:19.877Z] LiveUpdateForge: AfterToolExec flush
[2026-07-30T11:00:19.916Z] InitialReadForge.onBeforeSend: SKIP (fr=true syn=false hasRead=true)
[2026-07-30T11:00:22.924Z] LiveUpdateForge: EndTurn fallback flush
[2026-07-30T11:00:22.924Z] onEndTurn: naturalStop=false toolCalls=37 nudgeMsg=no
[2026-07-30T11:00:22.943Z] LiveUpdateForge: AfterToolExec flush
[2026-07-30T11:00:22.977Z] InitialReadForge.onBeforeSend: SKIP (fr=true syn=false hasRead=true)
[2026-07-30T11:00:28.282Z] LiveUpdateForge: EndTurn fallback flush
[2026-07-30T11:00:28.282Z] onEndTurn: naturalStop=false toolCalls=38 nudgeMsg=no
[2026-07-30T11:00:28.330Z] LiveUpdateForge: AfterToolExec flush
[2026-07-30T11:00:28.348Z] LiveUpdateForge: AfterToolExec flush
[2026-07-30T11:00:28.367Z] LiveUpdateForge: AfterToolExec flush
[2026-07-30T11:00:28.419Z] InitialReadForge.onBeforeSend: SKIP (fr=true syn=false hasRead=true)
[2026-07-30T11:00:36.073Z] LiveUpdateForge: EndTurn fallback flush
[2026-07-30T11:00:36.073Z] onEndTurn: naturalStop=false toolCalls=41 nudgeMsg=no
[2026-07-30T11:00:36.121Z] LiveUpdateForge: AfterToolExec flush
[2026-07-30T11:00:36.145Z] LiveUpdateForge: AfterToolExec flush
[2026-07-30T11:00:36.172Z] LiveUpdateForge: AfterToolExec flush
[2026-07-30T11:00:36.191Z] LiveUpdateForge: AfterToolExec flush
[2026-07-30T11:00:36.212Z] LiveUpdateForge: AfterToolExec flush
[2026-07-30T11:00:36.264Z] InitialReadForge.onBeforeSend: SKIP (fr=true syn=false hasRead=true)
[2026-07-30T11:00:40.814Z] LiveUpdateForge: EndTurn fallback flush
[2026-07-30T11:00:40.814Z] onEndTurn: naturalStop=false toolCalls=46 nudgeMsg=no
[2026-07-30T11:00:40.831Z] LiveUpdateForge: AfterToolExec flush
[2026-07-30T11:00:40.857Z] InitialReadForge.onBeforeSend: SKIP (fr=true syn=false hasRead=true)
[2026-07-30T11:00:51.058Z] LiveUpdateForge: EndTurn fallback flush
[2026-07-30T11:00:51.059Z] onEndTurn: naturalStop=false toolCalls=47 nudgeMsg=no
[2026-07-30T11:00:51.108Z] LiveUpdateForge: AfterToolExec flush
[2026-07-30T11:00:51.152Z] LiveUpdateForge: AfterToolExec flush
[2026-07-30T11:00:51.211Z] LiveUpdateForge: AfterToolExec flush
[2026-07-30T11:00:51.252Z] LiveUpdateForge: AfterToolExec flush
[2026-07-30T11:00:51.293Z] LiveUpdateForge: AfterToolExec flush
[2026-07-30T11:00:51.333Z] LiveUpdateForge: AfterToolExec flush
[2026-07-30T11:00:51.388Z] LiveUpdateForge: AfterToolExec flush
[2026-07-30T11:00:51.445Z] InitialReadForge.onBeforeSend: SKIP (fr=true syn=false hasRead=true)
[2026-07-30T11:00:58.848Z] LiveUpdateForge: EndTurn fallback flush
[2026-07-30T11:00:58.848Z] onEndTurn: naturalStop=false toolCalls=54 nudgeMsg=no
[2026-07-30T11:00:59.011Z] LiveUpdateForge: AfterToolExec flush
[2026-07-30T11:00:59.069Z] LiveUpdateForge: AfterToolExec flush
[2026-07-30T11:00:59.104Z] LiveUpdateForge: AfterToolExec flush
[2026-07-30T11:00:59.132Z] LiveUpdateForge: AfterToolExec flush
[2026-07-30T11:00:59.175Z] LiveUpdateForge: AfterToolExec flush
[2026-07-30T11:00:59.855Z] InitialReadForge.onBeforeSend: SKIP (fr=true syn=false hasRead=true)
[2026-07-30T11:01:06.496Z] LiveUpdateForge: EndTurn fallback flush
[2026-07-30T11:01:06.496Z] onEndTurn: naturalStop=false toolCalls=59 nudgeMsg=no
[2026-07-30T11:01:06.552Z] LiveUpdateForge: AfterToolExec flush
[2026-07-30T11:01:06.616Z] LiveUpdateForge: AfterToolExec flush
[2026-07-30T11:01:06.650Z] LiveUpdateForge: AfterToolExec flush
[2026-07-30T11:01:06.712Z] LiveUpdateForge: AfterToolExec flush
[2026-07-30T11:01:06.783Z] LiveUpdateForge: AfterToolExec flush
[2026-07-30T11:01:06.861Z] InitialReadForge.onBeforeSend: SKIP (fr=true syn=false hasRead=true)
[2026-07-30T11:01:10.322Z] LiveUpdateForge: EndTurn fallback flush
[2026-07-30T11:01:10.322Z] onEndTurn: naturalStop=false toolCalls=64 nudgeMsg=no
[2026-07-30T11:01:10.331Z] LiveUpdateForge: AfterToolExec flush
[2026-07-30T11:01:10.362Z] InitialReadForge.onBeforeSend: SKIP (fr=true syn=false hasRead=true)
[2026-07-30T11:01:14.422Z] LiveUpdateForge: EndTurn fallback flush
[2026-07-30T11:01:14.422Z] onEndTurn: naturalStop=false toolCalls=65 nudgeMsg=no
[2026-07-30T11:01:14.432Z] LiveUpdateForge: AfterToolExec flush
[2026-07-30T11:01:14.462Z] InitialReadForge.onBeforeSend: SKIP (fr=true syn=false hasRead=true)
[2026-07-30T11:01:22.265Z] LiveUpdateForge: EndTurn fallback flush
[2026-07-30T11:01:22.266Z] onEndTurn: naturalStop=false toolCalls=66 nudgeMsg=no
[2026-07-30T11:01:22.321Z] LiveUpdateForge: AfterToolExec flush
[2026-07-30T11:01:22.355Z] InitialReadForge.onBeforeSend: SKIP (fr=true syn=false hasRead=true)
[2026-07-30T11:01:27.589Z] LiveUpdateForge: EndTurn fallback flush
[2026-07-30T11:01:27.590Z] onEndTurn: naturalStop=false toolCalls=67 nudgeMsg=no
[2026-07-30T11:01:28.142Z] LiveUpdateForge: AfterToolExec flush
[2026-07-30T11:01:28.143Z] LiveUpdateForge: AfterToolExec flush
[2026-07-30T11:01:28.143Z] LiveUpdateForge: AfterToolExec flush
[2026-07-30T11:01:28.144Z] LiveUpdateForge: AfterToolExec flush
[2026-07-30T11:01:28.173Z] InitialReadForge.onBeforeSend: SKIP (fr=true syn=false hasRead=true)
[2026-07-30T11:01:33.205Z] LiveUpdateForge: EndTurn fallback flush
[2026-07-30T11:01:33.205Z] onEndTurn: naturalStop=false toolCalls=71 nudgeMsg=no
[2026-07-30T11:01:33.520Z] LiveUpdateForge: AfterToolExec flush
[2026-07-30T11:01:33.524Z] LiveUpdateForge: AfterToolExec flush
[2026-07-30T11:01:33.546Z] LiveUpdateForge: AfterToolExec flush
[2026-07-30T11:01:33.552Z] LiveUpdateForge: AfterToolExec flush
[2026-07-30T11:01:33.555Z] LiveUpdateForge: AfterToolExec flush
[2026-07-30T11:01:33.587Z] InitialReadForge.onBeforeSend: SKIP (fr=true syn=false hasRead=true)
[2026-07-30T11:01:37.093Z] LiveUpdateForge: EndTurn fallback flush
[2026-07-30T11:01:37.094Z] onEndTurn: naturalStop=false toolCalls=76 nudgeMsg=no
[2026-07-30T11:01:37.247Z] LiveUpdateForge: AfterToolExec flush
[2026-07-30T11:01:37.264Z] LiveUpdateForge: AfterToolExec flush
[2026-07-30T11:01:37.294Z] InitialReadForge.onBeforeSend: SKIP (fr=true syn=false hasRead=true)
[2026-07-30T11:01:43.729Z] LiveUpdateForge: EndTurn fallback flush
[2026-07-30T11:01:43.730Z] onEndTurn: naturalStop=false toolCalls=78 nudgeMsg=no
[2026-07-30T11:01:43.749Z] LiveUpdateForge: AfterToolExec flush
[2026-07-30T11:01:43.750Z] LiveUpdateForge: AfterToolExec flush
[2026-07-30T11:01:43.783Z] InitialReadForge.onBeforeSend: SKIP (fr=true syn=false hasRead=true)
[2026-07-30T11:01:47.669Z] LiveUpdateForge: EndTurn fallback flush
[2026-07-30T11:01:47.669Z] onEndTurn: naturalStop=false toolCalls=80 nudgeMsg=no
[2026-07-30T11:01:48.339Z] LiveUpdateForge: AfterToolExec flush
[2026-07-30T11:01:48.373Z] InitialReadForge.onBeforeSend: SKIP (fr=true syn=false hasRead=true)
[2026-07-30T11:01:52.124Z] LiveUpdateForge: EndTurn fallback flush
[2026-07-30T11:01:52.125Z] onEndTurn: naturalStop=false toolCalls=81 nudgeMsg=no
[2026-07-30T11:01:52.699Z] LiveUpdateForge: AfterToolExec flush
[2026-07-30T11:01:52.739Z] InitialReadForge.onBeforeSend: SKIP (fr=true syn=false hasRead=true)
[2026-07-30T11:02:02.299Z] LiveUpdateForge: EndTurn fallback flush
[2026-07-30T11:02:02.300Z] onEndTurn: naturalStop=false toolCalls=82 nudgeMsg=no
[2026-07-30T11:02:33.687Z] LiveUpdateForge: AfterToolExec flush
[2026-07-30T11:02:33.732Z] InitialReadForge.onBeforeSend: SKIP (fr=true syn=false hasRead=true)
[2026-07-30T11:02:40.580Z] LiveUpdateForge: EndTurn fallback flush
[2026-07-30T11:02:40.581Z] onEndTurn: naturalStop=false toolCalls=83 nudgeMsg=no
[2026-07-30T11:02:45.340Z] LiveUpdateForge: AfterToolExec flush
[2026-07-30T11:02:45.377Z] InitialReadForge.onBeforeSend: SKIP (fr=true syn=false hasRead=true)
[2026-07-30T11:03:00.611Z] LiveUpdateForge: EndTurn fallback flush
[2026-07-30T11:03:00.611Z] onEndTurn: naturalStop=false toolCalls=84 nudgeMsg=no
[2026-07-30T11:03:02.348Z] LiveUpdateForge: AfterToolExec flush
[2026-07-30T11:03:02.388Z] InitialReadForge.onBeforeSend: SKIP (fr=true syn=false hasRead=true)
[2026-07-30T11:03:06.510Z] LiveUpdateForge: EndTurn fallback flush
[2026-07-30T11:03:06.510Z] onEndTurn: naturalStop=false toolCalls=85 nudgeMsg=no
[2026-07-30T11:03:06.520Z] LiveUpdateForge: AfterToolExec flush
[2026-07-30T11:03:06.553Z] InitialReadForge.onBeforeSend: SKIP (fr=true syn=false hasRead=true)
[2026-07-30T11:03:09.964Z] LiveUpdateForge: EndTurn fallback flush
[2026-07-30T11:03:09.965Z] onEndTurn: naturalStop=false toolCalls=86 nudgeMsg=no
[2026-07-30T11:03:09.974Z] LiveUpdateForge: AfterToolExec flush
[2026-07-30T11:03:10.007Z] InitialReadForge.onBeforeSend: SKIP (fr=true syn=false hasRead=true)
[2026-07-30T11:03:21.554Z] LiveUpdateForge: EndTurn fallback flush
[2026-07-30T11:03:21.555Z] onEndTurn: naturalStop=false toolCalls=87 nudgeMsg=no
[2026-07-30T11:03:21.578Z] LiveUpdateForge: AfterToolExec flush
[2026-07-30T11:03:21.618Z] InitialReadForge.onBeforeSend: SKIP (fr=true syn=false hasRead=true)
[2026-07-30T11:03:51.060Z] LiveUpdateForge: EndTurn fallback flush
[2026-07-30T11:03:51.061Z] onEndTurn: naturalStop=false toolCalls=88 nudgeMsg=no
[2026-07-30T11:03:51.091Z] LiveUpdateForge: AfterToolExec flush
[2026-07-30T11:03:51.130Z] InitialReadForge.onBeforeSend: SKIP (fr=true syn=false hasRead=true)
[2026-07-30T11:03:55.923Z] LiveUpdateForge: EndTurn fallback flush
[2026-07-30T11:03:55.923Z] onEndTurn: naturalStop=false toolCalls=89 nudgeMsg=no
[2026-07-30T11:03:57.188Z] LiveUpdateForge: AfterToolExec flush
[2026-07-30T11:03:57.224Z] InitialReadForge.onBeforeSend: SKIP (fr=true syn=false hasRead=true)
[2026-07-30T11:04:01.596Z] LiveUpdateForge: EndTurn fallback flush
[2026-07-30T11:04:01.596Z] onEndTurn: naturalStop=false toolCalls=90 nudgeMsg=no
[2026-07-30T11:04:01.651Z] LiveUpdateForge: AfterToolExec flush
[2026-07-30T11:04:01.695Z] InitialReadForge.onBeforeSend: SKIP (fr=true syn=false hasRead=true)
[2026-07-30T11:04:04.010Z] MemoryForge: attached 5 listener(s)
[2026-07-30T11:04:04.010Z] InitialReadForge: armed one-shot BeforeSend after NewSessionStart
[2026-07-30T11:04:04.011Z] LiveUpdateForge: session reset, allowLiveUpdate = false
[2026-07-30T11:04:07.836Z] LiveUpdateForge: EndTurn fallback flush
[2026-07-30T11:04:07.836Z] onEndTurn: naturalStop=false toolCalls=91 nudgeMsg=no
[2026-07-30T11:04:07.873Z] LiveUpdateForge: AfterToolExec flush
[2026-07-30T11:04:07.888Z] LiveUpdateForge: AfterToolExec flush
[2026-07-30T11:04:08.222Z] LiveUpdateForge: AfterToolExec flush
[2026-07-30T11:04:08.256Z] InitialReadForge.onBeforeSend: SKIP (fr=true syn=false hasRead=true)
[2026-07-30T11:04:12.652Z] LiveUpdateForge: EndTurn fallback flush
[2026-07-30T11:04:12.653Z] onEndTurn: naturalStop=false toolCalls=94 nudgeMsg=no
[2026-07-30T11:04:12.697Z] LiveUpdateForge: AfterToolExec flush
[2026-07-30T11:04:13.016Z] LiveUpdateForge: AfterToolExec flush
[2026-07-30T11:04:13.057Z] InitialReadForge.onBeforeSend: SKIP (fr=true syn=false hasRead=true)
[2026-07-30T11:04:20.578Z] MemoryForge: attached 5 listener(s)
[2026-07-30T11:04:20.579Z] InitialReadForge: armed one-shot BeforeSend after NewSessionStart
[2026-07-30T11:04:20.579Z] LiveUpdateForge: session reset, allowLiveUpdate = false
[2026-07-30T11:04:20.580Z] MemoryForge: detached all listeners
[2026-07-30T11:04:20.581Z] ResumeDiffForge: no read_memory in history, backfilling forge
[2026-07-30T11:04:20.725Z] recordForgedToolExchange: toolName=read_memory callId=resume-forge-read-memory-backfill
[2026-07-30T11:04:20.765Z] recordForgedToolExchange: recordMessage + recordToolCalls persisted
[2026-07-30T11:04:20.766Z] injectForgedHistory: role=user preview=""
[2026-07-30T11:04:20.784Z] injectForgedHistory: recordMessage persisted
[2026-07-30T11:04:20.792Z] ResumeDiffForge: backfilled read_memory and baseline for 2 raw + 2 provider file(s)
[2026-07-30T11:04:20.792Z] LiveUpdateForge: session reset, allowLiveUpdate = false
[2026-07-30T11:04:20.792Z] NudgeForge: ResumeComplete — restoring count from history
[2026-07-30T11:04:20.793Z] restoreNudgeCountFromHistory: no reset point found, count=0
[2026-07-30T11:04:20.822Z] LiveUpdateForge: allowLiveUpdate = true (first real BeforeSend)
[2026-07-30T11:04:20.823Z] InitialReadForge.onBeforeSend: SKIP (fr=false syn=false hasRead=true)
[2026-07-30T11:04:27.635Z] LiveUpdateForge: EndTurn fallback flush
[2026-07-30T11:04:27.636Z] onEndTurn: naturalStop=false toolCalls=0 nudgeMsg=no
[2026-07-30T11:04:27.652Z] LiveUpdateForge: AfterToolExec flush
[2026-07-30T11:04:27.682Z] InitialReadForge.onBeforeSend: SKIP (fr=true syn=false hasRead=true)
[2026-07-30T11:04:32.413Z] LiveUpdateForge: EndTurn fallback flush
[2026-07-30T11:04:32.414Z] onEndTurn: naturalStop=false toolCalls=1 nudgeMsg=no
[2026-07-30T11:04:32.514Z] LiveUpdateForge: AfterToolExec flush
[2026-07-30T11:04:32.527Z] LiveUpdateForge: AfterToolExec flush
[2026-07-30T11:04:32.658Z] LiveUpdateForge: AfterToolExec flush
[2026-07-30T11:04:32.661Z] LiveUpdateForge: AfterToolExec flush
[2026-07-30T11:04:32.667Z] LiveUpdateForge: AfterToolExec flush
[2026-07-30T11:04:32.688Z] InitialReadForge.onBeforeSend: SKIP (fr=true syn=false hasRead=true)
[2026-07-30T11:04:37.277Z] LiveUpdateForge: EndTurn fallback flush
[2026-07-30T11:04:37.278Z] onEndTurn: naturalStop=false toolCalls=6 nudgeMsg=no
[2026-07-30T11:04:37.304Z] LiveUpdateForge: AfterToolExec flush
[2026-07-30T11:04:37.306Z] LiveUpdateForge: AfterToolExec flush
[2026-07-30T11:04:37.308Z] LiveUpdateForge: AfterToolExec flush
[2026-07-30T11:04:37.318Z] LiveUpdateForge: AfterToolExec flush
[2026-07-30T11:04:37.345Z] InitialReadForge.onBeforeSend: SKIP (fr=true syn=false hasRead=true)
[2026-07-30T11:04:43.728Z] LiveUpdateForge: EndTurn fallback flush
[2026-07-30T11:04:43.729Z] onEndTurn: naturalStop=false toolCalls=10 nudgeMsg=no
[2026-07-30T11:04:43.743Z] LiveUpdateForge: AfterToolExec flush
[2026-07-30T11:04:43.744Z] LiveUpdateForge: AfterToolExec flush
[2026-07-30T11:04:43.854Z] LiveUpdateForge: AfterToolExec flush
[2026-07-30T11:04:43.858Z] LiveUpdateForge: AfterToolExec flush
[2026-07-30T11:04:43.861Z] LiveUpdateForge: AfterToolExec flush
[2026-07-30T11:04:43.891Z] InitialReadForge.onBeforeSend: SKIP (fr=true syn=false hasRead=true)
[2026-07-30T11:04:49.023Z] LiveUpdateForge: EndTurn fallback flush
[2026-07-30T11:04:49.024Z] onEndTurn: naturalStop=false toolCalls=15 nudgeMsg=no
[2026-07-30T11:04:49.034Z] LiveUpdateForge: AfterToolExec flush
[2026-07-30T11:04:49.037Z] LiveUpdateForge: AfterToolExec flush
[2026-07-30T11:04:49.038Z] LiveUpdateForge: AfterToolExec flush
[2026-07-30T11:04:49.117Z] LiveUpdateForge: AfterToolExec flush
[2026-07-30T11:04:49.119Z] LiveUpdateForge: AfterToolExec flush
[2026-07-30T11:04:49.147Z] InitialReadForge.onBeforeSend: SKIP (fr=true syn=false hasRead=true)
[2026-07-30T11:04:57.163Z] LiveUpdateForge: EndTurn fallback flush
[2026-07-30T11:04:57.164Z] onEndTurn: naturalStop=false toolCalls=20 nudgeMsg=no
[2026-07-30T11:04:57.363Z] LiveUpdateForge: AfterToolExec flush
[2026-07-30T11:04:57.375Z] LiveUpdateForge: AfterToolExec flush
[2026-07-30T11:04:57.378Z] LiveUpdateForge: AfterToolExec flush
[2026-07-30T11:04:57.380Z] LiveUpdateForge: AfterToolExec flush
[2026-07-30T11:04:57.408Z] InitialReadForge.onBeforeSend: SKIP (fr=true syn=false hasRead=true)
[2026-07-30T11:05:01.552Z] LiveUpdateForge: EndTurn fallback flush
[2026-07-30T11:05:01.552Z] onEndTurn: naturalStop=false toolCalls=24 nudgeMsg=no
[2026-07-30T11:05:01.561Z] LiveUpdateForge: AfterToolExec flush
[2026-07-30T11:05:01.562Z] LiveUpdateForge: AfterToolExec flush
[2026-07-30T11:05:01.563Z] LiveUpdateForge: AfterToolExec flush
[2026-07-30T11:05:01.564Z] LiveUpdateForge: AfterToolExec flush
[2026-07-30T11:05:01.590Z] InitialReadForge.onBeforeSend: SKIP (fr=true syn=false hasRead=true)
[2026-07-30T11:05:10.358Z] LiveUpdateForge: EndTurn fallback flush
[2026-07-30T11:05:10.358Z] onEndTurn: naturalStop=false toolCalls=28 nudgeMsg=no
[2026-07-30T11:05:10.368Z] LiveUpdateForge: AfterToolExec flush
[2026-07-30T11:05:10.458Z] LiveUpdateForge: AfterToolExec flush
[2026-07-30T11:05:10.460Z] LiveUpdateForge: AfterToolExec flush
[2026-07-30T11:05:10.462Z] LiveUpdateForge: AfterToolExec flush
[2026-07-30T11:05:10.490Z] InitialReadForge.onBeforeSend: SKIP (fr=true syn=false hasRead=true)
[2026-07-30T11:05:22.655Z] LiveUpdateForge: EndTurn fallback flush
[2026-07-30T11:05:22.656Z] onEndTurn: naturalStop=false toolCalls=32 nudgeMsg=no
[2026-07-30T11:05:22.665Z] LiveUpdateForge: AfterToolExec flush
[2026-07-30T11:05:22.666Z] LiveUpdateForge: AfterToolExec flush
[2026-07-30T11:05:22.667Z] LiveUpdateForge: AfterToolExec flush
[2026-07-30T11:05:22.698Z] InitialReadForge.onBeforeSend: SKIP (fr=true syn=false hasRead=true)
[2026-07-30T11:05:28.700Z] InitialReadForge.onBeforeSend: SKIP (fr=false syn=false hasRead=true)
[2026-07-30T11:05:34.308Z] LiveUpdateForge: EndTurn fallback flush
[2026-07-30T11:05:34.308Z] onEndTurn: naturalStop=false toolCalls=96 nudgeMsg=no
[2026-07-30T11:05:34.345Z] LiveUpdateForge: AfterToolExec flush
[2026-07-30T11:05:34.459Z] LiveUpdateForge: AfterToolExec flush
[2026-07-30T11:05:34.494Z] InitialReadForge.onBeforeSend: SKIP (fr=true syn=false hasRead=true)
[2026-07-30T11:05:35.938Z] LiveUpdateForge: EndTurn fallback flush
[2026-07-30T11:05:35.938Z] onEndTurn: naturalStop=false toolCalls=35 nudgeMsg=no
[2026-07-30T11:05:35.973Z] LiveUpdateForge: AfterToolExec flush
[2026-07-30T11:05:36.013Z] InitialReadForge.onBeforeSend: SKIP (fr=true syn=false hasRead=true)
[2026-07-30T11:05:41.876Z] LiveUpdateForge: EndTurn fallback flush
[2026-07-30T11:05:41.877Z] onEndTurn: naturalStop=false toolCalls=98 nudgeMsg=no
[2026-07-30T11:05:41.917Z] LiveUpdateForge: AfterToolExec flush
[2026-07-30T11:05:42.133Z] LiveUpdateForge: AfterToolExec flush
[2026-07-30T11:05:42.171Z] InitialReadForge.onBeforeSend: SKIP (fr=true syn=false hasRead=true)
[2026-07-30T11:05:45.623Z] LiveUpdateForge: EndTurn fallback flush
[2026-07-30T11:05:45.623Z] onEndTurn: naturalStop=false toolCalls=100 nudgeMsg=no
[2026-07-30T11:05:45.639Z] LiveUpdateForge: AfterToolExec flush
[2026-07-30T11:05:45.895Z] LiveUpdateForge: AfterToolExec flush
[2026-07-30T11:05:45.928Z] InitialReadForge.onBeforeSend: SKIP (fr=true syn=false hasRead=true)
[2026-07-30T11:05:47.818Z] LiveUpdateForge: EndTurn fallback flush
[2026-07-30T11:05:47.819Z] onEndTurn: naturalStop=false toolCalls=36 nudgeMsg=no
[2026-07-30T11:05:47.861Z] InitialReadForge.onBeforeSend: SKIP (fr=true syn=false hasRead=true)
[2026-07-30T11:05:51.911Z] LiveUpdateForge: EndTurn fallback flush
[2026-07-30T11:05:51.911Z] onEndTurn: naturalStop=false toolCalls=102 nudgeMsg=no
[2026-07-30T11:05:52.158Z] LiveUpdateForge: AfterToolExec flush
[2026-07-30T11:05:52.164Z] LiveUpdateForge: AfterToolExec flush
[2026-07-30T11:05:52.199Z] InitialReadForge.onBeforeSend: SKIP (fr=true syn=false hasRead=true)
[2026-07-30T11:05:56.375Z] LiveUpdateForge: EndTurn fallback flush
[2026-07-30T11:05:56.376Z] onEndTurn: naturalStop=false toolCalls=36 nudgeMsg=no
[2026-07-30T11:05:56.398Z] LiveUpdateForge: AfterToolExec flush
[2026-07-30T11:05:56.427Z] InitialReadForge.onBeforeSend: SKIP (fr=true syn=false hasRead=true)
[2026-07-30T11:05:57.232Z] LiveUpdateForge: EndTurn fallback flush
[2026-07-30T11:05:57.232Z] onEndTurn: naturalStop=false toolCalls=104 nudgeMsg=no
[2026-07-30T11:05:57.295Z] LiveUpdateForge: AfterToolExec flush
[2026-07-30T11:05:57.328Z] InitialReadForge.onBeforeSend: SKIP (fr=true syn=false hasRead=true)
[2026-07-30T11:06:00.674Z] LiveUpdateForge: EndTurn fallback flush
[2026-07-30T11:06:00.674Z] onEndTurn: naturalStop=false toolCalls=105 nudgeMsg=no
[2026-07-30T11:06:01.327Z] LiveUpdateForge: AfterToolExec flush
[2026-07-30T11:06:01.369Z] InitialReadForge.onBeforeSend: SKIP (fr=true syn=false hasRead=true)
[2026-07-30T11:06:03.841Z] LiveUpdateForge: EndTurn fallback flush
[2026-07-30T11:06:03.842Z] onEndTurn: naturalStop=false toolCalls=106 nudgeMsg=no
[2026-07-30T11:06:03.890Z] LiveUpdateForge: AfterToolExec flush
[2026-07-30T11:06:03.930Z] InitialReadForge.onBeforeSend: SKIP (fr=true syn=false hasRead=true)
[2026-07-30T11:06:04.949Z] LiveUpdateForge: EndTurn fallback flush
[2026-07-30T11:06:04.950Z] onEndTurn: naturalStop=false toolCalls=37 nudgeMsg=no
[2026-07-30T11:06:04.982Z] LiveUpdateForge: AfterToolExec flush
[2026-07-30T11:06:05.012Z] InitialReadForge.onBeforeSend: SKIP (fr=true syn=false hasRead=true)
[2026-07-30T11:06:08.833Z] LiveUpdateForge: EndTurn fallback flush
[2026-07-30T11:06:08.833Z] onEndTurn: naturalStop=false toolCalls=38 nudgeMsg=no
[2026-07-30T11:06:08.839Z] LiveUpdateForge: AfterToolExec flush
[2026-07-30T11:06:08.876Z] InitialReadForge.onBeforeSend: SKIP (fr=true syn=false hasRead=true)
[2026-07-30T11:06:08.925Z] LiveUpdateForge: EndTurn fallback flush
[2026-07-30T11:06:08.925Z] onEndTurn: naturalStop=false toolCalls=107 nudgeMsg=no
[2026-07-30T11:06:10.106Z] LiveUpdateForge: AfterToolExec flush
[2026-07-30T11:06:10.142Z] InitialReadForge.onBeforeSend: SKIP (fr=true syn=false hasRead=true)
[2026-07-30T11:06:11.723Z] LiveUpdateForge: EndTurn fallback flush
[2026-07-30T11:06:11.724Z] onEndTurn: naturalStop=false toolCalls=39 nudgeMsg=no
[2026-07-30T11:06:11.728Z] LiveUpdateForge: AfterToolExec flush
[2026-07-30T11:06:11.762Z] InitialReadForge.onBeforeSend: SKIP (fr=true syn=false hasRead=true)
[2026-07-30T11:06:15.502Z] LiveUpdateForge: EndTurn fallback flush
[2026-07-30T11:06:15.502Z] onEndTurn: naturalStop=false toolCalls=40 nudgeMsg=no
[2026-07-30T11:06:15.508Z] LiveUpdateForge: AfterToolExec flush
[2026-07-30T11:06:15.541Z] InitialReadForge.onBeforeSend: SKIP (fr=true syn=false hasRead=true)
[2026-07-30T11:06:16.019Z] LiveUpdateForge: EndTurn fallback flush
[2026-07-30T11:06:16.019Z] onEndTurn: naturalStop=false toolCalls=108 nudgeMsg=no
[2026-07-30T11:06:17.314Z] LiveUpdateForge: AfterToolExec flush
[2026-07-30T11:06:17.354Z] InitialReadForge.onBeforeSend: SKIP (fr=true syn=false hasRead=true)
[2026-07-30T11:06:24.170Z] LiveUpdateForge: EndTurn fallback flush
[2026-07-30T11:06:24.170Z] onEndTurn: naturalStop=false toolCalls=109 nudgeMsg=no
[2026-07-30T11:06:25.524Z] LiveUpdateForge: AfterToolExec flush
[2026-07-30T11:06:25.562Z] InitialReadForge.onBeforeSend: SKIP (fr=true syn=false hasRead=true)
[2026-07-30T11:06:27.885Z] LiveUpdateForge: EndTurn fallback flush
[2026-07-30T11:06:27.885Z] onEndTurn: naturalStop=false toolCalls=41 nudgeMsg=no
[2026-07-30T11:06:27.973Z] LiveUpdateForge: AfterToolExec flush
[2026-07-30T11:06:28.011Z] InitialReadForge.onBeforeSend: SKIP (fr=true syn=false hasRead=true)
[2026-07-30T11:06:29.469Z] LiveUpdateForge: EndTurn fallback flush
[2026-07-30T11:06:29.470Z] onEndTurn: naturalStop=false toolCalls=110 nudgeMsg=no
[2026-07-30T11:06:30.565Z] LiveUpdateForge: AfterToolExec flush
[2026-07-30T11:06:30.608Z] InitialReadForge.onBeforeSend: SKIP (fr=true syn=false hasRead=true)
[2026-07-30T11:06:32.118Z] LiveUpdateForge: EndTurn fallback flush
[2026-07-30T11:06:32.119Z] onEndTurn: naturalStop=false toolCalls=42 nudgeMsg=no
[2026-07-30T11:06:32.131Z] LiveUpdateForge: AfterToolExec flush
[2026-07-30T11:06:32.167Z] InitialReadForge.onBeforeSend: SKIP (fr=true syn=false hasRead=true)
[2026-07-30T11:06:34.033Z] LiveUpdateForge: EndTurn fallback flush
[2026-07-30T11:06:34.033Z] onEndTurn: naturalStop=false toolCalls=111 nudgeMsg=no
[2026-07-30T11:06:39.118Z] LiveUpdateForge: AfterToolExec flush
[2026-07-30T11:06:39.167Z] InitialReadForge.onBeforeSend: SKIP (fr=true syn=false hasRead=true)
[2026-07-30T11:06:42.323Z] LiveUpdateForge: EndTurn fallback flush
[2026-07-30T11:06:42.324Z] onEndTurn: naturalStop=false toolCalls=112 nudgeMsg=no
[2026-07-30T11:06:42.335Z] LiveUpdateForge: AfterToolExec flush
[2026-07-30T11:06:42.378Z] InitialReadForge.onBeforeSend: SKIP (fr=true syn=false hasRead=true)
[2026-07-30T11:06:42.874Z] LiveUpdateForge: EndTurn fallback flush
[2026-07-30T11:06:42.875Z] onEndTurn: naturalStop=false toolCalls=43 nudgeMsg=no
[2026-07-30T11:06:42.891Z] LiveUpdateForge: AfterToolExec flush
[2026-07-30T11:06:42.927Z] InitialReadForge.onBeforeSend: SKIP (fr=true syn=false hasRead=true)
[2026-07-30T11:06:49.855Z] LiveUpdateForge: EndTurn fallback flush
[2026-07-30T11:06:49.856Z] onEndTurn: naturalStop=false toolCalls=44 nudgeMsg=no
[2026-07-30T11:06:49.865Z] LiveUpdateForge: AfterToolExec flush
[2026-07-30T11:06:49.899Z] InitialReadForge.onBeforeSend: SKIP (fr=true syn=false hasRead=true)
[2026-07-30T11:06:52.927Z] LiveUpdateForge: EndTurn fallback flush
[2026-07-30T11:06:52.928Z] onEndTurn: naturalStop=false toolCalls=113 nudgeMsg=no
[2026-07-30T11:06:52.996Z] LiveUpdateForge: AfterToolExec flush
[2026-07-30T11:06:53.039Z] InitialReadForge.onBeforeSend: SKIP (fr=true syn=false hasRead=true)
[2026-07-30T11:06:56.083Z] LiveUpdateForge: EndTurn fallback flush
[2026-07-30T11:06:56.084Z] onEndTurn: naturalStop=false toolCalls=45 nudgeMsg=no
[2026-07-30T11:06:56.213Z] LiveUpdateForge: EndTurn fallback flush
[2026-07-30T11:06:56.213Z] onEndTurn: naturalStop=false toolCalls=114 nudgeMsg=no
[2026-07-30T11:07:20.171Z] LiveUpdateForge: AfterToolExec flush
[2026-07-30T11:07:20.237Z] InitialReadForge.onBeforeSend: SKIP (fr=true syn=false hasRead=true)
[2026-07-30T11:07:20.332Z] LiveUpdateForge: AfterToolExec flush
[2026-07-30T11:07:20.385Z] InitialReadForge.onBeforeSend: SKIP (fr=true syn=false hasRead=true)
[2026-07-30T11:07:23.836Z] LiveUpdateForge: EndTurn fallback flush
[2026-07-30T11:07:23.837Z] onEndTurn: naturalStop=true toolCalls=0 nudgeMsg=YES
[2026-07-30T11:07:23.844Z] InitialReadForge.onBeforeSend: SKIP (fr=false syn=false hasRead=true)
[2026-07-30T11:07:24.538Z] LiveUpdateForge: EndTurn fallback flush
[2026-07-30T11:07:24.539Z] onEndTurn: naturalStop=true toolCalls=46 nudgeMsg=no
[2026-07-30T11:07:27.477Z] InitialReadForge.onBeforeSend: SKIP (fr=false syn=false hasRead=true)
[2026-07-30T11:07:31.133Z] LiveUpdateForge: EndTurn fallback flush
[2026-07-30T11:07:31.133Z] onEndTurn: naturalStop=false toolCalls=46 nudgeMsg=no
[2026-07-30T11:07:32.259Z] LiveUpdateForge: EndTurn fallback flush
[2026-07-30T11:07:32.260Z] onEndTurn: naturalStop=true toolCalls=0 nudgeMsg=no
[2026-07-30T11:07:42.783Z] LiveUpdateForge: AfterToolExec flush
[2026-07-30T11:07:42.820Z] InitialReadForge.onBeforeSend: SKIP (fr=true syn=false hasRead=true)
[2026-07-30T11:07:46.181Z] LiveUpdateForge: EndTurn fallback flush
[2026-07-30T11:07:46.182Z] onEndTurn: naturalStop=false toolCalls=47 nudgeMsg=no
[2026-07-30T11:07:46.274Z] LiveUpdateForge: AfterToolExec flush
[2026-07-30T11:07:46.312Z] InitialReadForge.onBeforeSend: SKIP (fr=true syn=false hasRead=true)
[2026-07-30T11:07:49.368Z] LiveUpdateForge: EndTurn fallback flush
[2026-07-30T11:07:49.368Z] onEndTurn: naturalStop=false toolCalls=48 nudgeMsg=no
[2026-07-30T11:08:27.064Z] LiveUpdateForge: AfterToolExec flush
[2026-07-30T11:08:27.105Z] InitialReadForge.onBeforeSend: SKIP (fr=true syn=false hasRead=true)
[2026-07-30T11:08:30.887Z] LiveUpdateForge: EndTurn fallback flush
[2026-07-30T11:08:30.888Z] onEndTurn: naturalStop=false toolCalls=49 nudgeMsg=no
[2026-07-30T11:08:33.022Z] LiveUpdateForge: AfterToolExec flush
[2026-07-30T11:08:33.058Z] InitialReadForge.onBeforeSend: SKIP (fr=true syn=false hasRead=true)
[2026-07-30T11:08:35.993Z] LiveUpdateForge: EndTurn fallback flush
[2026-07-30T11:08:35.993Z] onEndTurn: naturalStop=false toolCalls=50 nudgeMsg=no
[2026-07-30T11:08:36.017Z] LiveUpdateForge: AfterToolExec flush
[2026-07-30T11:08:36.054Z] InitialReadForge.onBeforeSend: SKIP (fr=true syn=false hasRead=true)
[2026-07-30T11:08:40.425Z] LiveUpdateForge: EndTurn fallback flush
[2026-07-30T11:08:40.426Z] onEndTurn: naturalStop=false toolCalls=51 nudgeMsg=no
[2026-07-30T11:08:40.434Z] LiveUpdateForge: AfterToolExec flush
[2026-07-30T11:08:40.471Z] InitialReadForge.onBeforeSend: SKIP (fr=true syn=false hasRead=true)
[2026-07-30T11:08:54.208Z] LiveUpdateForge: EndTurn fallback flush
[2026-07-30T11:08:54.209Z] onEndTurn: naturalStop=false toolCalls=52 nudgeMsg=no
[2026-07-30T11:08:54.339Z] LiveUpdateForge: AfterToolExec flush
[2026-07-30T11:08:54.379Z] InitialReadForge.onBeforeSend: SKIP (fr=true syn=false hasRead=true)
[2026-07-30T11:08:57.068Z] LiveUpdateForge: EndTurn fallback flush
[2026-07-30T11:08:57.069Z] onEndTurn: naturalStop=false toolCalls=53 nudgeMsg=no
[2026-07-30T11:08:57.632Z] MemoryForge: attached 5 listener(s)
[2026-07-30T11:08:57.632Z] InitialReadForge: armed one-shot BeforeSend after NewSessionStart
[2026-07-30T11:08:57.633Z] LiveUpdateForge: session reset, allowLiveUpdate = false
[2026-07-30T11:08:57.817Z] LiveUpdateForge: session reset, allowLiveUpdate = false
[2026-07-30T11:08:57.864Z] ResumeDiffForge: running checkResumeConsistency
[2026-07-30T11:08:57.868Z] checkResumeConsistency: forgedTimestamps=[]
[2026-07-30T11:08:57.883Z] checkResumeConsistency: no changes detected
[2026-07-30T11:08:57.883Z] LiveUpdateForge: session reset, allowLiveUpdate = false
[2026-07-30T11:08:57.884Z] NudgeForge: ResumeComplete — restoring count from history
[2026-07-30T11:08:57.885Z] restoreNudgeCountFromHistory: found nudge message at idx=114 count=0
[2026-07-30T11:09:00.046Z] MemoryForge: attached 5 listener(s)
[2026-07-30T11:09:00.047Z] InitialReadForge: armed one-shot BeforeSend after NewSessionStart
[2026-07-30T11:09:00.047Z] LiveUpdateForge: session reset, allowLiveUpdate = false
[2026-07-30T11:09:00.059Z] MemoryForge: detached all listeners
[2026-07-30T11:09:00.060Z] ResumeDiffForge: running checkResumeConsistency
[2026-07-30T11:09:00.061Z] checkResumeConsistency: forgedTimestamps=[]
[2026-07-30T11:09:00.109Z] checkResumeConsistency: no changes detected
[2026-07-30T11:09:00.109Z] LiveUpdateForge: session reset, allowLiveUpdate = false
[2026-07-30T11:09:00.109Z] NudgeForge: ResumeComplete — restoring count from history
[2026-07-30T11:09:00.110Z] restoreNudgeCountFromHistory: found nudge message at idx=114 count=0
[2026-07-30T11:09:00.207Z] ResumeDiffForge: running checkResumeConsistency
[2026-07-30T11:09:00.207Z] checkResumeConsistency: forgedTimestamps=[]
[2026-07-30T11:09:00.214Z] checkResumeConsistency: no changes detected
[2026-07-30T11:09:00.214Z] LiveUpdateForge: session reset, allowLiveUpdate = false
[2026-07-30T11:09:00.214Z] NudgeForge: ResumeComplete — restoring count from history
[2026-07-30T11:09:00.215Z] restoreNudgeCountFromHistory: found nudge message at idx=114 count=0
[2026-07-30T11:09:00.313Z] ResumeDiffForge: running checkResumeConsistency
[2026-07-30T11:09:00.314Z] checkResumeConsistency: forgedTimestamps=[]
[2026-07-30T11:09:00.321Z] checkResumeConsistency: no changes detected
[2026-07-30T11:09:00.321Z] LiveUpdateForge: session reset, allowLiveUpdate = false
[2026-07-30T11:09:00.321Z] NudgeForge: ResumeComplete — restoring count from history
[2026-07-30T11:09:00.322Z] restoreNudgeCountFromHistory: found nudge message at idx=114 count=0
[2026-07-30T11:09:00.385Z] LiveUpdateForge: allowLiveUpdate = true (first real BeforeSend)
[2026-07-30T11:09:00.386Z] InitialReadForge.onBeforeSend: SKIP (fr=false syn=false hasRead=true)
[2026-07-30T11:09:07.034Z] LiveUpdateForge: EndTurn fallback flush
[2026-07-30T11:09:07.035Z] onEndTurn: naturalStop=false toolCalls=0 nudgeMsg=no
[2026-07-30T11:09:07.047Z] LiveUpdateForge: AfterToolExec flush
[2026-07-30T11:09:07.077Z] InitialReadForge.onBeforeSend: SKIP (fr=true syn=false hasRead=true)
[2026-07-30T11:09:10.328Z] LiveUpdateForge: EndTurn fallback flush
[2026-07-30T11:09:10.329Z] onEndTurn: naturalStop=false toolCalls=1 nudgeMsg=no
[2026-07-30T11:09:10.335Z] LiveUpdateForge: AfterToolExec flush
[2026-07-30T11:09:44.780Z] LiveUpdateForge: AfterToolExec flush
[2026-07-30T11:09:44.822Z] InitialReadForge.onBeforeSend: SKIP (fr=true syn=false hasRead=true)
[2026-07-30T11:09:50.341Z] LiveUpdateForge: EndTurn fallback flush
[2026-07-30T11:09:50.341Z] onEndTurn: naturalStop=false toolCalls=54 nudgeMsg=no
[2026-07-30T11:10:12.737Z] LiveUpdateForge: AfterToolExec flush
[2026-07-30T11:10:12.769Z] InitialReadForge.onBeforeSend: SKIP (fr=true syn=false hasRead=true)
[2026-07-30T11:10:16.868Z] LiveUpdateForge: EndTurn fallback flush
[2026-07-30T11:10:16.868Z] onEndTurn: naturalStop=false toolCalls=3 nudgeMsg=no
[2026-07-30T11:10:16.891Z] LiveUpdateForge: AfterToolExec flush
[2026-07-30T11:10:16.912Z] LiveUpdateForge: AfterToolExec flush
[2026-07-30T11:10:16.931Z] InitialReadForge.onBeforeSend: SKIP (fr=true syn=false hasRead=true)
[2026-07-30T11:10:16.967Z] InitialReadForge.onBeforeSend: SKIP (fr=true syn=false hasRead=true)
[2026-07-30T11:10:20.181Z] LiveUpdateForge: EndTurn fallback flush
[2026-07-30T11:10:20.181Z] onEndTurn: naturalStop=false toolCalls=4 nudgeMsg=no
[2026-07-30T11:10:20.191Z] LiveUpdateForge: AfterToolExec flush
[2026-07-30T11:10:20.222Z] InitialReadForge.onBeforeSend: SKIP (fr=true syn=false hasRead=true)
[2026-07-30T11:10:20.527Z] LiveUpdateForge: EndTurn fallback flush
[2026-07-30T11:10:20.527Z] onEndTurn: naturalStop=false toolCalls=55 nudgeMsg=no
[2026-07-30T11:10:20.606Z] LiveUpdateForge: AfterToolExec flush
[2026-07-30T11:10:20.647Z] InitialReadForge.onBeforeSend: SKIP (fr=true syn=false hasRead=true)
[2026-07-30T11:10:25.859Z] LiveUpdateForge: EndTurn fallback flush
[2026-07-30T11:10:25.860Z] onEndTurn: naturalStop=false toolCalls=56 nudgeMsg=no
[2026-07-30T11:10:25.876Z] LiveUpdateForge: AfterToolExec flush
[2026-07-30T11:10:25.920Z] InitialReadForge.onBeforeSend: SKIP (fr=true syn=false hasRead=true)
[2026-07-30T11:10:30.176Z] LiveUpdateForge: EndTurn fallback flush
[2026-07-30T11:10:30.176Z] onEndTurn: naturalStop=false toolCalls=5 nudgeMsg=no
[2026-07-30T11:10:31.227Z] LiveUpdateForge: EndTurn fallback flush
[2026-07-30T11:10:31.228Z] onEndTurn: naturalStop=false toolCalls=57 nudgeMsg=no
[2026-07-30T11:10:40.696Z] LiveUpdateForge: AfterToolExec flush
[2026-07-30T11:10:40.711Z] LiveUpdateForge: AfterToolExec flush
[2026-07-30T11:10:40.732Z] LiveUpdateForge: AfterToolExec flush
[2026-07-30T11:10:40.777Z] InitialReadForge.onBeforeSend: SKIP (fr=true syn=false hasRead=true)
[2026-07-30T11:10:46.255Z] LiveUpdateForge: EndTurn fallback flush
[2026-07-30T11:10:46.255Z] onEndTurn: naturalStop=false toolCalls=60 nudgeMsg=no
[2026-07-30T11:10:49.154Z] LiveUpdateForge: AfterToolExec flush
[2026-07-30T11:10:51.762Z] LiveUpdateForge: AfterToolExec flush
[2026-07-30T11:10:51.782Z] LiveUpdateForge: AfterToolExec flush
[2026-07-30T11:10:51.828Z] InitialReadForge.onBeforeSend: SKIP (fr=true syn=false hasRead=true)
[2026-07-30T11:10:55.820Z] LiveUpdateForge: EndTurn fallback flush
[2026-07-30T11:10:55.820Z] onEndTurn: naturalStop=false toolCalls=62 nudgeMsg=no
[2026-07-30T11:11:01.295Z] LiveUpdateForge: AfterToolExec flush
[2026-07-30T11:11:01.335Z] InitialReadForge.onBeforeSend: SKIP (fr=true syn=false hasRead=true)
[2026-07-30T11:11:04.098Z] LiveUpdateForge: EndTurn fallback flush
[2026-07-30T11:11:04.099Z] onEndTurn: naturalStop=false toolCalls=63 nudgeMsg=no
[2026-07-30T11:11:04.104Z] LiveUpdateForge: AfterToolExec flush
[2026-07-30T11:11:04.141Z] InitialReadForge.onBeforeSend: SKIP (fr=true syn=false hasRead=true)
[2026-07-30T11:11:04.353Z] LiveUpdateForge: AfterToolExec flush
[2026-07-30T11:11:11.434Z] LiveUpdateForge: EndTurn fallback flush
[2026-07-30T11:11:11.435Z] onEndTurn: naturalStop=true toolCalls=0 nudgeMsg=YES
[2026-07-30T11:11:11.440Z] InitialReadForge.onBeforeSend: SKIP (fr=false syn=false hasRead=true)
[2026-07-30T11:11:17.883Z] LiveUpdateForge: EndTurn fallback flush
[2026-07-30T11:11:17.883Z] onEndTurn: naturalStop=true toolCalls=0 nudgeMsg=no
[2026-07-30T11:11:35.614Z] LiveUpdateForge: AfterToolExec flush
[2026-07-30T11:11:35.666Z] InitialReadForge.onBeforeSend: SKIP (fr=true syn=false hasRead=true)
[2026-07-30T11:11:41.056Z] LiveUpdateForge: EndTurn fallback flush
[2026-07-30T11:11:41.057Z] onEndTurn: naturalStop=false toolCalls=8 nudgeMsg=no
[2026-07-30T11:11:41.093Z] LiveUpdateForge: AfterToolExec flush
[2026-07-30T11:11:41.125Z] InitialReadForge.onBeforeSend: SKIP (fr=true syn=false hasRead=true)
[2026-07-30T11:11:44.280Z] ResumeDiffForge: running checkResumeConsistency
[2026-07-30T11:11:44.282Z] checkResumeConsistency: forgedTimestamps=[]
[2026-07-30T11:11:44.294Z] checkResumeConsistency: no changes detected
[2026-07-30T11:11:44.295Z] LiveUpdateForge: session reset, allowLiveUpdate = false
[2026-07-30T11:11:44.296Z] NudgeForge: ResumeComplete — restoring count from history
[2026-07-30T11:11:44.296Z] restoreNudgeCountFromHistory: found nudge message at idx=81 count=0
[2026-07-30T11:11:44.334Z] LiveUpdateForge: allowLiveUpdate = true (first real BeforeSend)
[2026-07-30T11:11:44.334Z] InitialReadForge.onBeforeSend: SKIP (fr=false syn=false hasRead=true)
[2026-07-30T11:11:47.514Z] LiveUpdateForge: EndTurn fallback flush
[2026-07-30T11:11:47.515Z] onEndTurn: naturalStop=false toolCalls=9 nudgeMsg=no
[2026-07-30T11:11:54.109Z] LiveUpdateForge: EndTurn fallback flush
[2026-07-30T11:11:54.110Z] onEndTurn: naturalStop=true toolCalls=0 nudgeMsg=no
[2026-07-30T11:12:17.880Z] LiveUpdateForge: AfterToolExec flush
[2026-07-30T11:12:17.914Z] InitialReadForge.onBeforeSend: SKIP (fr=true syn=false hasRead=true)
[2026-07-30T11:12:18.411Z] ResumeDiffForge: running checkResumeConsistency
[2026-07-30T11:12:18.412Z] checkResumeConsistency: forgedTimestamps=[]
[2026-07-30T11:12:18.420Z] checkResumeConsistency: no changes detected
[2026-07-30T11:12:18.421Z] LiveUpdateForge: session reset, allowLiveUpdate = false
[2026-07-30T11:12:18.421Z] NudgeForge: ResumeComplete — restoring count from history
[2026-07-30T11:12:18.422Z] restoreNudgeCountFromHistory: found nudge message at idx=81 count=0
[2026-07-30T11:12:23.095Z] LiveUpdateForge: EndTurn fallback flush
[2026-07-30T11:12:23.096Z] onEndTurn: naturalStop=false toolCalls=10 nudgeMsg=no
[2026-07-30T11:12:23.799Z] LiveUpdateForge: AfterToolExec flush
[2026-07-30T11:12:23.831Z] InitialReadForge.onBeforeSend: SKIP (fr=true syn=false hasRead=true)
[2026-07-30T11:12:27.728Z] LiveUpdateForge: EndTurn fallback flush
[2026-07-30T11:12:27.728Z] onEndTurn: naturalStop=false toolCalls=11 nudgeMsg=no
[2026-07-30T11:12:28.629Z] LiveUpdateForge: AfterToolExec flush
[2026-07-30T11:12:28.662Z] InitialReadForge.onBeforeSend: SKIP (fr=true syn=false hasRead=true)
[2026-07-30T11:12:34.004Z] LiveUpdateForge: EndTurn fallback flush
[2026-07-30T11:12:34.004Z] onEndTurn: naturalStop=false toolCalls=12 nudgeMsg=no
[2026-07-30T11:12:34.009Z] LiveUpdateForge: AfterToolExec flush
[2026-07-30T11:12:34.010Z] LiveUpdateForge: AfterToolExec flush
[2026-07-30T11:12:34.040Z] InitialReadForge.onBeforeSend: SKIP (fr=true syn=false hasRead=true)
[2026-07-30T11:12:36.353Z] LiveUpdateForge: EndTurn fallback flush
[2026-07-30T11:12:36.353Z] onEndTurn: naturalStop=true toolCalls=14 nudgeMsg=no
[2026-07-30T11:15:35.297Z] MemoryForge: attached 5 listener(s)
[2026-07-30T11:15:35.298Z] InitialReadForge: armed one-shot BeforeSend after NewSessionStart
[2026-07-30T11:15:35.299Z] LiveUpdateForge: session reset, allowLiveUpdate = false
[2026-07-30T11:15:35.617Z] LiveUpdateForge: session reset, allowLiveUpdate = false
[2026-07-30T11:15:35.651Z] ResumeDiffForge: running checkResumeConsistency
[2026-07-30T11:15:35.652Z] checkResumeConsistency: forgedTimestamps=[]
[2026-07-30T11:15:35.663Z] checkResumeConsistency: no changes detected
[2026-07-30T11:15:35.663Z] LiveUpdateForge: session reset, allowLiveUpdate = false
[2026-07-30T11:15:35.663Z] NudgeForge: ResumeComplete — restoring count from history
[2026-07-30T11:15:35.664Z] restoreNudgeCountFromHistory: found last write at idx=88 count=1
[2026-07-30T11:15:36.137Z] ResumeDiffForge: running checkResumeConsistency
[2026-07-30T11:15:36.138Z] checkResumeConsistency: forgedTimestamps=[]
[2026-07-30T11:15:36.147Z] checkResumeConsistency: no changes detected
[2026-07-30T11:15:36.147Z] LiveUpdateForge: session reset, allowLiveUpdate = false
[2026-07-30T11:15:36.148Z] NudgeForge: ResumeComplete — restoring count from history
[2026-07-30T11:15:36.148Z] restoreNudgeCountFromHistory: found last write at idx=88 count=1
[2026-07-30T11:15:36.263Z] ResumeDiffForge: running checkResumeConsistency
[2026-07-30T11:15:36.264Z] checkResumeConsistency: forgedTimestamps=[]
[2026-07-30T11:15:36.270Z] checkResumeConsistency: no changes detected
[2026-07-30T11:15:36.271Z] LiveUpdateForge: session reset, allowLiveUpdate = false
[2026-07-30T11:15:36.271Z] NudgeForge: ResumeComplete — restoring count from history
[2026-07-30T11:15:36.272Z] restoreNudgeCountFromHistory: found last write at idx=88 count=1
[2026-07-30T11:15:36.582Z] MemoryForge: attached 5 listener(s)
[2026-07-30T11:15:36.583Z] InitialReadForge: armed one-shot BeforeSend after NewSessionStart
[2026-07-30T11:15:36.583Z] LiveUpdateForge: session reset, allowLiveUpdate = false
[2026-07-30T11:15:36.589Z] MemoryForge: detached all listeners
[2026-07-30T11:15:36.589Z] ResumeDiffForge: running checkResumeConsistency
[2026-07-30T11:15:36.590Z] checkResumeConsistency: forgedTimestamps=[]
[2026-07-30T11:15:36.625Z] checkResumeConsistency: no changes detected
[2026-07-30T11:15:36.626Z] LiveUpdateForge: session reset, allowLiveUpdate = false
[2026-07-30T11:15:36.626Z] NudgeForge: ResumeComplete — restoring count from history
[2026-07-30T11:15:36.627Z] restoreNudgeCountFromHistory: found last write at idx=88 count=1
[2026-07-30T11:15:36.655Z] LiveUpdateForge: allowLiveUpdate = true (first real BeforeSend)
[2026-07-30T11:15:36.656Z] InitialReadForge.onBeforeSend: SKIP (fr=false syn=false hasRead=true)
[2026-07-30T11:16:00.899Z] LiveUpdateForge: EndTurn fallback flush
[2026-07-30T11:16:00.899Z] onEndTurn: naturalStop=false toolCalls=1 nudgeMsg=no
[2026-07-30T11:16:00.934Z] LiveUpdateForge: AfterToolExec flush
[2026-07-30T11:16:00.979Z] InitialReadForge.onBeforeSend: SKIP (fr=true syn=false hasRead=true)
[2026-07-30T11:16:28.675Z] LiveUpdateForge: EndTurn fallback flush
[2026-07-30T11:16:28.675Z] onEndTurn: naturalStop=false toolCalls=2 nudgeMsg=no
[2026-07-30T11:16:28.751Z] LiveUpdateForge: AfterToolExec flush
[2026-07-30T11:16:28.785Z] InitialReadForge.onBeforeSend: SKIP (fr=true syn=false hasRead=true)
[2026-07-30T11:16:32.910Z] LiveUpdateForge: EndTurn fallback flush
[2026-07-30T11:16:32.910Z] onEndTurn: naturalStop=false toolCalls=3 nudgeMsg=no
[2026-07-30T11:16:32.927Z] LiveUpdateForge: AfterToolExec flush
[2026-07-30T11:16:32.965Z] InitialReadForge.onBeforeSend: SKIP (fr=true syn=false hasRead=true)
[2026-07-30T11:16:37.117Z] LiveUpdateForge: EndTurn fallback flush
[2026-07-30T11:16:37.117Z] onEndTurn: naturalStop=false toolCalls=4 nudgeMsg=no
[2026-07-30T11:16:37.195Z] LiveUpdateForge: AfterToolExec flush
[2026-07-30T11:16:37.230Z] InitialReadForge.onBeforeSend: SKIP (fr=true syn=false hasRead=true)
[2026-07-30T11:16:43.489Z] LiveUpdateForge: EndTurn fallback flush
[2026-07-30T11:16:43.489Z] onEndTurn: naturalStop=false toolCalls=5 nudgeMsg=no
[2026-07-30T11:16:44.415Z] LiveUpdateForge: AfterToolExec flush
[2026-07-30T11:16:44.465Z] InitialReadForge.onBeforeSend: SKIP (fr=true syn=false hasRead=true)
[2026-07-30T11:16:47.680Z] LiveUpdateForge: EndTurn fallback flush
[2026-07-30T11:16:47.680Z] onEndTurn: naturalStop=true toolCalls=6 nudgeMsg=no
[2026-07-30T11:28:36.943Z] MemoryForge: attached 5 listener(s)
[2026-07-30T11:28:36.946Z] InitialReadForge: armed one-shot BeforeSend after NewSessionStart
[2026-07-30T11:28:36.946Z] LiveUpdateForge: session reset, allowLiveUpdate = false
[2026-07-30T11:28:37.282Z] LiveUpdateForge: session reset, allowLiveUpdate = false
[2026-07-30T11:28:37.324Z] ResumeDiffForge: running checkResumeConsistency
[2026-07-30T11:28:37.325Z] checkResumeConsistency: forgedTimestamps=[]
[2026-07-30T11:28:37.332Z] checkResumeConsistency: no changes detected
[2026-07-30T11:28:37.332Z] LiveUpdateForge: session reset, allowLiveUpdate = false
[2026-07-30T11:28:37.333Z] NudgeForge: ResumeComplete — restoring count from history
[2026-07-30T11:28:37.334Z] restoreNudgeCountFromHistory: found last write at idx=88 count=6
[2026-07-30T11:28:37.814Z] ResumeDiffForge: running checkResumeConsistency
[2026-07-30T11:28:37.815Z] checkResumeConsistency: forgedTimestamps=[]
[2026-07-30T11:28:37.823Z] checkResumeConsistency: no changes detected
[2026-07-30T11:28:37.823Z] LiveUpdateForge: session reset, allowLiveUpdate = false
[2026-07-30T11:28:37.824Z] NudgeForge: ResumeComplete — restoring count from history
[2026-07-30T11:28:37.824Z] restoreNudgeCountFromHistory: found last write at idx=88 count=6
[2026-07-30T11:28:37.933Z] ResumeDiffForge: running checkResumeConsistency
[2026-07-30T11:28:37.933Z] checkResumeConsistency: forgedTimestamps=[]
[2026-07-30T11:28:37.940Z] checkResumeConsistency: no changes detected
[2026-07-30T11:28:37.941Z] LiveUpdateForge: session reset, allowLiveUpdate = false
[2026-07-30T11:28:37.941Z] NudgeForge: ResumeComplete — restoring count from history
[2026-07-30T11:28:37.941Z] restoreNudgeCountFromHistory: found last write at idx=88 count=6
[2026-07-30T11:28:39.440Z] MemoryForge: attached 5 listener(s)
[2026-07-30T11:28:39.441Z] InitialReadForge: armed one-shot BeforeSend after NewSessionStart
[2026-07-30T11:28:39.441Z] LiveUpdateForge: session reset, allowLiveUpdate = false
[2026-07-30T11:28:39.447Z] MemoryForge: detached all listeners
[2026-07-30T11:28:39.447Z] ResumeDiffForge: running checkResumeConsistency
[2026-07-30T11:28:39.448Z] checkResumeConsistency: forgedTimestamps=[]
[2026-07-30T11:28:39.482Z] checkResumeConsistency: no changes detected
[2026-07-30T11:28:39.483Z] LiveUpdateForge: session reset, allowLiveUpdate = false
[2026-07-30T11:28:39.483Z] NudgeForge: ResumeComplete — restoring count from history
[2026-07-30T11:28:39.483Z] restoreNudgeCountFromHistory: found last write at idx=88 count=6
[2026-07-30T11:28:39.512Z] LiveUpdateForge: allowLiveUpdate = true (first real BeforeSend)
[2026-07-30T11:28:39.513Z] InitialReadForge.onBeforeSend: SKIP (fr=false syn=false hasRead=true)
[2026-07-30T11:28:43.671Z] LiveUpdateForge: EndTurn fallback flush
[2026-07-30T11:28:43.672Z] onEndTurn: naturalStop=false toolCalls=6 nudgeMsg=no
[2026-07-30T11:29:22.114Z] LiveUpdateForge: AfterToolExec flush
[2026-07-30T11:29:22.161Z] InitialReadForge.onBeforeSend: SKIP (fr=true syn=false hasRead=true)
[2026-07-30T11:29:26.463Z] LiveUpdateForge: EndTurn fallback flush
[2026-07-30T11:29:26.464Z] onEndTurn: naturalStop=true toolCalls=7 nudgeMsg=no
[2026-07-30T11:31:09.074Z] ResumeDiffForge: running checkResumeConsistency
[2026-07-30T11:31:09.076Z] checkResumeConsistency: forgedTimestamps=[]
[2026-07-30T11:31:09.108Z] checkResumeConsistency: no changes detected
[2026-07-30T11:31:09.109Z] LiveUpdateForge: session reset, allowLiveUpdate = false
[2026-07-30T11:31:09.109Z] NudgeForge: ResumeComplete — restoring count from history
[2026-07-30T11:31:09.110Z] restoreNudgeCountFromHistory: found last write at idx=88 count=7
[2026-07-30T11:31:09.159Z] LiveUpdateForge: allowLiveUpdate = true (first real BeforeSend)
[2026-07-30T11:31:09.159Z] InitialReadForge.onBeforeSend: SKIP (fr=false syn=false hasRead=true)
[2026-07-30T11:31:17.139Z] LiveUpdateForge: EndTurn fallback flush
[2026-07-30T11:31:17.141Z] onEndTurn: naturalStop=false toolCalls=7 nudgeMsg=no
[2026-07-30T11:31:26.206Z] LiveUpdateForge: AfterToolExec flush
[2026-07-30T11:31:26.246Z] InitialReadForge.onBeforeSend: SKIP (fr=true syn=false hasRead=true)
[2026-07-30T11:31:29.330Z] LiveUpdateForge: EndTurn fallback flush
[2026-07-30T11:31:29.330Z] onEndTurn: naturalStop=true toolCalls=8 nudgeMsg=no
[2026-07-30T11:32:29.340Z] ResumeDiffForge: running checkResumeConsistency
[2026-07-30T11:32:29.342Z] checkResumeConsistency: forgedTimestamps=[]
[2026-07-30T11:32:29.352Z] checkResumeConsistency: no changes detected
[2026-07-30T11:32:29.352Z] LiveUpdateForge: session reset, allowLiveUpdate = false
[2026-07-30T11:32:29.352Z] NudgeForge: ResumeComplete — restoring count from history
[2026-07-30T11:32:29.353Z] restoreNudgeCountFromHistory: found last write at idx=88 count=8
[2026-07-30T11:32:29.396Z] LiveUpdateForge: allowLiveUpdate = true (first real BeforeSend)
[2026-07-30T11:32:29.397Z] InitialReadForge.onBeforeSend: SKIP (fr=false syn=false hasRead=true)
[2026-07-30T11:33:14.503Z] LiveUpdateForge: EndTurn fallback flush
[2026-07-30T11:33:14.504Z] onEndTurn: naturalStop=false toolCalls=8 nudgeMsg=no
[2026-07-30T11:33:14.627Z] LiveUpdateForge: AfterToolExec flush
[2026-07-30T11:33:27.636Z] LiveUpdateForge: AfterToolExec flush
[2026-07-30T11:33:27.709Z] InitialReadForge.onBeforeSend: SKIP (fr=true syn=false hasRead=true)
[2026-07-30T11:33:58.678Z] LiveUpdateForge: EndTurn fallback flush
[2026-07-30T11:33:58.679Z] onEndTurn: naturalStop=false toolCalls=10 nudgeMsg=no
[2026-07-30T11:33:58.698Z] LiveUpdateForge: AfterToolExec flush
[2026-07-30T11:33:58.744Z] InitialReadForge.onBeforeSend: SKIP (fr=true syn=false hasRead=true)
[2026-07-30T11:34:10.998Z] LiveUpdateForge: EndTurn fallback flush
[2026-07-30T11:34:10.999Z] onEndTurn: naturalStop=false toolCalls=11 nudgeMsg=no
[2026-07-30T11:34:11.101Z] LiveUpdateForge: AfterToolExec flush
[2026-07-30T11:34:11.146Z] InitialReadForge.onBeforeSend: SKIP (fr=true syn=false hasRead=true)
[2026-07-30T11:34:18.477Z] LiveUpdateForge: EndTurn fallback flush
[2026-07-30T11:34:18.478Z] onEndTurn: naturalStop=false toolCalls=12 nudgeMsg=no
[2026-07-30T11:34:18.487Z] LiveUpdateForge: AfterToolExec flush
[2026-07-30T11:34:18.531Z] InitialReadForge.onBeforeSend: SKIP (fr=true syn=false hasRead=true)
[2026-07-30T11:34:23.287Z] LiveUpdateForge: EndTurn fallback flush
[2026-07-30T11:34:23.288Z] onEndTurn: naturalStop=false toolCalls=13 nudgeMsg=no
[2026-07-30T11:34:23.346Z] LiveUpdateForge: AfterToolExec flush
[2026-07-30T11:34:23.395Z] InitialReadForge.onBeforeSend: SKIP (fr=true syn=false hasRead=true)
[2026-07-30T11:34:26.028Z] LiveUpdateForge: EndTurn fallback flush
[2026-07-30T11:34:26.029Z] onEndTurn: naturalStop=true toolCalls=14 nudgeMsg=no
[2026-07-30T11:35:44.639Z] MemoryForge: attached 5 listener(s)
[2026-07-30T11:35:44.639Z] InitialReadForge: armed one-shot BeforeSend after NewSessionStart
[2026-07-30T11:35:44.640Z] LiveUpdateForge: session reset, allowLiveUpdate = false
[2026-07-30T11:35:45.100Z] LiveUpdateForge: session reset, allowLiveUpdate = false
[2026-07-30T11:35:45.145Z] ResumeDiffForge: running checkResumeConsistency
[2026-07-30T11:35:45.146Z] checkResumeConsistency: forgedTimestamps=[]
[2026-07-30T11:35:45.155Z] checkResumeConsistency: no changes detected
[2026-07-30T11:35:45.155Z] LiveUpdateForge: session reset, allowLiveUpdate = false
[2026-07-30T11:35:45.156Z] NudgeForge: ResumeComplete — restoring count from history
[2026-07-30T11:35:45.157Z] restoreNudgeCountFromHistory: found last write at idx=88 count=14
[2026-07-30T11:35:45.719Z] MemoryForge: attached 5 listener(s)
[2026-07-30T11:35:45.719Z] InitialReadForge: armed one-shot BeforeSend after NewSessionStart
[2026-07-30T11:35:45.720Z] LiveUpdateForge: session reset, allowLiveUpdate = false
[2026-07-30T11:35:45.732Z] MemoryForge: detached all listeners
[2026-07-30T11:35:45.733Z] ResumeDiffForge: running checkResumeConsistency
[2026-07-30T11:35:45.734Z] checkResumeConsistency: forgedTimestamps=[]
[2026-07-30T11:35:45.774Z] checkResumeConsistency: no changes detected
[2026-07-30T11:35:45.775Z] LiveUpdateForge: session reset, allowLiveUpdate = false
[2026-07-30T11:35:45.775Z] NudgeForge: ResumeComplete — restoring count from history
[2026-07-30T11:35:45.776Z] restoreNudgeCountFromHistory: found last write at idx=88 count=14
[2026-07-30T11:35:45.874Z] ResumeDiffForge: running checkResumeConsistency
[2026-07-30T11:35:45.874Z] checkResumeConsistency: forgedTimestamps=[]
[2026-07-30T11:35:45.881Z] checkResumeConsistency: no changes detected
[2026-07-30T11:35:45.881Z] LiveUpdateForge: session reset, allowLiveUpdate = false
[2026-07-30T11:35:45.881Z] NudgeForge: ResumeComplete — restoring count from history
[2026-07-30T11:35:45.882Z] restoreNudgeCountFromHistory: found last write at idx=88 count=14
[2026-07-30T11:35:45.989Z] ResumeDiffForge: running checkResumeConsistency
[2026-07-30T11:35:45.989Z] checkResumeConsistency: forgedTimestamps=[]
[2026-07-30T11:35:45.995Z] checkResumeConsistency: no changes detected
[2026-07-30T11:35:45.995Z] LiveUpdateForge: session reset, allowLiveUpdate = false
[2026-07-30T11:35:45.996Z] NudgeForge: ResumeComplete — restoring count from history
[2026-07-30T11:35:45.996Z] restoreNudgeCountFromHistory: found last write at idx=88 count=14
[2026-07-30T11:35:46.083Z] MemoryForge: attached 5 listener(s)
[2026-07-30T11:35:46.083Z] InitialReadForge: armed one-shot BeforeSend after NewSessionStart
[2026-07-30T11:35:46.083Z] LiveUpdateForge: session reset, allowLiveUpdate = false
[2026-07-30T11:35:46.090Z] MemoryForge: detached all listeners
[2026-07-30T11:35:46.090Z] ResumeDiffForge: running checkResumeConsistency
[2026-07-30T11:35:46.091Z] checkResumeConsistency: forgedTimestamps=[]
[2026-07-30T11:35:46.122Z] checkResumeConsistency: no changes detected
[2026-07-30T11:35:46.122Z] LiveUpdateForge: session reset, allowLiveUpdate = false
[2026-07-30T11:35:46.123Z] NudgeForge: ResumeComplete — restoring count from history
[2026-07-30T11:35:46.123Z] restoreNudgeCountFromHistory: found last write at idx=88 count=14
[2026-07-30T11:35:46.143Z] LiveUpdateForge: allowLiveUpdate = true (first real BeforeSend)
[2026-07-30T11:35:46.144Z] InitialReadForge.onBeforeSend: SKIP (fr=false syn=false hasRead=true)
[2026-07-30T11:35:57.461Z] LiveUpdateForge: EndTurn fallback flush
[2026-07-30T11:35:57.462Z] onEndTurn: naturalStop=false toolCalls=14 nudgeMsg=no
[2026-07-30T11:36:01.049Z] LiveUpdateForge: AfterToolExec flush
[2026-07-30T11:36:01.085Z] InitialReadForge.onBeforeSend: SKIP (fr=true syn=false hasRead=true)
[2026-07-30T11:36:07.904Z] LiveUpdateForge: EndTurn fallback flush
[2026-07-30T11:36:07.904Z] onEndTurn: naturalStop=false toolCalls=15 nudgeMsg=no
[2026-07-30T11:36:08.493Z] LiveUpdateForge: AfterToolExec flush
[2026-07-30T11:36:08.522Z] InitialReadForge.onBeforeSend: SKIP (fr=true syn=false hasRead=true)
[2026-07-30T11:36:12.418Z] LiveUpdateForge: EndTurn fallback flush
[2026-07-30T11:36:12.419Z] onEndTurn: naturalStop=false toolCalls=16 nudgeMsg=no
[2026-07-30T11:36:12.555Z] LiveUpdateForge: AfterToolExec flush
[2026-07-30T11:36:12.624Z] InitialReadForge.onBeforeSend: SKIP (fr=true syn=false hasRead=true)
[2026-07-30T11:36:21.607Z] LiveUpdateForge: EndTurn fallback flush
[2026-07-30T11:36:21.607Z] onEndTurn: naturalStop=false toolCalls=17 nudgeMsg=no
[2026-07-30T11:36:21.621Z] LiveUpdateForge: AfterToolExec flush
[2026-07-30T11:36:21.653Z] InitialReadForge.onBeforeSend: SKIP (fr=true syn=false hasRead=true)
[2026-07-30T11:36:24.081Z] LiveUpdateForge: EndTurn fallback flush
[2026-07-30T11:36:24.081Z] onEndTurn: naturalStop=false toolCalls=18 nudgeMsg=no
[2026-07-30T11:36:24.090Z] LiveUpdateForge: AfterToolExec flush
[2026-07-30T11:36:24.121Z] InitialReadForge.onBeforeSend: SKIP (fr=true syn=false hasRead=true)
[2026-07-30T11:36:41.531Z] LiveUpdateForge: EndTurn fallback flush
[2026-07-30T11:36:41.531Z] onEndTurn: naturalStop=false toolCalls=19 nudgeMsg=no
[2026-07-30T11:36:41.609Z] LiveUpdateForge: AfterToolExec flush
[2026-07-30T11:36:41.638Z] InitialReadForge.onBeforeSend: SKIP (fr=true syn=false hasRead=true)
[2026-07-30T11:36:44.345Z] LiveUpdateForge: EndTurn fallback flush
[2026-07-30T11:36:44.345Z] onEndTurn: naturalStop=false toolCalls=20 nudgeMsg=no
[2026-07-30T11:37:11.487Z] LiveUpdateForge: AfterToolExec flush
[2026-07-30T11:37:11.529Z] InitialReadForge.onBeforeSend: SKIP (fr=true syn=false hasRead=true)
[2026-07-30T11:37:15.352Z] LiveUpdateForge: EndTurn fallback flush
[2026-07-30T11:37:15.352Z] onEndTurn: naturalStop=true toolCalls=21 nudgeMsg=no
[2026-07-30T11:39:06.016Z] ResumeDiffForge: running checkResumeConsistency
[2026-07-30T11:39:06.017Z] checkResumeConsistency: forgedTimestamps=[]
[2026-07-30T11:39:06.027Z] checkResumeConsistency: no changes detected
[2026-07-30T11:39:06.028Z] LiveUpdateForge: session reset, allowLiveUpdate = false
[2026-07-30T11:39:06.028Z] NudgeForge: ResumeComplete — restoring count from history
[2026-07-30T11:39:06.029Z] restoreNudgeCountFromHistory: found last write at idx=88 count=21
[2026-07-30T11:39:06.079Z] LiveUpdateForge: allowLiveUpdate = true (first real BeforeSend)
[2026-07-30T11:39:06.079Z] InitialReadForge.onBeforeSend: SKIP (fr=false syn=false hasRead=true)
[2026-07-30T11:39:18.950Z] LiveUpdateForge: EndTurn fallback flush
[2026-07-30T11:39:18.951Z] onEndTurn: naturalStop=true toolCalls=21 nudgeMsg=no
[2026-07-30T11:39:56.673Z] MemoryForge: attached 5 listener(s)
[2026-07-30T11:39:56.674Z] InitialReadForge: armed one-shot BeforeSend after NewSessionStart
[2026-07-30T11:39:56.675Z] LiveUpdateForge: session reset, allowLiveUpdate = false
[2026-07-30T11:39:57.244Z] LiveUpdateForge: session reset, allowLiveUpdate = false
[2026-07-30T11:39:57.285Z] ResumeDiffForge: running checkResumeConsistency
[2026-07-30T11:39:57.285Z] checkResumeConsistency: forgedTimestamps=[]
[2026-07-30T11:39:57.292Z] checkResumeConsistency: no changes detected
[2026-07-30T11:39:57.292Z] LiveUpdateForge: session reset, allowLiveUpdate = false
[2026-07-30T11:39:57.293Z] NudgeForge: ResumeComplete — restoring count from history
[2026-07-30T11:39:57.293Z] restoreNudgeCountFromHistory: found last write at idx=88 count=21
[2026-07-30T11:39:57.824Z] MemoryForge: attached 5 listener(s)
[2026-07-30T11:39:57.824Z] InitialReadForge: armed one-shot BeforeSend after NewSessionStart
[2026-07-30T11:39:57.825Z] LiveUpdateForge: session reset, allowLiveUpdate = false
[2026-07-30T11:39:57.831Z] MemoryForge: detached all listeners
[2026-07-30T11:39:57.832Z] ResumeDiffForge: running checkResumeConsistency
[2026-07-30T11:39:57.832Z] checkResumeConsistency: forgedTimestamps=[]
[2026-07-30T11:39:57.868Z] checkResumeConsistency: no changes detected
[2026-07-30T11:39:57.868Z] LiveUpdateForge: session reset, allowLiveUpdate = false
[2026-07-30T11:39:57.868Z] NudgeForge: ResumeComplete — restoring count from history
[2026-07-30T11:39:57.869Z] restoreNudgeCountFromHistory: found last write at idx=88 count=21
[2026-07-30T11:39:57.995Z] ResumeDiffForge: running checkResumeConsistency
[2026-07-30T11:39:57.996Z] checkResumeConsistency: forgedTimestamps=[]
[2026-07-30T11:39:58.003Z] checkResumeConsistency: no changes detected
[2026-07-30T11:39:58.003Z] LiveUpdateForge: session reset, allowLiveUpdate = false
[2026-07-30T11:39:58.004Z] NudgeForge: ResumeComplete — restoring count from history
[2026-07-30T11:39:58.004Z] restoreNudgeCountFromHistory: found last write at idx=88 count=21
[2026-07-30T11:39:58.144Z] ResumeDiffForge: running checkResumeConsistency
[2026-07-30T11:39:58.144Z] checkResumeConsistency: forgedTimestamps=[]
[2026-07-30T11:39:58.152Z] checkResumeConsistency: no changes detected
[2026-07-30T11:39:58.153Z] LiveUpdateForge: session reset, allowLiveUpdate = false
[2026-07-30T11:39:58.153Z] NudgeForge: ResumeComplete — restoring count from history
[2026-07-30T11:39:58.154Z] restoreNudgeCountFromHistory: found last write at idx=88 count=21
[2026-07-30T11:39:58.259Z] MemoryForge: attached 5 listener(s)
[2026-07-30T11:39:58.259Z] InitialReadForge: armed one-shot BeforeSend after NewSessionStart
[2026-07-30T11:39:58.260Z] LiveUpdateForge: session reset, allowLiveUpdate = false
[2026-07-30T11:39:58.265Z] MemoryForge: detached all listeners
[2026-07-30T11:39:58.266Z] ResumeDiffForge: running checkResumeConsistency
[2026-07-30T11:39:58.266Z] checkResumeConsistency: forgedTimestamps=[]
[2026-07-30T11:39:58.299Z] checkResumeConsistency: no changes detected
[2026-07-30T11:39:58.299Z] LiveUpdateForge: session reset, allowLiveUpdate = false
[2026-07-30T11:39:58.299Z] NudgeForge: ResumeComplete — restoring count from history
[2026-07-30T11:39:58.300Z] restoreNudgeCountFromHistory: found last write at idx=88 count=21
[2026-07-30T11:39:58.317Z] LiveUpdateForge: allowLiveUpdate = true (first real BeforeSend)
[2026-07-30T11:39:58.318Z] InitialReadForge.onBeforeSend: SKIP (fr=false syn=false hasRead=true)
[2026-07-30T11:40:07.228Z] LiveUpdateForge: EndTurn fallback flush
[2026-07-30T11:40:07.229Z] onEndTurn: naturalStop=false toolCalls=21 nudgeMsg=no
[2026-07-30T11:40:33.417Z] LiveUpdateForge: AfterToolExec flush
[2026-07-30T11:40:33.458Z] InitialReadForge.onBeforeSend: SKIP (fr=true syn=false hasRead=true)
[2026-07-30T11:40:39.241Z] LiveUpdateForge: EndTurn fallback flush
[2026-07-30T11:40:39.241Z] onEndTurn: naturalStop=true toolCalls=22 nudgeMsg=no
[2026-07-30T11:44:08.372Z] ResumeDiffForge: running checkResumeConsistency
[2026-07-30T11:44:08.373Z] checkResumeConsistency: forgedTimestamps=[]
[2026-07-30T11:44:08.399Z] checkResumeConsistency: no changes detected
[2026-07-30T11:44:08.400Z] LiveUpdateForge: session reset, allowLiveUpdate = false
[2026-07-30T11:44:08.400Z] NudgeForge: ResumeComplete — restoring count from history
[2026-07-30T11:44:08.401Z] restoreNudgeCountFromHistory: found last write at idx=88 count=22
[2026-07-30T11:44:08.463Z] LiveUpdateForge: allowLiveUpdate = true (first real BeforeSend)
[2026-07-30T11:44:08.463Z] InitialReadForge.onBeforeSend: SKIP (fr=false syn=false hasRead=true)
[2026-07-30T11:44:16.474Z] LiveUpdateForge: EndTurn fallback flush
[2026-07-30T11:44:16.475Z] onEndTurn: naturalStop=false toolCalls=22 nudgeMsg=no
[2026-07-30T11:44:16.676Z] LiveUpdateForge: AfterToolExec flush
[2026-07-30T11:44:16.708Z] InitialReadForge.onBeforeSend: SKIP (fr=true syn=false hasRead=true)
[2026-07-30T11:44:21.088Z] LiveUpdateForge: EndTurn fallback flush
[2026-07-30T11:44:21.089Z] onEndTurn: naturalStop=true toolCalls=23 nudgeMsg=no
[2026-07-30T11:44:50.978Z] ResumeDiffForge: running checkResumeConsistency
[2026-07-30T11:44:50.979Z] checkResumeConsistency: forgedTimestamps=[]
[2026-07-30T11:44:50.986Z] checkResumeConsistency: no changes detected
[2026-07-30T11:44:50.987Z] LiveUpdateForge: session reset, allowLiveUpdate = false
[2026-07-30T11:44:50.987Z] NudgeForge: ResumeComplete — restoring count from history
[2026-07-30T11:44:50.988Z] restoreNudgeCountFromHistory: found last write at idx=88 count=23
[2026-07-30T11:44:51.029Z] LiveUpdateForge: allowLiveUpdate = true (first real BeforeSend)
[2026-07-30T11:44:51.031Z] InitialReadForge.onBeforeSend: SKIP (fr=false syn=false hasRead=true)
[2026-07-30T11:44:59.650Z] LiveUpdateForge: EndTurn fallback flush
[2026-07-30T11:44:59.651Z] onEndTurn: naturalStop=true toolCalls=23 nudgeMsg=no
[2026-07-30T11:45:27.516Z] ResumeDiffForge: running checkResumeConsistency
[2026-07-30T11:45:27.517Z] checkResumeConsistency: forgedTimestamps=[]
[2026-07-30T11:45:27.525Z] checkResumeConsistency: no changes detected
[2026-07-30T11:45:27.525Z] LiveUpdateForge: session reset, allowLiveUpdate = false
[2026-07-30T11:45:27.525Z] NudgeForge: ResumeComplete — restoring count from history
[2026-07-30T11:45:27.526Z] restoreNudgeCountFromHistory: found last write at idx=88 count=23
[2026-07-30T11:45:27.576Z] LiveUpdateForge: allowLiveUpdate = true (first real BeforeSend)
[2026-07-30T11:45:27.576Z] InitialReadForge.onBeforeSend: SKIP (fr=false syn=false hasRead=true)
[2026-07-30T11:45:34.425Z] LiveUpdateForge: EndTurn fallback flush
[2026-07-30T11:45:34.426Z] onEndTurn: naturalStop=true toolCalls=23 nudgeMsg=no
[2026-07-30T13:04:32.961Z] MemoryForge: attached 5 listener(s)
[2026-07-30T13:04:32.962Z] InitialReadForge: armed one-shot BeforeSend after NewSessionStart
[2026-07-30T13:04:32.962Z] LiveUpdateForge: session reset, allowLiveUpdate = false
[2026-07-30T13:05:09.274Z] MemoryForge: attached 5 listener(s)
[2026-07-30T13:05:09.275Z] InitialReadForge: armed one-shot BeforeSend after NewSessionStart
[2026-07-30T13:05:09.276Z] LiveUpdateForge: session reset, allowLiveUpdate = false
[2026-07-30T13:05:11.159Z] MemoryForge: attached 5 listener(s)
[2026-07-30T13:05:11.160Z] InitialReadForge: armed one-shot BeforeSend after NewSessionStart
[2026-07-30T13:05:11.160Z] LiveUpdateForge: session reset, allowLiveUpdate = false
[2026-07-30T13:05:11.161Z] MemoryForge: detached all listeners
[2026-07-30T13:05:11.161Z] ResumeDiffForge: no read_memory in history, backfilling forge
[2026-07-30T13:05:11.304Z] recordForgedToolExchange: toolName=read_memory callId=resume-forge-read-memory-backfill
[2026-07-30T13:05:11.353Z] recordForgedToolExchange: recordMessage + recordToolCalls persisted
[2026-07-30T13:05:11.354Z] injectForgedHistory: role=user preview=""
[2026-07-30T13:05:11.372Z] injectForgedHistory: recordMessage persisted
[2026-07-30T13:05:11.377Z] ResumeDiffForge: backfilled read_memory and baseline for 2 raw + 2 provider file(s)
[2026-07-30T13:05:11.378Z] LiveUpdateForge: session reset, allowLiveUpdate = false
[2026-07-30T13:05:11.378Z] NudgeForge: ResumeComplete — restoring count from history
[2026-07-30T13:05:11.378Z] restoreNudgeCountFromHistory: no reset point found, count=0
[2026-07-30T13:05:11.408Z] LiveUpdateForge: allowLiveUpdate = true (first real BeforeSend)
[2026-07-30T13:05:11.408Z] InitialReadForge.onBeforeSend: SKIP (fr=false syn=false hasRead=true)
[2026-07-30T13:05:18.211Z] LiveUpdateForge: EndTurn fallback flush
[2026-07-30T13:05:18.212Z] onEndTurn: naturalStop=false toolCalls=0 nudgeMsg=no
[2026-07-30T13:05:18.226Z] LiveUpdateForge: AfterToolExec flush
[2026-07-30T13:05:18.258Z] InitialReadForge.onBeforeSend: SKIP (fr=true syn=false hasRead=true)
[2026-07-30T13:05:21.745Z] LiveUpdateForge: EndTurn fallback flush
[2026-07-30T13:05:21.745Z] onEndTurn: naturalStop=false toolCalls=1 nudgeMsg=no
[2026-07-30T13:05:21.748Z] LiveUpdateForge: AfterToolExec flush
[2026-07-30T13:05:21.776Z] InitialReadForge.onBeforeSend: SKIP (fr=true syn=false hasRead=true)
[2026-07-30T13:05:26.143Z] LiveUpdateForge: EndTurn fallback flush
[2026-07-30T13:05:26.144Z] onEndTurn: naturalStop=false toolCalls=2 nudgeMsg=no
[2026-07-30T13:05:26.565Z] LiveUpdateForge: AfterToolExec flush
[2026-07-30T13:05:42.582Z] LiveUpdateForge: AfterToolExec flush
[2026-07-30T13:05:42.606Z] InitialReadForge.onBeforeSend: SKIP (fr=true syn=false hasRead=true)
[2026-07-30T13:05:46.213Z] LiveUpdateForge: EndTurn fallback flush
[2026-07-30T13:05:46.214Z] onEndTurn: naturalStop=false toolCalls=4 nudgeMsg=no
[2026-07-30T13:05:46.225Z] LiveUpdateForge: AfterToolExec flush
[2026-07-30T13:05:46.227Z] LiveUpdateForge: AfterToolExec flush
[2026-07-30T13:05:46.228Z] LiveUpdateForge: AfterToolExec flush
[2026-07-30T13:05:46.229Z] LiveUpdateForge: AfterToolExec flush
[2026-07-30T13:05:46.258Z] InitialReadForge.onBeforeSend: SKIP (fr=true syn=false hasRead=true)
[2026-07-30T13:05:49.710Z] LiveUpdateForge: EndTurn fallback flush
[2026-07-30T13:05:49.711Z] onEndTurn: naturalStop=false toolCalls=8 nudgeMsg=no
[2026-07-30T13:05:50.068Z] LiveUpdateForge: AfterToolExec flush
[2026-07-30T13:05:50.307Z] LiveUpdateForge: AfterToolExec flush
[2026-07-30T13:05:50.332Z] InitialReadForge.onBeforeSend: SKIP (fr=true syn=false hasRead=true)
[2026-07-30T13:05:52.491Z] LiveUpdateForge: EndTurn fallback flush
[2026-07-30T13:05:52.491Z] onEndTurn: naturalStop=false toolCalls=10 nudgeMsg=no
[2026-07-30T13:05:52.499Z] LiveUpdateForge: AfterToolExec flush
[2026-07-30T13:05:52.500Z] LiveUpdateForge: AfterToolExec flush
[2026-07-30T13:05:52.524Z] InitialReadForge.onBeforeSend: SKIP (fr=true syn=false hasRead=true)
[2026-07-30T13:05:56.917Z] LiveUpdateForge: EndTurn fallback flush
[2026-07-30T13:05:56.917Z] onEndTurn: naturalStop=false toolCalls=12 nudgeMsg=no
[2026-07-30T13:06:00.872Z] LiveUpdateForge: AfterToolExec flush
[2026-07-30T13:06:01.206Z] LiveUpdateForge: AfterToolExec flush
[2026-07-30T13:06:01.326Z] LiveUpdateForge: AfterToolExec flush
[2026-07-30T13:06:01.354Z] InitialReadForge.onBeforeSend: SKIP (fr=true syn=false hasRead=true)
[2026-07-30T13:06:07.726Z] LiveUpdateForge: EndTurn fallback flush
[2026-07-30T13:06:07.726Z] onEndTurn: naturalStop=false toolCalls=15 nudgeMsg=no
[2026-07-30T13:06:10.488Z] LiveUpdateForge: AfterToolExec flush
[2026-07-30T13:06:10.490Z] LiveUpdateForge: AfterToolExec flush
[2026-07-30T13:06:10.747Z] LiveUpdateForge: AfterToolExec flush
[2026-07-30T13:06:10.777Z] InitialReadForge.onBeforeSend: SKIP (fr=true syn=false hasRead=true)
[2026-07-30T13:06:14.729Z] LiveUpdateForge: EndTurn fallback flush
[2026-07-30T13:06:14.730Z] onEndTurn: naturalStop=false toolCalls=18 nudgeMsg=no
[2026-07-30T13:06:15.065Z] LiveUpdateForge: AfterToolExec flush
[2026-07-30T13:06:15.297Z] LiveUpdateForge: AfterToolExec flush
[2026-07-30T13:06:15.326Z] InitialReadForge.onBeforeSend: SKIP (fr=true syn=false hasRead=true)
[2026-07-30T13:06:24.453Z] LiveUpdateForge: EndTurn fallback flush
[2026-07-30T13:06:24.454Z] onEndTurn: naturalStop=false toolCalls=20 nudgeMsg=no
[2026-07-30T13:06:40.310Z] LiveUpdateForge: AfterToolExec flush
[2026-07-30T13:06:40.333Z] LiveUpdateForge: AfterToolExec flush
[2026-07-30T13:06:40.369Z] InitialReadForge.onBeforeSend: SKIP (fr=true syn=false hasRead=true)
[2026-07-30T13:06:52.540Z] LiveUpdateForge: EndTurn fallback flush
[2026-07-30T13:06:52.541Z] onEndTurn: naturalStop=false toolCalls=22 nudgeMsg=no
[2026-07-30T13:06:58.543Z] LiveUpdateForge: AfterToolExec flush
[2026-07-30T13:06:58.579Z] LiveUpdateForge: AfterToolExec flush
[2026-07-30T13:06:58.613Z] InitialReadForge.onBeforeSend: SKIP (fr=true syn=false hasRead=true)
[2026-07-30T13:07:03.261Z] LiveUpdateForge: EndTurn fallback flush
[2026-07-30T13:07:03.262Z] onEndTurn: naturalStop=false toolCalls=24 nudgeMsg=no
[2026-07-30T13:07:14.929Z] LiveUpdateForge: AfterToolExec flush
[2026-07-30T13:07:14.949Z] LiveUpdateForge: AfterToolExec flush
[2026-07-30T13:07:14.985Z] InitialReadForge.onBeforeSend: SKIP (fr=true syn=false hasRead=true)
[2026-07-30T13:07:28.782Z] LiveUpdateForge: EndTurn fallback flush
[2026-07-30T13:07:28.783Z] onEndTurn: naturalStop=true toolCalls=26 nudgeMsg=no
[2026-07-30T13:07:52.994Z] MemoryForge: attached 5 listener(s)
[2026-07-30T13:07:52.995Z] InitialReadForge: armed one-shot BeforeSend after NewSessionStart
[2026-07-30T13:07:52.995Z] LiveUpdateForge: session reset, allowLiveUpdate = false
[2026-07-30T13:07:52.997Z] MemoryForge: detached all listeners
[2026-07-30T13:07:52.997Z] ResumeDiffForge: no read_memory in history, backfilling forge
[2026-07-30T13:07:53.123Z] recordForgedToolExchange: toolName=read_memory callId=resume-forge-read-memory-backfill
[2026-07-30T13:07:53.170Z] recordForgedToolExchange: recordMessage + recordToolCalls persisted
[2026-07-30T13:07:53.171Z] injectForgedHistory: role=user preview=""
[2026-07-30T13:07:53.192Z] injectForgedHistory: recordMessage persisted
[2026-07-30T13:07:53.199Z] ResumeDiffForge: backfilled read_memory and baseline for 2 raw + 2 provider file(s)
[2026-07-30T13:07:53.199Z] LiveUpdateForge: session reset, allowLiveUpdate = false
[2026-07-30T13:07:53.200Z] NudgeForge: ResumeComplete — restoring count from history
[2026-07-30T13:07:53.200Z] restoreNudgeCountFromHistory: no reset point found, count=0
[2026-07-30T13:07:53.227Z] LiveUpdateForge: allowLiveUpdate = true (first real BeforeSend)
[2026-07-30T13:07:53.227Z] InitialReadForge.onBeforeSend: SKIP (fr=false syn=false hasRead=true)
[2026-07-30T13:07:58.150Z] LiveUpdateForge: EndTurn fallback flush
[2026-07-30T13:07:58.150Z] onEndTurn: naturalStop=false toolCalls=0 nudgeMsg=no
[2026-07-30T13:07:58.288Z] LiveUpdateForge: AfterToolExec flush
[2026-07-30T13:08:07.404Z] LiveUpdateForge: AfterToolExec flush
[2026-07-30T13:08:07.427Z] InitialReadForge.onBeforeSend: SKIP (fr=true syn=false hasRead=true)
[2026-07-30T13:08:13.951Z] LiveUpdateForge: EndTurn fallback flush
[2026-07-30T13:08:13.952Z] onEndTurn: naturalStop=false toolCalls=2 nudgeMsg=no
[2026-07-30T13:08:13.998Z] LiveUpdateForge: AfterToolExec flush
[2026-07-30T13:08:14.036Z] LiveUpdateForge: AfterToolExec flush
[2026-07-30T13:08:14.179Z] LiveUpdateForge: AfterToolExec flush
[2026-07-30T13:08:14.208Z] InitialReadForge.onBeforeSend: SKIP (fr=true syn=false hasRead=true)
[2026-07-30T13:08:20.180Z] LiveUpdateForge: EndTurn fallback flush
[2026-07-30T13:08:20.180Z] onEndTurn: naturalStop=false toolCalls=5 nudgeMsg=no
[2026-07-30T13:08:23.786Z] InitialReadForge.onBeforeSend: SKIP (fr=false syn=false hasRead=true)
[2026-07-30T13:08:25.061Z] LiveUpdateForge: AfterToolExec flush
[2026-07-30T13:08:25.087Z] InitialReadForge.onBeforeSend: SKIP (fr=true syn=false hasRead=true)
[2026-07-30T13:08:33.174Z] LiveUpdateForge: EndTurn fallback flush
[2026-07-30T13:08:33.174Z] onEndTurn: naturalStop=true toolCalls=26 nudgeMsg=no
[2026-07-30T13:08:33.498Z] LiveUpdateForge: EndTurn fallback flush
[2026-07-30T13:08:33.499Z] onEndTurn: naturalStop=false toolCalls=6 nudgeMsg=no
[2026-07-30T13:08:33.517Z] LiveUpdateForge: AfterToolExec flush
[2026-07-30T13:08:33.574Z] LiveUpdateForge: AfterToolExec flush
[2026-07-30T13:08:33.584Z] LiveUpdateForge: AfterToolExec flush
[2026-07-30T13:08:33.601Z] LiveUpdateForge: AfterToolExec flush
[2026-07-30T13:08:33.628Z] InitialReadForge.onBeforeSend: SKIP (fr=true syn=false hasRead=true)
[2026-07-30T13:08:40.837Z] LiveUpdateForge: EndTurn fallback flush
[2026-07-30T13:08:40.838Z] onEndTurn: naturalStop=false toolCalls=10 nudgeMsg=no
[2026-07-30T13:08:40.841Z] LiveUpdateForge: AfterToolExec flush
[2026-07-30T13:08:40.869Z] InitialReadForge.onBeforeSend: SKIP (fr=true syn=false hasRead=true)
[2026-07-30T13:08:47.405Z] LiveUpdateForge: EndTurn fallback flush
[2026-07-30T13:08:47.405Z] onEndTurn: naturalStop=false toolCalls=11 nudgeMsg=no
[2026-07-30T13:08:47.441Z] InitialReadForge.onBeforeSend: SKIP (fr=true syn=false hasRead=true)
[2026-07-30T13:08:49.923Z] LiveUpdateForge: EndTurn fallback flush
[2026-07-30T13:08:49.924Z] onEndTurn: naturalStop=false toolCalls=11 nudgeMsg=no
[2026-07-30T13:08:49.963Z] InitialReadForge.onBeforeSend: SKIP (fr=true syn=false hasRead=true)
[2026-07-30T13:08:53.432Z] LiveUpdateForge: EndTurn fallback flush
[2026-07-30T13:08:53.432Z] onEndTurn: naturalStop=false toolCalls=11 nudgeMsg=no
[2026-07-30T13:08:53.453Z] LiveUpdateForge: AfterToolExec flush
[2026-07-30T13:08:53.457Z] LiveUpdateForge: AfterToolExec flush
[2026-07-30T13:08:53.555Z] LiveUpdateForge: AfterToolExec flush
[2026-07-30T13:08:53.588Z] InitialReadForge.onBeforeSend: SKIP (fr=true syn=false hasRead=true)
[2026-07-30T13:09:06.093Z] LiveUpdateForge: EndTurn fallback flush
[2026-07-30T13:09:06.093Z] onEndTurn: naturalStop=false toolCalls=14 nudgeMsg=no
[2026-07-30T13:09:06.144Z] LiveUpdateForge: AfterToolExec flush
[2026-07-30T13:09:06.180Z] InitialReadForge.onBeforeSend: SKIP (fr=true syn=false hasRead=true)
[2026-07-30T13:09:26.761Z] LiveUpdateForge: EndTurn fallback flush
[2026-07-30T13:09:26.761Z] onEndTurn: naturalStop=false toolCalls=15 nudgeMsg=no
[2026-07-30T13:09:27.465Z] LiveUpdateForge: AfterToolExec flush
[2026-07-30T13:09:27.496Z] InitialReadForge.onBeforeSend: SKIP (fr=true syn=false hasRead=true)
[2026-07-30T13:09:29.314Z] LiveUpdateForge: EndTurn fallback flush
[2026-07-30T13:09:29.315Z] onEndTurn: naturalStop=false toolCalls=16 nudgeMsg=no
[2026-07-30T13:09:29.327Z] LiveUpdateForge: AfterToolExec flush
[2026-07-30T13:09:29.364Z] InitialReadForge.onBeforeSend: SKIP (fr=true syn=false hasRead=true)
[2026-07-30T13:09:33.533Z] LiveUpdateForge: EndTurn fallback flush
[2026-07-30T13:09:33.534Z] onEndTurn: naturalStop=false toolCalls=17 nudgeMsg=no
[2026-07-30T13:09:34.167Z] LiveUpdateForge: AfterToolExec flush
[2026-07-30T13:09:34.200Z] InitialReadForge.onBeforeSend: SKIP (fr=true syn=false hasRead=true)
[2026-07-30T13:09:37.638Z] LiveUpdateForge: EndTurn fallback flush
[2026-07-30T13:09:37.639Z] onEndTurn: naturalStop=false toolCalls=18 nudgeMsg=no
[2026-07-30T13:09:37.647Z] LiveUpdateForge: AfterToolExec flush
[2026-07-30T13:09:37.687Z] InitialReadForge.onBeforeSend: SKIP (fr=true syn=false hasRead=true)
[2026-07-30T13:09:45.732Z] LiveUpdateForge: EndTurn fallback flush
[2026-07-30T13:09:45.733Z] onEndTurn: naturalStop=false toolCalls=19 nudgeMsg=no
[2026-07-30T13:09:46.343Z] LiveUpdateForge: AfterToolExec flush
[2026-07-30T13:09:46.390Z] InitialReadForge.onBeforeSend: SKIP (fr=true syn=false hasRead=true)
[2026-07-30T13:09:48.522Z] LiveUpdateForge: EndTurn fallback flush
[2026-07-30T13:09:48.523Z] onEndTurn: naturalStop=false toolCalls=20 nudgeMsg=no
[2026-07-30T13:09:49.328Z] LiveUpdateForge: AfterToolExec flush
[2026-07-30T13:09:49.356Z] InitialReadForge.onBeforeSend: SKIP (fr=true syn=false hasRead=true)
[2026-07-30T13:09:54.283Z] LiveUpdateForge: EndTurn fallback flush
[2026-07-30T13:09:54.283Z] onEndTurn: naturalStop=false toolCalls=21 nudgeMsg=no
[2026-07-30T13:09:54.314Z] LiveUpdateForge: AfterToolExec flush
[2026-07-30T13:09:54.352Z] InitialReadForge.onBeforeSend: SKIP (fr=true syn=false hasRead=true)
[2026-07-30T13:10:05.436Z] LiveUpdateForge: EndTurn fallback flush
[2026-07-30T13:10:05.437Z] onEndTurn: naturalStop=true toolCalls=22 nudgeMsg=no
[2026-07-30T13:11:41.604Z] ResumeDiffForge: running checkResumeConsistency
[2026-07-30T13:11:41.605Z] checkResumeConsistency: forgedTimestamps=[]
[2026-07-30T13:11:41.614Z] checkResumeConsistency: no changes detected
[2026-07-30T13:11:41.614Z] LiveUpdateForge: session reset, allowLiveUpdate = false
[2026-07-30T13:11:41.615Z] NudgeForge: ResumeComplete — restoring count from history
[2026-07-30T13:11:41.615Z] restoreNudgeCountFromHistory: no reset point found, count=26
[2026-07-30T13:11:41.649Z] LiveUpdateForge: allowLiveUpdate = true (first real BeforeSend)
[2026-07-30T13:11:41.650Z] InitialReadForge.onBeforeSend: SKIP (fr=false syn=false hasRead=true)
[2026-07-30T13:12:02.483Z] LiveUpdateForge: EndTurn fallback flush
[2026-07-30T13:12:02.483Z] onEndTurn: naturalStop=true toolCalls=26 nudgeMsg=no
[2026-07-30T13:20:47.814Z] MemoryForge: attached 5 listener(s)
[2026-07-30T13:20:47.816Z] InitialReadForge: armed one-shot BeforeSend after NewSessionStart
[2026-07-30T13:20:47.820Z] LiveUpdateForge: session reset, allowLiveUpdate = false
[2026-07-30T13:20:48.035Z] LiveUpdateForge: session reset, allowLiveUpdate = false
[2026-07-30T13:20:48.050Z] ResumeDiffForge: running checkResumeConsistency
[2026-07-30T13:20:48.052Z] checkResumeConsistency: forgedTimestamps=[]
[2026-07-30T13:20:48.067Z] checkResumeConsistency: no changes detected
[2026-07-30T13:20:48.068Z] LiveUpdateForge: session reset, allowLiveUpdate = false
[2026-07-30T13:20:48.069Z] NudgeForge: ResumeComplete — restoring count from history
[2026-07-30T13:20:48.070Z] restoreNudgeCountFromHistory: no reset point found, count=25
[2026-07-30T13:20:49.988Z] ResumeDiffForge: running checkResumeConsistency
[2026-07-30T13:20:49.989Z] checkResumeConsistency: forgedTimestamps=[]
[2026-07-30T13:20:50.004Z] checkResumeConsistency: no changes detected
[2026-07-30T13:20:50.004Z] LiveUpdateForge: session reset, allowLiveUpdate = false
[2026-07-30T13:20:50.004Z] NudgeForge: ResumeComplete — restoring count from history
[2026-07-30T13:20:50.005Z] restoreNudgeCountFromHistory: no reset point found, count=25
[2026-07-30T13:20:50.091Z] ResumeDiffForge: running checkResumeConsistency
[2026-07-30T13:20:50.092Z] checkResumeConsistency: forgedTimestamps=[]
[2026-07-30T13:20:50.100Z] checkResumeConsistency: no changes detected
[2026-07-30T13:20:50.101Z] LiveUpdateForge: session reset, allowLiveUpdate = false
[2026-07-30T13:20:50.101Z] NudgeForge: ResumeComplete — restoring count from history
[2026-07-30T13:20:50.101Z] restoreNudgeCountFromHistory: no reset point found, count=25
[2026-07-30T13:20:50.428Z] MemoryForge: attached 5 listener(s)
[2026-07-30T13:20:50.429Z] InitialReadForge: armed one-shot BeforeSend after NewSessionStart
[2026-07-30T13:20:50.429Z] LiveUpdateForge: session reset, allowLiveUpdate = false
[2026-07-30T13:20:50.434Z] MemoryForge: detached all listeners
[2026-07-30T13:20:50.434Z] ResumeDiffForge: running checkResumeConsistency
[2026-07-30T13:20:50.435Z] checkResumeConsistency: forgedTimestamps=[]
[2026-07-30T13:20:50.491Z] checkResumeConsistency: no changes detected
[2026-07-30T13:20:50.493Z] LiveUpdateForge: session reset, allowLiveUpdate = false
[2026-07-30T13:20:50.494Z] NudgeForge: ResumeComplete — restoring count from history
[2026-07-30T13:20:50.494Z] restoreNudgeCountFromHistory: no reset point found, count=25
[2026-07-30T13:20:50.541Z] LiveUpdateForge: allowLiveUpdate = true (first real BeforeSend)
[2026-07-30T13:20:50.543Z] InitialReadForge.onBeforeSend: SKIP (fr=false syn=false hasRead=true)
[2026-07-30T13:21:10.330Z] LiveUpdateForge: EndTurn fallback flush
[2026-07-30T13:21:10.330Z] onEndTurn: naturalStop=true toolCalls=25 nudgeMsg=no
[2026-07-30T13:23:02.551Z] MemoryForge: attached 5 listener(s)
[2026-07-30T13:23:02.552Z] InitialReadForge: armed one-shot BeforeSend after NewSessionStart
[2026-07-30T13:23:02.552Z] LiveUpdateForge: session reset, allowLiveUpdate = false
[2026-07-30T13:23:02.668Z] LiveUpdateForge: session reset, allowLiveUpdate = false
[2026-07-30T13:23:02.676Z] ResumeDiffForge: running checkResumeConsistency
[2026-07-30T13:23:02.677Z] checkResumeConsistency: forgedTimestamps=[]
[2026-07-30T13:23:02.686Z] checkResumeConsistency: no changes detected
[2026-07-30T13:23:02.687Z] LiveUpdateForge: session reset, allowLiveUpdate = false
[2026-07-30T13:23:02.687Z] NudgeForge: ResumeComplete — restoring count from history
[2026-07-30T13:23:02.689Z] restoreNudgeCountFromHistory: no reset point found, count=26
[2026-07-30T13:23:03.173Z] ResumeDiffForge: running checkResumeConsistency
[2026-07-30T13:23:03.173Z] checkResumeConsistency: forgedTimestamps=[]
[2026-07-30T13:23:03.181Z] checkResumeConsistency: no changes detected
[2026-07-30T13:23:03.181Z] LiveUpdateForge: session reset, allowLiveUpdate = false
[2026-07-30T13:23:03.182Z] NudgeForge: ResumeComplete — restoring count from history
[2026-07-30T13:23:03.182Z] restoreNudgeCountFromHistory: no reset point found, count=26
[2026-07-30T13:23:03.247Z] ResumeDiffForge: running checkResumeConsistency
[2026-07-30T13:23:03.247Z] checkResumeConsistency: forgedTimestamps=[]
[2026-07-30T13:23:03.255Z] checkResumeConsistency: no changes detected
[2026-07-30T13:23:03.255Z] LiveUpdateForge: session reset, allowLiveUpdate = false
[2026-07-30T13:23:03.255Z] NudgeForge: ResumeComplete — restoring count from history
[2026-07-30T13:23:03.255Z] restoreNudgeCountFromHistory: no reset point found, count=26
[2026-07-30T13:23:03.612Z] MemoryForge: attached 5 listener(s)
[2026-07-30T13:23:03.612Z] InitialReadForge: armed one-shot BeforeSend after NewSessionStart
[2026-07-30T13:23:03.613Z] LiveUpdateForge: session reset, allowLiveUpdate = false
[2026-07-30T13:23:03.616Z] MemoryForge: detached all listeners
[2026-07-30T13:23:03.616Z] ResumeDiffForge: running checkResumeConsistency
[2026-07-30T13:23:03.617Z] checkResumeConsistency: forgedTimestamps=[]
[2026-07-30T13:23:03.649Z] checkResumeConsistency: no changes detected
[2026-07-30T13:23:03.649Z] LiveUpdateForge: session reset, allowLiveUpdate = false
[2026-07-30T13:23:03.649Z] NudgeForge: ResumeComplete — restoring count from history
[2026-07-30T13:23:03.650Z] restoreNudgeCountFromHistory: no reset point found, count=26
[2026-07-30T13:23:03.677Z] LiveUpdateForge: allowLiveUpdate = true (first real BeforeSend)
[2026-07-30T13:23:03.678Z] InitialReadForge.onBeforeSend: SKIP (fr=false syn=false hasRead=true)
[2026-07-30T13:23:09.804Z] LiveUpdateForge: EndTurn fallback flush
[2026-07-30T13:23:09.804Z] onEndTurn: naturalStop=false toolCalls=26 nudgeMsg=no
[2026-07-30T13:23:09.931Z] LiveUpdateForge: AfterToolExec flush
[2026-07-30T13:23:09.961Z] InitialReadForge.onBeforeSend: SKIP (fr=true syn=false hasRead=true)
[2026-07-30T13:23:13.221Z] LiveUpdateForge: EndTurn fallback flush
[2026-07-30T13:23:13.221Z] onEndTurn: naturalStop=false toolCalls=27 nudgeMsg=no
[2026-07-30T13:23:13.265Z] LiveUpdateForge: AfterToolExec flush
[2026-07-30T13:23:13.301Z] InitialReadForge.onBeforeSend: SKIP (fr=true syn=false hasRead=true)
[2026-07-30T13:23:16.819Z] LiveUpdateForge: EndTurn fallback flush
[2026-07-30T13:23:16.819Z] onEndTurn: naturalStop=false toolCalls=28 nudgeMsg=no
[2026-07-30T13:23:57.813Z] LiveUpdateForge: AfterToolExec flush
[2026-07-30T13:23:57.854Z] InitialReadForge.onBeforeSend: SKIP (fr=true syn=false hasRead=true)
[2026-07-30T13:24:02.953Z] LiveUpdateForge: EndTurn fallback flush
[2026-07-30T13:24:02.954Z] onEndTurn: naturalStop=false toolCalls=29 nudgeMsg=no
[2026-07-30T13:24:02.980Z] LiveUpdateForge: AfterToolExec flush
[2026-07-30T13:24:03.007Z] InitialReadForge.onBeforeSend: SKIP (fr=true syn=false hasRead=true)
[2026-07-30T13:24:06.989Z] LiveUpdateForge: EndTurn fallback flush
[2026-07-30T13:24:06.990Z] onEndTurn: naturalStop=false toolCalls=30 nudgeMsg=no
[2026-07-30T13:24:07.040Z] LiveUpdateForge: AfterToolExec flush
[2026-07-30T13:24:07.065Z] InitialReadForge.onBeforeSend: SKIP (fr=true syn=false hasRead=true)
[2026-07-30T13:24:13.319Z] LiveUpdateForge: EndTurn fallback flush
[2026-07-30T13:24:13.319Z] onEndTurn: naturalStop=false toolCalls=31 nudgeMsg=no
[2026-07-30T13:24:21.524Z] LiveUpdateForge: AfterToolExec flush
[2026-07-30T13:24:21.542Z] LiveUpdateForge: AfterToolExec flush
[2026-07-30T13:24:21.579Z] InitialReadForge.onBeforeSend: SKIP (fr=true syn=false hasRead=true)
[2026-07-30T13:24:26.489Z] LiveUpdateForge: EndTurn fallback flush
[2026-07-30T13:24:26.490Z] onEndTurn: naturalStop=false toolCalls=33 nudgeMsg=no
[2026-07-30T13:24:29.772Z] LiveUpdateForge: AfterToolExec flush
[2026-07-30T13:24:29.804Z] InitialReadForge.onBeforeSend: SKIP (fr=true syn=false hasRead=true)
[2026-07-30T13:24:33.407Z] LiveUpdateForge: EndTurn fallback flush
[2026-07-30T13:24:33.408Z] onEndTurn: naturalStop=false toolCalls=34 nudgeMsg=no
[2026-07-30T13:24:36.952Z] LiveUpdateForge: AfterToolExec flush
[2026-07-30T13:24:36.986Z] InitialReadForge.onBeforeSend: SKIP (fr=true syn=false hasRead=true)
[2026-07-30T13:24:43.102Z] LiveUpdateForge: EndTurn fallback flush
[2026-07-30T13:24:43.103Z] onEndTurn: naturalStop=false toolCalls=35 nudgeMsg=no
[2026-07-30T13:24:43.121Z] LiveUpdateForge: AfterToolExec flush
[2026-07-30T13:24:43.150Z] InitialReadForge.onBeforeSend: SKIP (fr=true syn=false hasRead=true)
[2026-07-30T13:24:51.222Z] LiveUpdateForge: EndTurn fallback flush
[2026-07-30T13:24:51.222Z] onEndTurn: naturalStop=false toolCalls=36 nudgeMsg=no
[2026-07-30T13:24:51.290Z] LiveUpdateForge: AfterToolExec flush
[2026-07-30T13:24:51.319Z] InitialReadForge.onBeforeSend: SKIP (fr=true syn=false hasRead=true)
[2026-07-30T13:24:55.387Z] LiveUpdateForge: EndTurn fallback flush
[2026-07-30T13:24:55.387Z] onEndTurn: naturalStop=false toolCalls=37 nudgeMsg=no
[2026-07-30T13:24:55.419Z] LiveUpdateForge: AfterToolExec flush
[2026-07-30T13:24:55.447Z] InitialReadForge.onBeforeSend: SKIP (fr=true syn=false hasRead=true)
[2026-07-30T13:24:58.732Z] LiveUpdateForge: EndTurn fallback flush
[2026-07-30T13:24:58.732Z] onEndTurn: naturalStop=false toolCalls=38 nudgeMsg=no
[2026-07-30T13:24:58.756Z] LiveUpdateForge: AfterToolExec flush
[2026-07-30T13:24:58.790Z] InitialReadForge.onBeforeSend: SKIP (fr=true syn=false hasRead=true)
[2026-07-30T13:25:08.208Z] LiveUpdateForge: EndTurn fallback flush
[2026-07-30T13:25:08.208Z] onEndTurn: naturalStop=true toolCalls=39 nudgeMsg=no
[2026-07-30T13:25:10.720Z] ResumeDiffForge: running checkResumeConsistency
[2026-07-30T13:25:10.722Z] checkResumeConsistency: forgedTimestamps=[]
[2026-07-30T13:25:10.732Z] checkResumeConsistency: no changes detected
[2026-07-30T13:25:10.733Z] LiveUpdateForge: session reset, allowLiveUpdate = false
[2026-07-30T13:25:10.733Z] NudgeForge: ResumeComplete — restoring count from history
[2026-07-30T13:25:10.733Z] restoreNudgeCountFromHistory: no reset point found, count=25
[2026-07-30T13:25:10.759Z] LiveUpdateForge: allowLiveUpdate = true (first real BeforeSend)
[2026-07-30T13:25:10.760Z] InitialReadForge.onBeforeSend: SKIP (fr=false syn=false hasRead=true)
[2026-07-30T13:25:18.935Z] LiveUpdateForge: EndTurn fallback flush
[2026-07-30T13:25:18.935Z] onEndTurn: naturalStop=false toolCalls=25 nudgeMsg=no
[2026-07-30T13:25:18.973Z] LiveUpdateForge: AfterToolExec flush
[2026-07-30T13:25:19.113Z] LiveUpdateForge: AfterToolExec flush
[2026-07-30T13:25:19.152Z] InitialReadForge.onBeforeSend: SKIP (fr=true syn=false hasRead=true)
[2026-07-30T13:25:26.631Z] LiveUpdateForge: EndTurn fallback flush
[2026-07-30T13:25:26.632Z] onEndTurn: naturalStop=false toolCalls=27 nudgeMsg=no
[2026-07-30T13:25:54.763Z] LiveUpdateForge: AfterToolExec flush
[2026-07-30T13:25:54.798Z] InitialReadForge.onBeforeSend: SKIP (fr=true syn=false hasRead=true)
[2026-07-30T13:26:09.952Z] LiveUpdateForge: EndTurn fallback flush
[2026-07-30T13:26:09.953Z] onEndTurn: naturalStop=false toolCalls=28 nudgeMsg=no
[2026-07-30T13:26:10.652Z] LiveUpdateForge: AfterToolExec flush
[2026-07-30T13:26:10.684Z] InitialReadForge.onBeforeSend: SKIP (fr=true syn=false hasRead=true)
[2026-07-30T13:26:13.931Z] LiveUpdateForge: EndTurn fallback flush
[2026-07-30T13:26:13.932Z] onEndTurn: naturalStop=false toolCalls=29 nudgeMsg=no
[2026-07-30T13:26:14.009Z] LiveUpdateForge: AfterToolExec flush
[2026-07-30T13:26:30.996Z] LiveUpdateForge: AfterToolExec flush
[2026-07-30T13:26:30.997Z] LiveUpdateForge: AfterToolExec flush
[2026-07-30T13:26:31.027Z] InitialReadForge.onBeforeSend: SKIP (fr=true syn=false hasRead=true)
[2026-07-30T13:26:53.851Z] LiveUpdateForge: EndTurn fallback flush
[2026-07-30T13:26:53.851Z] onEndTurn: naturalStop=false toolCalls=32 nudgeMsg=no
[2026-07-30T13:26:53.886Z] LiveUpdateForge: AfterToolExec flush
[2026-07-30T13:26:53.887Z] LiveUpdateForge: AfterToolExec flush
[2026-07-30T13:26:53.888Z] LiveUpdateForge: AfterToolExec flush
[2026-07-30T13:26:53.925Z] InitialReadForge.onBeforeSend: SKIP (fr=true syn=false hasRead=true)
[2026-07-30T13:27:02.673Z] LiveUpdateForge: EndTurn fallback flush
[2026-07-30T13:27:02.673Z] onEndTurn: naturalStop=false toolCalls=35 nudgeMsg=no
[2026-07-30T13:27:02.705Z] LiveUpdateForge: AfterToolExec flush
[2026-07-30T13:27:02.748Z] InitialReadForge.onBeforeSend: SKIP (fr=true syn=false hasRead=true)
[2026-07-30T13:27:13.605Z] MemoryForge: attached 5 listener(s)
[2026-07-30T13:27:13.605Z] InitialReadForge: armed one-shot BeforeSend after NewSessionStart
[2026-07-30T13:27:13.606Z] LiveUpdateForge: session reset, allowLiveUpdate = false
[2026-07-30T13:27:13.754Z] LiveUpdateForge: session reset, allowLiveUpdate = false
[2026-07-30T13:27:13.784Z] ResumeDiffForge: running checkResumeConsistency
[2026-07-30T13:27:13.785Z] checkResumeConsistency: forgedTimestamps=[]
[2026-07-30T13:27:13.793Z] checkResumeConsistency: no changes detected
[2026-07-30T13:27:13.794Z] LiveUpdateForge: session reset, allowLiveUpdate = false
[2026-07-30T13:27:13.794Z] NudgeForge: ResumeComplete — restoring count from history
[2026-07-30T13:27:13.795Z] restoreNudgeCountFromHistory: no reset point found, count=39
[2026-07-30T13:27:14.321Z] MemoryForge: attached 5 listener(s)
[2026-07-30T13:27:14.322Z] InitialReadForge: armed one-shot BeforeSend after NewSessionStart
[2026-07-30T13:27:14.322Z] LiveUpdateForge: session reset, allowLiveUpdate = false
[2026-07-30T13:27:14.328Z] MemoryForge: detached all listeners
[2026-07-30T13:27:14.329Z] ResumeDiffForge: running checkResumeConsistency
[2026-07-30T13:27:14.330Z] checkResumeConsistency: forgedTimestamps=[]
[2026-07-30T13:27:14.364Z] checkResumeConsistency: no changes detected
[2026-07-30T13:27:14.364Z] LiveUpdateForge: session reset, allowLiveUpdate = false
[2026-07-30T13:27:14.365Z] NudgeForge: ResumeComplete — restoring count from history
[2026-07-30T13:27:14.365Z] restoreNudgeCountFromHistory: no reset point found, count=39
[2026-07-30T13:27:14.448Z] ResumeDiffForge: running checkResumeConsistency
[2026-07-30T13:27:14.448Z] checkResumeConsistency: forgedTimestamps=[]
[2026-07-30T13:27:14.455Z] checkResumeConsistency: no changes detected
[2026-07-30T13:27:14.456Z] LiveUpdateForge: session reset, allowLiveUpdate = false
[2026-07-30T13:27:14.456Z] NudgeForge: ResumeComplete — restoring count from history
[2026-07-30T13:27:14.457Z] restoreNudgeCountFromHistory: no reset point found, count=39
[2026-07-30T13:27:14.539Z] ResumeDiffForge: running checkResumeConsistency
[2026-07-30T13:27:14.539Z] checkResumeConsistency: forgedTimestamps=[]
[2026-07-30T13:27:14.546Z] checkResumeConsistency: no changes detected
[2026-07-30T13:27:14.546Z] LiveUpdateForge: session reset, allowLiveUpdate = false
[2026-07-30T13:27:14.546Z] NudgeForge: ResumeComplete — restoring count from history
[2026-07-30T13:27:14.547Z] restoreNudgeCountFromHistory: no reset point found, count=39
[2026-07-30T13:27:14.639Z] MemoryForge: attached 5 listener(s)
[2026-07-30T13:27:14.639Z] InitialReadForge: armed one-shot BeforeSend after NewSessionStart
[2026-07-30T13:27:14.640Z] LiveUpdateForge: session reset, allowLiveUpdate = false
[2026-07-30T13:27:14.644Z] MemoryForge: detached all listeners
[2026-07-30T13:27:14.645Z] ResumeDiffForge: running checkResumeConsistency
[2026-07-30T13:27:14.645Z] checkResumeConsistency: forgedTimestamps=[]
[2026-07-30T13:27:14.673Z] checkResumeConsistency: no changes detected
[2026-07-30T13:27:14.673Z] LiveUpdateForge: session reset, allowLiveUpdate = false
[2026-07-30T13:27:14.673Z] NudgeForge: ResumeComplete — restoring count from history
[2026-07-30T13:27:14.674Z] restoreNudgeCountFromHistory: no reset point found, count=39
[2026-07-30T13:27:14.694Z] LiveUpdateForge: allowLiveUpdate = true (first real BeforeSend)
[2026-07-30T13:27:14.695Z] InitialReadForge.onBeforeSend: SKIP (fr=false syn=false hasRead=true)
[2026-07-30T13:27:26.462Z] LiveUpdateForge: EndTurn fallback flush
[2026-07-30T13:27:26.462Z] onEndTurn: naturalStop=false toolCalls=36 nudgeMsg=no
[2026-07-30T13:27:26.469Z] LiveUpdateForge: AfterToolExec flush
[2026-07-30T13:27:26.506Z] InitialReadForge.onBeforeSend: SKIP (fr=true syn=false hasRead=true)
[2026-07-30T13:27:33.747Z] LiveUpdateForge: EndTurn fallback flush
[2026-07-30T13:27:33.747Z] onEndTurn: naturalStop=false toolCalls=37 nudgeMsg=no
[2026-07-30T13:27:33.750Z] LiveUpdateForge: AfterToolExec flush
[2026-07-30T13:27:33.786Z] InitialReadForge.onBeforeSend: SKIP (fr=true syn=false hasRead=true)
[2026-07-30T13:27:38.914Z] LiveUpdateForge: EndTurn fallback flush
[2026-07-30T13:27:38.914Z] onEndTurn: naturalStop=false toolCalls=38 nudgeMsg=no
[2026-07-30T13:27:38.918Z] LiveUpdateForge: AfterToolExec flush
[2026-07-30T13:27:38.947Z] InitialReadForge.onBeforeSend: SKIP (fr=true syn=false hasRead=true)
[2026-07-30T13:27:44.556Z] LiveUpdateForge: EndTurn fallback flush
[2026-07-30T13:27:44.557Z] onEndTurn: naturalStop=false toolCalls=39 nudgeMsg=no
[2026-07-30T13:27:44.565Z] LiveUpdateForge: AfterToolExec flush
[2026-07-30T13:27:44.600Z] InitialReadForge.onBeforeSend: SKIP (fr=true syn=false hasRead=true)
[2026-07-30T13:27:51.707Z] LiveUpdateForge: EndTurn fallback flush
[2026-07-30T13:27:51.708Z] onEndTurn: naturalStop=false toolCalls=40 nudgeMsg=no
[2026-07-30T13:27:51.737Z] LiveUpdateForge: AfterToolExec flush
[2026-07-30T13:27:52.621Z] LiveUpdateForge: AfterToolExec flush
[2026-07-30T13:27:52.653Z] InitialReadForge.onBeforeSend: SKIP (fr=true syn=false hasRead=true)
[2026-07-30T13:28:03.604Z] LiveUpdateForge: EndTurn fallback flush
[2026-07-30T13:28:03.605Z] onEndTurn: naturalStop=false toolCalls=42 nudgeMsg=no
[2026-07-30T13:28:03.692Z] LiveUpdateForge: AfterToolExec flush
[2026-07-30T13:28:03.720Z] InitialReadForge.onBeforeSend: SKIP (fr=true syn=false hasRead=true)
[2026-07-30T13:28:10.294Z] LiveUpdateForge: EndTurn fallback flush
[2026-07-30T13:28:10.294Z] onEndTurn: naturalStop=false toolCalls=43 nudgeMsg=no
[2026-07-30T13:28:13.194Z] LiveUpdateForge: AfterToolExec flush
[2026-07-30T13:28:13.224Z] InitialReadForge.onBeforeSend: SKIP (fr=true syn=false hasRead=true)
[2026-07-30T13:28:19.552Z] LiveUpdateForge: EndTurn fallback flush
[2026-07-30T13:28:19.553Z] onEndTurn: naturalStop=false toolCalls=44 nudgeMsg=no
[2026-07-30T13:28:19.582Z] LiveUpdateForge: AfterToolExec flush
[2026-07-30T13:28:19.621Z] InitialReadForge.onBeforeSend: SKIP (fr=true syn=false hasRead=true)
[2026-07-30T13:28:21.345Z] LiveUpdateForge: EndTurn fallback flush
[2026-07-30T13:28:21.345Z] onEndTurn: naturalStop=false toolCalls=39 nudgeMsg=no
[2026-07-30T13:28:21.407Z] LiveUpdateForge: AfterToolExec flush
[2026-07-30T13:28:21.442Z] InitialReadForge.onBeforeSend: SKIP (fr=true syn=false hasRead=true)
[2026-07-30T13:28:24.985Z] LiveUpdateForge: EndTurn fallback flush
[2026-07-30T13:28:24.985Z] onEndTurn: naturalStop=false toolCalls=40 nudgeMsg=no
[2026-07-30T13:28:24.994Z] LiveUpdateForge: AfterToolExec flush
[2026-07-30T13:28:25.031Z] InitialReadForge.onBeforeSend: SKIP (fr=true syn=false hasRead=true)
[2026-07-30T13:28:30.833Z] LiveUpdateForge: EndTurn fallback flush
[2026-07-30T13:28:30.833Z] onEndTurn: naturalStop=false toolCalls=45 nudgeMsg=no
[2026-07-30T13:28:30.852Z] LiveUpdateForge: AfterToolExec flush
[2026-07-30T13:28:30.853Z] LiveUpdateForge: AfterToolExec flush
[2026-07-30T13:28:30.881Z] InitialReadForge.onBeforeSend: SKIP (fr=true syn=false hasRead=true)
[2026-07-30T13:28:33.307Z] LiveUpdateForge: EndTurn fallback flush
[2026-07-30T13:28:33.307Z] onEndTurn: naturalStop=false toolCalls=41 nudgeMsg=no
[2026-07-30T13:28:33.653Z] LiveUpdateForge: AfterToolExec flush
[2026-07-30T13:28:33.689Z] InitialReadForge.onBeforeSend: SKIP (fr=true syn=false hasRead=true)
[2026-07-30T13:28:37.893Z] LiveUpdateForge: EndTurn fallback flush
[2026-07-30T13:28:37.893Z] onEndTurn: naturalStop=false toolCalls=42 nudgeMsg=no
[2026-07-30T13:28:37.899Z] LiveUpdateForge: AfterToolExec flush
[2026-07-30T13:28:37.936Z] InitialReadForge.onBeforeSend: SKIP (fr=true syn=false hasRead=true)
[2026-07-30T13:28:44.354Z] LiveUpdateForge: EndTurn fallback flush
[2026-07-30T13:28:44.354Z] onEndTurn: naturalStop=false toolCalls=43 nudgeMsg=no
[2026-07-30T13:28:44.644Z] LiveUpdateForge: AfterToolExec flush
[2026-07-30T13:28:44.680Z] InitialReadForge.onBeforeSend: SKIP (fr=true syn=false hasRead=true)
[2026-07-30T13:28:48.371Z] LiveUpdateForge: EndTurn fallback flush
[2026-07-30T13:28:48.372Z] onEndTurn: naturalStop=false toolCalls=47 nudgeMsg=no
[2026-07-30T13:28:50.582Z] LiveUpdateForge: EndTurn fallback flush
[2026-07-30T13:28:50.583Z] onEndTurn: naturalStop=false toolCalls=44 nudgeMsg=no
[2026-07-30T13:28:50.591Z] LiveUpdateForge: AfterToolExec flush
[2026-07-30T13:28:50.625Z] InitialReadForge.onBeforeSend: SKIP (fr=true syn=false hasRead=true)
[2026-07-30T13:29:08.739Z] LiveUpdateForge: EndTurn fallback flush
[2026-07-30T13:29:08.739Z] onEndTurn: naturalStop=false toolCalls=45 nudgeMsg=no
[2026-07-30T13:29:08.876Z] LiveUpdateForge: AfterToolExec flush
[2026-07-30T13:29:08.915Z] InitialReadForge.onBeforeSend: SKIP (fr=true syn=false hasRead=true)
[2026-07-30T13:29:17.971Z] LiveUpdateForge: AfterToolExec flush
[2026-07-30T13:29:18.007Z] InitialReadForge.onBeforeSend: SKIP (fr=true syn=false hasRead=true)
[2026-07-30T13:29:22.933Z] LiveUpdateForge: EndTurn fallback flush
[2026-07-30T13:29:22.934Z] onEndTurn: naturalStop=false toolCalls=48 nudgeMsg=no
[2026-07-30T13:29:22.945Z] LiveUpdateForge: AfterToolExec flush
[2026-07-30T13:29:22.973Z] InitialReadForge.onBeforeSend: SKIP (fr=true syn=false hasRead=true)
[2026-07-30T13:29:35.599Z] LiveUpdateForge: EndTurn fallback flush
[2026-07-30T13:29:35.600Z] onEndTurn: naturalStop=false toolCalls=49 nudgeMsg=no
[2026-07-30T13:29:35.881Z] LiveUpdateForge: EndTurn fallback flush
[2026-07-30T13:29:35.881Z] onEndTurn: naturalStop=false toolCalls=46 nudgeMsg=no
[2026-07-30T13:29:35.893Z] LiveUpdateForge: AfterToolExec flush
[2026-07-30T13:29:35.953Z] InitialReadForge.onBeforeSend: SKIP (fr=true syn=false hasRead=true)
[2026-07-30T13:29:37.591Z] LiveUpdateForge: AfterToolExec flush
[2026-07-30T13:29:37.620Z] InitialReadForge.onBeforeSend: SKIP (fr=true syn=false hasRead=true)
[2026-07-30T13:29:46.274Z] LiveUpdateForge: EndTurn fallback flush
[2026-07-30T13:29:46.275Z] onEndTurn: naturalStop=false toolCalls=47 nudgeMsg=no
[2026-07-30T13:29:46.295Z] LiveUpdateForge: AfterToolExec flush
[2026-07-30T13:29:46.333Z] InitialReadForge.onBeforeSend: SKIP (fr=true syn=false hasRead=true)
[2026-07-30T13:29:52.741Z] LiveUpdateForge: EndTurn fallback flush
[2026-07-30T13:29:52.741Z] onEndTurn: naturalStop=false toolCalls=50 nudgeMsg=no
[2026-07-30T13:29:52.748Z] LiveUpdateForge: AfterToolExec flush
[2026-07-30T13:29:52.749Z] LiveUpdateForge: AfterToolExec flush
[2026-07-30T13:29:52.790Z] InitialReadForge.onBeforeSend: SKIP (fr=true syn=false hasRead=true)
[2026-07-30T13:29:56.532Z] LiveUpdateForge: EndTurn fallback flush
[2026-07-30T13:29:56.533Z] onEndTurn: naturalStop=false toolCalls=48 nudgeMsg=no
[2026-07-30T13:29:59.018Z] LiveUpdateForge: EndTurn fallback flush
[2026-07-30T13:29:59.019Z] onEndTurn: naturalStop=false toolCalls=52 nudgeMsg=no
[2026-07-30T13:30:00.872Z] LiveUpdateForge: AfterToolExec flush
[2026-07-30T13:30:00.904Z] InitialReadForge.onBeforeSend: SKIP (fr=true syn=false hasRead=true)
[2026-07-30T13:30:15.938Z] LiveUpdateForge: AfterToolExec flush
[2026-07-30T13:30:15.988Z] InitialReadForge.onBeforeSend: SKIP (fr=true syn=false hasRead=true)
[2026-07-30T13:30:21.661Z] LiveUpdateForge: EndTurn fallback flush
[2026-07-30T13:30:21.661Z] onEndTurn: naturalStop=false toolCalls=53 nudgeMsg=no
[2026-07-30T13:30:24.310Z] LiveUpdateForge: EndTurn fallback flush
[2026-07-30T13:30:24.311Z] onEndTurn: naturalStop=false toolCalls=49 nudgeMsg=no
[2026-07-30T13:30:24.320Z] LiveUpdateForge: AfterToolExec flush
[2026-07-30T13:30:24.360Z] InitialReadForge.onBeforeSend: SKIP (fr=true syn=false hasRead=true)
[2026-07-30T13:30:25.481Z] LiveUpdateForge: AfterToolExec flush
[2026-07-30T13:30:25.520Z] InitialReadForge.onBeforeSend: SKIP (fr=true syn=false hasRead=true)
[2026-07-30T13:30:31.686Z] LiveUpdateForge: EndTurn fallback flush
[2026-07-30T13:30:31.687Z] onEndTurn: naturalStop=true toolCalls=0 nudgeMsg=YES
[2026-07-30T13:30:31.694Z] InitialReadForge.onBeforeSend: SKIP (fr=false syn=false hasRead=true)
[2026-07-30T13:30:33.033Z] LiveUpdateForge: EndTurn fallback flush
[2026-07-30T13:30:33.033Z] onEndTurn: naturalStop=false toolCalls=54 nudgeMsg=no
[2026-07-30T13:30:33.039Z] LiveUpdateForge: AfterToolExec flush
[2026-07-30T13:30:33.074Z] InitialReadForge.onBeforeSend: SKIP (fr=true syn=false hasRead=true)
[2026-07-30T13:30:38.059Z] LiveUpdateForge: EndTurn fallback flush
[2026-07-30T13:30:38.060Z] onEndTurn: naturalStop=false toolCalls=0 nudgeMsg=no
[2026-07-30T13:30:38.082Z] LiveUpdateForge: self-write on D:\unity\mowang\CODELY.md, baseline aligned
[2026-07-30T13:30:38.083Z] LiveUpdateForge: AfterToolExec flush
[2026-07-30T13:30:38.127Z] InitialReadForge.onBeforeSend: SKIP (fr=true syn=false hasRead=true)
[2026-07-30T13:30:38.601Z] LiveUpdateForge: pending external change on D:\unity\mowang\CODELY.md
[2026-07-30T13:30:40.831Z] LiveUpdateForge: EndTurn fallback flush
[2026-07-30T13:30:40.832Z] LiveUpdateForge: enqueuing 1 diff notification(s)
[2026-07-30T13:30:40.834Z] onEndTurn: naturalStop=false toolCalls=55 nudgeMsg=no
[2026-07-30T13:30:40.902Z] LiveUpdateForge: AfterToolExec flush
[2026-07-30T13:30:40.948Z] InitialReadForge.onBeforeSend: SKIP (fr=true syn=false hasRead=true)
[2026-07-30T13:30:41.850Z] LiveUpdateForge: EndTurn fallback flush
[2026-07-30T13:30:41.850Z] onEndTurn: naturalStop=true toolCalls=0 nudgeMsg=no
[2026-07-30T13:30:48.002Z] LiveUpdateForge: EndTurn fallback flush
[2026-07-30T13:30:48.003Z] onEndTurn: naturalStop=false toolCalls=56 nudgeMsg=no
[2026-07-30T13:30:48.050Z] LiveUpdateForge: AfterToolExec flush
[2026-07-30T13:30:48.085Z] InitialReadForge.onBeforeSend: SKIP (fr=true syn=false hasRead=true)
[2026-07-30T13:30:50.444Z] LiveUpdateForge: EndTurn fallback flush
[2026-07-30T13:30:50.445Z] onEndTurn: naturalStop=false toolCalls=57 nudgeMsg=no
[2026-07-30T13:30:50.557Z] LiveUpdateForge: AfterToolExec flush
[2026-07-30T13:30:50.589Z] InitialReadForge.onBeforeSend: SKIP (fr=true syn=false hasRead=true)
[2026-07-30T13:30:52.749Z] LiveUpdateForge: EndTurn fallback flush
[2026-07-30T13:30:52.750Z] onEndTurn: naturalStop=false toolCalls=58 nudgeMsg=no
[2026-07-30T13:30:54.733Z] LiveUpdateForge: AfterToolExec flush
[2026-07-30T13:30:54.771Z] InitialReadForge.onBeforeSend: SKIP (fr=true syn=false hasRead=true)
[2026-07-30T13:30:58.547Z] LiveUpdateForge: EndTurn fallback flush
[2026-07-30T13:30:58.547Z] onEndTurn: naturalStop=false toolCalls=59 nudgeMsg=no
[2026-07-30T13:30:58.582Z] LiveUpdateForge: AfterToolExec flush
[2026-07-30T13:30:58.882Z] LiveUpdateForge: AfterToolExec flush
[2026-07-30T13:30:58.914Z] InitialReadForge.onBeforeSend: SKIP (fr=true syn=false hasRead=true)
[2026-07-30T13:31:03.222Z] LiveUpdateForge: EndTurn fallback flush
[2026-07-30T13:31:03.223Z] onEndTurn: naturalStop=false toolCalls=61 nudgeMsg=no
[2026-07-30T13:31:17.058Z] LiveUpdateForge: AfterToolExec flush
[2026-07-30T13:31:17.096Z] InitialReadForge.onBeforeSend: SKIP (fr=true syn=false hasRead=true)
[2026-07-30T13:31:23.098Z] LiveUpdateForge: EndTurn fallback flush
[2026-07-30T13:31:23.099Z] onEndTurn: naturalStop=false toolCalls=62 nudgeMsg=no
[2026-07-30T13:31:23.943Z] LiveUpdateForge: AfterToolExec flush
[2026-07-30T13:31:23.976Z] InitialReadForge.onBeforeSend: SKIP (fr=true syn=false hasRead=true)
[2026-07-30T13:31:31.579Z] LiveUpdateForge: EndTurn fallback flush
[2026-07-30T13:31:31.580Z] onEndTurn: naturalStop=true toolCalls=0 nudgeMsg=YES
[2026-07-30T13:31:31.584Z] InitialReadForge.onBeforeSend: SKIP (fr=false syn=false hasRead=true)
[2026-07-30T13:31:39.676Z] LiveUpdateForge: EndTurn fallback flush
[2026-07-30T13:31:39.676Z] onEndTurn: naturalStop=true toolCalls=0 nudgeMsg=no
[2026-07-30T13:32:50.403Z] MemoryForge: attached 5 listener(s)
[2026-07-30T13:32:50.403Z] InitialReadForge: armed one-shot BeforeSend after NewSessionStart
[2026-07-30T13:32:50.404Z] LiveUpdateForge: session reset, allowLiveUpdate = false
[2026-07-30T13:32:50.655Z] LiveUpdateForge: session reset, allowLiveUpdate = false
[2026-07-30T13:32:50.675Z] ResumeDiffForge: running checkResumeConsistency
[2026-07-30T13:32:50.677Z] checkResumeConsistency: forgedTimestamps=[]
[2026-07-30T13:32:50.685Z] checkResumeConsistency: no changes detected
[2026-07-30T13:32:50.686Z] LiveUpdateForge: session reset, allowLiveUpdate = false
[2026-07-30T13:32:50.686Z] NudgeForge: ResumeComplete — restoring count from history
[2026-07-30T13:32:50.687Z] restoreNudgeCountFromHistory: found last write at idx=89 count=0
[2026-07-30T13:32:51.096Z] ResumeDiffForge: running checkResumeConsistency
[2026-07-30T13:32:51.097Z] checkResumeConsistency: forgedTimestamps=[]
[2026-07-30T13:32:51.109Z] checkResumeConsistency: no changes detected
[2026-07-30T13:32:51.110Z] LiveUpdateForge: session reset, allowLiveUpdate = false
[2026-07-30T13:32:51.110Z] NudgeForge: ResumeComplete — restoring count from history
[2026-07-30T13:32:51.110Z] restoreNudgeCountFromHistory: found last write at idx=89 count=0
[2026-07-30T13:32:51.202Z] ResumeDiffForge: running checkResumeConsistency
[2026-07-30T13:32:51.203Z] checkResumeConsistency: forgedTimestamps=[]
[2026-07-30T13:32:51.211Z] checkResumeConsistency: no changes detected
[2026-07-30T13:32:51.212Z] LiveUpdateForge: session reset, allowLiveUpdate = false
[2026-07-30T13:32:51.212Z] NudgeForge: ResumeComplete — restoring count from history
[2026-07-30T13:32:51.212Z] restoreNudgeCountFromHistory: found last write at idx=89 count=0
[2026-07-30T13:32:51.670Z] MemoryForge: attached 5 listener(s)
[2026-07-30T13:32:51.671Z] InitialReadForge: armed one-shot BeforeSend after NewSessionStart
[2026-07-30T13:32:51.671Z] LiveUpdateForge: session reset, allowLiveUpdate = false
[2026-07-30T13:32:51.677Z] MemoryForge: detached all listeners
[2026-07-30T13:32:51.677Z] ResumeDiffForge: running checkResumeConsistency
[2026-07-30T13:32:51.678Z] checkResumeConsistency: forgedTimestamps=[]
[2026-07-30T13:32:51.707Z] checkResumeConsistency: no changes detected
[2026-07-30T13:32:51.708Z] LiveUpdateForge: session reset, allowLiveUpdate = false
[2026-07-30T13:32:51.708Z] NudgeForge: ResumeComplete — restoring count from history
[2026-07-30T13:32:51.708Z] restoreNudgeCountFromHistory: found last write at idx=89 count=0
[2026-07-30T13:32:51.734Z] LiveUpdateForge: allowLiveUpdate = true (first real BeforeSend)
[2026-07-30T13:32:51.735Z] InitialReadForge.onBeforeSend: SKIP (fr=false syn=false hasRead=true)
[2026-07-30T13:33:30.385Z] LiveUpdateForge: EndTurn fallback flush
[2026-07-30T13:33:30.385Z] onEndTurn: naturalStop=true toolCalls=0 nudgeMsg=no
[2026-07-30T13:35:39.864Z] ResumeDiffForge: running checkResumeConsistency
[2026-07-30T13:35:39.865Z] checkResumeConsistency: forgedTimestamps=[]
[2026-07-30T13:35:39.874Z] checkResumeConsistency: no changes detected
[2026-07-30T13:35:39.874Z] LiveUpdateForge: session reset, allowLiveUpdate = false
[2026-07-30T13:35:39.875Z] NudgeForge: ResumeComplete — restoring count from history
[2026-07-30T13:35:39.876Z] restoreNudgeCountFromHistory: found last write at idx=89 count=0
[2026-07-30T13:35:39.905Z] LiveUpdateForge: allowLiveUpdate = true (first real BeforeSend)
[2026-07-30T13:35:39.906Z] InitialReadForge.onBeforeSend: SKIP (fr=false syn=false hasRead=true)
[2026-07-30T13:36:22.062Z] LiveUpdateForge: EndTurn fallback flush
[2026-07-30T13:36:22.062Z] onEndTurn: naturalStop=false toolCalls=0 nudgeMsg=no
[2026-07-30T13:36:46.173Z] LiveUpdateForge: AfterToolExec flush
[2026-07-30T13:36:46.203Z] InitialReadForge.onBeforeSend: SKIP (fr=true syn=false hasRead=true)
[2026-07-30T13:37:23.866Z] LiveUpdateForge: EndTurn fallback flush
[2026-07-30T13:37:23.867Z] onEndTurn: naturalStop=false toolCalls=1 nudgeMsg=no
[2026-07-30T13:37:24.336Z] LiveUpdateForge: AfterToolExec flush
[2026-07-30T13:37:24.369Z] InitialReadForge.onBeforeSend: SKIP (fr=true syn=false hasRead=true)
[2026-07-30T13:37:47.136Z] LiveUpdateForge: EndTurn fallback flush
[2026-07-30T13:37:47.136Z] onEndTurn: naturalStop=false toolCalls=2 nudgeMsg=no
[2026-07-30T13:37:47.152Z] LiveUpdateForge: AfterToolExec flush
[2026-07-30T13:37:47.189Z] InitialReadForge.onBeforeSend: SKIP (fr=true syn=false hasRead=true)
[2026-07-30T13:37:54.834Z] LiveUpdateForge: EndTurn fallback flush
[2026-07-30T13:37:54.834Z] onEndTurn: naturalStop=false toolCalls=3 nudgeMsg=no
[2026-07-30T13:37:54.850Z] LiveUpdateForge: AfterToolExec flush
[2026-07-30T13:37:54.883Z] InitialReadForge.onBeforeSend: SKIP (fr=true syn=false hasRead=true)
[2026-07-30T13:38:30.127Z] LiveUpdateForge: EndTurn fallback flush
[2026-07-30T13:38:30.128Z] onEndTurn: naturalStop=false toolCalls=4 nudgeMsg=no
[2026-07-30T13:38:30.899Z] LiveUpdateForge: AfterToolExec flush
[2026-07-30T13:38:30.927Z] InitialReadForge.onBeforeSend: SKIP (fr=true syn=false hasRead=true)
[2026-07-30T13:38:47.830Z] ResumeDiffForge: running checkResumeConsistency
[2026-07-30T13:38:47.831Z] checkResumeConsistency: forgedTimestamps=[]
[2026-07-30T13:38:47.845Z] checkResumeConsistency: no changes detected
[2026-07-30T13:38:47.846Z] LiveUpdateForge: session reset, allowLiveUpdate = false
[2026-07-30T13:38:47.846Z] NudgeForge: ResumeComplete — restoring count from history
[2026-07-30T13:38:47.847Z] restoreNudgeCountFromHistory: found nudge message at idx=102 count=0
[2026-07-30T13:38:47.888Z] LiveUpdateForge: allowLiveUpdate = true (first real BeforeSend)
[2026-07-30T13:38:47.889Z] InitialReadForge.onBeforeSend: SKIP (fr=false syn=false hasRead=true)
[2026-07-30T13:39:00.167Z] LiveUpdateForge: EndTurn fallback flush
[2026-07-30T13:39:00.168Z] onEndTurn: naturalStop=false toolCalls=0 nudgeMsg=no
[2026-07-30T13:39:00.252Z] LiveUpdateForge: AfterToolExec flush
[2026-07-30T13:39:00.298Z] LiveUpdateForge: AfterToolExec flush
[2026-07-30T13:39:00.332Z] InitialReadForge.onBeforeSend: SKIP (fr=true syn=false hasRead=true)
[2026-07-30T13:39:08.518Z] LiveUpdateForge: EndTurn fallback flush
[2026-07-30T13:39:08.518Z] onEndTurn: naturalStop=false toolCalls=2 nudgeMsg=no
[2026-07-30T13:39:09.211Z] LiveUpdateForge: AfterToolExec flush
[2026-07-30T13:39:09.233Z] InitialReadForge.onBeforeSend: SKIP (fr=true syn=false hasRead=true)
[2026-07-30T13:39:11.595Z] LiveUpdateForge: EndTurn fallback flush
[2026-07-30T13:39:11.595Z] onEndTurn: naturalStop=false toolCalls=5 nudgeMsg=no
[2026-07-30T13:39:12.107Z] LiveUpdateForge: AfterToolExec flush
[2026-07-30T13:39:12.135Z] InitialReadForge.onBeforeSend: SKIP (fr=true syn=false hasRead=true)
[2026-07-30T13:39:14.552Z] LiveUpdateForge: EndTurn fallback flush
[2026-07-30T13:39:14.552Z] onEndTurn: naturalStop=false toolCalls=3 nudgeMsg=no
[2026-07-30T13:39:14.609Z] LiveUpdateForge: AfterToolExec flush
[2026-07-30T13:39:14.639Z] InitialReadForge.onBeforeSend: SKIP (fr=true syn=false hasRead=true)
[2026-07-30T13:39:22.512Z] LiveUpdateForge: EndTurn fallback flush
[2026-07-30T13:39:22.513Z] onEndTurn: naturalStop=false toolCalls=4 nudgeMsg=no
[2026-07-30T13:39:23.202Z] LiveUpdateForge: AfterToolExec flush
[2026-07-30T13:39:23.233Z] InitialReadForge.onBeforeSend: SKIP (fr=true syn=false hasRead=true)
[2026-07-30T13:39:28.431Z] LiveUpdateForge: EndTurn fallback flush
[2026-07-30T13:39:28.432Z] onEndTurn: naturalStop=true toolCalls=5 nudgeMsg=no
[2026-07-30T13:39:44.848Z] LiveUpdateForge: EndTurn fallback flush
[2026-07-30T13:39:44.848Z] onEndTurn: naturalStop=false toolCalls=6 nudgeMsg=no
[2026-07-30T13:39:45.490Z] LiveUpdateForge: AfterToolExec flush
[2026-07-30T13:39:45.522Z] InitialReadForge.onBeforeSend: SKIP (fr=true syn=false hasRead=true)
[2026-07-30T13:40:19.423Z] LiveUpdateForge: EndTurn fallback flush
[2026-07-30T13:40:19.424Z] onEndTurn: naturalStop=false toolCalls=7 nudgeMsg=no
[2026-07-30T13:40:19.994Z] LiveUpdateForge: AfterToolExec flush
[2026-07-30T13:40:20.032Z] InitialReadForge.onBeforeSend: SKIP (fr=true syn=false hasRead=true)
[2026-07-30T13:40:28.471Z] MemoryForge: attached 5 listener(s)
[2026-07-30T13:40:28.472Z] InitialReadForge: armed one-shot BeforeSend after NewSessionStart
[2026-07-30T13:40:28.472Z] LiveUpdateForge: session reset, allowLiveUpdate = false
[2026-07-30T13:40:36.162Z] LiveUpdateForge: EndTurn fallback flush
[2026-07-30T13:40:36.163Z] onEndTurn: naturalStop=false toolCalls=8 nudgeMsg=no
[2026-07-30T13:40:36.171Z] LiveUpdateForge: AfterToolExec flush
[2026-07-30T13:40:36.207Z] InitialReadForge.onBeforeSend: SKIP (fr=true syn=false hasRead=true)
[2026-07-30T13:40:47.823Z] LiveUpdateForge: EndTurn fallback flush
[2026-07-30T13:40:47.824Z] onEndTurn: naturalStop=false toolCalls=9 nudgeMsg=no
[2026-07-30T13:40:48.229Z] LiveUpdateForge: AfterToolExec flush
[2026-07-30T13:40:48.263Z] InitialReadForge.onBeforeSend: SKIP (fr=true syn=false hasRead=true)
[2026-07-30T13:41:43.800Z] ResumeDiffForge: running checkResumeConsistency
[2026-07-30T13:41:43.801Z] checkResumeConsistency: forgedTimestamps=[]
[2026-07-30T13:41:43.812Z] checkResumeConsistency: no changes detected
[2026-07-30T13:41:43.813Z] LiveUpdateForge: session reset, allowLiveUpdate = false
[2026-07-30T13:41:43.813Z] NudgeForge: ResumeComplete — restoring count from history
[2026-07-30T13:41:43.814Z] restoreNudgeCountFromHistory: found nudge message at idx=102 count=5
[2026-07-30T13:41:43.851Z] LiveUpdateForge: allowLiveUpdate = true (first real BeforeSend)
[2026-07-30T13:41:43.852Z] InitialReadForge.onBeforeSend: SKIP (fr=false syn=false hasRead=true)
[2026-07-30T13:41:51.164Z] LiveUpdateForge: EndTurn fallback flush
[2026-07-30T13:41:51.165Z] onEndTurn: naturalStop=false toolCalls=5 nudgeMsg=no
[2026-07-30T13:41:51.183Z] LiveUpdateForge: AfterToolExec flush
[2026-07-30T13:41:51.213Z] InitialReadForge.onBeforeSend: SKIP (fr=true syn=false hasRead=true)
[2026-07-30T13:41:55.107Z] MemoryForge: attached 5 listener(s)
[2026-07-30T13:41:55.109Z] InitialReadForge: armed one-shot BeforeSend after NewSessionStart
[2026-07-30T13:41:55.109Z] LiveUpdateForge: session reset, allowLiveUpdate = false
[2026-07-30T13:41:56.625Z] LiveUpdateForge: session reset, allowLiveUpdate = false
[2026-07-30T13:41:56.647Z] ResumeDiffForge: running checkResumeConsistency
[2026-07-30T13:41:56.648Z] checkResumeConsistency: forgedTimestamps=[]
[2026-07-30T13:41:56.659Z] checkResumeConsistency: no changes detected
[2026-07-30T13:41:56.659Z] LiveUpdateForge: session reset, allowLiveUpdate = false
[2026-07-30T13:41:56.660Z] NudgeForge: ResumeComplete — restoring count from history
[2026-07-30T13:41:56.660Z] restoreNudgeCountFromHistory: found last write at idx=89 count=10
[2026-07-30T13:41:57.225Z] LiveUpdateForge: EndTurn fallback flush
[2026-07-30T13:41:57.226Z] onEndTurn: naturalStop=false toolCalls=6 nudgeMsg=no
[2026-07-30T13:41:57.249Z] LiveUpdateForge: AfterToolExec flush
[2026-07-30T13:41:57.278Z] InitialReadForge.onBeforeSend: SKIP (fr=true syn=false hasRead=true)
[2026-07-30T13:41:59.386Z] ResumeDiffForge: running checkResumeConsistency
[2026-07-30T13:41:59.387Z] checkResumeConsistency: forgedTimestamps=[]
[2026-07-30T13:41:59.396Z] checkResumeConsistency: no changes detected
[2026-07-30T13:41:59.396Z] LiveUpdateForge: session reset, allowLiveUpdate = false
[2026-07-30T13:41:59.397Z] NudgeForge: ResumeComplete — restoring count from history
[2026-07-30T13:41:59.397Z] restoreNudgeCountFromHistory: found last write at idx=89 count=0
[2026-07-30T13:41:59.495Z] ResumeDiffForge: running checkResumeConsistency
[2026-07-30T13:41:59.496Z] checkResumeConsistency: forgedTimestamps=[]
[2026-07-30T13:41:59.505Z] checkResumeConsistency: no changes detected
[2026-07-30T13:41:59.506Z] LiveUpdateForge: session reset, allowLiveUpdate = false
[2026-07-30T13:41:59.506Z] NudgeForge: ResumeComplete — restoring count from history
[2026-07-30T13:41:59.506Z] restoreNudgeCountFromHistory: found last write at idx=89 count=0
[2026-07-30T13:41:59.779Z] MemoryForge: attached 5 listener(s)
[2026-07-30T13:41:59.780Z] InitialReadForge: armed one-shot BeforeSend after NewSessionStart
[2026-07-30T13:41:59.780Z] LiveUpdateForge: session reset, allowLiveUpdate = false
[2026-07-30T13:41:59.785Z] MemoryForge: detached all listeners
[2026-07-30T13:41:59.785Z] ResumeDiffForge: running checkResumeConsistency
[2026-07-30T13:41:59.786Z] checkResumeConsistency: forgedTimestamps=[]
[2026-07-30T13:41:59.827Z] checkResumeConsistency: no changes detected
[2026-07-30T13:41:59.827Z] LiveUpdateForge: session reset, allowLiveUpdate = false
[2026-07-30T13:41:59.828Z] NudgeForge: ResumeComplete — restoring count from history
[2026-07-30T13:41:59.828Z] restoreNudgeCountFromHistory: found last write at idx=89 count=0
[2026-07-30T13:41:59.865Z] LiveUpdateForge: allowLiveUpdate = true (first real BeforeSend)
[2026-07-30T13:41:59.866Z] InitialReadForge.onBeforeSend: SKIP (fr=false syn=false hasRead=true)
[2026-07-30T13:42:09.867Z] LiveUpdateForge: EndTurn fallback flush
[2026-07-30T13:42:09.868Z] onEndTurn: naturalStop=false toolCalls=7 nudgeMsg=no
[2026-07-30T13:42:10.014Z] LiveUpdateForge: AfterToolExec flush
[2026-07-30T13:42:10.300Z] LiveUpdateForge: AfterToolExec flush
[2026-07-30T13:42:10.331Z] InitialReadForge.onBeforeSend: SKIP (fr=true syn=false hasRead=true)
[2026-07-30T13:42:13.033Z] LiveUpdateForge: EndTurn fallback flush
[2026-07-30T13:42:13.034Z] onEndTurn: naturalStop=false toolCalls=0 nudgeMsg=no
[2026-07-30T13:42:13.061Z] LiveUpdateForge: AfterToolExec flush
[2026-07-30T13:42:13.094Z] InitialReadForge.onBeforeSend: SKIP (fr=true syn=false hasRead=true)
[2026-07-30T13:42:17.370Z] LiveUpdateForge: EndTurn fallback flush
[2026-07-30T13:42:17.370Z] onEndTurn: naturalStop=false toolCalls=9 nudgeMsg=no
[2026-07-30T13:42:17.378Z] LiveUpdateForge: AfterToolExec flush
[2026-07-30T13:42:19.599Z] LiveUpdateForge: EndTurn fallback flush
[2026-07-30T13:42:19.599Z] onEndTurn: naturalStop=false toolCalls=1 nudgeMsg=no
[2026-07-30T13:42:19.619Z] LiveUpdateForge: AfterToolExec flush
[2026-07-30T13:42:19.652Z] InitialReadForge.onBeforeSend: SKIP (fr=true syn=false hasRead=true)
[2026-07-30T13:42:23.762Z] LiveUpdateForge: EndTurn fallback flush
[2026-07-30T13:42:23.763Z] onEndTurn: naturalStop=false toolCalls=2 nudgeMsg=no
[2026-07-30T13:42:23.787Z] LiveUpdateForge: AfterToolExec flush
[2026-07-30T13:42:23.816Z] InitialReadForge.onBeforeSend: SKIP (fr=true syn=false hasRead=true)
[2026-07-30T13:42:27.250Z] LiveUpdateForge: EndTurn fallback flush
[2026-07-30T13:42:27.251Z] onEndTurn: naturalStop=false toolCalls=3 nudgeMsg=no
[2026-07-30T13:42:27.764Z] LiveUpdateForge: AfterToolExec flush
[2026-07-30T13:42:28.256Z] InitialReadForge.onBeforeSend: SKIP (fr=true syn=false hasRead=true)
[2026-07-30T13:42:28.365Z] LiveUpdateForge: AfterToolExec flush
[2026-07-30T13:42:28.395Z] InitialReadForge.onBeforeSend: SKIP (fr=true syn=false hasRead=true)
[2026-07-30T13:42:35.434Z] LiveUpdateForge: EndTurn fallback flush
[2026-07-30T13:42:35.434Z] onEndTurn: naturalStop=false toolCalls=4 nudgeMsg=no
[2026-07-30T13:42:35.468Z] LiveUpdateForge: AfterToolExec flush
[2026-07-30T13:42:35.500Z] InitialReadForge.onBeforeSend: SKIP (fr=true syn=false hasRead=true)
[2026-07-30T13:42:36.994Z] LiveUpdateForge: EndTurn fallback flush
[2026-07-30T13:42:36.995Z] onEndTurn: naturalStop=false toolCalls=11 nudgeMsg=no
[2026-07-30T13:42:36.998Z] LiveUpdateForge: AfterToolExec flush
[2026-07-30T13:42:37.029Z] InitialReadForge.onBeforeSend: SKIP (fr=true syn=false hasRead=true)
[2026-07-30T13:42:39.291Z] LiveUpdateForge: EndTurn fallback flush
[2026-07-30T13:42:39.291Z] onEndTurn: naturalStop=false toolCalls=5 nudgeMsg=no
[2026-07-30T13:42:39.818Z] LiveUpdateForge: AfterToolExec flush
[2026-07-30T13:42:39.848Z] InitialReadForge.onBeforeSend: SKIP (fr=true syn=false hasRead=true)
[2026-07-30T13:42:43.660Z] LiveUpdateForge: EndTurn fallback flush
[2026-07-30T13:42:43.661Z] onEndTurn: naturalStop=false toolCalls=6 nudgeMsg=no
[2026-07-30T13:42:43.858Z] LiveUpdateForge: AfterToolExec flush
[2026-07-30T13:42:43.886Z] InitialReadForge.onBeforeSend: SKIP (fr=true syn=false hasRead=true)
[2026-07-30T13:42:48.876Z] LiveUpdateForge: EndTurn fallback flush
[2026-07-30T13:42:48.877Z] onEndTurn: naturalStop=false toolCalls=7 nudgeMsg=no
[2026-07-30T13:42:49.383Z] LiveUpdateForge: EndTurn fallback flush
[2026-07-30T13:42:49.383Z] onEndTurn: naturalStop=false toolCalls=12 nudgeMsg=no
[2026-07-30T13:42:49.599Z] LiveUpdateForge: AfterToolExec flush
[2026-07-30T13:42:49.768Z] InitialReadForge.onBeforeSend: SKIP (fr=true syn=false hasRead=true)
[2026-07-30T13:42:58.593Z] LiveUpdateForge: AfterToolExec flush
[2026-07-30T13:42:58.628Z] InitialReadForge.onBeforeSend: SKIP (fr=true syn=false hasRead=true)
[2026-07-30T13:43:10.542Z] LiveUpdateForge: EndTurn fallback flush
[2026-07-30T13:43:10.543Z] onEndTurn: naturalStop=false toolCalls=13 nudgeMsg=no
[2026-07-30T13:43:10.562Z] LiveUpdateForge: AfterToolExec flush
[2026-07-30T13:43:10.595Z] InitialReadForge.onBeforeSend: SKIP (fr=true syn=false hasRead=true)
[2026-07-30T13:43:10.742Z] LiveUpdateForge: EndTurn fallback flush
[2026-07-30T13:43:10.742Z] onEndTurn: naturalStop=false toolCalls=8 nudgeMsg=no
[2026-07-30T13:43:10.763Z] LiveUpdateForge: AfterToolExec flush
[2026-07-30T13:43:10.806Z] InitialReadForge.onBeforeSend: SKIP (fr=true syn=false hasRead=true)
[2026-07-30T13:43:14.426Z] LiveUpdateForge: EndTurn fallback flush
[2026-07-30T13:43:14.426Z] onEndTurn: naturalStop=false toolCalls=9 nudgeMsg=no
[2026-07-30T13:43:14.438Z] LiveUpdateForge: AfterToolExec flush
[2026-07-30T13:43:14.469Z] InitialReadForge.onBeforeSend: SKIP (fr=true syn=false hasRead=true)
[2026-07-30T13:43:17.401Z] LiveUpdateForge: EndTurn fallback flush
[2026-07-30T13:43:17.401Z] onEndTurn: naturalStop=false toolCalls=14 nudgeMsg=no
[2026-07-30T13:43:18.583Z] LiveUpdateForge: AfterToolExec flush
[2026-07-30T13:43:18.613Z] InitialReadForge.onBeforeSend: SKIP (fr=true syn=false hasRead=true)
[2026-07-30T13:43:18.876Z] LiveUpdateForge: EndTurn fallback flush
[2026-07-30T13:43:18.877Z] onEndTurn: naturalStop=false toolCalls=10 nudgeMsg=no
[2026-07-30T13:43:20.167Z] LiveUpdateForge: AfterToolExec flush
[2026-07-30T13:43:20.205Z] InitialReadForge.onBeforeSend: SKIP (fr=true syn=false hasRead=true)
[2026-07-30T13:43:22.576Z] LiveUpdateForge: EndTurn fallback flush
[2026-07-30T13:43:22.576Z] onEndTurn: naturalStop=false toolCalls=15 nudgeMsg=no
[2026-07-30T13:43:22.586Z] LiveUpdateForge: AfterToolExec flush
[2026-07-30T13:43:22.617Z] InitialReadForge.onBeforeSend: SKIP (fr=true syn=false hasRead=true)
[2026-07-30T13:43:24.110Z] LiveUpdateForge: EndTurn fallback flush
[2026-07-30T13:43:24.111Z] onEndTurn: naturalStop=false toolCalls=11 nudgeMsg=no
[2026-07-30T13:43:24.360Z] LiveUpdateForge: AfterToolExec flush
[2026-07-30T13:43:24.394Z] InitialReadForge.onBeforeSend: SKIP (fr=true syn=false hasRead=true)
[2026-07-30T13:43:29.330Z] LiveUpdateForge: EndTurn fallback flush
[2026-07-30T13:43:29.331Z] onEndTurn: naturalStop=false toolCalls=12 nudgeMsg=no
[2026-07-30T13:43:42.402Z] LiveUpdateForge: AfterToolExec flush
[2026-07-30T13:43:42.441Z] InitialReadForge.onBeforeSend: SKIP (fr=true syn=false hasRead=true)
[2026-07-30T13:44:23.227Z] LiveUpdateForge: EndTurn fallback flush
[2026-07-30T13:44:23.228Z] onEndTurn: naturalStop=false toolCalls=16 nudgeMsg=no
[2026-07-30T13:44:23.245Z] LiveUpdateForge: AfterToolExec flush
[2026-07-30T13:44:23.283Z] InitialReadForge.onBeforeSend: SKIP (fr=true syn=false hasRead=true)
[2026-07-30T13:44:26.451Z] LiveUpdateForge: EndTurn fallback flush
[2026-07-30T13:44:26.452Z] onEndTurn: naturalStop=false toolCalls=17 nudgeMsg=no
[2026-07-30T13:44:27.135Z] LiveUpdateForge: AfterToolExec flush
[2026-07-30T13:44:27.162Z] InitialReadForge.onBeforeSend: SKIP (fr=true syn=false hasRead=true)
[2026-07-30T13:44:46.772Z] LiveUpdateForge: EndTurn fallback flush
[2026-07-30T13:44:46.772Z] onEndTurn: naturalStop=false toolCalls=18 nudgeMsg=no
[2026-07-30T13:44:47.879Z] LiveUpdateForge: AfterToolExec flush
[2026-07-30T13:44:47.911Z] InitialReadForge.onBeforeSend: SKIP (fr=true syn=false hasRead=true)
[2026-07-30T13:45:03.460Z] LiveUpdateForge: EndTurn fallback flush
[2026-07-30T13:45:03.460Z] onEndTurn: naturalStop=false toolCalls=19 nudgeMsg=no
[2026-07-30T13:45:05.457Z] LiveUpdateForge: AfterToolExec flush
[2026-07-30T13:45:05.497Z] InitialReadForge.onBeforeSend: SKIP (fr=true syn=false hasRead=true)
[2026-07-30T13:45:29.861Z] LiveUpdateForge: EndTurn fallback flush
[2026-07-30T13:45:29.862Z] onEndTurn: naturalStop=false toolCalls=20 nudgeMsg=no
[2026-07-30T13:45:30.970Z] LiveUpdateForge: AfterToolExec flush
[2026-07-30T13:45:31.001Z] InitialReadForge.onBeforeSend: SKIP (fr=true syn=false hasRead=true)
[2026-07-30T13:45:45.309Z] LiveUpdateForge: EndTurn fallback flush
[2026-07-30T13:45:45.309Z] onEndTurn: naturalStop=false toolCalls=21 nudgeMsg=no
[2026-07-30T13:45:47.542Z] LiveUpdateForge: AfterToolExec flush
[2026-07-30T13:45:47.579Z] InitialReadForge.onBeforeSend: SKIP (fr=true syn=false hasRead=true)
[2026-07-30T13:45:56.361Z] LiveUpdateForge: EndTurn fallback flush
[2026-07-30T13:45:56.361Z] onEndTurn: naturalStop=false toolCalls=22 nudgeMsg=no
[2026-07-30T13:45:56.412Z] LiveUpdateForge: AfterToolExec flush
[2026-07-30T13:45:56.445Z] InitialReadForge.onBeforeSend: SKIP (fr=true syn=false hasRead=true)
[2026-07-30T13:46:00.895Z] LiveUpdateForge: EndTurn fallback flush
[2026-07-30T13:46:00.895Z] onEndTurn: naturalStop=false toolCalls=23 nudgeMsg=no
[2026-07-30T13:46:02.109Z] LiveUpdateForge: AfterToolExec flush
[2026-07-30T13:46:02.145Z] InitialReadForge.onBeforeSend: SKIP (fr=true syn=false hasRead=true)
[2026-07-30T13:46:04.344Z] LiveUpdateForge: EndTurn fallback flush
[2026-07-30T13:46:04.344Z] onEndTurn: naturalStop=false toolCalls=24 nudgeMsg=no
[2026-07-30T13:46:04.358Z] LiveUpdateForge: AfterToolExec flush
[2026-07-30T13:46:04.615Z] LiveUpdateForge: AfterToolExec flush
[2026-07-30T13:46:04.648Z] InitialReadForge.onBeforeSend: SKIP (fr=true syn=false hasRead=true)
[2026-07-30T13:46:09.656Z] LiveUpdateForge: EndTurn fallback flush
[2026-07-30T13:46:09.657Z] onEndTurn: naturalStop=false toolCalls=26 nudgeMsg=no
[2026-07-30T13:46:24.372Z] LiveUpdateForge: AfterToolExec flush
[2026-07-30T13:46:24.406Z] InitialReadForge.onBeforeSend: SKIP (fr=true syn=false hasRead=true)
[2026-07-30T13:46:41.515Z] LiveUpdateForge: EndTurn fallback flush
[2026-07-30T13:46:41.516Z] onEndTurn: naturalStop=false toolCalls=13 nudgeMsg=no
[2026-07-30T13:46:42.640Z] LiveUpdateForge: AfterToolExec flush
[2026-07-30T13:46:42.675Z] InitialReadForge.onBeforeSend: SKIP (fr=true syn=false hasRead=true)
[2026-07-30T13:46:46.626Z] LiveUpdateForge: EndTurn fallback flush
[2026-07-30T13:46:46.627Z] onEndTurn: naturalStop=false toolCalls=14 nudgeMsg=no
[2026-07-30T13:46:46.677Z] LiveUpdateForge: AfterToolExec flush
[2026-07-30T13:46:46.710Z] InitialReadForge.onBeforeSend: SKIP (fr=true syn=false hasRead=true)
[2026-07-30T13:46:50.838Z] LiveUpdateForge: EndTurn fallback flush
[2026-07-30T13:46:50.838Z] onEndTurn: naturalStop=false toolCalls=15 nudgeMsg=no
[2026-07-30T13:46:51.076Z] LiveUpdateForge: AfterToolExec flush
[2026-07-30T13:46:51.108Z] InitialReadForge.onBeforeSend: SKIP (fr=true syn=false hasRead=true)
[2026-07-30T13:46:57.052Z] LiveUpdateForge: EndTurn fallback flush
[2026-07-30T13:46:57.053Z] onEndTurn: naturalStop=false toolCalls=16 nudgeMsg=no
[2026-07-30T13:47:05.854Z] LiveUpdateForge: AfterToolExec flush
[2026-07-30T13:47:05.883Z] InitialReadForge.onBeforeSend: SKIP (fr=true syn=false hasRead=true)
[2026-07-30T13:47:11.613Z] LiveUpdateForge: EndTurn fallback flush
[2026-07-30T13:47:11.613Z] onEndTurn: naturalStop=false toolCalls=17 nudgeMsg=no
[2026-07-30T13:47:11.996Z] LiveUpdateForge: AfterToolExec flush
[2026-07-30T13:47:12.023Z] InitialReadForge.onBeforeSend: SKIP (fr=true syn=false hasRead=true)
[2026-07-30T13:47:17.112Z] LiveUpdateForge: EndTurn fallback flush
[2026-07-30T13:47:17.113Z] onEndTurn: naturalStop=false toolCalls=18 nudgeMsg=no
[2026-07-30T13:47:17.654Z] LiveUpdateForge: AfterToolExec flush
[2026-07-30T13:47:17.680Z] InitialReadForge.onBeforeSend: SKIP (fr=true syn=false hasRead=true)
[2026-07-30T13:47:22.034Z] LiveUpdateForge: EndTurn fallback flush
[2026-07-30T13:47:22.034Z] onEndTurn: naturalStop=false toolCalls=19 nudgeMsg=no
[2026-07-30T13:47:22.985Z] LiveUpdateForge: AfterToolExec flush
[2026-07-30T13:47:23.014Z] InitialReadForge.onBeforeSend: SKIP (fr=true syn=false hasRead=true)
[2026-07-30T13:47:29.106Z] LiveUpdateForge: EndTurn fallback flush
[2026-07-30T13:47:29.106Z] onEndTurn: naturalStop=false toolCalls=20 nudgeMsg=no
[2026-07-30T13:47:29.634Z] LiveUpdateForge: AfterToolExec flush
[2026-07-30T13:47:29.663Z] InitialReadForge.onBeforeSend: SKIP (fr=true syn=false hasRead=true)
[2026-07-30T13:47:36.334Z] LiveUpdateForge: EndTurn fallback flush
[2026-07-30T13:47:36.334Z] onEndTurn: naturalStop=false toolCalls=21 nudgeMsg=no
[2026-07-30T13:47:36.751Z] LiveUpdateForge: AfterToolExec flush
[2026-07-30T13:47:36.786Z] InitialReadForge.onBeforeSend: SKIP (fr=true syn=false hasRead=true)
[2026-07-30T13:47:41.142Z] LiveUpdateForge: EndTurn fallback flush
[2026-07-30T13:47:41.142Z] onEndTurn: naturalStop=false toolCalls=27 nudgeMsg=no
[2026-07-30T13:47:41.678Z] LiveUpdateForge: EndTurn fallback flush
[2026-07-30T13:47:41.678Z] onEndTurn: naturalStop=false toolCalls=22 nudgeMsg=no
[2026-07-30T13:47:42.286Z] LiveUpdateForge: AfterToolExec flush
[2026-07-30T13:47:42.317Z] InitialReadForge.onBeforeSend: SKIP (fr=true syn=false hasRead=true)
[2026-07-30T13:47:42.318Z] LiveUpdateForge: AfterToolExec flush
[2026-07-30T13:47:42.357Z] InitialReadForge.onBeforeSend: SKIP (fr=true syn=false hasRead=true)
[2026-07-30T13:47:48.181Z] LiveUpdateForge: EndTurn fallback flush
[2026-07-30T13:47:48.181Z] onEndTurn: naturalStop=false toolCalls=23 nudgeMsg=no
[2026-07-30T13:47:48.732Z] LiveUpdateForge: AfterToolExec flush
[2026-07-30T13:47:48.761Z] InitialReadForge.onBeforeSend: SKIP (fr=true syn=false hasRead=true)
[2026-07-30T13:47:57.092Z] LiveUpdateForge: EndTurn fallback flush
[2026-07-30T13:47:57.092Z] onEndTurn: naturalStop=false toolCalls=24 nudgeMsg=no
[2026-07-30T13:47:57.629Z] LiveUpdateForge: AfterToolExec flush
[2026-07-30T13:47:57.657Z] InitialReadForge.onBeforeSend: SKIP (fr=true syn=false hasRead=true)
[2026-07-30T13:48:00.593Z] LiveUpdateForge: EndTurn fallback flush
[2026-07-30T13:48:00.593Z] onEndTurn: naturalStop=false toolCalls=28 nudgeMsg=no
[2026-07-30T13:48:01.254Z] LiveUpdateForge: AfterToolExec flush
[2026-07-30T13:48:01.293Z] InitialReadForge.onBeforeSend: SKIP (fr=true syn=false hasRead=true)
[2026-07-30T13:48:04.394Z] LiveUpdateForge: EndTurn fallback flush
[2026-07-30T13:48:04.394Z] onEndTurn: naturalStop=false toolCalls=25 nudgeMsg=no
[2026-07-30T13:48:04.988Z] LiveUpdateForge: AfterToolExec flush
[2026-07-30T13:48:05.015Z] InitialReadForge.onBeforeSend: SKIP (fr=true syn=false hasRead=true)
[2026-07-30T13:48:18.292Z] LiveUpdateForge: EndTurn fallback flush
[2026-07-30T13:48:18.293Z] onEndTurn: naturalStop=false toolCalls=29 nudgeMsg=no
[2026-07-30T13:48:18.353Z] LiveUpdateForge: AfterToolExec flush
[2026-07-30T13:48:18.386Z] InitialReadForge.onBeforeSend: SKIP (fr=true syn=false hasRead=true)
[2026-07-30T13:48:20.761Z] LiveUpdateForge: EndTurn fallback flush
[2026-07-30T13:48:20.762Z] onEndTurn: naturalStop=false toolCalls=30 nudgeMsg=no
[2026-07-30T13:48:21.466Z] LiveUpdateForge: AfterToolExec flush
[2026-07-30T13:48:21.507Z] InitialReadForge.onBeforeSend: SKIP (fr=true syn=false hasRead=true)
[2026-07-30T13:48:24.683Z] LiveUpdateForge: EndTurn fallback flush
[2026-07-30T13:48:24.683Z] onEndTurn: naturalStop=false toolCalls=31 nudgeMsg=no
[2026-07-30T13:48:24.702Z] LiveUpdateForge: AfterToolExec flush
[2026-07-30T13:48:24.873Z] LiveUpdateForge: AfterToolExec flush
[2026-07-30T13:48:24.907Z] InitialReadForge.onBeforeSend: SKIP (fr=true syn=false hasRead=true)
[2026-07-30T13:48:31.381Z] LiveUpdateForge: EndTurn fallback flush
[2026-07-30T13:48:31.382Z] onEndTurn: naturalStop=false toolCalls=26 nudgeMsg=no
[2026-07-30T13:48:31.752Z] LiveUpdateForge: AfterToolExec flush
[2026-07-30T13:48:31.795Z] InitialReadForge.onBeforeSend: SKIP (fr=true syn=false hasRead=true)
[2026-07-30T13:48:31.830Z] LiveUpdateForge: EndTurn fallback flush
[2026-07-30T13:48:31.830Z] onEndTurn: naturalStop=false toolCalls=33 nudgeMsg=no
[2026-07-30T13:48:36.738Z] LiveUpdateForge: EndTurn fallback flush
[2026-07-30T13:48:36.738Z] onEndTurn: naturalStop=false toolCalls=27 nudgeMsg=no
[2026-07-30T13:48:36.927Z] LiveUpdateForge: AfterToolExec flush
[2026-07-30T13:48:36.964Z] InitialReadForge.onBeforeSend: SKIP (fr=true syn=false hasRead=true)
[2026-07-30T13:48:39.834Z] LiveUpdateForge: AfterToolExec flush
[2026-07-30T13:48:39.875Z] InitialReadForge.onBeforeSend: SKIP (fr=true syn=false hasRead=true)
[2026-07-30T13:48:41.318Z] LiveUpdateForge: EndTurn fallback flush
[2026-07-30T13:48:41.318Z] onEndTurn: naturalStop=false toolCalls=28 nudgeMsg=no
[2026-07-30T13:48:49.451Z] LiveUpdateForge: AfterToolExec flush
[2026-07-30T13:48:49.488Z] InitialReadForge.onBeforeSend: SKIP (fr=true syn=false hasRead=true)
[2026-07-30T13:48:54.457Z] LiveUpdateForge: EndTurn fallback flush
[2026-07-30T13:48:54.457Z] onEndTurn: naturalStop=false toolCalls=29 nudgeMsg=no
[2026-07-30T13:48:55.496Z] LiveUpdateForge: EndTurn fallback flush
[2026-07-30T13:48:55.497Z] onEndTurn: naturalStop=false toolCalls=34 nudgeMsg=no
[2026-07-30T13:48:56.193Z] LiveUpdateForge: AfterToolExec flush
[2026-07-30T13:48:56.228Z] InitialReadForge.onBeforeSend: SKIP (fr=true syn=false hasRead=true)
[2026-07-30T13:48:58.114Z] LiveUpdateForge: AfterToolExec flush
[2026-07-30T13:48:58.151Z] InitialReadForge.onBeforeSend: SKIP (fr=true syn=false hasRead=true)
[2026-07-30T13:49:03.216Z] LiveUpdateForge: EndTurn fallback flush
[2026-07-30T13:49:03.216Z] onEndTurn: naturalStop=false toolCalls=35 nudgeMsg=no
[2026-07-30T13:49:03.227Z] LiveUpdateForge: AfterToolExec flush
[2026-07-30T13:49:03.268Z] InitialReadForge.onBeforeSend: SKIP (fr=true syn=false hasRead=true)
[2026-07-30T13:49:04.947Z] LiveUpdateForge: EndTurn fallback flush
[2026-07-30T13:49:04.947Z] onEndTurn: naturalStop=false toolCalls=30 nudgeMsg=no
[2026-07-30T13:49:05.470Z] LiveUpdateForge: AfterToolExec flush
[2026-07-30T13:49:05.511Z] InitialReadForge.onBeforeSend: SKIP (fr=true syn=false hasRead=true)
[2026-07-30T13:49:11.021Z] LiveUpdateForge: EndTurn fallback flush
[2026-07-30T13:49:11.021Z] onEndTurn: naturalStop=false toolCalls=31 nudgeMsg=no
[2026-07-30T13:49:11.399Z] LiveUpdateForge: AfterToolExec flush
[2026-07-30T13:49:11.436Z] InitialReadForge.onBeforeSend: SKIP (fr=true syn=false hasRead=true)
[2026-07-30T13:49:16.234Z] LiveUpdateForge: EndTurn fallback flush
[2026-07-30T13:49:16.234Z] onEndTurn: naturalStop=false toolCalls=32 nudgeMsg=no
[2026-07-30T13:49:16.436Z] LiveUpdateForge: AfterToolExec flush
[2026-07-30T13:49:16.469Z] InitialReadForge.onBeforeSend: SKIP (fr=true syn=false hasRead=true)
[2026-07-30T13:49:21.392Z] LiveUpdateForge: EndTurn fallback flush
[2026-07-30T13:49:21.393Z] onEndTurn: naturalStop=false toolCalls=33 nudgeMsg=no
[2026-07-30T13:49:25.191Z] LiveUpdateForge: AfterToolExec flush
[2026-07-30T13:49:25.235Z] InitialReadForge.onBeforeSend: SKIP (fr=true syn=false hasRead=true)
[2026-07-30T13:49:33.868Z] LiveUpdateForge: EndTurn fallback flush
[2026-07-30T13:49:33.868Z] onEndTurn: naturalStop=false toolCalls=34 nudgeMsg=no
[2026-07-30T13:49:34.469Z] LiveUpdateForge: AfterToolExec flush
[2026-07-30T13:49:34.506Z] InitialReadForge.onBeforeSend: SKIP (fr=true syn=false hasRead=true)
[2026-07-30T13:49:37.454Z] LiveUpdateForge: EndTurn fallback flush
[2026-07-30T13:49:37.454Z] onEndTurn: naturalStop=false toolCalls=35 nudgeMsg=no
[2026-07-30T13:49:37.477Z] LiveUpdateForge: AfterToolExec flush
[2026-07-30T13:49:37.518Z] InitialReadForge.onBeforeSend: SKIP (fr=true syn=false hasRead=true)
[2026-07-30T13:49:41.566Z] LiveUpdateForge: EndTurn fallback flush
[2026-07-30T13:49:41.567Z] onEndTurn: naturalStop=false toolCalls=36 nudgeMsg=no
[2026-07-30T13:49:41.577Z] LiveUpdateForge: AfterToolExec flush
[2026-07-30T13:49:41.616Z] InitialReadForge.onBeforeSend: SKIP (fr=true syn=false hasRead=true)
[2026-07-30T13:49:45.932Z] LiveUpdateForge: EndTurn fallback flush
[2026-07-30T13:49:45.932Z] onEndTurn: naturalStop=false toolCalls=37 nudgeMsg=no
[2026-07-30T13:49:45.940Z] LiveUpdateForge: AfterToolExec flush
[2026-07-30T13:49:45.977Z] InitialReadForge.onBeforeSend: SKIP (fr=true syn=false hasRead=true)
[2026-07-30T13:49:47.838Z] LiveUpdateForge: EndTurn fallback flush
[2026-07-30T13:49:47.838Z] onEndTurn: naturalStop=false toolCalls=36 nudgeMsg=no
[2026-07-30T13:49:48.891Z] LiveUpdateForge: AfterToolExec flush
[2026-07-30T13:49:48.931Z] InitialReadForge.onBeforeSend: SKIP (fr=true syn=false hasRead=true)
[2026-07-30T13:49:53.293Z] LiveUpdateForge: EndTurn fallback flush
[2026-07-30T13:49:53.293Z] onEndTurn: naturalStop=false toolCalls=38 nudgeMsg=no
[2026-07-30T13:49:53.868Z] LiveUpdateForge: AfterToolExec flush
[2026-07-30T13:49:53.905Z] InitialReadForge.onBeforeSend: SKIP (fr=true syn=false hasRead=true)
[2026-07-30T13:49:56.747Z] LiveUpdateForge: EndTurn fallback flush
[2026-07-30T13:49:56.747Z] onEndTurn: naturalStop=false toolCalls=37 nudgeMsg=no
[2026-07-30T13:49:57.402Z] LiveUpdateForge: AfterToolExec flush
[2026-07-30T13:49:57.443Z] InitialReadForge.onBeforeSend: SKIP (fr=true syn=false hasRead=true)
[2026-07-30T13:50:00.939Z] LiveUpdateForge: EndTurn fallback flush
[2026-07-30T13:50:00.939Z] onEndTurn: naturalStop=false toolCalls=39 nudgeMsg=no
[2026-07-30T13:50:01.534Z] LiveUpdateForge: AfterToolExec flush
[2026-07-30T13:50:01.573Z] InitialReadForge.onBeforeSend: SKIP (fr=true syn=false hasRead=true)
[2026-07-30T13:50:05.507Z] LiveUpdateForge: EndTurn fallback flush
[2026-07-30T13:50:05.508Z] onEndTurn: naturalStop=false toolCalls=40 nudgeMsg=no
[2026-07-30T13:50:05.683Z] LiveUpdateForge: AfterToolExec flush
[2026-07-30T13:50:05.725Z] InitialReadForge.onBeforeSend: SKIP (fr=true syn=false hasRead=true)
[2026-07-30T13:50:11.024Z] LiveUpdateForge: EndTurn fallback flush
[2026-07-30T13:50:11.024Z] onEndTurn: naturalStop=false toolCalls=41 nudgeMsg=no
[2026-07-30T13:50:17.579Z] LiveUpdateForge: AfterToolExec flush
[2026-07-30T13:50:17.625Z] InitialReadForge.onBeforeSend: SKIP (fr=true syn=false hasRead=true)
[2026-07-30T13:50:23.224Z] LiveUpdateForge: EndTurn fallback flush
[2026-07-30T13:50:23.225Z] onEndTurn: naturalStop=false toolCalls=38 nudgeMsg=no
[2026-07-30T13:50:23.580Z] LiveUpdateForge: EndTurn fallback flush
[2026-07-30T13:50:23.581Z] onEndTurn: naturalStop=false toolCalls=42 nudgeMsg=no
[2026-07-30T13:50:24.611Z] LiveUpdateForge: AfterToolExec flush
[2026-07-30T13:50:24.641Z] LiveUpdateForge: AfterToolExec flush
[2026-07-30T13:50:24.651Z] InitialReadForge.onBeforeSend: SKIP (fr=true syn=false hasRead=true)
[2026-07-30T13:50:24.683Z] InitialReadForge.onBeforeSend: SKIP (fr=true syn=false hasRead=true)
[2026-07-30T13:50:27.796Z] LiveUpdateForge: EndTurn fallback flush
[2026-07-30T13:50:27.796Z] onEndTurn: naturalStop=false toolCalls=39 nudgeMsg=no
[2026-07-30T13:50:27.925Z] LiveUpdateForge: AfterToolExec flush
[2026-07-30T13:50:27.970Z] InitialReadForge.onBeforeSend: SKIP (fr=true syn=false hasRead=true)
[2026-07-30T13:50:29.131Z] LiveUpdateForge: EndTurn fallback flush
[2026-07-30T13:50:29.131Z] onEndTurn: naturalStop=false toolCalls=43 nudgeMsg=no
[2026-07-30T13:50:29.598Z] LiveUpdateForge: AfterToolExec flush
[2026-07-30T13:50:29.634Z] InitialReadForge.onBeforeSend: SKIP (fr=true syn=false hasRead=true)
[2026-07-30T13:50:31.089Z] LiveUpdateForge: EndTurn fallback flush
[2026-07-30T13:50:31.089Z] onEndTurn: naturalStop=false toolCalls=40 nudgeMsg=no
[2026-07-30T13:50:31.100Z] LiveUpdateForge: AfterToolExec flush
[2026-07-30T13:50:31.144Z] InitialReadForge.onBeforeSend: SKIP (fr=true syn=false hasRead=true)
[2026-07-30T13:50:36.480Z] LiveUpdateForge: EndTurn fallback flush
[2026-07-30T13:50:36.481Z] onEndTurn: naturalStop=false toolCalls=44 nudgeMsg=no
[2026-07-30T13:50:36.986Z] LiveUpdateForge: AfterToolExec flush
[2026-07-30T13:50:37.019Z] InitialReadForge.onBeforeSend: SKIP (fr=true syn=false hasRead=true)
[2026-07-30T13:50:42.532Z] LiveUpdateForge: EndTurn fallback flush
[2026-07-30T13:50:42.532Z] onEndTurn: naturalStop=false toolCalls=45 nudgeMsg=no
[2026-07-30T13:50:42.984Z] LiveUpdateForge: AfterToolExec flush
[2026-07-30T13:50:43.018Z] InitialReadForge.onBeforeSend: SKIP (fr=true syn=false hasRead=true)
[2026-07-30T13:50:46.543Z] LiveUpdateForge: EndTurn fallback flush
[2026-07-30T13:50:46.543Z] onEndTurn: naturalStop=false toolCalls=46 nudgeMsg=no
[2026-07-30T13:50:46.759Z] LiveUpdateForge: AfterToolExec flush
[2026-07-30T13:50:46.796Z] InitialReadForge.onBeforeSend: SKIP (fr=true syn=false hasRead=true)
[2026-07-30T13:50:52.362Z] LiveUpdateForge: EndTurn fallback flush
[2026-07-30T13:50:52.363Z] onEndTurn: naturalStop=false toolCalls=47 nudgeMsg=no
[2026-07-30T13:51:00.123Z] LiveUpdateForge: AfterToolExec flush
[2026-07-30T13:51:00.159Z] InitialReadForge.onBeforeSend: SKIP (fr=true syn=false hasRead=true)
[2026-07-30T13:51:06.375Z] LiveUpdateForge: EndTurn fallback flush
[2026-07-30T13:51:06.375Z] onEndTurn: naturalStop=false toolCalls=48 nudgeMsg=no
[2026-07-30T13:51:06.989Z] LiveUpdateForge: AfterToolExec flush
[2026-07-30T13:51:07.026Z] InitialReadForge.onBeforeSend: SKIP (fr=true syn=false hasRead=true)
[2026-07-30T13:51:11.532Z] LiveUpdateForge: EndTurn fallback flush
[2026-07-30T13:51:11.533Z] onEndTurn: naturalStop=false toolCalls=49 nudgeMsg=no
[2026-07-30T13:51:11.562Z] LiveUpdateForge: AfterToolExec flush
[2026-07-30T13:51:11.594Z] InitialReadForge.onBeforeSend: SKIP (fr=true syn=false hasRead=true)
[2026-07-30T13:51:19.209Z] LiveUpdateForge: EndTurn fallback flush
[2026-07-30T13:51:19.209Z] onEndTurn: naturalStop=true toolCalls=0 nudgeMsg=YES
[2026-07-30T13:51:19.216Z] InitialReadForge.onBeforeSend: SKIP (fr=false syn=false hasRead=true)
[2026-07-30T13:51:22.159Z] LiveUpdateForge: EndTurn fallback flush
[2026-07-30T13:51:22.160Z] onEndTurn: naturalStop=true toolCalls=41 nudgeMsg=no
[2026-07-30T13:51:24.030Z] LiveUpdateForge: EndTurn fallback flush
[2026-07-30T13:51:24.030Z] onEndTurn: naturalStop=false toolCalls=0 nudgeMsg=no
[2026-07-30T13:51:24.062Z] LiveUpdateForge: AfterToolExec flush
[2026-07-30T13:51:24.063Z] nudge: read_memory called (does NOT reset counter)
[2026-07-30T13:51:40.123Z] LiveUpdateForge: EndTurn fallback flush
[2026-07-30T13:51:40.124Z] onEndTurn: naturalStop=true toolCalls=1 nudgeMsg=no
[2026-07-30T13:59:10.271Z] MemoryForge: attached 5 listener(s)
[2026-07-30T13:59:10.272Z] InitialReadForge: armed one-shot BeforeSend after NewSessionStart
[2026-07-30T13:59:10.272Z] LiveUpdateForge: session reset, allowLiveUpdate = false
[2026-07-30T22:42:01.972Z] MemoryForge: attached 5 listener(s)
[2026-07-30T22:42:01.973Z] InitialReadForge: armed one-shot BeforeSend after NewSessionStart
[2026-07-30T22:42:01.973Z] LiveUpdateForge: session reset, allowLiveUpdate = false
[2026-07-30T22:42:03.901Z] MemoryForge: attached 5 listener(s)
[2026-07-30T22:42:03.902Z] InitialReadForge: armed one-shot BeforeSend after NewSessionStart
[2026-07-30T22:42:03.902Z] LiveUpdateForge: session reset, allowLiveUpdate = false
[2026-07-30T22:47:02.130Z] MemoryForge: attached 5 listener(s)
[2026-07-30T22:47:02.131Z] InitialReadForge: armed one-shot BeforeSend after NewSessionStart
[2026-07-30T22:47:02.132Z] LiveUpdateForge: session reset, allowLiveUpdate = false
[2026-07-30T23:00:22.729Z] MemoryForge: attached 5 listener(s)
[2026-07-30T23:00:22.732Z] InitialReadForge: armed one-shot BeforeSend after NewSessionStart
[2026-07-30T23:00:22.732Z] LiveUpdateForge: session reset, allowLiveUpdate = false
[2026-07-30T23:00:23.853Z] LiveUpdateForge: session reset, allowLiveUpdate = false
[2026-07-30T23:00:23.909Z] ResumeDiffForge: running checkResumeConsistency
[2026-07-30T23:00:23.911Z] checkResumeConsistency: forgedTimestamps=[["project","1970-01-01T00:00:00.000Z"]]
[2026-07-30T23:00:23.922Z] checkResumeConsistency: no changes detected
[2026-07-30T23:00:23.923Z] LiveUpdateForge: session reset, allowLiveUpdate = false
[2026-07-30T23:00:23.923Z] NudgeForge: ResumeComplete — restoring count from history
[2026-07-30T23:00:23.924Z] restoreNudgeCountFromHistory: found nudge message at idx=197 count=1
[2026-07-30T23:02:10.447Z] MemoryForge: attached 5 listener(s)
[2026-07-30T23:02:10.448Z] InitialReadForge: armed one-shot BeforeSend after NewSessionStart
[2026-07-30T23:02:10.449Z] LiveUpdateForge: session reset, allowLiveUpdate = false
[2026-07-30T23:02:11.570Z] MemoryForge: attached 5 listener(s)
[2026-07-30T23:02:11.571Z] InitialReadForge: armed one-shot BeforeSend after NewSessionStart
[2026-07-30T23:02:11.571Z] LiveUpdateForge: session reset, allowLiveUpdate = false
[2026-07-30T23:07:07.564Z] MemoryForge: attached 5 listener(s)
[2026-07-30T23:07:07.565Z] InitialReadForge: armed one-shot BeforeSend after NewSessionStart
[2026-07-30T23:07:07.565Z] LiveUpdateForge: session reset, allowLiveUpdate = false
[2026-07-30T23:07:07.567Z] MemoryForge: detached all listeners
[2026-07-30T23:07:07.568Z] ResumeDiffForge: no read_memory in history, backfilling forge
[2026-07-30T23:07:07.712Z] recordForgedToolExchange: toolName=read_memory callId=resume-forge-read-memory-backfill
[2026-07-30T23:07:07.762Z] recordForgedToolExchange: recordMessage + recordToolCalls persisted
[2026-07-30T23:07:07.763Z] injectForgedHistory: role=user preview=""
[2026-07-30T23:07:07.783Z] injectForgedHistory: recordMessage persisted
[2026-07-30T23:07:07.790Z] ResumeDiffForge: backfilled read_memory and baseline for 2 raw + 2 provider file(s)
[2026-07-30T23:07:07.790Z] LiveUpdateForge: session reset, allowLiveUpdate = false
[2026-07-30T23:07:07.790Z] NudgeForge: ResumeComplete — restoring count from history
[2026-07-30T23:07:07.791Z] restoreNudgeCountFromHistory: no reset point found, count=0
[2026-07-30T23:07:07.825Z] LiveUpdateForge: allowLiveUpdate = true (first real BeforeSend)
[2026-07-30T23:07:07.827Z] InitialReadForge.onBeforeSend: SKIP (fr=false syn=false hasRead=true)
[2026-07-30T23:07:11.022Z] LiveUpdateForge: EndTurn fallback flush
[2026-07-30T23:07:11.022Z] onEndTurn: naturalStop=false toolCalls=0 nudgeMsg=no
[2026-07-30T23:07:23.245Z] LiveUpdateForge: AfterToolExec flush
[2026-07-30T23:07:25.498Z] LiveUpdateForge: AfterToolExec flush
[2026-07-30T23:07:25.539Z] InitialReadForge.onBeforeSend: SKIP (fr=true syn=false hasRead=true)
[2026-07-30T23:07:27.504Z] LiveUpdateForge: EndTurn fallback flush
[2026-07-30T23:07:27.504Z] onEndTurn: naturalStop=false toolCalls=2 nudgeMsg=no
[2026-07-30T23:07:27.518Z] LiveUpdateForge: AfterToolExec flush
[2026-07-30T23:07:27.522Z] LiveUpdateForge: AfterToolExec flush
[2026-07-30T23:07:27.547Z] InitialReadForge.onBeforeSend: SKIP (fr=true syn=false hasRead=true)
[2026-07-30T23:07:30.304Z] LiveUpdateForge: EndTurn fallback flush
[2026-07-30T23:07:30.305Z] onEndTurn: naturalStop=false toolCalls=4 nudgeMsg=no
[2026-07-30T23:07:30.372Z] LiveUpdateForge: AfterToolExec flush
[2026-07-30T23:07:30.395Z] InitialReadForge.onBeforeSend: SKIP (fr=true syn=false hasRead=true)
[2026-07-30T23:07:35.036Z] LiveUpdateForge: EndTurn fallback flush
[2026-07-30T23:07:35.036Z] onEndTurn: naturalStop=false toolCalls=5 nudgeMsg=no
[2026-07-30T23:07:35.149Z] LiveUpdateForge: AfterToolExec flush
[2026-07-30T23:08:55.454Z] LiveUpdateForge: AfterToolExec flush
[2026-07-30T23:08:55.493Z] InitialReadForge.onBeforeSend: SKIP (fr=true syn=false hasRead=true)
[2026-07-30T23:08:58.727Z] LiveUpdateForge: EndTurn fallback flush
[2026-07-30T23:08:58.728Z] onEndTurn: naturalStop=false toolCalls=7 nudgeMsg=no
[2026-07-30T23:08:58.741Z] LiveUpdateForge: AfterToolExec flush
[2026-07-30T23:08:58.743Z] LiveUpdateForge: AfterToolExec flush
[2026-07-30T23:08:58.744Z] LiveUpdateForge: AfterToolExec flush
[2026-07-30T23:08:58.774Z] InitialReadForge.onBeforeSend: SKIP (fr=true syn=false hasRead=true)
[2026-07-30T23:09:01.417Z] LiveUpdateForge: EndTurn fallback flush
[2026-07-30T23:09:01.418Z] onEndTurn: naturalStop=false toolCalls=10 nudgeMsg=no
[2026-07-30T23:09:01.503Z] LiveUpdateForge: AfterToolExec flush
[2026-07-30T23:09:01.513Z] LiveUpdateForge: AfterToolExec flush
[2026-07-30T23:09:01.539Z] InitialReadForge.onBeforeSend: SKIP (fr=true syn=false hasRead=true)
[2026-07-30T23:09:04.425Z] LiveUpdateForge: EndTurn fallback flush
[2026-07-30T23:09:04.425Z] onEndTurn: naturalStop=false toolCalls=12 nudgeMsg=no
[2026-07-30T23:09:04.436Z] LiveUpdateForge: AfterToolExec flush
[2026-07-30T23:09:04.594Z] LiveUpdateForge: AfterToolExec flush
[2026-07-30T23:09:04.612Z] LiveUpdateForge: AfterToolExec flush
[2026-07-30T23:09:04.633Z] LiveUpdateForge: AfterToolExec flush
[2026-07-30T23:09:04.650Z] LiveUpdateForge: AfterToolExec flush
[2026-07-30T23:09:04.680Z] InitialReadForge.onBeforeSend: SKIP (fr=true syn=false hasRead=true)
[2026-07-30T23:09:10.438Z] LiveUpdateForge: EndTurn fallback flush
[2026-07-30T23:09:10.438Z] onEndTurn: naturalStop=false toolCalls=17 nudgeMsg=no
[2026-07-30T23:09:10.463Z] LiveUpdateForge: AfterToolExec flush
[2026-07-30T23:09:10.492Z] InitialReadForge.onBeforeSend: SKIP (fr=true syn=false hasRead=true)
[2026-07-30T23:09:12.187Z] LiveUpdateForge: EndTurn fallback flush
[2026-07-30T23:09:12.187Z] onEndTurn: naturalStop=false toolCalls=18 nudgeMsg=no
[2026-07-30T23:09:12.770Z] LiveUpdateForge: AfterToolExec flush
[2026-07-30T23:09:12.801Z] InitialReadForge.onBeforeSend: SKIP (fr=true syn=false hasRead=true)
[2026-07-30T23:09:14.248Z] LiveUpdateForge: EndTurn fallback flush
[2026-07-30T23:09:14.249Z] onEndTurn: naturalStop=false toolCalls=19 nudgeMsg=no
[2026-07-30T23:09:14.270Z] LiveUpdateForge: AfterToolExec flush
[2026-07-30T23:09:14.304Z] InitialReadForge.onBeforeSend: SKIP (fr=true syn=false hasRead=true)
[2026-07-30T23:09:24.502Z] LiveUpdateForge: EndTurn fallback flush
[2026-07-30T23:09:24.503Z] onEndTurn: naturalStop=false toolCalls=20 nudgeMsg=no
[2026-07-30T23:09:24.522Z] LiveUpdateForge: AfterToolExec flush
[2026-07-30T23:09:24.597Z] LiveUpdateForge: AfterToolExec flush
[2026-07-30T23:09:24.599Z] LiveUpdateForge: AfterToolExec flush
[2026-07-30T23:09:24.600Z] LiveUpdateForge: AfterToolExec flush
[2026-07-30T23:09:24.692Z] LiveUpdateForge: AfterToolExec flush
[2026-07-30T23:09:24.723Z] InitialReadForge.onBeforeSend: SKIP (fr=true syn=false hasRead=true)
[2026-07-30T23:09:42.750Z] LiveUpdateForge: EndTurn fallback flush
[2026-07-30T23:09:42.750Z] onEndTurn: naturalStop=false toolCalls=25 nudgeMsg=no
[2026-07-30T23:09:42.780Z] LiveUpdateForge: AfterToolExec flush
[2026-07-30T23:09:42.781Z] LiveUpdateForge: AfterToolExec flush
[2026-07-30T23:09:42.782Z] LiveUpdateForge: AfterToolExec flush
[2026-07-30T23:09:42.818Z] InitialReadForge.onBeforeSend: SKIP (fr=true syn=false hasRead=true)
[2026-07-30T23:09:52.078Z] LiveUpdateForge: EndTurn fallback flush
[2026-07-30T23:09:52.078Z] onEndTurn: naturalStop=false toolCalls=28 nudgeMsg=no
[2026-07-30T23:09:52.138Z] LiveUpdateForge: AfterToolExec flush
[2026-07-30T23:09:52.138Z] LiveUpdateForge: AfterToolExec flush
[2026-07-30T23:09:52.139Z] LiveUpdateForge: AfterToolExec flush
[2026-07-30T23:09:52.139Z] LiveUpdateForge: AfterToolExec flush
[2026-07-30T23:09:52.179Z] InitialReadForge.onBeforeSend: SKIP (fr=true syn=false hasRead=true)
[2026-07-30T23:10:06.137Z] LiveUpdateForge: EndTurn fallback flush
[2026-07-30T23:10:06.138Z] onEndTurn: naturalStop=false toolCalls=32 nudgeMsg=no
[2026-07-30T23:10:06.145Z] LiveUpdateForge: AfterToolExec flush
[2026-07-30T23:10:06.185Z] InitialReadForge.onBeforeSend: SKIP (fr=true syn=false hasRead=true)
[2026-07-30T23:10:07.554Z] LiveUpdateForge: EndTurn fallback flush
[2026-07-30T23:10:07.554Z] onEndTurn: naturalStop=false toolCalls=33 nudgeMsg=no
[2026-07-30T23:10:07.560Z] LiveUpdateForge: AfterToolExec flush
[2026-07-30T23:10:07.600Z] InitialReadForge.onBeforeSend: SKIP (fr=true syn=false hasRead=true)
[2026-07-30T23:10:09.794Z] LiveUpdateForge: EndTurn fallback flush
[2026-07-30T23:10:09.794Z] onEndTurn: naturalStop=false toolCalls=34 nudgeMsg=no
[2026-07-30T23:10:09.829Z] LiveUpdateForge: AfterToolExec flush
[2026-07-30T23:10:09.834Z] LiveUpdateForge: AfterToolExec flush
[2026-07-30T23:10:09.871Z] InitialReadForge.onBeforeSend: SKIP (fr=true syn=false hasRead=true)
[2026-07-30T23:10:19.737Z] LiveUpdateForge: EndTurn fallback flush
[2026-07-30T23:10:19.738Z] onEndTurn: naturalStop=false toolCalls=36 nudgeMsg=no
[2026-07-30T23:10:20.170Z] LiveUpdateForge: AfterToolExec flush
[2026-07-30T23:10:20.221Z] InitialReadForge.onBeforeSend: SKIP (fr=true syn=false hasRead=true)
[2026-07-30T23:10:26.769Z] LiveUpdateForge: EndTurn fallback flush
[2026-07-30T23:10:26.770Z] onEndTurn: naturalStop=false toolCalls=37 nudgeMsg=no
[2026-07-30T23:10:33.197Z] LiveUpdateForge: AfterToolExec flush
[2026-07-30T23:10:33.248Z] InitialReadForge.onBeforeSend: SKIP (fr=true syn=false hasRead=true)
[2026-07-30T23:10:35.444Z] LiveUpdateForge: EndTurn fallback flush
[2026-07-30T23:10:35.444Z] onEndTurn: naturalStop=false toolCalls=38 nudgeMsg=no
[2026-07-30T23:10:35.541Z] LiveUpdateForge: AfterToolExec flush
[2026-07-30T23:10:35.754Z] InitialReadForge.onBeforeSend: SKIP (fr=true syn=false hasRead=true)
[2026-07-30T23:10:37.587Z] LiveUpdateForge: EndTurn fallback flush
[2026-07-30T23:10:37.588Z] onEndTurn: naturalStop=false toolCalls=39 nudgeMsg=no
[2026-07-30T23:11:01.315Z] LiveUpdateForge: AfterToolExec flush
[2026-07-30T23:11:01.364Z] InitialReadForge.onBeforeSend: SKIP (fr=true syn=false hasRead=true)
[2026-07-30T23:11:03.502Z] LiveUpdateForge: EndTurn fallback flush
[2026-07-30T23:11:03.503Z] onEndTurn: naturalStop=false toolCalls=40 nudgeMsg=no
[2026-07-30T23:11:03.545Z] LiveUpdateForge: AfterToolExec flush
[2026-07-30T23:11:03.588Z] InitialReadForge.onBeforeSend: SKIP (fr=true syn=false hasRead=true)
[2026-07-30T23:11:05.957Z] LiveUpdateForge: EndTurn fallback flush
[2026-07-30T23:11:05.957Z] onEndTurn: naturalStop=false toolCalls=41 nudgeMsg=no
[2026-07-30T23:11:06.153Z] LiveUpdateForge: AfterToolExec flush
[2026-07-30T23:11:06.194Z] InitialReadForge.onBeforeSend: SKIP (fr=true syn=false hasRead=true)
[2026-07-30T23:11:07.986Z] LiveUpdateForge: EndTurn fallback flush
[2026-07-30T23:11:07.986Z] onEndTurn: naturalStop=false toolCalls=42 nudgeMsg=no
[2026-07-30T23:11:18.866Z] LiveUpdateForge: AfterToolExec flush
[2026-07-30T23:11:18.929Z] InitialReadForge.onBeforeSend: SKIP (fr=true syn=false hasRead=true)
[2026-07-30T23:11:23.437Z] LiveUpdateForge: EndTurn fallback flush
[2026-07-30T23:11:23.438Z] onEndTurn: naturalStop=false toolCalls=43 nudgeMsg=no
[2026-07-30T23:11:23.476Z] LiveUpdateForge: AfterToolExec flush
[2026-07-30T23:11:23.525Z] InitialReadForge.onBeforeSend: SKIP (fr=true syn=false hasRead=true)
[2026-07-30T23:11:26.263Z] LiveUpdateForge: EndTurn fallback flush
[2026-07-30T23:11:26.264Z] onEndTurn: naturalStop=false toolCalls=44 nudgeMsg=no
[2026-07-30T23:11:26.334Z] LiveUpdateForge: AfterToolExec flush
[2026-07-30T23:11:26.386Z] InitialReadForge.onBeforeSend: SKIP (fr=true syn=false hasRead=true)
[2026-07-30T23:11:29.172Z] LiveUpdateForge: EndTurn fallback flush
[2026-07-30T23:11:29.173Z] onEndTurn: naturalStop=false toolCalls=45 nudgeMsg=no
[2026-07-30T23:11:29.215Z] LiveUpdateForge: AfterToolExec flush
[2026-07-30T23:11:29.270Z] InitialReadForge.onBeforeSend: SKIP (fr=true syn=false hasRead=true)
[2026-07-30T23:11:30.721Z] LiveUpdateForge: EndTurn fallback flush
[2026-07-30T23:11:30.721Z] onEndTurn: naturalStop=false toolCalls=46 nudgeMsg=no
[2026-07-30T23:11:31.930Z] LiveUpdateForge: AfterToolExec flush
[2026-07-30T23:11:31.989Z] InitialReadForge.onBeforeSend: SKIP (fr=true syn=false hasRead=true)
[2026-07-30T23:11:33.547Z] LiveUpdateForge: EndTurn fallback flush
[2026-07-30T23:11:33.547Z] onEndTurn: naturalStop=false toolCalls=47 nudgeMsg=no
[2026-07-30T23:11:33.690Z] LiveUpdateForge: AfterToolExec flush
[2026-07-30T23:11:33.740Z] InitialReadForge.onBeforeSend: SKIP (fr=true syn=false hasRead=true)
[2026-07-30T23:11:35.493Z] LiveUpdateForge: EndTurn fallback flush
[2026-07-30T23:11:35.494Z] onEndTurn: naturalStop=false toolCalls=48 nudgeMsg=no
[2026-07-30T23:11:48.410Z] LiveUpdateForge: AfterToolExec flush
[2026-07-30T23:11:48.472Z] InitialReadForge.onBeforeSend: SKIP (fr=true syn=false hasRead=true)
[2026-07-30T23:11:52.408Z] LiveUpdateForge: EndTurn fallback flush
[2026-07-30T23:11:52.409Z] onEndTurn: naturalStop=false toolCalls=49 nudgeMsg=no
[2026-07-30T23:11:52.437Z] LiveUpdateForge: AfterToolExec flush
[2026-07-30T23:11:52.493Z] InitialReadForge.onBeforeSend: SKIP (fr=true syn=false hasRead=true)
[2026-07-30T23:11:55.069Z] LiveUpdateForge: EndTurn fallback flush
[2026-07-30T23:11:55.070Z] onEndTurn: naturalStop=false toolCalls=50 nudgeMsg=no
[2026-07-30T23:11:55.105Z] LiveUpdateForge: AfterToolExec flush
[2026-07-30T23:11:55.156Z] InitialReadForge.onBeforeSend: SKIP (fr=true syn=false hasRead=true)
[2026-07-30T23:11:57.322Z] LiveUpdateForge: EndTurn fallback flush
[2026-07-30T23:11:57.323Z] onEndTurn: naturalStop=false toolCalls=51 nudgeMsg=no
[2026-07-30T23:12:21.554Z] LiveUpdateForge: AfterToolExec flush
[2026-07-30T23:12:21.601Z] InitialReadForge.onBeforeSend: SKIP (fr=true syn=false hasRead=true)
[2026-07-30T23:12:23.010Z] LiveUpdateForge: EndTurn fallback flush
[2026-07-30T23:12:23.010Z] onEndTurn: naturalStop=false toolCalls=52 nudgeMsg=no
[2026-07-30T23:12:23.118Z] LiveUpdateForge: AfterToolExec flush
[2026-07-30T23:12:23.170Z] InitialReadForge.onBeforeSend: SKIP (fr=true syn=false hasRead=true)
[2026-07-30T23:12:26.002Z] LiveUpdateForge: EndTurn fallback flush
[2026-07-30T23:12:26.003Z] onEndTurn: naturalStop=false toolCalls=53 nudgeMsg=no
[2026-07-30T23:12:35.596Z] LiveUpdateForge: AfterToolExec flush
[2026-07-30T23:12:35.650Z] InitialReadForge.onBeforeSend: SKIP (fr=true syn=false hasRead=true)
[2026-07-30T23:12:38.613Z] LiveUpdateForge: EndTurn fallback flush
[2026-07-30T23:12:38.614Z] onEndTurn: naturalStop=false toolCalls=54 nudgeMsg=no
[2026-07-30T23:12:38.627Z] LiveUpdateForge: AfterToolExec flush
[2026-07-30T23:12:38.681Z] InitialReadForge.onBeforeSend: SKIP (fr=true syn=false hasRead=true)
[2026-07-30T23:12:43.081Z] LiveUpdateForge: EndTurn fallback flush
[2026-07-30T23:12:43.082Z] onEndTurn: naturalStop=false toolCalls=55 nudgeMsg=no
[2026-07-30T23:12:43.113Z] LiveUpdateForge: AfterToolExec flush
[2026-07-30T23:12:43.167Z] InitialReadForge.onBeforeSend: SKIP (fr=true syn=false hasRead=true)
[2026-07-30T23:12:45.221Z] LiveUpdateForge: EndTurn fallback flush
[2026-07-30T23:12:45.222Z] onEndTurn: naturalStop=false toolCalls=56 nudgeMsg=no
[2026-07-30T23:12:45.234Z] LiveUpdateForge: AfterToolExec flush
[2026-07-30T23:12:45.285Z] InitialReadForge.onBeforeSend: SKIP (fr=true syn=false hasRead=true)
[2026-07-30T23:12:57.744Z] LiveUpdateForge: EndTurn fallback flush
[2026-07-30T23:12:57.744Z] onEndTurn: naturalStop=false toolCalls=57 nudgeMsg=no
[2026-07-30T23:12:58.809Z] LiveUpdateForge: AfterToolExec flush
[2026-07-30T23:12:58.855Z] InitialReadForge.onBeforeSend: SKIP (fr=true syn=false hasRead=true)
[2026-07-30T23:13:03.610Z] LiveUpdateForge: EndTurn fallback flush
[2026-07-30T23:13:03.610Z] onEndTurn: naturalStop=false toolCalls=58 nudgeMsg=no
[2026-07-30T23:13:04.428Z] LiveUpdateForge: AfterToolExec flush
[2026-07-30T23:13:04.481Z] InitialReadForge.onBeforeSend: SKIP (fr=true syn=false hasRead=true)
[2026-07-30T23:13:09.960Z] LiveUpdateForge: EndTurn fallback flush
[2026-07-30T23:13:09.961Z] onEndTurn: naturalStop=false toolCalls=59 nudgeMsg=no
[2026-07-30T23:13:13.269Z] LiveUpdateForge: AfterToolExec flush
[2026-07-30T23:13:13.454Z] InitialReadForge.onBeforeSend: SKIP (fr=true syn=false hasRead=true)
[2026-07-30T23:13:16.814Z] LiveUpdateForge: EndTurn fallback flush
[2026-07-30T23:13:16.815Z] onEndTurn: naturalStop=false toolCalls=60 nudgeMsg=no
[2026-07-30T23:13:17.480Z] LiveUpdateForge: AfterToolExec flush
[2026-07-30T23:13:17.541Z] InitialReadForge.onBeforeSend: SKIP (fr=true syn=false hasRead=true)
[2026-07-30T23:13:23.676Z] LiveUpdateForge: EndTurn fallback flush
[2026-07-30T23:13:23.676Z] onEndTurn: naturalStop=false toolCalls=61 nudgeMsg=no
[2026-07-30T23:13:25.183Z] LiveUpdateForge: AfterToolExec flush
[2026-07-30T23:13:25.240Z] InitialReadForge.onBeforeSend: SKIP (fr=true syn=false hasRead=true)
[2026-07-30T23:13:27.573Z] LiveUpdateForge: EndTurn fallback flush
[2026-07-30T23:13:27.574Z] onEndTurn: naturalStop=false toolCalls=62 nudgeMsg=no
[2026-07-30T23:13:27.584Z] LiveUpdateForge: AfterToolExec flush
[2026-07-30T23:13:27.636Z] InitialReadForge.onBeforeSend: SKIP (fr=true syn=false hasRead=true)
[2026-07-30T23:13:29.136Z] LiveUpdateForge: EndTurn fallback flush
[2026-07-30T23:13:29.137Z] onEndTurn: naturalStop=false toolCalls=63 nudgeMsg=no
[2026-07-30T23:13:29.381Z] LiveUpdateForge: AfterToolExec flush
[2026-07-30T23:13:29.441Z] InitialReadForge.onBeforeSend: SKIP (fr=true syn=false hasRead=true)
[2026-07-30T23:13:32.116Z] LiveUpdateForge: EndTurn fallback flush
[2026-07-30T23:13:32.117Z] onEndTurn: naturalStop=false toolCalls=64 nudgeMsg=no
[2026-07-30T23:13:32.146Z] LiveUpdateForge: AfterToolExec flush
[2026-07-30T23:13:32.209Z] InitialReadForge.onBeforeSend: SKIP (fr=true syn=false hasRead=true)
[2026-07-30T23:13:35.549Z] LiveUpdateForge: EndTurn fallback flush
[2026-07-30T23:13:35.549Z] onEndTurn: naturalStop=false toolCalls=65 nudgeMsg=no
[2026-07-30T23:13:35.562Z] LiveUpdateForge: AfterToolExec flush
[2026-07-30T23:13:35.625Z] InitialReadForge.onBeforeSend: SKIP (fr=true syn=false hasRead=true)
[2026-07-30T23:13:37.853Z] LiveUpdateForge: EndTurn fallback flush
[2026-07-30T23:13:37.853Z] onEndTurn: naturalStop=false toolCalls=66 nudgeMsg=no
[2026-07-30T23:13:37.928Z] LiveUpdateForge: AfterToolExec flush
[2026-07-30T23:13:37.988Z] InitialReadForge.onBeforeSend: SKIP (fr=true syn=false hasRead=true)
[2026-07-30T23:13:39.516Z] LiveUpdateForge: EndTurn fallback flush
[2026-07-30T23:13:39.517Z] onEndTurn: naturalStop=false toolCalls=67 nudgeMsg=no
[2026-07-30T23:14:28.637Z] LiveUpdateForge: AfterToolExec flush
[2026-07-30T23:14:28.707Z] InitialReadForge.onBeforeSend: SKIP (fr=true syn=false hasRead=true)
[2026-07-30T23:14:32.021Z] LiveUpdateForge: EndTurn fallback flush
[2026-07-30T23:14:32.021Z] onEndTurn: naturalStop=false toolCalls=68 nudgeMsg=no
[2026-07-30T23:14:33.411Z] LiveUpdateForge: AfterToolExec flush
[2026-07-30T23:14:33.459Z] InitialReadForge.onBeforeSend: SKIP (fr=true syn=false hasRead=true)
[2026-07-30T23:14:36.130Z] LiveUpdateForge: EndTurn fallback flush
[2026-07-30T23:14:36.130Z] onEndTurn: naturalStop=false toolCalls=69 nudgeMsg=no
[2026-07-30T23:14:46.212Z] LiveUpdateForge: AfterToolExec flush
[2026-07-30T23:14:46.297Z] InitialReadForge.onBeforeSend: SKIP (fr=true syn=false hasRead=true)
[2026-07-30T23:14:47.835Z] LiveUpdateForge: EndTurn fallback flush
[2026-07-30T23:14:47.836Z] onEndTurn: naturalStop=false toolCalls=70 nudgeMsg=no
[2026-07-30T23:14:47.979Z] LiveUpdateForge: AfterToolExec flush
[2026-07-30T23:14:48.107Z] InitialReadForge.onBeforeSend: SKIP (fr=true syn=false hasRead=true)
[2026-07-30T23:14:49.899Z] LiveUpdateForge: EndTurn fallback flush
[2026-07-30T23:14:49.899Z] onEndTurn: naturalStop=false toolCalls=71 nudgeMsg=no
[2026-07-30T23:15:08.436Z] LiveUpdateForge: AfterToolExec flush
[2026-07-30T23:15:08.624Z] InitialReadForge.onBeforeSend: SKIP (fr=true syn=false hasRead=true)
[2026-07-30T23:15:13.206Z] LiveUpdateForge: EndTurn fallback flush
[2026-07-30T23:15:13.206Z] onEndTurn: naturalStop=false toolCalls=72 nudgeMsg=no
[2026-07-30T23:15:14.307Z] LiveUpdateForge: AfterToolExec flush
[2026-07-30T23:15:14.356Z] InitialReadForge.onBeforeSend: SKIP (fr=true syn=false hasRead=true)
[2026-07-30T23:15:20.502Z] LiveUpdateForge: EndTurn fallback flush
[2026-07-30T23:15:20.503Z] onEndTurn: naturalStop=false toolCalls=73 nudgeMsg=no
[2026-07-30T23:15:21.451Z] LiveUpdateForge: AfterToolExec flush
[2026-07-30T23:15:21.505Z] InitialReadForge.onBeforeSend: SKIP (fr=true syn=false hasRead=true)
[2026-07-30T23:15:26.155Z] LiveUpdateForge: EndTurn fallback flush
[2026-07-30T23:15:26.156Z] onEndTurn: naturalStop=false toolCalls=74 nudgeMsg=no
[2026-07-30T23:15:26.963Z] LiveUpdateForge: AfterToolExec flush
[2026-07-30T23:15:27.020Z] InitialReadForge.onBeforeSend: SKIP (fr=true syn=false hasRead=true)
[2026-07-30T23:15:30.580Z] LiveUpdateForge: EndTurn fallback flush
[2026-07-30T23:15:30.581Z] onEndTurn: naturalStop=false toolCalls=75 nudgeMsg=no
[2026-07-30T23:15:30.650Z] LiveUpdateForge: AfterToolExec flush
[2026-07-30T23:15:30.704Z] InitialReadForge.onBeforeSend: SKIP (fr=true syn=false hasRead=true)
[2026-07-30T23:15:32.425Z] LiveUpdateForge: EndTurn fallback flush
[2026-07-30T23:15:32.426Z] onEndTurn: naturalStop=false toolCalls=76 nudgeMsg=no
[2026-07-30T23:15:32.437Z] LiveUpdateForge: AfterToolExec flush
[2026-07-30T23:15:32.490Z] InitialReadForge.onBeforeSend: SKIP (fr=true syn=false hasRead=true)
[2026-07-30T23:15:37.431Z] LiveUpdateForge: EndTurn fallback flush
[2026-07-30T23:15:37.432Z] onEndTurn: naturalStop=false toolCalls=77 nudgeMsg=no
[2026-07-30T23:15:38.141Z] LiveUpdateForge: AfterToolExec flush
[2026-07-30T23:15:38.197Z] InitialReadForge.onBeforeSend: SKIP (fr=true syn=false hasRead=true)
[2026-07-30T23:15:43.478Z] LiveUpdateForge: EndTurn fallback flush
[2026-07-30T23:15:43.478Z] onEndTurn: naturalStop=false toolCalls=78 nudgeMsg=no
[2026-07-30T23:15:44.750Z] LiveUpdateForge: AfterToolExec flush
[2026-07-30T23:15:44.804Z] InitialReadForge.onBeforeSend: SKIP (fr=true syn=false hasRead=true)
[2026-07-30T23:15:51.311Z] LiveUpdateForge: EndTurn fallback flush
[2026-07-30T23:15:51.311Z] onEndTurn: naturalStop=false toolCalls=79 nudgeMsg=no
[2026-07-30T23:15:51.347Z] LiveUpdateForge: AfterToolExec flush
[2026-07-30T23:15:51.399Z] InitialReadForge.onBeforeSend: SKIP (fr=true syn=false hasRead=true)
[2026-07-30T23:15:53.382Z] LiveUpdateForge: EndTurn fallback flush
[2026-07-30T23:15:53.383Z] onEndTurn: naturalStop=false toolCalls=80 nudgeMsg=no
[2026-07-30T23:15:55.385Z] LiveUpdateForge: AfterToolExec flush
[2026-07-30T23:15:55.439Z] InitialReadForge.onBeforeSend: SKIP (fr=true syn=false hasRead=true)
[2026-07-30T23:16:02.088Z] LiveUpdateForge: EndTurn fallback flush
[2026-07-30T23:16:02.088Z] onEndTurn: naturalStop=false toolCalls=81 nudgeMsg=no
[2026-07-30T23:16:02.506Z] LiveUpdateForge: AfterToolExec flush
[2026-07-30T23:16:02.560Z] InitialReadForge.onBeforeSend: SKIP (fr=true syn=false hasRead=true)
[2026-07-30T23:16:04.714Z] LiveUpdateForge: EndTurn fallback flush
[2026-07-30T23:16:04.714Z] onEndTurn: naturalStop=false toolCalls=82 nudgeMsg=no
[2026-07-30T23:16:11.219Z] LiveUpdateForge: AfterToolExec flush
[2026-07-30T23:16:16.633Z] InitialReadForge.onBeforeSend: SKIP (fr=true syn=false hasRead=true)
[2026-07-30T23:16:18.231Z] LiveUpdateForge: EndTurn fallback flush
[2026-07-30T23:16:18.231Z] onEndTurn: naturalStop=false toolCalls=83 nudgeMsg=no
[2026-07-30T23:16:18.382Z] LiveUpdateForge: AfterToolExec flush
[2026-07-30T23:16:18.443Z] InitialReadForge.onBeforeSend: SKIP (fr=true syn=false hasRead=true)
[2026-07-30T23:16:20.922Z] LiveUpdateForge: EndTurn fallback flush
[2026-07-30T23:16:20.922Z] onEndTurn: naturalStop=false toolCalls=84 nudgeMsg=no
[2026-07-30T23:16:27.876Z] LiveUpdateForge: AfterToolExec flush
[2026-07-30T23:16:27.945Z] InitialReadForge.onBeforeSend: SKIP (fr=true syn=false hasRead=true)
[2026-07-30T23:16:35.273Z] LiveUpdateForge: EndTurn fallback flush
[2026-07-30T23:16:35.274Z] onEndTurn: naturalStop=false toolCalls=85 nudgeMsg=no
[2026-07-30T23:16:36.640Z] LiveUpdateForge: AfterToolExec flush
[2026-07-30T23:16:36.738Z] InitialReadForge.onBeforeSend: SKIP (fr=true syn=false hasRead=true)
[2026-07-30T23:16:40.408Z] LiveUpdateForge: EndTurn fallback flush
[2026-07-30T23:16:40.409Z] onEndTurn: naturalStop=false toolCalls=86 nudgeMsg=no
[2026-07-30T23:16:40.436Z] LiveUpdateForge: AfterToolExec flush
[2026-07-30T23:16:40.514Z] InitialReadForge.onBeforeSend: SKIP (fr=true syn=false hasRead=true)
[2026-07-30T23:16:46.209Z] LiveUpdateForge: EndTurn fallback flush
[2026-07-30T23:16:46.210Z] onEndTurn: naturalStop=false toolCalls=87 nudgeMsg=no
[2026-07-30T23:16:47.832Z] LiveUpdateForge: AfterToolExec flush
[2026-07-30T23:16:48.053Z] InitialReadForge.onBeforeSend: SKIP (fr=true syn=false hasRead=true)
[2026-07-30T23:16:50.261Z] LiveUpdateForge: EndTurn fallback flush
[2026-07-30T23:16:50.261Z] onEndTurn: naturalStop=false toolCalls=88 nudgeMsg=no
[2026-07-30T23:16:56.822Z] LiveUpdateForge: AfterToolExec flush
[2026-07-30T23:16:56.909Z] InitialReadForge.onBeforeSend: SKIP (fr=true syn=false hasRead=true)
[2026-07-30T23:16:58.772Z] LiveUpdateForge: EndTurn fallback flush
[2026-07-30T23:16:58.773Z] onEndTurn: naturalStop=false toolCalls=89 nudgeMsg=no
[2026-07-30T23:16:58.909Z] LiveUpdateForge: AfterToolExec flush
[2026-07-30T23:16:58.996Z] InitialReadForge.onBeforeSend: SKIP (fr=true syn=false hasRead=true)
[2026-07-30T23:17:01.121Z] LiveUpdateForge: EndTurn fallback flush
[2026-07-30T23:17:01.122Z] onEndTurn: naturalStop=false toolCalls=90 nudgeMsg=no
[2026-07-30T23:17:09.121Z] LiveUpdateForge: AfterToolExec flush
[2026-07-30T23:17:09.174Z] InitialReadForge.onBeforeSend: SKIP (fr=true syn=false hasRead=true)
[2026-07-30T23:17:12.581Z] LiveUpdateForge: EndTurn fallback flush
[2026-07-30T23:17:12.582Z] onEndTurn: naturalStop=false toolCalls=91 nudgeMsg=no
[2026-07-30T23:17:12.610Z] LiveUpdateForge: AfterToolExec flush
[2026-07-30T23:17:12.666Z] InitialReadForge.onBeforeSend: SKIP (fr=true syn=false hasRead=true)
[2026-07-30T23:17:15.964Z] LiveUpdateForge: EndTurn fallback flush
[2026-07-30T23:17:15.965Z] onEndTurn: naturalStop=false toolCalls=92 nudgeMsg=no
[2026-07-30T23:17:16.641Z] LiveUpdateForge: AfterToolExec flush
[2026-07-30T23:17:16.694Z] InitialReadForge.onBeforeSend: SKIP (fr=true syn=false hasRead=true)
[2026-07-30T23:17:19.360Z] LiveUpdateForge: EndTurn fallback flush
[2026-07-30T23:17:19.360Z] onEndTurn: naturalStop=false toolCalls=93 nudgeMsg=no
[2026-07-30T23:17:19.366Z] LiveUpdateForge: AfterToolExec flush
[2026-07-30T23:17:19.421Z] InitialReadForge.onBeforeSend: SKIP (fr=true syn=false hasRead=true)
[2026-07-30T23:17:23.973Z] LiveUpdateForge: EndTurn fallback flush
[2026-07-30T23:17:23.974Z] onEndTurn: naturalStop=true toolCalls=0 nudgeMsg=YES
[2026-07-30T23:17:23.999Z] InitialReadForge.onBeforeSend: SKIP (fr=false syn=false hasRead=true)
[2026-07-30T23:17:31.978Z] LiveUpdateForge: EndTurn fallback flush
[2026-07-30T23:17:31.979Z] onEndTurn: naturalStop=false toolCalls=0 nudgeMsg=no
[2026-07-30T23:17:32.018Z] LiveUpdateForge: self-write on D:\unity\mowang\CODELY.md, baseline aligned
[2026-07-30T23:17:32.020Z] LiveUpdateForge: AfterToolExec flush
[2026-07-30T23:17:32.079Z] InitialReadForge.onBeforeSend: SKIP (fr=true syn=false hasRead=true)
[2026-07-30T23:17:33.644Z] LiveUpdateForge: EndTurn fallback flush
[2026-07-30T23:17:33.645Z] onEndTurn: naturalStop=true toolCalls=0 nudgeMsg=no
[2026-07-30T23:32:44.858Z] MemoryForge: attached 5 listener(s)
[2026-07-30T23:32:44.859Z] InitialReadForge: armed one-shot BeforeSend after NewSessionStart
[2026-07-30T23:32:44.860Z] LiveUpdateForge: session reset, allowLiveUpdate = false
[2026-07-30T23:32:47.992Z] MemoryForge: attached 5 listener(s)
[2026-07-30T23:32:47.993Z] InitialReadForge: armed one-shot BeforeSend after NewSessionStart
[2026-07-30T23:32:47.993Z] LiveUpdateForge: session reset, allowLiveUpdate = false
[2026-07-30T23:37:23.139Z] MemoryForge: attached 5 listener(s)
[2026-07-30T23:37:23.140Z] InitialReadForge: armed one-shot BeforeSend after NewSessionStart
[2026-07-30T23:37:23.141Z] LiveUpdateForge: session reset, allowLiveUpdate = false
[2026-07-30T23:37:23.279Z] LiveUpdateForge: session reset, allowLiveUpdate = false
[2026-07-30T23:37:23.322Z] ResumeDiffForge: running checkResumeConsistency
[2026-07-30T23:37:23.324Z] checkResumeConsistency: forgedTimestamps=[]
[2026-07-30T23:37:23.331Z] checkResumeConsistency: no changes detected
[2026-07-30T23:37:23.332Z] LiveUpdateForge: session reset, allowLiveUpdate = false
[2026-07-30T23:37:23.332Z] NudgeForge: ResumeComplete — restoring count from history
[2026-07-30T23:37:23.333Z] restoreNudgeCountFromHistory: found last write at idx=157 count=0
[2026-07-30T23:38:53.283Z] MemoryForge: attached 5 listener(s)
[2026-07-30T23:38:53.283Z] InitialReadForge: armed one-shot BeforeSend after NewSessionStart
[2026-07-30T23:38:53.284Z] LiveUpdateForge: session reset, allowLiveUpdate = false
[2026-07-30T23:38:53.402Z] LiveUpdateForge: session reset, allowLiveUpdate = false
[2026-07-30T23:38:53.430Z] ResumeDiffForge: running checkResumeConsistency
[2026-07-30T23:38:53.432Z] checkResumeConsistency: forgedTimestamps=[]
[2026-07-30T23:38:53.440Z] checkResumeConsistency: no changes detected
[2026-07-30T23:38:53.440Z] LiveUpdateForge: session reset, allowLiveUpdate = false
[2026-07-30T23:38:53.441Z] NudgeForge: ResumeComplete — restoring count from history
[2026-07-30T23:38:53.441Z] restoreNudgeCountFromHistory: found last write at idx=157 count=0
[2026-07-30T23:38:53.937Z] ResumeDiffForge: running checkResumeConsistency
[2026-07-30T23:38:53.938Z] checkResumeConsistency: forgedTimestamps=[]
[2026-07-30T23:38:53.947Z] checkResumeConsistency: no changes detected
[2026-07-30T23:38:53.947Z] LiveUpdateForge: session reset, allowLiveUpdate = false
[2026-07-30T23:38:53.948Z] NudgeForge: ResumeComplete — restoring count from history
[2026-07-30T23:38:53.948Z] restoreNudgeCountFromHistory: found last write at idx=157 count=0
[2026-07-30T23:38:54.043Z] ResumeDiffForge: running checkResumeConsistency
[2026-07-30T23:38:54.043Z] checkResumeConsistency: forgedTimestamps=[]
[2026-07-30T23:38:54.049Z] checkResumeConsistency: no changes detected
[2026-07-30T23:38:54.050Z] LiveUpdateForge: session reset, allowLiveUpdate = false
[2026-07-30T23:38:54.050Z] NudgeForge: ResumeComplete — restoring count from history
[2026-07-30T23:38:54.050Z] restoreNudgeCountFromHistory: found last write at idx=157 count=0
[2026-07-30T23:38:54.495Z] MemoryForge: attached 5 listener(s)
[2026-07-30T23:38:54.496Z] InitialReadForge: armed one-shot BeforeSend after NewSessionStart
[2026-07-30T23:38:54.496Z] LiveUpdateForge: session reset, allowLiveUpdate = false
[2026-07-30T23:38:54.502Z] MemoryForge: detached all listeners
[2026-07-30T23:38:54.502Z] ResumeDiffForge: running checkResumeConsistency
[2026-07-30T23:38:54.502Z] checkResumeConsistency: forgedTimestamps=[]
[2026-07-30T23:38:54.535Z] checkResumeConsistency: no changes detected
[2026-07-30T23:38:54.535Z] LiveUpdateForge: session reset, allowLiveUpdate = false
[2026-07-30T23:38:54.535Z] NudgeForge: ResumeComplete — restoring count from history
[2026-07-30T23:38:54.536Z] restoreNudgeCountFromHistory: found last write at idx=157 count=0
[2026-07-30T23:38:54.559Z] LiveUpdateForge: allowLiveUpdate = true (first real BeforeSend)
[2026-07-30T23:38:54.560Z] InitialReadForge.onBeforeSend: SKIP (fr=false syn=false hasRead=true)
[2026-07-30T23:39:17.324Z] LiveUpdateForge: EndTurn fallback flush
[2026-07-30T23:39:17.325Z] onEndTurn: naturalStop=true toolCalls=0 nudgeMsg=no
[2026-07-30T23:41:05.493Z] ResumeDiffForge: running checkResumeConsistency
[2026-07-30T23:41:05.494Z] checkResumeConsistency: forgedTimestamps=[]
[2026-07-30T23:41:05.498Z] checkResumeConsistency: no changes detected
[2026-07-30T23:41:05.499Z] LiveUpdateForge: session reset, allowLiveUpdate = false
[2026-07-30T23:41:05.499Z] NudgeForge: ResumeComplete — restoring count from history
[2026-07-30T23:41:05.500Z] restoreNudgeCountFromHistory: found last write at idx=157 count=0
[2026-07-30T23:41:05.527Z] LiveUpdateForge: allowLiveUpdate = true (first real BeforeSend)
[2026-07-30T23:41:05.528Z] InitialReadForge.onBeforeSend: SKIP (fr=false syn=false hasRead=true)
[2026-07-30T23:41:16.256Z] ResumeDiffForge: running checkResumeConsistency
[2026-07-30T23:41:16.256Z] checkResumeConsistency: forgedTimestamps=[]
[2026-07-30T23:41:16.260Z] checkResumeConsistency: no changes detected
[2026-07-30T23:41:16.261Z] LiveUpdateForge: session reset, allowLiveUpdate = false
[2026-07-30T23:41:16.261Z] NudgeForge: ResumeComplete — restoring count from history
[2026-07-30T23:41:16.261Z] restoreNudgeCountFromHistory: found last write at idx=157 count=0
[2026-07-30T23:41:16.292Z] LiveUpdateForge: allowLiveUpdate = true (first real BeforeSend)
[2026-07-30T23:41:16.293Z] InitialReadForge.onBeforeSend: SKIP (fr=false syn=false hasRead=true)
[2026-07-30T23:41:19.506Z] LiveUpdateForge: EndTurn fallback flush
[2026-07-30T23:41:19.507Z] onEndTurn: naturalStop=false toolCalls=0 nudgeMsg=no
[2026-07-30T23:41:19.530Z] LiveUpdateForge: AfterToolExec flush
[2026-07-30T23:41:19.531Z] LiveUpdateForge: AfterToolExec flush
[2026-07-30T23:41:19.531Z] LiveUpdateForge: AfterToolExec flush
[2026-07-30T23:41:19.560Z] InitialReadForge.onBeforeSend: SKIP (fr=true syn=false hasRead=true)
[2026-07-30T23:41:21.161Z] LiveUpdateForge: EndTurn fallback flush
[2026-07-30T23:41:21.162Z] onEndTurn: naturalStop=false toolCalls=3 nudgeMsg=no
[2026-07-30T23:41:21.164Z] LiveUpdateForge: AfterToolExec flush
[2026-07-30T23:41:21.190Z] InitialReadForge.onBeforeSend: SKIP (fr=true syn=false hasRead=true)
[2026-07-30T23:41:21.777Z] InitialReadForge.onBeforeSend: SKIP (fr=false syn=false hasRead=true)
[2026-07-30T23:44:16.902Z] ResumeDiffForge: running checkResumeConsistency
[2026-07-30T23:44:16.903Z] checkResumeConsistency: forgedTimestamps=[]
[2026-07-30T23:44:16.909Z] checkResumeConsistency: no changes detected
[2026-07-30T23:44:16.909Z] LiveUpdateForge: session reset, allowLiveUpdate = false
[2026-07-30T23:44:16.909Z] NudgeForge: ResumeComplete — restoring count from history
[2026-07-30T23:44:16.910Z] restoreNudgeCountFromHistory: found last write at idx=157 count=4
[2026-07-30T23:44:16.940Z] LiveUpdateForge: allowLiveUpdate = true (first real BeforeSend)
[2026-07-30T23:44:16.940Z] InitialReadForge.onBeforeSend: SKIP (fr=false syn=false hasRead=true)
[2026-07-30T23:44:24.060Z] LiveUpdateForge: EndTurn fallback flush
[2026-07-30T23:44:24.060Z] onEndTurn: naturalStop=false toolCalls=4 nudgeMsg=no
[2026-07-30T23:44:24.472Z] LiveUpdateForge: AfterToolExec flush
[2026-07-30T23:44:24.499Z] InitialReadForge.onBeforeSend: SKIP (fr=true syn=false hasRead=true)
[2026-07-30T23:44:28.852Z] LiveUpdateForge: EndTurn fallback flush
[2026-07-30T23:44:28.853Z] onEndTurn: naturalStop=false toolCalls=5 nudgeMsg=no
[2026-07-30T23:44:42.929Z] LiveUpdateForge: AfterToolExec flush
[2026-07-30T23:44:42.954Z] InitialReadForge.onBeforeSend: SKIP (fr=true syn=false hasRead=true)
[2026-07-30T23:44:50.731Z] LiveUpdateForge: EndTurn fallback flush
[2026-07-30T23:44:50.731Z] onEndTurn: naturalStop=false toolCalls=6 nudgeMsg=no
[2026-07-30T23:44:51.463Z] LiveUpdateForge: AfterToolExec flush
[2026-07-30T23:44:51.488Z] InitialReadForge.onBeforeSend: SKIP (fr=true syn=false hasRead=true)
[2026-07-30T23:44:58.548Z] LiveUpdateForge: EndTurn fallback flush
[2026-07-30T23:44:58.549Z] onEndTurn: naturalStop=false toolCalls=7 nudgeMsg=no
[2026-07-30T23:44:59.120Z] LiveUpdateForge: AfterToolExec flush
[2026-07-30T23:44:59.147Z] InitialReadForge.onBeforeSend: SKIP (fr=true syn=false hasRead=true)
[2026-07-30T23:45:06.858Z] LiveUpdateForge: EndTurn fallback flush
[2026-07-30T23:45:06.858Z] onEndTurn: naturalStop=false toolCalls=8 nudgeMsg=no
[2026-07-30T23:45:07.949Z] LiveUpdateForge: AfterToolExec flush
[2026-07-30T23:45:07.973Z] InitialReadForge.onBeforeSend: SKIP (fr=true syn=false hasRead=true)
[2026-07-30T23:45:10.682Z] LiveUpdateForge: EndTurn fallback flush
[2026-07-30T23:45:10.683Z] onEndTurn: naturalStop=false toolCalls=9 nudgeMsg=no
[2026-07-30T23:45:10.693Z] LiveUpdateForge: AfterToolExec flush
[2026-07-30T23:45:10.723Z] InitialReadForge.onBeforeSend: SKIP (fr=true syn=false hasRead=true)
[2026-07-30T23:45:21.371Z] LiveUpdateForge: EndTurn fallback flush
[2026-07-30T23:45:21.372Z] onEndTurn: naturalStop=false toolCalls=10 nudgeMsg=no
[2026-07-30T23:45:21.832Z] LiveUpdateForge: AfterToolExec flush
[2026-07-30T23:45:21.863Z] InitialReadForge.onBeforeSend: SKIP (fr=true syn=false hasRead=true)
[2026-07-30T23:45:26.371Z] LiveUpdateForge: EndTurn fallback flush
[2026-07-30T23:45:26.371Z] onEndTurn: naturalStop=false toolCalls=11 nudgeMsg=no
[2026-07-30T23:45:26.877Z] LiveUpdateForge: AfterToolExec flush
[2026-07-30T23:45:26.914Z] InitialReadForge.onBeforeSend: SKIP (fr=true syn=false hasRead=true)
[2026-07-30T23:45:43.358Z] LiveUpdateForge: EndTurn fallback flush
[2026-07-30T23:45:43.358Z] onEndTurn: naturalStop=false toolCalls=12 nudgeMsg=no
[2026-07-30T23:45:45.040Z] LiveUpdateForge: AfterToolExec flush
[2026-07-30T23:45:45.067Z] InitialReadForge.onBeforeSend: SKIP (fr=true syn=false hasRead=true)
[2026-07-30T23:45:47.788Z] LiveUpdateForge: EndTurn fallback flush
[2026-07-30T23:45:47.788Z] onEndTurn: naturalStop=false toolCalls=13 nudgeMsg=no
[2026-07-30T23:45:47.823Z] LiveUpdateForge: AfterToolExec flush
[2026-07-30T23:45:47.875Z] InitialReadForge.onBeforeSend: SKIP (fr=true syn=false hasRead=true)
[2026-07-30T23:45:49.514Z] LiveUpdateForge: EndTurn fallback flush
[2026-07-30T23:45:49.514Z] onEndTurn: naturalStop=false toolCalls=14 nudgeMsg=no
[2026-07-30T23:45:50.455Z] LiveUpdateForge: AfterToolExec flush
[2026-07-30T23:45:50.486Z] InitialReadForge.onBeforeSend: SKIP (fr=true syn=false hasRead=true)
[2026-07-30T23:45:55.007Z] LiveUpdateForge: EndTurn fallback flush
[2026-07-30T23:45:55.007Z] onEndTurn: naturalStop=false toolCalls=15 nudgeMsg=no
[2026-07-30T23:45:55.594Z] LiveUpdateForge: AfterToolExec flush
[2026-07-30T23:45:55.628Z] InitialReadForge.onBeforeSend: SKIP (fr=true syn=false hasRead=true)
[2026-07-30T23:46:03.777Z] LiveUpdateForge: EndTurn fallback flush
[2026-07-30T23:46:03.777Z] onEndTurn: naturalStop=false toolCalls=16 nudgeMsg=no
[2026-07-30T23:46:06.480Z] LiveUpdateForge: AfterToolExec flush
[2026-07-30T23:46:06.511Z] InitialReadForge.onBeforeSend: SKIP (fr=true syn=false hasRead=true)
[2026-07-30T23:46:09.398Z] LiveUpdateForge: EndTurn fallback flush
[2026-07-30T23:46:09.398Z] onEndTurn: naturalStop=false toolCalls=17 nudgeMsg=no
[2026-07-30T23:46:09.524Z] LiveUpdateForge: AfterToolExec flush
[2026-07-30T23:46:09.561Z] InitialReadForge.onBeforeSend: SKIP (fr=true syn=false hasRead=true)
[2026-07-30T23:46:11.854Z] LiveUpdateForge: EndTurn fallback flush
[2026-07-30T23:46:11.854Z] onEndTurn: naturalStop=false toolCalls=18 nudgeMsg=no
[2026-07-30T23:46:25.806Z] LiveUpdateForge: AfterToolExec flush
[2026-07-30T23:46:25.845Z] InitialReadForge.onBeforeSend: SKIP (fr=true syn=false hasRead=true)
[2026-07-30T23:46:29.833Z] LiveUpdateForge: EndTurn fallback flush
[2026-07-30T23:46:29.833Z] onEndTurn: naturalStop=false toolCalls=19 nudgeMsg=no
[2026-07-30T23:46:31.223Z] LiveUpdateForge: AfterToolExec flush
[2026-07-30T23:46:34.221Z] InitialReadForge.onBeforeSend: SKIP (fr=true syn=false hasRead=true)
[2026-07-30T23:46:36.261Z] LiveUpdateForge: EndTurn fallback flush
[2026-07-30T23:46:36.261Z] onEndTurn: naturalStop=false toolCalls=20 nudgeMsg=no
[2026-07-30T23:46:42.998Z] LiveUpdateForge: AfterToolExec flush
[2026-07-30T23:46:43.034Z] InitialReadForge.onBeforeSend: SKIP (fr=true syn=false hasRead=true)
[2026-07-30T23:46:45.181Z] LiveUpdateForge: EndTurn fallback flush
[2026-07-30T23:46:45.181Z] onEndTurn: naturalStop=false toolCalls=21 nudgeMsg=no
[2026-07-30T23:46:45.231Z] LiveUpdateForge: AfterToolExec flush
[2026-07-30T23:46:45.273Z] InitialReadForge.onBeforeSend: SKIP (fr=true syn=false hasRead=true)
[2026-07-30T23:46:52.222Z] LiveUpdateForge: EndTurn fallback flush
[2026-07-30T23:46:52.222Z] onEndTurn: naturalStop=false toolCalls=22 nudgeMsg=no
[2026-07-30T23:46:52.858Z] LiveUpdateForge: AfterToolExec flush
[2026-07-30T23:46:52.888Z] InitialReadForge.onBeforeSend: SKIP (fr=true syn=false hasRead=true)
[2026-07-30T23:46:54.486Z] LiveUpdateForge: EndTurn fallback flush
[2026-07-30T23:46:54.486Z] onEndTurn: naturalStop=false toolCalls=23 nudgeMsg=no
[2026-07-30T23:46:54.490Z] LiveUpdateForge: AfterToolExec flush
[2026-07-30T23:46:54.536Z] InitialReadForge.onBeforeSend: SKIP (fr=true syn=false hasRead=true)
[2026-07-30T23:46:56.935Z] LiveUpdateForge: EndTurn fallback flush
[2026-07-30T23:46:56.936Z] onEndTurn: naturalStop=false toolCalls=24 nudgeMsg=no
[2026-07-30T23:46:57.211Z] LiveUpdateForge: AfterToolExec flush
[2026-07-30T23:46:57.245Z] InitialReadForge.onBeforeSend: SKIP (fr=true syn=false hasRead=true)
[2026-07-30T23:46:59.032Z] LiveUpdateForge: EndTurn fallback flush
[2026-07-30T23:46:59.032Z] onEndTurn: naturalStop=false toolCalls=25 nudgeMsg=no
[2026-07-30T23:46:59.039Z] LiveUpdateForge: AfterToolExec flush
[2026-07-30T23:46:59.071Z] InitialReadForge.onBeforeSend: SKIP (fr=true syn=false hasRead=true)
[2026-07-30T23:47:10.540Z] LiveUpdateForge: EndTurn fallback flush
[2026-07-30T23:47:10.541Z] onEndTurn: naturalStop=false toolCalls=26 nudgeMsg=no
[2026-07-30T23:47:10.544Z] LiveUpdateForge: AfterToolExec flush
[2026-07-30T23:47:10.584Z] InitialReadForge.onBeforeSend: SKIP (fr=true syn=false hasRead=true)
[2026-07-30T23:47:12.284Z] LiveUpdateForge: EndTurn fallback flush
[2026-07-30T23:47:12.284Z] onEndTurn: naturalStop=false toolCalls=27 nudgeMsg=no
[2026-07-30T23:47:12.290Z] LiveUpdateForge: AfterToolExec flush
[2026-07-30T23:47:12.327Z] InitialReadForge.onBeforeSend: SKIP (fr=true syn=false hasRead=true)
[2026-07-30T23:47:14.172Z] LiveUpdateForge: EndTurn fallback flush
[2026-07-30T23:47:14.172Z] onEndTurn: naturalStop=false toolCalls=28 nudgeMsg=no
[2026-07-30T23:47:14.194Z] LiveUpdateForge: AfterToolExec flush
[2026-07-30T23:47:14.227Z] InitialReadForge.onBeforeSend: SKIP (fr=true syn=false hasRead=true)
[2026-07-30T23:47:20.998Z] LiveUpdateForge: EndTurn fallback flush
[2026-07-30T23:47:20.998Z] onEndTurn: naturalStop=false toolCalls=29 nudgeMsg=no
[2026-07-30T23:47:21.495Z] LiveUpdateForge: AfterToolExec flush
[2026-07-30T23:47:21.524Z] InitialReadForge.onBeforeSend: SKIP (fr=true syn=false hasRead=true)
[2026-07-30T23:47:25.373Z] LiveUpdateForge: EndTurn fallback flush
[2026-07-30T23:47:25.373Z] onEndTurn: naturalStop=false toolCalls=30 nudgeMsg=no
[2026-07-30T23:47:25.376Z] LiveUpdateForge: AfterToolExec flush
[2026-07-30T23:47:25.410Z] InitialReadForge.onBeforeSend: SKIP (fr=true syn=false hasRead=true)
[2026-07-30T23:47:27.115Z] LiveUpdateForge: EndTurn fallback flush
[2026-07-30T23:47:27.115Z] onEndTurn: naturalStop=false toolCalls=31 nudgeMsg=no
[2026-07-30T23:47:27.125Z] LiveUpdateForge: AfterToolExec flush
[2026-07-30T23:47:27.163Z] InitialReadForge.onBeforeSend: SKIP (fr=true syn=false hasRead=true)
[2026-07-30T23:47:30.913Z] LiveUpdateForge: EndTurn fallback flush
[2026-07-30T23:47:30.913Z] onEndTurn: naturalStop=true toolCalls=32 nudgeMsg=no
[2026-07-30T23:51:02.056Z] MemoryForge: attached 5 listener(s)
[2026-07-30T23:51:02.057Z] InitialReadForge: armed one-shot BeforeSend after NewSessionStart
[2026-07-30T23:51:02.057Z] LiveUpdateForge: session reset, allowLiveUpdate = false
[2026-07-30T23:51:43.196Z] MemoryForge: attached 5 listener(s)
[2026-07-30T23:51:43.197Z] InitialReadForge: armed one-shot BeforeSend after NewSessionStart
[2026-07-30T23:51:43.197Z] LiveUpdateForge: session reset, allowLiveUpdate = false
[2026-07-30T23:51:43.200Z] MemoryForge: detached all listeners
[2026-07-30T23:51:43.201Z] ResumeDiffForge: no read_memory in history, backfilling forge
[2026-07-30T23:51:43.373Z] recordForgedToolExchange: toolName=read_memory callId=resume-forge-read-memory-backfill
[2026-07-30T23:51:43.418Z] recordForgedToolExchange: recordMessage + recordToolCalls persisted
[2026-07-30T23:51:43.419Z] injectForgedHistory: role=user preview=""
[2026-07-30T23:51:43.440Z] injectForgedHistory: recordMessage persisted
[2026-07-30T23:51:43.447Z] ResumeDiffForge: backfilled read_memory and baseline for 2 raw + 2 provider file(s)
[2026-07-30T23:51:43.447Z] LiveUpdateForge: session reset, allowLiveUpdate = false
[2026-07-30T23:51:43.448Z] NudgeForge: ResumeComplete — restoring count from history
[2026-07-30T23:51:43.448Z] restoreNudgeCountFromHistory: no reset point found, count=0
[2026-07-30T23:51:43.474Z] LiveUpdateForge: allowLiveUpdate = true (first real BeforeSend)
[2026-07-30T23:51:43.475Z] InitialReadForge.onBeforeSend: SKIP (fr=false syn=false hasRead=true)
[2026-07-30T23:51:48.273Z] LiveUpdateForge: EndTurn fallback flush
[2026-07-30T23:51:48.273Z] onEndTurn: naturalStop=false toolCalls=0 nudgeMsg=no
[2026-07-30T23:51:48.337Z] LiveUpdateForge: AfterToolExec flush
[2026-07-30T23:51:48.546Z] LiveUpdateForge: AfterToolExec flush
[2026-07-30T23:51:48.572Z] InitialReadForge.onBeforeSend: SKIP (fr=true syn=false hasRead=true)
[2026-07-30T23:51:50.558Z] LiveUpdateForge: EndTurn fallback flush
[2026-07-30T23:51:50.558Z] onEndTurn: naturalStop=false toolCalls=2 nudgeMsg=no
[2026-07-30T23:51:50.696Z] LiveUpdateForge: AfterToolExec flush
[2026-07-30T23:52:11.858Z] LiveUpdateForge: AfterToolExec flush
[2026-07-30T23:52:11.886Z] InitialReadForge.onBeforeSend: SKIP (fr=true syn=false hasRead=true)
[2026-07-30T23:52:15.962Z] LiveUpdateForge: EndTurn fallback flush
[2026-07-30T23:52:15.962Z] onEndTurn: naturalStop=false toolCalls=4 nudgeMsg=no
[2026-07-30T23:52:16.693Z] LiveUpdateForge: AfterToolExec flush
[2026-07-30T23:52:16.718Z] InitialReadForge.onBeforeSend: SKIP (fr=true syn=false hasRead=true)
[2026-07-30T23:52:18.556Z] LiveUpdateForge: EndTurn fallback flush
[2026-07-30T23:52:18.556Z] onEndTurn: naturalStop=false toolCalls=5 nudgeMsg=no
[2026-07-30T23:52:18.567Z] LiveUpdateForge: AfterToolExec flush
[2026-07-30T23:52:18.593Z] InitialReadForge.onBeforeSend: SKIP (fr=true syn=false hasRead=true)
[2026-07-30T23:52:26.498Z] LiveUpdateForge: EndTurn fallback flush
[2026-07-30T23:52:26.498Z] onEndTurn: naturalStop=false toolCalls=6 nudgeMsg=no
[2026-07-30T23:52:26.582Z] LiveUpdateForge: AfterToolExec flush
[2026-07-30T23:52:26.851Z] InitialReadForge.onBeforeSend: SKIP (fr=true syn=false hasRead=true)
[2026-07-30T23:52:29.801Z] LiveUpdateForge: EndTurn fallback flush
[2026-07-30T23:52:29.802Z] onEndTurn: naturalStop=false toolCalls=7 nudgeMsg=no
[2026-07-30T23:52:29.838Z] LiveUpdateForge: AfterToolExec flush
[2026-07-30T23:52:29.871Z] InitialReadForge.onBeforeSend: SKIP (fr=true syn=false hasRead=true)
[2026-07-30T23:52:31.964Z] LiveUpdateForge: EndTurn fallback flush
[2026-07-30T23:52:31.965Z] onEndTurn: naturalStop=false toolCalls=8 nudgeMsg=no
[2026-07-30T23:53:37.878Z] LiveUpdateForge: AfterToolExec flush
[2026-07-30T23:53:37.918Z] InitialReadForge.onBeforeSend: SKIP (fr=true syn=false hasRead=true)
[2026-07-30T23:53:40.364Z] LiveUpdateForge: EndTurn fallback flush
[2026-07-30T23:53:40.365Z] onEndTurn: naturalStop=false toolCalls=9 nudgeMsg=no
[2026-07-30T23:53:40.479Z] LiveUpdateForge: AfterToolExec flush
[2026-07-30T23:53:40.511Z] InitialReadForge.onBeforeSend: SKIP (fr=true syn=false hasRead=true)
[2026-07-30T23:53:41.850Z] LiveUpdateForge: EndTurn fallback flush
[2026-07-30T23:53:41.851Z] onEndTurn: naturalStop=false toolCalls=10 nudgeMsg=no
[2026-07-30T23:53:43.266Z] LiveUpdateForge: AfterToolExec flush
[2026-07-30T23:53:43.299Z] InitialReadForge.onBeforeSend: SKIP (fr=true syn=false hasRead=true)
[2026-07-30T23:53:44.969Z] LiveUpdateForge: EndTurn fallback flush
[2026-07-30T23:53:44.970Z] onEndTurn: naturalStop=false toolCalls=11 nudgeMsg=no
[2026-07-30T23:53:45.212Z] LiveUpdateForge: AfterToolExec flush
[2026-07-30T23:53:45.245Z] InitialReadForge.onBeforeSend: SKIP (fr=true syn=false hasRead=true)
[2026-07-30T23:53:47.246Z] LiveUpdateForge: EndTurn fallback flush
[2026-07-30T23:53:47.246Z] onEndTurn: naturalStop=false toolCalls=12 nudgeMsg=no
[2026-07-30T23:53:47.262Z] LiveUpdateForge: AfterToolExec flush
[2026-07-30T23:54:09.310Z] LiveUpdateForge: AfterToolExec flush
[2026-07-30T23:54:09.350Z] InitialReadForge.onBeforeSend: SKIP (fr=true syn=false hasRead=true)
[2026-07-30T23:54:16.890Z] LiveUpdateForge: EndTurn fallback flush
[2026-07-30T23:54:16.891Z] onEndTurn: naturalStop=false toolCalls=14 nudgeMsg=no
[2026-07-30T23:54:17.538Z] LiveUpdateForge: AfterToolExec flush
[2026-07-30T23:54:17.567Z] InitialReadForge.onBeforeSend: SKIP (fr=true syn=false hasRead=true)
[2026-07-30T23:54:19.085Z] LiveUpdateForge: EndTurn fallback flush
[2026-07-30T23:54:19.085Z] onEndTurn: naturalStop=false toolCalls=15 nudgeMsg=no
[2026-07-30T23:54:19.135Z] LiveUpdateForge: AfterToolExec flush
[2026-07-30T23:54:19.161Z] InitialReadForge.onBeforeSend: SKIP (fr=true syn=false hasRead=true)
[2026-07-30T23:54:20.798Z] LiveUpdateForge: EndTurn fallback flush
[2026-07-30T23:54:20.798Z] onEndTurn: naturalStop=false toolCalls=16 nudgeMsg=no
[2026-07-30T23:54:21.666Z] LiveUpdateForge: AfterToolExec flush
[2026-07-30T23:54:21.699Z] InitialReadForge.onBeforeSend: SKIP (fr=true syn=false hasRead=true)
[2026-07-30T23:54:23.247Z] LiveUpdateForge: EndTurn fallback flush
[2026-07-30T23:54:23.247Z] onEndTurn: naturalStop=false toolCalls=17 nudgeMsg=no
[2026-07-30T23:54:23.264Z] LiveUpdateForge: AfterToolExec flush
[2026-07-30T23:54:23.306Z] InitialReadForge.onBeforeSend: SKIP (fr=true syn=false hasRead=true)
[2026-07-30T23:54:24.937Z] LiveUpdateForge: EndTurn fallback flush
[2026-07-30T23:54:24.937Z] onEndTurn: naturalStop=false toolCalls=18 nudgeMsg=no
[2026-07-30T23:54:30.634Z] LiveUpdateForge: AfterToolExec flush
[2026-07-30T23:54:30.665Z] InitialReadForge.onBeforeSend: SKIP (fr=true syn=false hasRead=true)
[2026-07-30T23:54:32.137Z] LiveUpdateForge: EndTurn fallback flush
[2026-07-30T23:54:32.138Z] onEndTurn: naturalStop=false toolCalls=19 nudgeMsg=no
[2026-07-30T23:54:32.370Z] LiveUpdateForge: AfterToolExec flush
[2026-07-30T23:54:32.403Z] InitialReadForge.onBeforeSend: SKIP (fr=true syn=false hasRead=true)
[2026-07-30T23:54:34.588Z] LiveUpdateForge: EndTurn fallback flush
[2026-07-30T23:54:34.588Z] onEndTurn: naturalStop=false toolCalls=20 nudgeMsg=no
[2026-07-30T23:54:34.613Z] LiveUpdateForge: AfterToolExec flush
[2026-07-30T23:54:55.495Z] LiveUpdateForge: AfterToolExec flush
[2026-07-30T23:54:55.527Z] InitialReadForge.onBeforeSend: SKIP (fr=true syn=false hasRead=true)
[2026-07-30T23:55:00.202Z] LiveUpdateForge: EndTurn fallback flush
[2026-07-30T23:55:00.202Z] onEndTurn: naturalStop=false toolCalls=22 nudgeMsg=no
[2026-07-30T23:55:00.811Z] LiveUpdateForge: AfterToolExec flush
[2026-07-30T23:55:00.839Z] InitialReadForge.onBeforeSend: SKIP (fr=true syn=false hasRead=true)
[2026-07-30T23:55:02.366Z] LiveUpdateForge: EndTurn fallback flush
[2026-07-30T23:55:02.366Z] onEndTurn: naturalStop=false toolCalls=23 nudgeMsg=no
[2026-07-30T23:55:02.421Z] LiveUpdateForge: AfterToolExec flush
[2026-07-30T23:55:02.456Z] InitialReadForge.onBeforeSend: SKIP (fr=true syn=false hasRead=true)
[2026-07-30T23:55:09.373Z] LiveUpdateForge: EndTurn fallback flush
[2026-07-30T23:55:09.374Z] onEndTurn: naturalStop=false toolCalls=24 nudgeMsg=no
[2026-07-30T23:55:09.490Z] LiveUpdateForge: AfterToolExec flush
[2026-07-30T23:55:09.520Z] InitialReadForge.onBeforeSend: SKIP (fr=true syn=false hasRead=true)
[2026-07-30T23:55:12.729Z] LiveUpdateForge: EndTurn fallback flush
[2026-07-30T23:55:12.730Z] onEndTurn: naturalStop=false toolCalls=25 nudgeMsg=no
[2026-07-30T23:55:28.998Z] LiveUpdateForge: AfterToolExec flush
[2026-07-30T23:55:29.027Z] InitialReadForge.onBeforeSend: SKIP (fr=true syn=false hasRead=true)
[2026-07-30T23:55:31.598Z] LiveUpdateForge: EndTurn fallback flush
[2026-07-30T23:55:31.599Z] onEndTurn: naturalStop=false toolCalls=26 nudgeMsg=no
[2026-07-30T23:55:31.646Z] LiveUpdateForge: AfterToolExec flush
[2026-07-30T23:55:31.751Z] LiveUpdateForge: AfterToolExec flush
[2026-07-30T23:55:31.790Z] InitialReadForge.onBeforeSend: SKIP (fr=true syn=false hasRead=true)
[2026-07-30T23:55:36.268Z] LiveUpdateForge: EndTurn fallback flush
[2026-07-30T23:55:36.268Z] onEndTurn: naturalStop=false toolCalls=28 nudgeMsg=no
[2026-07-30T23:55:39.115Z] LiveUpdateForge: AfterToolExec flush
[2026-07-30T23:55:39.144Z] InitialReadForge.onBeforeSend: SKIP (fr=true syn=false hasRead=true)
[2026-07-30T23:55:40.954Z] LiveUpdateForge: EndTurn fallback flush
[2026-07-30T23:55:40.955Z] onEndTurn: naturalStop=false toolCalls=29 nudgeMsg=no
[2026-07-30T23:55:41.428Z] LiveUpdateForge: AfterToolExec flush
[2026-07-30T23:55:41.458Z] InitialReadForge.onBeforeSend: SKIP (fr=true syn=false hasRead=true)
[2026-07-30T23:55:46.132Z] LiveUpdateForge: EndTurn fallback flush
[2026-07-30T23:55:46.133Z] onEndTurn: naturalStop=false toolCalls=30 nudgeMsg=no
[2026-07-30T23:55:46.139Z] LiveUpdateForge: AfterToolExec flush
[2026-07-30T23:55:46.187Z] InitialReadForge.onBeforeSend: SKIP (fr=true syn=false hasRead=true)
[2026-07-30T23:55:54.915Z] LiveUpdateForge: EndTurn fallback flush
[2026-07-30T23:55:54.915Z] onEndTurn: naturalStop=false toolCalls=31 nudgeMsg=no
[2026-07-30T23:55:55.022Z] LiveUpdateForge: AfterToolExec flush
[2026-07-30T23:55:55.050Z] InitialReadForge.onBeforeSend: SKIP (fr=true syn=false hasRead=true)
[2026-07-30T23:56:06.211Z] LiveUpdateForge: EndTurn fallback flush
[2026-07-30T23:56:06.211Z] onEndTurn: naturalStop=false toolCalls=32 nudgeMsg=no
[2026-07-30T23:56:06.221Z] LiveUpdateForge: AfterToolExec flush
[2026-07-30T23:56:06.249Z] InitialReadForge.onBeforeSend: SKIP (fr=true syn=false hasRead=true)
[2026-07-30T23:56:12.598Z] LiveUpdateForge: EndTurn fallback flush
[2026-07-30T23:56:12.599Z] onEndTurn: naturalStop=false toolCalls=33 nudgeMsg=no
[2026-07-30T23:56:12.616Z] LiveUpdateForge: AfterToolExec flush
[2026-07-30T23:56:12.645Z] InitialReadForge.onBeforeSend: SKIP (fr=true syn=false hasRead=true)
[2026-07-30T23:56:15.351Z] LiveUpdateForge: EndTurn fallback flush
[2026-07-30T23:56:15.352Z] onEndTurn: naturalStop=false toolCalls=34 nudgeMsg=no
[2026-07-30T23:56:16.300Z] LiveUpdateForge: AfterToolExec flush
[2026-07-30T23:56:16.332Z] InitialReadForge.onBeforeSend: SKIP (fr=true syn=false hasRead=true)
[2026-07-30T23:56:20.115Z] LiveUpdateForge: EndTurn fallback flush
[2026-07-30T23:56:20.115Z] onEndTurn: naturalStop=false toolCalls=35 nudgeMsg=no
[2026-07-30T23:56:20.260Z] LiveUpdateForge: AfterToolExec flush
[2026-07-30T23:56:20.288Z] InitialReadForge.onBeforeSend: SKIP (fr=true syn=false hasRead=true)
[2026-07-30T23:56:24.429Z] LiveUpdateForge: EndTurn fallback flush
[2026-07-30T23:56:24.429Z] onEndTurn: naturalStop=false toolCalls=36 nudgeMsg=no
[2026-07-30T23:56:25.808Z] LiveUpdateForge: AfterToolExec flush
[2026-07-30T23:57:12.384Z] LiveUpdateForge: AfterToolExec flush
[2026-07-30T23:57:12.425Z] InitialReadForge.onBeforeSend: SKIP (fr=true syn=false hasRead=true)
[2026-07-30T23:57:15.116Z] LiveUpdateForge: EndTurn fallback flush
[2026-07-30T23:57:15.116Z] onEndTurn: naturalStop=false toolCalls=38 nudgeMsg=no
[2026-07-30T23:57:15.233Z] LiveUpdateForge: AfterToolExec flush
[2026-07-30T23:57:15.274Z] InitialReadForge.onBeforeSend: SKIP (fr=true syn=false hasRead=true)
[2026-07-30T23:57:19.631Z] LiveUpdateForge: EndTurn fallback flush
[2026-07-30T23:57:19.631Z] onEndTurn: naturalStop=false toolCalls=39 nudgeMsg=no
[2026-07-30T23:57:20.495Z] LiveUpdateForge: AfterToolExec flush
[2026-07-30T23:57:20.905Z] InitialReadForge.onBeforeSend: SKIP (fr=true syn=false hasRead=true)
[2026-07-30T23:57:23.930Z] LiveUpdateForge: EndTurn fallback flush
[2026-07-30T23:57:23.935Z] onEndTurn: naturalStop=false toolCalls=40 nudgeMsg=no
[2026-07-30T23:57:24.036Z] LiveUpdateForge: AfterToolExec flush
[2026-07-30T23:57:24.194Z] InitialReadForge.onBeforeSend: SKIP (fr=true syn=false hasRead=true)
[2026-07-30T23:57:26.550Z] LiveUpdateForge: EndTurn fallback flush
[2026-07-30T23:57:26.554Z] onEndTurn: naturalStop=false toolCalls=41 nudgeMsg=no
[2026-07-30T23:57:33.873Z] LiveUpdateForge: AfterToolExec flush
[2026-07-30T23:57:33.949Z] InitialReadForge.onBeforeSend: SKIP (fr=true syn=false hasRead=true)
[2026-07-30T23:57:37.056Z] LiveUpdateForge: EndTurn fallback flush
[2026-07-30T23:57:37.064Z] onEndTurn: naturalStop=false toolCalls=42 nudgeMsg=no
[2026-07-30T23:57:37.457Z] LiveUpdateForge: AfterToolExec flush
[2026-07-30T23:57:37.536Z] InitialReadForge.onBeforeSend: SKIP (fr=true syn=false hasRead=true)
[2026-07-30T23:57:40.218Z] LiveUpdateForge: EndTurn fallback flush
[2026-07-30T23:57:40.218Z] onEndTurn: naturalStop=false toolCalls=43 nudgeMsg=no
[2026-07-30T23:57:40.240Z] LiveUpdateForge: AfterToolExec flush
[2026-07-30T23:58:01.486Z] LiveUpdateForge: AfterToolExec flush
[2026-07-30T23:58:01.541Z] InitialReadForge.onBeforeSend: SKIP (fr=true syn=false hasRead=true)
[2026-07-30T23:58:12.241Z] ResumeDiffForge: running checkResumeConsistency
[2026-07-30T23:58:12.242Z] checkResumeConsistency: forgedTimestamps=[]
[2026-07-30T23:58:12.255Z] checkResumeConsistency: no changes detected
[2026-07-30T23:58:12.255Z] LiveUpdateForge: session reset, allowLiveUpdate = false
[2026-07-30T23:58:12.256Z] NudgeForge: ResumeComplete — restoring count from history
[2026-07-30T23:58:12.256Z] restoreNudgeCountFromHistory: no reset point found, count=45
[2026-07-30T23:58:12.282Z] LiveUpdateForge: allowLiveUpdate = true (first real BeforeSend)
[2026-07-30T23:58:12.282Z] InitialReadForge.onBeforeSend: SKIP (fr=false syn=false hasRead=true)
[2026-07-30T23:58:18.074Z] LiveUpdateForge: EndTurn fallback flush
[2026-07-30T23:58:18.074Z] onEndTurn: naturalStop=false toolCalls=45 nudgeMsg=no
[2026-07-30T23:58:38.093Z] LiveUpdateForge: AfterToolExec flush
[2026-07-30T23:58:38.135Z] InitialReadForge.onBeforeSend: SKIP (fr=true syn=false hasRead=true)
[2026-07-30T23:58:47.331Z] LiveUpdateForge: EndTurn fallback flush
[2026-07-30T23:58:47.332Z] onEndTurn: naturalStop=false toolCalls=46 nudgeMsg=no
[2026-07-30T23:58:48.354Z] LiveUpdateForge: AfterToolExec flush
[2026-07-30T23:58:48.400Z] InitialReadForge.onBeforeSend: SKIP (fr=true syn=false hasRead=true)
[2026-07-30T23:59:01.013Z] LiveUpdateForge: EndTurn fallback flush
[2026-07-30T23:59:01.013Z] onEndTurn: naturalStop=false toolCalls=47 nudgeMsg=no
[2026-07-30T23:59:14.950Z] LiveUpdateForge: AfterToolExec flush
[2026-07-30T23:59:14.995Z] InitialReadForge.onBeforeSend: SKIP (fr=true syn=false hasRead=true)
[2026-07-30T23:59:16.826Z] LiveUpdateForge: EndTurn fallback flush
[2026-07-30T23:59:16.827Z] onEndTurn: naturalStop=false toolCalls=48 nudgeMsg=no
[2026-07-30T23:59:17.127Z] LiveUpdateForge: AfterToolExec flush
[2026-07-30T23:59:17.167Z] InitialReadForge.onBeforeSend: SKIP (fr=true syn=false hasRead=true)
[2026-07-30T23:59:18.819Z] LiveUpdateForge: EndTurn fallback flush
[2026-07-30T23:59:18.819Z] onEndTurn: naturalStop=false toolCalls=49 nudgeMsg=no
[2026-07-30T23:59:18.829Z] LiveUpdateForge: AfterToolExec flush
[2026-07-30T23:59:18.868Z] InitialReadForge.onBeforeSend: SKIP (fr=true syn=false hasRead=true)
[2026-07-30T23:59:20.488Z] LiveUpdateForge: EndTurn fallback flush
[2026-07-30T23:59:20.489Z] onEndTurn: naturalStop=false toolCalls=50 nudgeMsg=no
[2026-07-30T23:59:20.496Z] LiveUpdateForge: AfterToolExec flush
[2026-07-30T23:59:20.531Z] InitialReadForge.onBeforeSend: SKIP (fr=true syn=false hasRead=true)
[2026-07-30T23:59:21.949Z] LiveUpdateForge: EndTurn fallback flush
[2026-07-30T23:59:21.949Z] onEndTurn: naturalStop=false toolCalls=51 nudgeMsg=no
[2026-07-30T23:59:21.957Z] LiveUpdateForge: AfterToolExec flush
[2026-07-30T23:59:22.000Z] InitialReadForge.onBeforeSend: SKIP (fr=true syn=false hasRead=true)
[2026-07-30T23:59:28.532Z] LiveUpdateForge: EndTurn fallback flush
[2026-07-30T23:59:28.533Z] onEndTurn: naturalStop=false toolCalls=52 nudgeMsg=no
[2026-07-30T23:59:28.681Z] LiveUpdateForge: AfterToolExec flush
[2026-07-30T23:59:28.705Z] InitialReadForge.onBeforeSend: SKIP (fr=true syn=false hasRead=true)
[2026-07-30T23:59:32.302Z] LiveUpdateForge: EndTurn fallback flush
[2026-07-30T23:59:32.303Z] onEndTurn: naturalStop=false toolCalls=53 nudgeMsg=no
[2026-07-30T23:59:32.620Z] LiveUpdateForge: AfterToolExec flush
[2026-07-30T23:59:32.647Z] InitialReadForge.onBeforeSend: SKIP (fr=true syn=false hasRead=true)
[2026-07-30T23:59:35.044Z] LiveUpdateForge: EndTurn fallback flush
[2026-07-30T23:59:35.044Z] onEndTurn: naturalStop=false toolCalls=54 nudgeMsg=no
[2026-07-30T23:59:35.053Z] LiveUpdateForge: AfterToolExec flush
[2026-07-30T23:59:35.084Z] InitialReadForge.onBeforeSend: SKIP (fr=true syn=false hasRead=true)
[2026-07-30T23:59:36.833Z] LiveUpdateForge: EndTurn fallback flush
[2026-07-30T23:59:36.834Z] onEndTurn: naturalStop=false toolCalls=55 nudgeMsg=no
[2026-07-30T23:59:36.841Z] LiveUpdateForge: AfterToolExec flush
[2026-07-30T23:59:36.865Z] InitialReadForge.onBeforeSend: SKIP (fr=true syn=false hasRead=true)
[2026-07-30T23:59:45.583Z] LiveUpdateForge: EndTurn fallback flush
[2026-07-30T23:59:45.583Z] onEndTurn: naturalStop=false toolCalls=56 nudgeMsg=no
[2026-07-30T23:59:45.643Z] LiveUpdateForge: AfterToolExec flush
[2026-07-30T23:59:45.673Z] InitialReadForge.onBeforeSend: SKIP (fr=true syn=false hasRead=true)
[2026-07-30T23:59:51.853Z] LiveUpdateForge: EndTurn fallback flush
[2026-07-30T23:59:51.853Z] onEndTurn: naturalStop=false toolCalls=57 nudgeMsg=no
[2026-07-30T23:59:57.029Z] LiveUpdateForge: AfterToolExec flush
[2026-07-30T23:59:57.068Z] InitialReadForge.onBeforeSend: SKIP (fr=true syn=false hasRead=true)
[2026-07-31T00:00:00.498Z] LiveUpdateForge: EndTurn fallback flush
[2026-07-31T00:00:00.498Z] onEndTurn: naturalStop=false toolCalls=58 nudgeMsg=no
[2026-07-31T00:00:00.513Z] LiveUpdateForge: AfterToolExec flush
[2026-07-31T00:00:00.740Z] LiveUpdateForge: AfterToolExec flush
[2026-07-31T00:00:00.767Z] InitialReadForge.onBeforeSend: SKIP (fr=true syn=false hasRead=true)
[2026-07-31T00:00:02.801Z] LiveUpdateForge: EndTurn fallback flush
[2026-07-31T00:00:02.801Z] onEndTurn: naturalStop=false toolCalls=60 nudgeMsg=no
[2026-07-31T00:00:19.264Z] LiveUpdateForge: AfterToolExec flush
[2026-07-31T00:00:19.298Z] InitialReadForge.onBeforeSend: SKIP (fr=true syn=false hasRead=true)
[2026-07-31T00:00:22.740Z] LiveUpdateForge: EndTurn fallback flush
[2026-07-31T00:00:22.741Z] onEndTurn: naturalStop=false toolCalls=61 nudgeMsg=no
[2026-07-31T00:00:22.751Z] LiveUpdateForge: AfterToolExec flush
[2026-07-31T00:00:22.782Z] InitialReadForge.onBeforeSend: SKIP (fr=true syn=false hasRead=true)
[2026-07-31T00:00:26.989Z] LiveUpdateForge: EndTurn fallback flush
[2026-07-31T00:00:26.990Z] onEndTurn: naturalStop=false toolCalls=62 nudgeMsg=no
[2026-07-31T00:00:27.761Z] LiveUpdateForge: AfterToolExec flush
[2026-07-31T00:00:27.788Z] InitialReadForge.onBeforeSend: SKIP (fr=true syn=false hasRead=true)
[2026-07-31T00:00:29.461Z] LiveUpdateForge: EndTurn fallback flush
[2026-07-31T00:00:29.461Z] onEndTurn: naturalStop=false toolCalls=63 nudgeMsg=no
[2026-07-31T00:00:29.472Z] LiveUpdateForge: AfterToolExec flush
[2026-07-31T00:00:29.506Z] InitialReadForge.onBeforeSend: SKIP (fr=true syn=false hasRead=true)
[2026-07-31T00:00:38.686Z] LiveUpdateForge: EndTurn fallback flush
[2026-07-31T00:00:38.687Z] onEndTurn: naturalStop=false toolCalls=64 nudgeMsg=no
[2026-07-31T00:01:11.491Z] LiveUpdateForge: AfterToolExec flush
[2026-07-31T00:01:11.529Z] InitialReadForge.onBeforeSend: SKIP (fr=true syn=false hasRead=true)
[2026-07-31T00:01:14.178Z] LiveUpdateForge: EndTurn fallback flush
[2026-07-31T00:01:14.178Z] onEndTurn: naturalStop=false toolCalls=65 nudgeMsg=no
[2026-07-31T00:01:15.172Z] LiveUpdateForge: AfterToolExec flush
[2026-07-31T00:01:15.209Z] InitialReadForge.onBeforeSend: SKIP (fr=true syn=false hasRead=true)
[2026-07-31T00:01:22.918Z] LiveUpdateForge: EndTurn fallback flush
[2026-07-31T00:01:22.918Z] onEndTurn: naturalStop=false toolCalls=66 nudgeMsg=no
[2026-07-31T00:01:23.641Z] LiveUpdateForge: AfterToolExec flush
[2026-07-31T00:01:23.678Z] InitialReadForge.onBeforeSend: SKIP (fr=true syn=false hasRead=true)
[2026-07-31T00:01:25.906Z] LiveUpdateForge: EndTurn fallback flush
[2026-07-31T00:01:25.906Z] onEndTurn: naturalStop=false toolCalls=67 nudgeMsg=no
[2026-07-31T00:01:26.424Z] LiveUpdateForge: AfterToolExec flush
[2026-07-31T00:01:26.456Z] InitialReadForge.onBeforeSend: SKIP (fr=true syn=false hasRead=true)
[2026-07-31T00:01:31.366Z] LiveUpdateForge: EndTurn fallback flush
[2026-07-31T00:01:31.367Z] onEndTurn: naturalStop=false toolCalls=68 nudgeMsg=no
[2026-07-31T00:01:33.085Z] LiveUpdateForge: AfterToolExec flush
[2026-07-31T00:01:33.117Z] InitialReadForge.onBeforeSend: SKIP (fr=true syn=false hasRead=true)
[2026-07-31T00:01:36.142Z] LiveUpdateForge: EndTurn fallback flush
[2026-07-31T00:01:36.143Z] onEndTurn: naturalStop=false toolCalls=69 nudgeMsg=no
[2026-07-31T00:01:36.882Z] LiveUpdateForge: AfterToolExec flush
[2026-07-31T00:01:36.917Z] InitialReadForge.onBeforeSend: SKIP (fr=true syn=false hasRead=true)
[2026-07-31T00:01:40.306Z] LiveUpdateForge: EndTurn fallback flush
[2026-07-31T00:01:40.307Z] onEndTurn: naturalStop=false toolCalls=70 nudgeMsg=no
[2026-07-31T00:01:40.393Z] LiveUpdateForge: AfterToolExec flush
[2026-07-31T00:01:40.429Z] InitialReadForge.onBeforeSend: SKIP (fr=true syn=false hasRead=true)
[2026-07-31T00:01:42.161Z] LiveUpdateForge: EndTurn fallback flush
[2026-07-31T00:01:42.161Z] onEndTurn: naturalStop=false toolCalls=71 nudgeMsg=no
[2026-07-31T00:01:43.839Z] LiveUpdateForge: AfterToolExec flush
[2026-07-31T00:01:43.877Z] InitialReadForge.onBeforeSend: SKIP (fr=true syn=false hasRead=true)
[2026-07-31T00:01:47.694Z] LiveUpdateForge: EndTurn fallback flush
[2026-07-31T00:01:47.694Z] onEndTurn: naturalStop=false toolCalls=72 nudgeMsg=no
[2026-07-31T00:01:48.272Z] LiveUpdateForge: AfterToolExec flush
[2026-07-31T00:01:48.305Z] InitialReadForge.onBeforeSend: SKIP (fr=true syn=false hasRead=true)
[2026-07-31T00:01:51.427Z] LiveUpdateForge: EndTurn fallback flush
[2026-07-31T00:01:51.428Z] onEndTurn: naturalStop=false toolCalls=73 nudgeMsg=no
[2026-07-31T00:01:51.660Z] LiveUpdateForge: AfterToolExec flush
[2026-07-31T00:01:51.689Z] InitialReadForge.onBeforeSend: SKIP (fr=true syn=false hasRead=true)
[2026-07-31T00:01:53.973Z] LiveUpdateForge: EndTurn fallback flush
[2026-07-31T00:01:53.973Z] onEndTurn: naturalStop=false toolCalls=74 nudgeMsg=no
[2026-07-31T00:02:21.965Z] LiveUpdateForge: AfterToolExec flush
[2026-07-31T00:02:22.002Z] InitialReadForge.onBeforeSend: SKIP (fr=true syn=false hasRead=true)
[2026-07-31T00:02:26.507Z] LiveUpdateForge: EndTurn fallback flush
[2026-07-31T00:02:26.508Z] onEndTurn: naturalStop=false toolCalls=75 nudgeMsg=no
[2026-07-31T00:02:27.059Z] LiveUpdateForge: AfterToolExec flush
[2026-07-31T00:02:27.093Z] InitialReadForge.onBeforeSend: SKIP (fr=true syn=false hasRead=true)
[2026-07-31T00:02:32.587Z] LiveUpdateForge: EndTurn fallback flush
[2026-07-31T00:02:32.588Z] onEndTurn: naturalStop=false toolCalls=76 nudgeMsg=no
[2026-07-31T00:02:32.950Z] LiveUpdateForge: AfterToolExec flush
[2026-07-31T00:02:32.986Z] InitialReadForge.onBeforeSend: SKIP (fr=true syn=false hasRead=true)
[2026-07-31T00:02:34.567Z] LiveUpdateForge: EndTurn fallback flush
[2026-07-31T00:02:34.567Z] onEndTurn: naturalStop=false toolCalls=77 nudgeMsg=no
[2026-07-31T00:02:34.778Z] LiveUpdateForge: AfterToolExec flush
[2026-07-31T00:02:34.811Z] InitialReadForge.onBeforeSend: SKIP (fr=true syn=false hasRead=true)
[2026-07-31T00:02:36.537Z] LiveUpdateForge: EndTurn fallback flush
[2026-07-31T00:02:36.537Z] onEndTurn: naturalStop=false toolCalls=78 nudgeMsg=no
[2026-07-31T00:02:56.642Z] LiveUpdateForge: AfterToolExec flush
[2026-07-31T00:02:56.674Z] InitialReadForge.onBeforeSend: SKIP (fr=true syn=false hasRead=true)
[2026-07-31T00:02:59.890Z] LiveUpdateForge: EndTurn fallback flush
[2026-07-31T00:02:59.890Z] onEndTurn: naturalStop=false toolCalls=79 nudgeMsg=no
[2026-07-31T00:02:59.898Z] LiveUpdateForge: AfterToolExec flush
[2026-07-31T00:02:59.933Z] InitialReadForge.onBeforeSend: SKIP (fr=true syn=false hasRead=true)
[2026-07-31T00:03:18.642Z] LiveUpdateForge: EndTurn fallback flush
[2026-07-31T00:03:18.642Z] onEndTurn: naturalStop=false toolCalls=80 nudgeMsg=no
[2026-07-31T00:03:19.328Z] LiveUpdateForge: AfterToolExec flush
[2026-07-31T00:03:19.367Z] InitialReadForge.onBeforeSend: SKIP (fr=true syn=false hasRead=true)
[2026-07-31T00:03:23.782Z] LiveUpdateForge: EndTurn fallback flush
[2026-07-31T00:03:23.783Z] onEndTurn: naturalStop=false toolCalls=81 nudgeMsg=no
[2026-07-31T00:03:24.177Z] LiveUpdateForge: AfterToolExec flush
[2026-07-31T00:03:24.214Z] InitialReadForge.onBeforeSend: SKIP (fr=true syn=false hasRead=true)
[2026-07-31T00:03:33.692Z] LiveUpdateForge: EndTurn fallback flush
[2026-07-31T00:03:33.693Z] onEndTurn: naturalStop=false toolCalls=82 nudgeMsg=no
[2026-07-31T00:03:34.138Z] LiveUpdateForge: AfterToolExec flush
[2026-07-31T00:03:34.172Z] InitialReadForge.onBeforeSend: SKIP (fr=true syn=false hasRead=true)
[2026-07-31T00:03:54.401Z] LiveUpdateForge: EndTurn fallback flush
[2026-07-31T00:03:54.402Z] onEndTurn: naturalStop=false toolCalls=83 nudgeMsg=no
[2026-07-31T00:03:55.069Z] LiveUpdateForge: AfterToolExec flush
[2026-07-31T00:03:55.112Z] InitialReadForge.onBeforeSend: SKIP (fr=true syn=false hasRead=true)
[2026-07-31T00:03:57.916Z] LiveUpdateForge: EndTurn fallback flush
[2026-07-31T00:03:57.917Z] onEndTurn: naturalStop=false toolCalls=84 nudgeMsg=no
[2026-07-31T00:03:58.306Z] LiveUpdateForge: AfterToolExec flush
[2026-07-31T00:03:58.346Z] InitialReadForge.onBeforeSend: SKIP (fr=true syn=false hasRead=true)
[2026-07-31T00:04:04.127Z] LiveUpdateForge: EndTurn fallback flush
[2026-07-31T00:04:04.128Z] onEndTurn: naturalStop=false toolCalls=85 nudgeMsg=no
[2026-07-31T00:04:04.357Z] LiveUpdateForge: AfterToolExec flush
[2026-07-31T00:04:04.398Z] InitialReadForge.onBeforeSend: SKIP (fr=true syn=false hasRead=true)
[2026-07-31T00:04:06.463Z] LiveUpdateForge: EndTurn fallback flush
[2026-07-31T00:04:06.464Z] onEndTurn: naturalStop=false toolCalls=86 nudgeMsg=no
[2026-07-31T00:04:23.086Z] LiveUpdateForge: AfterToolExec flush
[2026-07-31T00:04:23.128Z] InitialReadForge.onBeforeSend: SKIP (fr=true syn=false hasRead=true)
[2026-07-31T00:04:29.592Z] LiveUpdateForge: EndTurn fallback flush
[2026-07-31T00:04:29.593Z] onEndTurn: naturalStop=false toolCalls=87 nudgeMsg=no
[2026-07-31T00:04:30.217Z] LiveUpdateForge: AfterToolExec flush
[2026-07-31T00:04:30.260Z] InitialReadForge.onBeforeSend: SKIP (fr=true syn=false hasRead=true)
[2026-07-31T00:04:36.455Z] LiveUpdateForge: EndTurn fallback flush
[2026-07-31T00:04:36.456Z] onEndTurn: naturalStop=false toolCalls=88 nudgeMsg=no
[2026-07-31T00:04:36.475Z] LiveUpdateForge: AfterToolExec flush
[2026-07-31T00:04:36.537Z] InitialReadForge.onBeforeSend: SKIP (fr=true syn=false hasRead=true)
[2026-07-31T00:04:42.090Z] LiveUpdateForge: EndTurn fallback flush
[2026-07-31T00:04:42.090Z] onEndTurn: naturalStop=false toolCalls=89 nudgeMsg=no
[2026-07-31T00:04:42.841Z] LiveUpdateForge: AfterToolExec flush
[2026-07-31T00:04:42.883Z] InitialReadForge.onBeforeSend: SKIP (fr=true syn=false hasRead=true)
[2026-07-31T00:04:44.469Z] LiveUpdateForge: EndTurn fallback flush
[2026-07-31T00:04:44.469Z] onEndTurn: naturalStop=false toolCalls=90 nudgeMsg=no
[2026-07-31T00:04:44.555Z] LiveUpdateForge: AfterToolExec flush
[2026-07-31T00:04:44.609Z] InitialReadForge.onBeforeSend: SKIP (fr=true syn=false hasRead=true)
[2026-07-31T00:04:47.453Z] LiveUpdateForge: EndTurn fallback flush
[2026-07-31T00:04:47.453Z] onEndTurn: naturalStop=false toolCalls=91 nudgeMsg=no
[2026-07-31T00:04:48.429Z] LiveUpdateForge: AfterToolExec flush
[2026-07-31T00:04:48.467Z] InitialReadForge.onBeforeSend: SKIP (fr=true syn=false hasRead=true)
[2026-07-31T00:04:52.182Z] LiveUpdateForge: EndTurn fallback flush
[2026-07-31T00:04:52.183Z] onEndTurn: naturalStop=false toolCalls=92 nudgeMsg=no
[2026-07-31T00:04:52.236Z] LiveUpdateForge: AfterToolExec flush
[2026-07-31T00:04:52.280Z] InitialReadForge.onBeforeSend: SKIP (fr=true syn=false hasRead=true)
[2026-07-31T00:04:53.953Z] LiveUpdateForge: EndTurn fallback flush
[2026-07-31T00:04:53.953Z] onEndTurn: naturalStop=false toolCalls=93 nudgeMsg=no
[2026-07-31T00:04:55.432Z] LiveUpdateForge: AfterToolExec flush
[2026-07-31T00:04:55.475Z] InitialReadForge.onBeforeSend: SKIP (fr=true syn=false hasRead=true)
[2026-07-31T00:04:58.465Z] LiveUpdateForge: EndTurn fallback flush
[2026-07-31T00:04:58.465Z] onEndTurn: naturalStop=false toolCalls=94 nudgeMsg=no
[2026-07-31T00:04:58.812Z] LiveUpdateForge: AfterToolExec flush
[2026-07-31T00:04:58.852Z] InitialReadForge.onBeforeSend: SKIP (fr=true syn=false hasRead=true)
[2026-07-31T00:05:04.402Z] LiveUpdateForge: EndTurn fallback flush
[2026-07-31T00:05:04.403Z] onEndTurn: naturalStop=false toolCalls=95 nudgeMsg=no
[2026-07-31T00:05:04.757Z] LiveUpdateForge: AfterToolExec flush
[2026-07-31T00:05:04.799Z] InitialReadForge.onBeforeSend: SKIP (fr=true syn=false hasRead=true)
[2026-07-31T00:05:06.459Z] LiveUpdateForge: EndTurn fallback flush
[2026-07-31T00:05:06.459Z] onEndTurn: naturalStop=false toolCalls=96 nudgeMsg=no
[2026-07-31T00:05:06.675Z] LiveUpdateForge: AfterToolExec flush
[2026-07-31T00:05:06.717Z] InitialReadForge.onBeforeSend: SKIP (fr=true syn=false hasRead=true)
[2026-07-31T00:05:08.798Z] LiveUpdateForge: EndTurn fallback flush
[2026-07-31T00:05:08.798Z] onEndTurn: naturalStop=false toolCalls=97 nudgeMsg=no
[2026-07-31T00:05:23.929Z] LiveUpdateForge: AfterToolExec flush
[2026-07-31T00:05:23.971Z] InitialReadForge.onBeforeSend: SKIP (fr=true syn=false hasRead=true)
[2026-07-31T00:05:27.647Z] LiveUpdateForge: EndTurn fallback flush
[2026-07-31T00:05:27.647Z] onEndTurn: naturalStop=false toolCalls=98 nudgeMsg=no
[2026-07-31T00:05:27.961Z] LiveUpdateForge: AfterToolExec flush
[2026-07-31T00:05:28.002Z] InitialReadForge.onBeforeSend: SKIP (fr=true syn=false hasRead=true)
[2026-07-31T00:05:30.346Z] LiveUpdateForge: EndTurn fallback flush
[2026-07-31T00:05:30.346Z] onEndTurn: naturalStop=false toolCalls=99 nudgeMsg=no
[2026-07-31T00:05:30.903Z] LiveUpdateForge: AfterToolExec flush
[2026-07-31T00:05:30.939Z] InitialReadForge.onBeforeSend: SKIP (fr=true syn=false hasRead=true)
[2026-07-31T00:05:34.284Z] LiveUpdateForge: EndTurn fallback flush
[2026-07-31T00:05:34.284Z] onEndTurn: naturalStop=false toolCalls=100 nudgeMsg=no
[2026-07-31T00:05:34.402Z] LiveUpdateForge: AfterToolExec flush
[2026-07-31T00:05:34.439Z] InitialReadForge.onBeforeSend: SKIP (fr=true syn=false hasRead=true)
[2026-07-31T00:05:36.682Z] LiveUpdateForge: EndTurn fallback flush
[2026-07-31T00:05:36.683Z] onEndTurn: naturalStop=false toolCalls=101 nudgeMsg=no
[2026-07-31T00:05:37.540Z] LiveUpdateForge: AfterToolExec flush
[2026-07-31T00:05:37.583Z] InitialReadForge.onBeforeSend: SKIP (fr=true syn=false hasRead=true)
[2026-07-31T00:05:40.516Z] LiveUpdateForge: EndTurn fallback flush
[2026-07-31T00:05:40.516Z] onEndTurn: naturalStop=false toolCalls=102 nudgeMsg=no
[2026-07-31T00:05:41.296Z] LiveUpdateForge: AfterToolExec flush
[2026-07-31T00:05:41.339Z] InitialReadForge.onBeforeSend: SKIP (fr=true syn=false hasRead=true)
[2026-07-31T00:05:57.140Z] LiveUpdateForge: EndTurn fallback flush
[2026-07-31T00:05:57.140Z] onEndTurn: naturalStop=false toolCalls=103 nudgeMsg=no
[2026-07-31T00:05:57.165Z] LiveUpdateForge: AfterToolExec flush
[2026-07-31T00:05:57.213Z] InitialReadForge.onBeforeSend: SKIP (fr=true syn=false hasRead=true)
[2026-07-31T00:05:58.991Z] LiveUpdateForge: EndTurn fallback flush
[2026-07-31T00:05:58.992Z] onEndTurn: naturalStop=false toolCalls=104 nudgeMsg=no
[2026-07-31T00:06:00.626Z] LiveUpdateForge: AfterToolExec flush
[2026-07-31T00:06:00.676Z] InitialReadForge.onBeforeSend: SKIP (fr=true syn=false hasRead=true)
[2026-07-31T00:06:05.452Z] LiveUpdateForge: EndTurn fallback flush
[2026-07-31T00:06:05.453Z] onEndTurn: naturalStop=false toolCalls=105 nudgeMsg=no
[2026-07-31T00:06:05.881Z] LiveUpdateForge: AfterToolExec flush
[2026-07-31T00:06:05.934Z] InitialReadForge.onBeforeSend: SKIP (fr=true syn=false hasRead=true)
[2026-07-31T00:06:07.391Z] LiveUpdateForge: EndTurn fallback flush
[2026-07-31T00:06:07.391Z] onEndTurn: naturalStop=false toolCalls=106 nudgeMsg=no
[2026-07-31T00:06:07.611Z] LiveUpdateForge: AfterToolExec flush
[2026-07-31T00:06:07.657Z] InitialReadForge.onBeforeSend: SKIP (fr=true syn=false hasRead=true)
[2026-07-31T00:06:09.841Z] LiveUpdateForge: EndTurn fallback flush
[2026-07-31T00:06:09.841Z] onEndTurn: naturalStop=false toolCalls=107 nudgeMsg=no
[2026-07-31T00:06:09.856Z] LiveUpdateForge: AfterToolExec flush
[2026-07-31T00:06:19.440Z] LiveUpdateForge: AfterToolExec flush
[2026-07-31T00:07:16.793Z] ResumeDiffForge: running checkResumeConsistency
[2026-07-31T00:07:16.794Z] checkResumeConsistency: forgedTimestamps=[]
[2026-07-31T00:07:16.802Z] checkResumeConsistency: no changes detected
[2026-07-31T00:07:16.803Z] LiveUpdateForge: session reset, allowLiveUpdate = false
[2026-07-31T00:07:16.803Z] NudgeForge: ResumeComplete — restoring count from history
[2026-07-31T00:07:16.803Z] restoreNudgeCountFromHistory: no reset point found, count=109
[2026-07-31T00:07:16.838Z] LiveUpdateForge: allowLiveUpdate = true (first real BeforeSend)
[2026-07-31T00:07:16.839Z] InitialReadForge.onBeforeSend: SKIP (fr=false syn=false hasRead=true)
[2026-07-31T00:07:38.611Z] LiveUpdateForge: EndTurn fallback flush
[2026-07-31T00:07:38.612Z] onEndTurn: naturalStop=false toolCalls=109 nudgeMsg=no
[2026-07-31T00:07:39.383Z] LiveUpdateForge: AfterToolExec flush
[2026-07-31T00:07:39.411Z] InitialReadForge.onBeforeSend: SKIP (fr=true syn=false hasRead=true)
[2026-07-31T00:07:40.992Z] LiveUpdateForge: EndTurn fallback flush
[2026-07-31T00:07:40.992Z] onEndTurn: naturalStop=false toolCalls=110 nudgeMsg=no
[2026-07-31T00:07:41.034Z] LiveUpdateForge: AfterToolExec flush
[2026-07-31T00:07:41.066Z] InitialReadForge.onBeforeSend: SKIP (fr=true syn=false hasRead=true)
[2026-07-31T00:07:51.837Z] LiveUpdateForge: EndTurn fallback flush
[2026-07-31T00:07:51.838Z] onEndTurn: naturalStop=false toolCalls=111 nudgeMsg=no
[2026-07-31T00:07:52.579Z] LiveUpdateForge: AfterToolExec flush
[2026-07-31T00:07:52.604Z] InitialReadForge.onBeforeSend: SKIP (fr=true syn=false hasRead=true)
[2026-07-31T00:07:57.842Z] LiveUpdateForge: EndTurn fallback flush
[2026-07-31T00:07:57.842Z] onEndTurn: naturalStop=false toolCalls=112 nudgeMsg=no
[2026-07-31T00:07:58.224Z] LiveUpdateForge: AfterToolExec flush
[2026-07-31T00:07:58.253Z] InitialReadForge.onBeforeSend: SKIP (fr=true syn=false hasRead=true)
[2026-07-31T00:08:00.380Z] LiveUpdateForge: EndTurn fallback flush
[2026-07-31T00:08:00.381Z] onEndTurn: naturalStop=false toolCalls=113 nudgeMsg=no
[2026-07-31T00:08:00.413Z] LiveUpdateForge: AfterToolExec flush
[2026-07-31T00:08:00.438Z] InitialReadForge.onBeforeSend: SKIP (fr=true syn=false hasRead=true)
[2026-07-31T00:08:02.528Z] LiveUpdateForge: EndTurn fallback flush
[2026-07-31T00:08:02.528Z] onEndTurn: naturalStop=false toolCalls=114 nudgeMsg=no
[2026-07-31T00:08:03.980Z] LiveUpdateForge: AfterToolExec flush
[2026-07-31T00:08:04.009Z] InitialReadForge.onBeforeSend: SKIP (fr=true syn=false hasRead=true)
[2026-07-31T00:08:07.471Z] LiveUpdateForge: EndTurn fallback flush
[2026-07-31T00:08:07.471Z] onEndTurn: naturalStop=false toolCalls=115 nudgeMsg=no
[2026-07-31T00:08:07.946Z] LiveUpdateForge: AfterToolExec flush
[2026-07-31T00:08:07.975Z] InitialReadForge.onBeforeSend: SKIP (fr=true syn=false hasRead=true)
[2026-07-31T00:08:10.542Z] LiveUpdateForge: EndTurn fallback flush
[2026-07-31T00:08:10.542Z] onEndTurn: naturalStop=false toolCalls=116 nudgeMsg=no
[2026-07-31T00:08:10.904Z] LiveUpdateForge: AfterToolExec flush
[2026-07-31T00:08:10.932Z] InitialReadForge.onBeforeSend: SKIP (fr=true syn=false hasRead=true)
[2026-07-31T00:08:14.444Z] LiveUpdateForge: EndTurn fallback flush
[2026-07-31T00:08:14.445Z] onEndTurn: naturalStop=false toolCalls=117 nudgeMsg=no
[2026-07-31T00:08:14.645Z] LiveUpdateForge: AfterToolExec flush
[2026-07-31T00:08:14.673Z] InitialReadForge.onBeforeSend: SKIP (fr=true syn=false hasRead=true)
[2026-07-31T00:08:16.639Z] LiveUpdateForge: EndTurn fallback flush
[2026-07-31T00:08:16.640Z] onEndTurn: naturalStop=false toolCalls=118 nudgeMsg=no
[2026-07-31T00:08:26.436Z] LiveUpdateForge: AfterToolExec flush
[2026-07-31T00:08:26.463Z] InitialReadForge.onBeforeSend: SKIP (fr=true syn=false hasRead=true)
[2026-07-31T00:08:27.897Z] LiveUpdateForge: EndTurn fallback flush
[2026-07-31T00:08:27.897Z] onEndTurn: naturalStop=false toolCalls=119 nudgeMsg=no
[2026-07-31T00:08:28.449Z] LiveUpdateForge: AfterToolExec flush
[2026-07-31T00:08:28.480Z] InitialReadForge.onBeforeSend: SKIP (fr=true syn=false hasRead=true)
[2026-07-31T00:08:32.698Z] LiveUpdateForge: EndTurn fallback flush
[2026-07-31T00:08:32.698Z] onEndTurn: naturalStop=true toolCalls=0 nudgeMsg=YES
[2026-07-31T00:08:32.702Z] InitialReadForge.onBeforeSend: SKIP (fr=false syn=false hasRead=true)
[2026-07-31T00:08:36.952Z] LiveUpdateForge: EndTurn fallback flush
[2026-07-31T00:08:36.953Z] onEndTurn: naturalStop=false toolCalls=0 nudgeMsg=no
[2026-07-31T00:08:36.969Z] LiveUpdateForge: self-write on D:\unity\mowang\CODELY.md, baseline aligned
[2026-07-31T00:08:36.971Z] LiveUpdateForge: AfterToolExec flush
[2026-07-31T00:08:36.999Z] InitialReadForge.onBeforeSend: SKIP (fr=true syn=false hasRead=true)
[2026-07-31T00:08:39.537Z] LiveUpdateForge: EndTurn fallback flush
[2026-07-31T00:08:39.537Z] onEndTurn: naturalStop=false toolCalls=0 nudgeMsg=no
[2026-07-31T00:08:39.549Z] LiveUpdateForge: self-write on D:\unity\mowang\CODELY.md, baseline aligned
[2026-07-31T00:08:39.550Z] LiveUpdateForge: AfterToolExec flush
[2026-07-31T00:08:39.577Z] InitialReadForge.onBeforeSend: SKIP (fr=true syn=false hasRead=true)
[2026-07-31T00:08:41.735Z] LiveUpdateForge: EndTurn fallback flush
[2026-07-31T00:08:41.735Z] onEndTurn: naturalStop=false toolCalls=0 nudgeMsg=no
[2026-07-31T00:08:41.743Z] LiveUpdateForge: self-write on D:\unity\mowang\CODELY.md, baseline aligned
[2026-07-31T00:08:41.744Z] LiveUpdateForge: AfterToolExec flush
[2026-07-31T00:08:41.768Z] InitialReadForge.onBeforeSend: SKIP (fr=true syn=false hasRead=true)
[2026-07-31T00:09:02.171Z] LiveUpdateForge: EndTurn fallback flush
[2026-07-31T00:09:02.171Z] onEndTurn: naturalStop=false toolCalls=0 nudgeMsg=no
[2026-07-31T00:09:02.181Z] LiveUpdateForge: self-write on D:\unity\mowang\CODELY.md, baseline aligned
[2026-07-31T00:09:02.181Z] LiveUpdateForge: AfterToolExec flush
[2026-07-31T00:09:02.215Z] InitialReadForge.onBeforeSend: SKIP (fr=true syn=false hasRead=true)
[2026-07-31T00:09:06.396Z] LiveUpdateForge: EndTurn fallback flush
[2026-07-31T00:09:06.396Z] onEndTurn: naturalStop=true toolCalls=0 nudgeMsg=no
