分类,名称,字段,数值,类型
平衡配置,GuardianRepairAmount,GuardianRepairAmount,3,int
平衡配置,DeathConsolationBase,DeathConsolationBase,1,int
平衡配置,DeathConsolationPerStage,DeathConsolationPerStage,1,int
平衡配置,LossGoldGain,LossGoldGain,0,int
平衡配置,LossCardDrawGain,LossCardDrawGain,0,int
平衡配置,LossTalentPointGain,LossTalentPointGain,0,int
平衡配置,NormalWinGold,NormalWinGold,30,int
平衡配置,NormalWinCardDraw,NormalWinCardDraw,1,int
平衡配置,NormalWinTalentPoint,NormalWinTalentPoint,2,int
平衡配置,EliteWinGold,EliteWinGold,45,int
平衡配置,EliteWinCardDraw,EliteWinCardDraw,2,int
平衡配置,EliteWinTalentPoint,EliteWinTalentPoint,3,int
平衡配置,BossWinGold,BossWinGold,70,int
平衡配置,BossWinCardDraw,BossWinCardDraw,3,int
平衡配置,BossWinTalentPoint,BossWinTalentPoint,4,int
平衡配置,FirstClearBonusGold,FirstClearBonusGold,20,int
平衡配置,BetNoHitReturnBonusChance,BetNoHitReturnBonusChance,0.50,float
平衡配置,BetNoHitReturnOnlyChance,BetNoHitReturnOnlyChance,0.95,float
平衡配置,BetHitReturnDoubleChance,BetHitReturnDoubleChance,0.40,float
平衡配置,BetHitReturnOnlyChance,BetHitReturnOnlyChance,0.90,float
平衡配置,RerollCost,RerollCost,10,int
平衡配置,MaxStarLimit,MaxStarLimit,5,int
平衡配置,RosterMinCount,RosterMinCount,3,int
平衡配置,RosterMaxCount,RosterMaxCount,8,int
平衡配置,StarBudget,StarBudget,9,int
平衡配置,CardShopPriceCommon,CardShopPriceCommon,15,int
平衡配置,CardShopPriceAdvanced,CardShopPriceAdvanced,30,int
平衡配置,CardShopPriceRare,CardShopPriceRare,60,int
平衡配置,CardShopPriceLegendary,CardShopPriceLegendary,120,int
平衡配置,RewardDepthGrowthPerStage,RewardDepthGrowthPerStage,0.03,float
平衡配置,ShopPriceDepthGrowthPerStage,ShopPriceDepthGrowthPerStage,0.02,float
平衡配置,ShopSlotCountDefault,ShopSlotCountDefault,5,int
平衡配置,ShopSlotCountMin,ShopSlotCountMin,4,int
平衡配置,ShopSlotCountMax,ShopSlotCountMax,6,int
平衡配置,ShopSlotDiscountChance,ShopSlotDiscountChance,0.30,float
平衡配置,ShopRefreshBaseCost,ShopRefreshBaseCost,10,int
平衡配置,ShopRefreshCostIncrement,ShopRefreshCostIncrement,5,int
平衡配置,CardTypeLimit,CardTypeLimit,3,int
平衡配置,StarCardMaxOwned,StarCardMaxOwned,10,int
平衡配置,StarCardInitialCapacity,StarCardInitialCapacity,5,int
平衡配置,StarCardMaxCapacity,StarCardMaxCapacity,10,int
平衡配置,ActClearCatalysisRemoveCount,ActClearCatalysisRemoveCount,2,int
平衡配置,ActClearCatalysisMinKeep,ActClearCatalysisMinKeep,2,int
平衡配置,CardRemovalBaseCost,CardRemovalBaseCost,25,int
平衡配置,CardRemovalCostIncrement,CardRemovalCostIncrement,15,int
平衡配置,CardRemovalLimitPerVisit,CardRemovalLimitPerVisit,1,int
平衡配置,HybridFixedCutoff,HybridFixedCutoff,5,int
平衡配置,HybridEnemyHpMin,HybridEnemyHpMin,1.00,float
平衡配置,HybridEnemyHpMax,HybridEnemyHpMax,1.30,float
平衡配置,HybridEnemySpeedMin,HybridEnemySpeedMin,1.00,float
平衡配置,HybridEnemySpeedMax,HybridEnemySpeedMax,1.20,float
平衡配置,HybridStartDPOffsetMin,HybridStartDPOffsetMin,-2,int
平衡配置,HybridStartDPOffsetMax,HybridStartDPOffsetMax,3,int
平衡配置,HybridMaxLifePointOffsetMin,HybridMaxLifePointOffsetMin,-1,int
平衡配置,HybridMaxLifePointOffsetMax,HybridMaxLifePointOffsetMax,2,int
平衡配置,HybridEnemySwapChance,HybridEnemySwapChance,0.30,float
平衡配置,HybridHpGrowthPerStage,HybridHpGrowthPerStage,0.02,float
平衡配置,HybridSpeedGrowthPerStage,HybridSpeedGrowthPerStage,0.01,float
干员,万录朵,operatorName,万录朵,string
干员,万录朵,cost,50,int
干员,万录朵,maxHealth,5.00,float
干员,万录朵,defense,0,int
干员,万录朵,attackDamage,1300.00,float
干员,万录朵,attackInterval,15.00,float
干员,万录朵,attackRange,10.00,float
干员,万录朵,opType,Guard,OperatorType
干员,万录朵,deployRadius,1.00,float
干员,万录朵,purchaseCooldown,60.00,float
干员,万录朵,canStandOnGroundAndHighGround,false,bool
干员,万录朵,isAoEAttacker,false,bool
干员,万录朵,isHealer,false,bool
干员,万录朵,baseCritChance,0,int
干员,万录朵,maxStarRating,5,int
干员,万录朵,starPassiveDesc,专注强化，攻击力 +30%,string
干员,万录朵,selectQuote,,string
干员,万录朵,isInitialAvailable,true,bool
干员,万录朵,isDeprecated,true,bool
干员,万录朵,deprecatedNote,可能废弃（非正式干员）,string
干员,傀儡师,operatorName,傀儡师,string
干员,傀儡师,cost,12,int
干员,傀儡师,maxHealth,380.00,float
干员,傀儡师,defense,200,int
干员,傀儡师,attackDamage,50.00,float
干员,傀儡师,attackInterval,0.90,float
干员,傀儡师,attackRange,0.00,float
干员,傀儡师,opType,Guard,OperatorType
干员,傀儡师,deployRadius,6.00,float
干员,傀儡师,purchaseCooldown,20.00,float
干员,傀儡师,canStandOnGroundAndHighGround,false,bool
干员,傀儡师,isAoEAttacker,false,bool
干员,傀儡师,isHealer,false,bool
干员,傀儡师,baseCritChance,0,int
干员,傀儡师,maxStarRating,4,int
干员,傀儡师,starPassiveDesc,专注强化，攻击力 +30%,string
干员,傀儡师,selectQuote,,string
干员,傀儡师,isInitialAvailable,true,bool
干员,傀儡师,isDeprecated,false,bool
干员,傀儡师,deprecatedNote,,string
干员,光波,operatorName,光波,string
干员,光波,cost,26,int
干员,光波,maxHealth,1.00,float
干员,光波,defense,0,int
干员,光波,attackDamage,13.00,float
干员,光波,attackInterval,1.00,float
干员,光波,attackRange,4.10,float
干员,光波,opType,Vanguard,OperatorType
干员,光波,deployRadius,2.00,float
干员,光波,purchaseCooldown,30.00,float
干员,光波,canStandOnGroundAndHighGround,true,bool
干员,光波,isAoEAttacker,true,bool
干员,光波,isHealer,false,bool
干员,光波,baseCritChance,0,int
干员,光波,maxStarRating,1,int
干员,光波,starPassiveDesc,部署即返还部署费用，技力回复 +30%,string
干员,光波,selectQuote,光，无处不在。,string
干员,光波,isInitialAvailable,true,bool
干员,光波,isDeprecated,true,bool
干员,光波,deprecatedNote,可能废弃（非正式干员）,string
干员,净化,operatorName,净化,string
干员,净化,cost,20,int
干员,净化,maxHealth,40.00,float
干员,净化,defense,100,int
干员,净化,attackDamage,8.00,float
干员,净化,attackInterval,2.50,float
干员,净化,attackRange,5.00,float
干员,净化,opType,Medic,OperatorType
干员,净化,deployRadius,8.00,float
干员,净化,purchaseCooldown,18.00,float
干员,净化,canStandOnGroundAndHighGround,false,bool
干员,净化,isAoEAttacker,false,bool
干员,净化,isHealer,true,bool
干员,净化,baseCritChance,0,int
干员,净化,maxStarRating,2,int
干员,净化,starPassiveDesc,治疗量 +30%,string
干员,净化,selectQuote,污秽，终将被洗净。,string
干员,净化,isInitialAvailable,true,bool
干员,净化,isDeprecated,true,bool
干员,净化,deprecatedNote,可能废弃（非正式干员）,string
干员,圣光,operatorName,圣光,string
干员,圣光,cost,18,int
干员,圣光,maxHealth,50.00,float
干员,圣光,defense,200,int
干员,圣光,attackDamage,12.00,float
干员,圣光,attackInterval,1.50,float
干员,圣光,attackRange,4.00,float
干员,圣光,opType,Medic,OperatorType
干员,圣光,deployRadius,8.00,float
干员,圣光,purchaseCooldown,25.00,float
干员,圣光,canStandOnGroundAndHighGround,false,bool
干员,圣光,isAoEAttacker,false,bool
干员,圣光,isHealer,true,bool
干员,圣光,baseCritChance,0,int
干员,圣光,maxStarRating,3,int
干员,圣光,starPassiveDesc,治疗量 +30%,string
干员,圣光,selectQuote,圣光，会庇护每一个人。,string
干员,圣光,isInitialAvailable,true,bool
干员,圣光,isDeprecated,true,bool
干员,圣光,deprecatedNote,可能废弃（非正式干员）,string
干员,地面射手,operatorName,地面射手,string
干员,地面射手,cost,20,int
干员,地面射手,maxHealth,20.00,float
干员,地面射手,defense,0,int
干员,地面射手,attackDamage,10.00,float
干员,地面射手,attackInterval,0.40,float
干员,地面射手,attackRange,4.00,float
干员,地面射手,opType,Vanguard,OperatorType
干员,地面射手,deployRadius,3.00,float
干员,地面射手,purchaseCooldown,20.00,float
干员,地面射手,canStandOnGroundAndHighGround,false,bool
干员,地面射手,isAoEAttacker,false,bool
干员,地面射手,isHealer,false,bool
干员,地面射手,baseCritChance,0,int
干员,地面射手,maxStarRating,1,int
干员,地面射手,starPassiveDesc,部署即返还部署费用，技力回复 +30%,string
干员,地面射手,selectQuote,地面，才是我的主场。,string
干员,地面射手,isInitialAvailable,true,bool
干员,地面射手,isDeprecated,true,bool
干员,地面射手,deprecatedNote,可能废弃（非正式干员）,string
干员,奥术,operatorName,奥术,string
干员,奥术,cost,35,int
干员,奥术,maxHealth,22.00,float
干员,奥术,defense,0,int
干员,奥术,attackDamage,55.00,float
干员,奥术,attackInterval,1.80,float
干员,奥术,attackRange,4.00,float
干员,奥术,opType,Caster,OperatorType
干员,奥术,deployRadius,8.00,float
干员,奥术,purchaseCooldown,28.00,float
干员,奥术,canStandOnGroundAndHighGround,false,bool
干员,奥术,isAoEAttacker,false,bool
干员,奥术,isHealer,false,bool
干员,奥术,baseCritChance,0,int
干员,奥术,maxStarRating,4,int
干员,奥术,starPassiveDesc,法术穿透：无视 50% 防御，攻击力 +20%,string
干员,奥术,selectQuote,奥秘，本就该被驾驭。,string
干员,奥术,isInitialAvailable,true,bool
干员,奥术,isDeprecated,true,bool
干员,奥术,deprecatedNote,可能废弃（非正式干员）,string
干员,女战士,operatorName,女战士,string
干员,女战士,cost,21,int
干员,女战士,maxHealth,250.00,float
干员,女战士,defense,6000,int
干员,女战士,attackDamage,9.00,float
干员,女战士,attackInterval,1.00,float
干员,女战士,attackRange,3.50,float
干员,女战士,opType,Guard,OperatorType
干员,女战士,deployRadius,6.00,float
干员,女战士,purchaseCooldown,20.00,float
干员,女战士,canStandOnGroundAndHighGround,false,bool
干员,女战士,isAoEAttacker,false,bool
干员,女战士,isHealer,false,bool
干员,女战士,baseCritChance,0,int
干员,女战士,maxStarRating,2,int
干员,女战士,starPassiveDesc,专注强化，攻击力 +30%,string
干员,女战士,selectQuote,剑锋所指，无所不破。,string
干员,女战士,isInitialAvailable,true,bool
干员,女战士,isDeprecated,true,bool
干员,女战士,deprecatedNote,可能废弃（非正式干员）,string
干员,巨蟹,operatorName,巨蟹,string
干员,巨蟹,cost,18,int
干员,巨蟹,maxHealth,800.00,float
干员,巨蟹,defense,5000,int
干员,巨蟹,attackDamage,15.00,float
干员,巨蟹,attackInterval,1.50,float
干员,巨蟹,attackRange,0.00,float
干员,巨蟹,opType,Defender,OperatorType
干员,巨蟹,deployRadius,6.00,float
干员,巨蟹,purchaseCooldown,35.00,float
干员,巨蟹,canStandOnGroundAndHighGround,false,bool
干员,巨蟹,isAoEAttacker,false,bool
干员,巨蟹,isHealer,false,bool
干员,巨蟹,baseCritChance,0,int
干员,巨蟹,maxStarRating,3,int
干员,巨蟹,starPassiveDesc,防御 +40%，且致命伤时保留 1 点生命（每场 1 次）,string
干员,巨蟹,selectQuote,,string
干员,巨蟹,isInitialAvailable,true,bool
干员,巨蟹,isDeprecated,false,bool
干员,巨蟹,deprecatedNote,,string
干员,拳师,operatorName,拳师,string
干员,拳师,cost,14,int
干员,拳师,maxHealth,20.00,float
干员,拳师,defense,200,int
干员,拳师,attackDamage,80.00,float
干员,拳师,attackInterval,1.00,float
干员,拳师,attackRange,3.50,float
干员,拳师,opType,Vanguard,OperatorType
干员,拳师,deployRadius,1.00,float
干员,拳师,purchaseCooldown,3.00,float
干员,拳师,canStandOnGroundAndHighGround,false,bool
干员,拳师,isAoEAttacker,false,bool
干员,拳师,isHealer,false,bool
干员,拳师,baseCritChance,0,int
干员,拳师,maxStarRating,1,int
干员,拳师,starPassiveDesc,部署即返还部署费用，技力回复 +30%,string
干员,拳师,selectQuote,一拳一个。,string
干员,拳师,isInitialAvailable,true,bool
干员,拳师,isDeprecated,true,bool
干员,拳师,deprecatedNote,可能废弃（非正式干员）,string
干员,时之魔王,operatorName,时之魔王,string
干员,时之魔王,cost,20,int
干员,时之魔王,maxHealth,300.00,float
干员,时之魔王,defense,500,int
干员,时之魔王,attackDamage,35.00,float
干员,时之魔王,attackInterval,1.00,float
干员,时之魔王,attackRange,0.00,float
干员,时之魔王,opType,Specialist,OperatorType
干员,时之魔王,deployRadius,6.00,float
干员,时之魔王,purchaseCooldown,30.00,float
干员,时之魔王,canStandOnGroundAndHighGround,false,bool
干员,时之魔王,isAoEAttacker,false,bool
干员,时之魔王,isHealer,false,bool
干员,时之魔王,baseCritChance,0,int
干员,时之魔王,maxStarRating,5,int
干员,时之魔王,starPassiveDesc,再部署更划算（撤退返还 +50%）,string
干员,时之魔王,selectQuote,,string
干员,时之魔王,isInitialAvailable,true,bool
干员,时之魔王,isDeprecated,false,bool
干员,时之魔王,deprecatedNote,,string
干员,星豹,operatorName,星豹,string
干员,星豹,cost,6,int
干员,星豹,maxHealth,180.00,float
干员,星豹,defense,50,int
干员,星豹,attackDamage,25.00,float
干员,星豹,attackInterval,0.50,float
干员,星豹,attackRange,0.00,float
干员,星豹,opType,Vanguard,OperatorType
干员,星豹,deployRadius,6.00,float
干员,星豹,purchaseCooldown,15.00,float
干员,星豹,canStandOnGroundAndHighGround,false,bool
干员,星豹,isAoEAttacker,false,bool
干员,星豹,isHealer,false,bool
干员,星豹,baseCritChance,0,int
干员,星豹,maxStarRating,3,int
干员,星豹,starPassiveDesc,部署即返还部署费用，技力回复 +30%,string
干员,星豹,selectQuote,快，是你抓不住我的理由。,string
干员,星豹,isInitialAvailable,true,bool
干员,星豹,isDeprecated,false,bool
干员,星豹,deprecatedNote,,string
干员,晶,operatorName,晶,string
干员,晶,cost,15,int
干员,晶,maxHealth,200.00,float
干员,晶,defense,2000,int
干员,晶,attackDamage,35.00,float
干员,晶,attackInterval,1.00,float
干员,晶,attackRange,3.50,float
干员,晶,opType,Defender,OperatorType
干员,晶,deployRadius,6.00,float
干员,晶,purchaseCooldown,5.00,float
干员,晶,canStandOnGroundAndHighGround,false,bool
干员,晶,isAoEAttacker,false,bool
干员,晶,isHealer,false,bool
干员,晶,baseCritChance,0,int
干员,晶,maxStarRating,2,int
干员,晶,starPassiveDesc,防御 +40%，且致命伤时保留 1 点生命（每场 1 次）,string
干员,晶,selectQuote,坚如磐石，稳如山岳。,string
干员,晶,isInitialAvailable,true,bool
干员,晶,isDeprecated,true,bool
干员,晶,deprecatedNote,可能废弃（非正式干员）,string
干员,武士,operatorName,武士,string
干员,武士,cost,16,int
干员,武士,maxHealth,200.00,float
干员,武士,defense,4000,int
干员,武士,attackDamage,35.00,float
干员,武士,attackInterval,1.00,float
干员,武士,attackRange,3.50,float
干员,武士,opType,Guard,OperatorType
干员,武士,deployRadius,4.00,float
干员,武士,purchaseCooldown,15.00,float
干员,武士,canStandOnGroundAndHighGround,false,bool
干员,武士,isAoEAttacker,false,bool
干员,武士,isHealer,false,bool
干员,武士,baseCritChance,0,int
干员,武士,maxStarRating,3,int
干员,武士,starPassiveDesc,专注强化，攻击力 +30%,string
干员,武士,selectQuote,心静，则刀快。,string
干员,武士,isInitialAvailable,true,bool
干员,武士,isDeprecated,true,bool
干员,武士,deprecatedNote,可能废弃（非正式干员）,string
干员,死亡剑士,operatorName,死亡剑士,string
干员,死亡剑士,cost,5,int
干员,死亡剑士,maxHealth,200.00,float
干员,死亡剑士,defense,80,int
干员,死亡剑士,attackDamage,28.00,float
干员,死亡剑士,attackInterval,0.55,float
干员,死亡剑士,attackRange,0.00,float
干员,死亡剑士,opType,Guard,OperatorType
干员,死亡剑士,deployRadius,6.00,float
干员,死亡剑士,purchaseCooldown,12.00,float
干员,死亡剑士,canStandOnGroundAndHighGround,false,bool
干员,死亡剑士,isAoEAttacker,false,bool
干员,死亡剑士,isHealer,false,bool
干员,死亡剑士,baseCritChance,0,int
干员,死亡剑士,maxStarRating,3,int
干员,死亡剑士,starPassiveDesc,专注强化，攻击力 +30%,string
干员,死亡剑士,selectQuote,死亡，只是我的起点。,string
干员,死亡剑士,isInitialAvailable,true,bool
干员,死亡剑士,isDeprecated,false,bool
干员,死亡剑士,deprecatedNote,,string
干员,死囚,operatorName,死囚,string
干员,死囚,cost,20,int
干员,死囚,maxHealth,700.00,float
干员,死囚,defense,4000,int
干员,死囚,attackDamage,20.00,float
干员,死囚,attackInterval,1.30,float
干员,死囚,attackRange,0.00,float
干员,死囚,opType,Defender,OperatorType
干员,死囚,deployRadius,6.00,float
干员,死囚,purchaseCooldown,30.00,float
干员,死囚,canStandOnGroundAndHighGround,false,bool
干员,死囚,isAoEAttacker,false,bool
干员,死囚,isHealer,false,bool
干员,死囚,baseCritChance,0,int
干员,死囚,maxStarRating,4,int
干员,死囚,starPassiveDesc,防御 +40%，且致命伤时保留 1 点生命（每场 1 次）,string
干员,死囚,selectQuote,,string
干员,死囚,isInitialAvailable,true,bool
干员,死囚,isDeprecated,false,bool
干员,死囚,deprecatedNote,,string
干员,法师,operatorName,法师,string
干员,法师,cost,45,int
干员,法师,maxHealth,30.00,float
干员,法师,defense,0,int
干员,法师,attackDamage,115.00,float
干员,法师,attackInterval,3.00,float
干员,法师,attackRange,4.50,float
干员,法师,opType,Caster,OperatorType
干员,法师,deployRadius,8.00,float
干员,法师,purchaseCooldown,40.00,float
干员,法师,canStandOnGroundAndHighGround,false,bool
干员,法师,isAoEAttacker,false,bool
干员,法师,isHealer,false,bool
干员,法师,baseCritChance,0,int
干员,法师,maxStarRating,4,int
干员,法师,starPassiveDesc,法术穿透：无视 50% 防御，攻击力 +20%,string
干员,法师,selectQuote,见识一下真正的法术。,string
干员,法师,isInitialAvailable,true,bool
干员,法师,isDeprecated,true,bool
干员,法师,deprecatedNote,可能废弃（非正式干员）,string
干员,火焰战士,operatorName,火焰战士,string
干员,火焰战士,cost,11,int
干员,火焰战士,maxHealth,400.00,float
干员,火焰战士,defense,150,int
干员,火焰战士,attackDamage,55.00,float
干员,火焰战士,attackInterval,1.00,float
干员,火焰战士,attackRange,0.00,float
干员,火焰战士,opType,Guard,OperatorType
干员,火焰战士,deployRadius,6.00,float
干员,火焰战士,purchaseCooldown,18.00,float
干员,火焰战士,canStandOnGroundAndHighGround,false,bool
干员,火焰战士,isAoEAttacker,false,bool
干员,火焰战士,isHealer,false,bool
干员,火焰战士,baseCritChance,0,int
干员,火焰战士,maxStarRating,3,int
干员,火焰战士,starPassiveDesc,专注强化，攻击力 +30%,string
干员,火焰战士,selectQuote,,string
干员,火焰战士,isInitialAvailable,true,bool
干员,火焰战士,isDeprecated,false,bool
干员,火焰战士,deprecatedNote,,string
干员,熔岩虫,operatorName,熔岩虫,string
干员,熔岩虫,cost,16,int
干员,熔岩虫,maxHealth,400.00,float
干员,熔岩虫,defense,1000,int
干员,熔岩虫,attackDamage,25.00,float
干员,熔岩虫,attackInterval,1.20,float
干员,熔岩虫,attackRange,0.00,float
干员,熔岩虫,opType,Specialist,OperatorType
干员,熔岩虫,deployRadius,6.00,float
干员,熔岩虫,purchaseCooldown,25.00,float
干员,熔岩虫,canStandOnGroundAndHighGround,false,bool
干员,熔岩虫,isAoEAttacker,false,bool
干员,熔岩虫,isHealer,false,bool
干员,熔岩虫,baseCritChance,0,int
干员,熔岩虫,maxStarRating,3,int
干员,熔岩虫,starPassiveDesc,再部署更划算（撤退返还 +50%）,string
干员,熔岩虫,selectQuote,,string
干员,熔岩虫,isInitialAvailable,true,bool
干员,熔岩虫,isDeprecated,false,bool
干员,熔岩虫,deprecatedNote,,string
干员,牧师,operatorName,牧师,string
干员,牧师,cost,16,int
干员,牧师,maxHealth,60.00,float
干员,牧师,defense,300,int
干员,牧师,attackDamage,8.00,float
干员,牧师,attackInterval,2.00,float
干员,牧师,attackRange,3.00,float
干员,牧师,opType,Vanguard,OperatorType
干员,牧师,deployRadius,3.00,float
干员,牧师,purchaseCooldown,30.00,float
干员,牧师,canStandOnGroundAndHighGround,true,bool
干员,牧师,isAoEAttacker,false,bool
干员,牧师,isHealer,true,bool
干员,牧师,baseCritChance,0,int
干员,牧师,maxStarRating,3,int
干员,牧师,starPassiveDesc,部署即返还部署费用，技力回复 +30%,string
干员,牧师,selectQuote,,string
干员,牧师,isInitialAvailable,true,bool
干员,牧师,isDeprecated,true,bool
干员,牧师,deprecatedNote,可能废弃（非正式干员）,string
干员,狂兽战士,operatorName,狂兽战士,string
干员,狂兽战士,cost,14,int
干员,狂兽战士,maxHealth,500.00,float
干员,狂兽战士,defense,300,int
干员,狂兽战士,attackDamage,60.00,float
干员,狂兽战士,attackInterval,1.10,float
干员,狂兽战士,attackRange,0.00,float
干员,狂兽战士,opType,Guard,OperatorType
干员,狂兽战士,deployRadius,6.00,float
干员,狂兽战士,purchaseCooldown,20.00,float
干员,狂兽战士,canStandOnGroundAndHighGround,false,bool
干员,狂兽战士,isAoEAttacker,false,bool
干员,狂兽战士,isHealer,false,bool
干员,狂兽战士,baseCritChance,0,int
干员,狂兽战士,maxStarRating,5,int
干员,狂兽战士,starPassiveDesc,专注强化，攻击力 +30%,string
干员,狂兽战士,selectQuote,,string
干员,狂兽战士,isInitialAvailable,true,bool
干员,狂兽战士,isDeprecated,false,bool
干员,狂兽战士,deprecatedNote,,string
干员,珑,operatorName,珑,string
干员,珑,cost,20,int
干员,珑,maxHealth,280.00,float
干员,珑,defense,3500,int
干员,珑,attackDamage,15.00,float
干员,珑,attackInterval,1.00,float
干员,珑,attackRange,3.50,float
干员,珑,opType,Defender,OperatorType
干员,珑,deployRadius,2.00,float
干员,珑,purchaseCooldown,20.00,float
干员,珑,canStandOnGroundAndHighGround,false,bool
干员,珑,isAoEAttacker,false,bool
干员,珑,isHealer,false,bool
干员,珑,baseCritChance,0,int
干员,珑,maxStarRating,4,int
干员,珑,starPassiveDesc,防御 +40%，且致命伤时保留 1 点生命（每场 1 次）,string
干员,珑,selectQuote,进可攻，退可守。,string
干员,珑,isInitialAvailable,true,bool
干员,珑,isDeprecated,true,bool
干员,珑,deprecatedNote,可能废弃（非正式干员）,string
干员,空之魔王,operatorName,空之魔王,string
干员,空之魔王,cost,22,int
干员,空之魔王,maxHealth,120.00,float
干员,空之魔王,defense,0,int
干员,空之魔王,attackDamage,35.00,float
干员,空之魔王,attackInterval,0.40,float
干员,空之魔王,attackRange,5.00,float
干员,空之魔王,opType,Sniper,OperatorType
干员,空之魔王,deployRadius,6.00,float
干员,空之魔王,purchaseCooldown,25.00,float
干员,空之魔王,canStandOnGroundAndHighGround,true,bool
干员,空之魔王,isAoEAttacker,false,bool
干员,空之魔王,isHealer,false,bool
干员,空之魔王,baseCritChance,25,int
干员,空之魔王,maxStarRating,5,int
干员,空之魔王,starPassiveDesc,暴击率 +25%,string
干员,空之魔王,selectQuote,,string
干员,空之魔王,isInitialAvailable,true,bool
干员,空之魔王,isDeprecated,false,bool
干员,空之魔王,deprecatedNote,,string
干员,紫雷狼,operatorName,紫雷狼,string
干员,紫雷狼,cost,7,int
干员,紫雷狼,maxHealth,160.00,float
干员,紫雷狼,defense,40,int
干员,紫雷狼,attackDamage,30.00,float
干员,紫雷狼,attackInterval,0.55,float
干员,紫雷狼,attackRange,0.00,float
干员,紫雷狼,opType,Specialist,OperatorType
干员,紫雷狼,deployRadius,6.00,float
干员,紫雷狼,purchaseCooldown,15.00,float
干员,紫雷狼,canStandOnGroundAndHighGround,false,bool
干员,紫雷狼,isAoEAttacker,false,bool
干员,紫雷狼,isHealer,false,bool
干员,紫雷狼,baseCritChance,0,int
干员,紫雷狼,maxStarRating,4,int
干员,紫雷狼,starPassiveDesc,再部署更划算（撤退返还 +50%）,string
干员,紫雷狼,selectQuote,雷霆之下，皆是猎物。,string
干员,紫雷狼,isInitialAvailable,true,bool
干员,紫雷狼,isDeprecated,false,bool
干员,紫雷狼,deprecatedNote,,string
干员,荆棘,operatorName,荆棘,string
干员,荆棘,cost,22,int
干员,荆棘,maxHealth,1800.00,float
干员,荆棘,defense,6000,int
干员,荆棘,attackDamage,25.00,float
干员,荆棘,attackInterval,1.20,float
干员,荆棘,attackRange,1.00,float
干员,荆棘,opType,Defender,OperatorType
干员,荆棘,deployRadius,6.00,float
干员,荆棘,purchaseCooldown,30.00,float
干员,荆棘,canStandOnGroundAndHighGround,false,bool
干员,荆棘,isAoEAttacker,false,bool
干员,荆棘,isHealer,false,bool
干员,荆棘,baseCritChance,0,int
干员,荆棘,maxStarRating,3,int
干员,荆棘,starPassiveDesc,防御 +40%，且致命伤时保留 1 点生命（每场 1 次）,string
干员,荆棘,selectQuote,刺痛，是靠近我的代价。,string
干员,荆棘,isInitialAvailable,true,bool
干员,荆棘,isDeprecated,true,bool
干员,荆棘,deprecatedNote,可能废弃（非正式干员）,string
干员,藤曼战士,operatorName,藤曼战士,string
干员,藤曼战士,cost,16,int
干员,藤曼战士,maxHealth,900.00,float
干员,藤曼战士,defense,6000,int
干员,藤曼战士,attackDamage,12.00,float
干员,藤曼战士,attackInterval,1.50,float
干员,藤曼战士,attackRange,0.00,float
干员,藤曼战士,opType,Defender,OperatorType
干员,藤曼战士,deployRadius,6.00,float
干员,藤曼战士,purchaseCooldown,35.00,float
干员,藤曼战士,canStandOnGroundAndHighGround,false,bool
干员,藤曼战士,isAoEAttacker,false,bool
干员,藤曼战士,isHealer,false,bool
干员,藤曼战士,baseCritChance,0,int
干员,藤曼战士,maxStarRating,3,int
干员,藤曼战士,starPassiveDesc,防御 +40%，且致命伤时保留 1 点生命（每场 1 次）,string
干员,藤曼战士,selectQuote,,string
干员,藤曼战士,isInitialAvailable,true,bool
干员,藤曼战士,isDeprecated,false,bool
干员,藤曼战士,deprecatedNote,,string
干员,近卫,operatorName,近卫,string
干员,近卫,cost,9,int
干员,近卫,maxHealth,1200.00,float
干员,近卫,defense,12,int
干员,近卫,attackDamage,130.00,float
干员,近卫,attackInterval,1.00,float
干员,近卫,attackRange,3.50,float
干员,近卫,opType,Guard,OperatorType
干员,近卫,deployRadius,6.00,float
干员,近卫,purchaseCooldown,15.00,float
干员,近卫,canStandOnGroundAndHighGround,false,bool
干员,近卫,isAoEAttacker,false,bool
干员,近卫,isHealer,false,bool
干员,近卫,baseCritChance,0,int
干员,近卫,maxStarRating,5,int
干员,近卫,starPassiveDesc,专注强化，攻击力 +30%,string
干员,近卫,selectQuote,,string
干员,近卫,isInitialAvailable,true,bool
干员,近卫,isDeprecated,true,bool
干员,近卫,deprecatedNote,可能废弃（非正式干员）,string
干员,连弩,operatorName,连弩,string
干员,连弩,cost,14,int
干员,连弩,maxHealth,20.00,float
干员,连弩,defense,0,int
干员,连弩,attackDamage,12.00,float
干员,连弩,attackInterval,0.35,float
干员,连弩,attackRange,5.00,float
干员,连弩,opType,Sniper,OperatorType
干员,连弩,deployRadius,8.00,float
干员,连弩,purchaseCooldown,12.00,float
干员,连弩,canStandOnGroundAndHighGround,false,bool
干员,连弩,isAoEAttacker,false,bool
干员,连弩,isHealer,false,bool
干员,连弩,baseCritChance,20,int
干员,连弩,maxStarRating,2,int
干员,连弩,starPassiveDesc,暴击率 +25%,string
干员,连弩,selectQuote,,string
干员,连弩,isInitialAvailable,true,bool
干员,连弩,isDeprecated,true,bool
干员,连弩,deprecatedNote,可能废弃（非正式干员）,string
干员,醒,operatorName,醒,string
干员,醒,cost,0,int
干员,醒,maxHealth,20000.00,float
干员,醒,defense,5000,int
干员,醒,attackDamage,400.00,float
干员,醒,attackInterval,2.00,float
干员,醒,attackRange,3.50,float
干员,醒,opType,Vanguard,OperatorType
干员,醒,deployRadius,5.00,float
干员,醒,purchaseCooldown,600.00,float
干员,醒,canStandOnGroundAndHighGround,false,bool
干员,醒,isAoEAttacker,false,bool
干员,醒,isHealer,false,bool
干员,醒,baseCritChance,0,int
干员,醒,maxStarRating,1,int
干员,醒,starPassiveDesc,部署即返还部署费用，技力回复 +30%,string
干员,醒,selectQuote,……（它似乎并不想说话）,string
干员,醒,isInitialAvailable,true,bool
干员,醒,isDeprecated,true,bool
干员,醒,deprecatedNote,可能废弃（非正式干员）,string
干员,钩爪,operatorName,钩爪,string
干员,钩爪,cost,15,int
干员,钩爪,maxHealth,150.00,float
干员,钩爪,defense,1000,int
干员,钩爪,attackDamage,22.00,float
干员,钩爪,attackInterval,1.50,float
干员,钩爪,attackRange,2.50,float
干员,钩爪,opType,Specialist,OperatorType
干员,钩爪,deployRadius,5.00,float
干员,钩爪,purchaseCooldown,20.00,float
干员,钩爪,canStandOnGroundAndHighGround,false,bool
干员,钩爪,isAoEAttacker,false,bool
干员,钩爪,isHealer,false,bool
干员,钩爪,baseCritChance,0,int
干员,钩爪,maxStarRating,2,int
干员,钩爪,starPassiveDesc,再部署更划算（撤退返还 +50%）,string
干员,钩爪,selectQuote,上钩吧。,string
干员,钩爪,isInitialAvailable,true,bool
干员,钩爪,isDeprecated,true,bool
干员,钩爪,deprecatedNote,可能废弃（非正式干员）,string
干员,铁壁,operatorName,铁壁,string
干员,铁壁,cost,18,int
干员,铁壁,maxHealth,2500.00,float
干员,铁壁,defense,8000,int
干员,铁壁,attackDamage,12.00,float
干员,铁壁,attackInterval,1.50,float
干员,铁壁,attackRange,1.00,float
干员,铁壁,opType,Defender,OperatorType
干员,铁壁,deployRadius,6.00,float
干员,铁壁,purchaseCooldown,40.00,float
干员,铁壁,canStandOnGroundAndHighGround,false,bool
干员,铁壁,isAoEAttacker,false,bool
干员,铁壁,isHealer,false,bool
干员,铁壁,baseCritChance,0,int
干员,铁壁,maxStarRating,3,int
干员,铁壁,starPassiveDesc,防御 +40%，且致命伤时保留 1 点生命（每场 1 次）,string
干员,铁壁,selectQuote,想过去？先踏过我的身躯。,string
干员,铁壁,isInitialAvailable,true,bool
干员,铁壁,isDeprecated,true,bool
干员,铁壁,deprecatedNote,可能废弃（非正式干员）,string
干员,雪女,operatorName,雪女,string
干员,雪女,cost,40,int
干员,雪女,maxHealth,100.00,float
干员,雪女,defense,0,int
干员,雪女,attackDamage,120.00,float
干员,雪女,attackInterval,2.50,float
干员,雪女,attackRange,4.50,float
干员,雪女,opType,Caster,OperatorType
干员,雪女,deployRadius,8.00,float
干员,雪女,purchaseCooldown,40.00,float
干员,雪女,canStandOnGroundAndHighGround,false,bool
干员,雪女,isAoEAttacker,false,bool
干员,雪女,isHealer,false,bool
干员,雪女,baseCritChance,0,int
干员,雪女,maxStarRating,5,int
干员,雪女,starPassiveDesc,法术穿透：无视 50% 防御，攻击力 +20%,string
干员,雪女,selectQuote,,string
干员,雪女,isInitialAvailable,true,bool
干员,雪女,isDeprecated,false,bool
干员,雪女,deprecatedNote,,string
干员,鹰眼,operatorName,鹰眼,string
干员,鹰眼,cost,16,int
干员,鹰眼,maxHealth,25.00,float
干员,鹰眼,defense,0,int
干员,鹰眼,attackDamage,28.00,float
干员,鹰眼,attackInterval,0.70,float
干员,鹰眼,attackRange,6.00,float
干员,鹰眼,opType,Sniper,OperatorType
干员,鹰眼,deployRadius,8.00,float
干员,鹰眼,purchaseCooldown,18.00,float
干员,鹰眼,canStandOnGroundAndHighGround,false,bool
干员,鹰眼,isAoEAttacker,false,bool
干员,鹰眼,isHealer,false,bool
干员,鹰眼,baseCritChance,25,int
干员,鹰眼,maxStarRating,3,int
干员,鹰眼,starPassiveDesc,暴击率 +25%,string
干员,鹰眼,selectQuote,,string
干员,鹰眼,isInitialAvailable,true,bool
干员,鹰眼,isDeprecated,true,bool
干员,鹰眼,deprecatedNote,可能废弃（非正式干员）,string
敌人,big boss,lives,1700,int
敌人,big boss,defense,0,int
敌人,big boss,damage,20,int
敌人,big boss,damageforplayer,2,int
敌人,big boss,speed,2.00,float
敌人,big boss,attackInterval,0.90,float
敌人,big boss,attackRange,4.00,float
敌人,big boss,dpOnKill,4,int
敌人,big boss,penetrateDefense,false,bool
敌人,big boss,rangedAttack,false,bool
敌人,big boss,healRadius,0.00,float
敌人,big boss,healPercentOfMax,0.00,float
敌人,big boss,healInterval,0.00,float
敌人,Enemy_enemy,lives,400,int
敌人,Enemy_enemy,defense,0,int
敌人,Enemy_enemy,damage,4,int
敌人,Enemy_enemy,damageforplayer,1,int
敌人,Enemy_enemy,speed,2.00,float
敌人,Enemy_enemy,attackInterval,0.90,float
敌人,Enemy_enemy,attackRange,4.00,float
敌人,Enemy_enemy,dpOnKill,1,int
敌人,Enemy_enemy,penetrateDefense,false,bool
敌人,Enemy_enemy,rangedAttack,false,bool
敌人,Enemy_enemy,healRadius,0.00,float
敌人,Enemy_enemy,healPercentOfMax,0.00,float
敌人,Enemy_enemy,healInterval,0.00,float
敌人,small boss,lives,800,int
敌人,small boss,defense,0,int
敌人,small boss,damage,8,int
敌人,small boss,damageforplayer,1,int
敌人,small boss,speed,2.00,float
敌人,small boss,attackInterval,0.90,float
敌人,small boss,attackRange,4.00,float
敌人,small boss,dpOnKill,2,int
敌人,small boss,penetrateDefense,false,bool
敌人,small boss,rangedAttack,false,bool
敌人,small boss,healRadius,0.00,float
敌人,small boss,healPercentOfMax,0.00,float
敌人,small boss,healInterval,0.00,float
敌人,万录朵,lives,2500,int
敌人,万录朵,defense,0,int
敌人,万录朵,damage,18,int
敌人,万录朵,damageforplayer,2,int
敌人,万录朵,speed,1.00,float
敌人,万录朵,attackInterval,1.00,float
敌人,万录朵,attackRange,4.00,float
敌人,万录朵,dpOnKill,11,int
敌人,万录朵,penetrateDefense,false,bool
敌人,万录朵,rangedAttack,false,bool
敌人,万录朵,healRadius,0.00,float
敌人,万录朵,healPercentOfMax,0.00,float
敌人,万录朵,healInterval,0.00,float
敌人,哥布林,lives,70,int
敌人,哥布林,defense,0,int
敌人,哥布林,damage,14,int
敌人,哥布林,damageforplayer,1,int
敌人,哥布林,speed,4.00,float
敌人,哥布林,attackInterval,0.90,float
敌人,哥布林,attackRange,4.00,float
敌人,哥布林,dpOnKill,1,int
敌人,哥布林,penetrateDefense,false,bool
敌人,哥布林,rangedAttack,false,bool
敌人,哥布林,healRadius,0.00,float
敌人,哥布林,healPercentOfMax,0.00,float
敌人,哥布林,healInterval,0.00,float
敌人,奶妈怪,lives,45,int
敌人,奶妈怪,defense,0,int
敌人,奶妈怪,damage,6,int
敌人,奶妈怪,damageforplayer,1,int
敌人,奶妈怪,speed,4.00,float
敌人,奶妈怪,attackInterval,1.00,float
敌人,奶妈怪,attackRange,4.00,float
敌人,奶妈怪,dpOnKill,2,int
敌人,奶妈怪,penetrateDefense,false,bool
敌人,奶妈怪,rangedAttack,false,bool
敌人,奶妈怪,healRadius,3.50,float
敌人,奶妈怪,healPercentOfMax,0.04,float
敌人,奶妈怪,healInterval,1.50,float
敌人,小骷髅,lives,310,int
敌人,小骷髅,defense,0,int
敌人,小骷髅,damage,3,int
敌人,小骷髅,damageforplayer,1,int
敌人,小骷髅,speed,1.00,float
敌人,小骷髅,attackInterval,0.80,float
敌人,小骷髅,attackRange,4.00,float
敌人,小骷髅,dpOnKill,1,int
敌人,小骷髅,penetrateDefense,false,bool
敌人,小骷髅,rangedAttack,false,bool
敌人,小骷髅,healRadius,0.00,float
敌人,小骷髅,healPercentOfMax,0.00,float
敌人,小骷髅,healInterval,0.00,float
敌人,术师怪,lives,60,int
敌人,术师怪,defense,0,int
敌人,术师怪,damage,18,int
敌人,术师怪,damageforplayer,1,int
敌人,术师怪,speed,3.50,float
敌人,术师怪,attackInterval,1.00,float
敌人,术师怪,attackRange,4.00,float
敌人,术师怪,dpOnKill,2,int
敌人,术师怪,penetrateDefense,true,bool
敌人,术师怪,rangedAttack,false,bool
敌人,术师怪,healRadius,0.00,float
敌人,术师怪,healPercentOfMax,0.04,float
敌人,术师怪,healInterval,1.50,float
敌人,杂兵潮,lives,35,int
敌人,杂兵潮,defense,0,int
敌人,杂兵潮,damage,8,int
敌人,杂兵潮,damageforplayer,1,int
敌人,杂兵潮,speed,5.00,float
敌人,杂兵潮,attackInterval,0.80,float
敌人,杂兵潮,attackRange,4.00,float
敌人,杂兵潮,dpOnKill,1,int
敌人,杂兵潮,penetrateDefense,false,bool
敌人,杂兵潮,rangedAttack,false,bool
敌人,杂兵潮,healRadius,0.00,float
敌人,杂兵潮,healPercentOfMax,0.04,float
敌人,杂兵潮,healInterval,1.50,float
敌人,火之魔王,lives,2100,int
敌人,火之魔王,defense,4000,int
敌人,火之魔王,damage,1600,int
敌人,火之魔王,damageforplayer,3,int
敌人,火之魔王,speed,1.00,float
敌人,火之魔王,attackInterval,2.00,float
敌人,火之魔王,attackRange,6.00,float
敌人,火之魔王,dpOnKill,55,int
敌人,火之魔王,penetrateDefense,false,bool
敌人,火之魔王,rangedAttack,false,bool
敌人,火之魔王,healRadius,0.00,float
敌人,火之魔王,healPercentOfMax,0.00,float
敌人,火之魔王,healInterval,0.00,float
敌人,疾跑者,lives,30,int
敌人,疾跑者,defense,0,int
敌人,疾跑者,damage,10,int
敌人,疾跑者,damageforplayer,1,int
敌人,疾跑者,speed,9.00,float
敌人,疾跑者,attackInterval,0.70,float
敌人,疾跑者,attackRange,4.00,float
敌人,疾跑者,dpOnKill,1,int
敌人,疾跑者,penetrateDefense,false,bool
敌人,疾跑者,rangedAttack,false,bool
敌人,疾跑者,healRadius,0.00,float
敌人,疾跑者,healPercentOfMax,0.04,float
敌人,疾跑者,healInterval,1.50,float
敌人,石头怪,lives,3000,int
敌人,石头怪,defense,2000,int
敌人,石头怪,damage,30,int
敌人,石头怪,damageforplayer,2,int
敌人,石头怪,speed,0.50,float
敌人,石头怪,attackInterval,1.00,float
敌人,石头怪,attackRange,4.00,float
敌人,石头怪,dpOnKill,6,int
敌人,石头怪,penetrateDefense,false,bool
敌人,石头怪,rangedAttack,false,bool
敌人,石头怪,healRadius,0.00,float
敌人,石头怪,healPercentOfMax,0.00,float
敌人,石头怪,healInterval,0.00,float
敌人,蜜蜂,lives,2,int
敌人,蜜蜂,defense,0,int
敌人,蜜蜂,damage,8,int
敌人,蜜蜂,damageforplayer,1,int
敌人,蜜蜂,speed,2.50,float
敌人,蜜蜂,attackInterval,0.20,float
敌人,蜜蜂,attackRange,4.00,float
敌人,蜜蜂,dpOnKill,1,int
敌人,蜜蜂,penetrateDefense,false,bool
敌人,蜜蜂,rangedAttack,false,bool
敌人,蜜蜂,healRadius,0.00,float
敌人,蜜蜂,healPercentOfMax,0.00,float
敌人,蜜蜂,healInterval,0.00,float
敌人,远程怪,lives,80,int
敌人,远程怪,defense,0,int
敌人,远程怪,damage,22,int
敌人,远程怪,damageforplayer,1,int
敌人,远程怪,speed,3.00,float
敌人,远程怪,attackInterval,1.50,float
敌人,远程怪,attackRange,6.00,float
敌人,远程怪,dpOnKill,2,int
敌人,远程怪,penetrateDefense,false,bool
敌人,远程怪,rangedAttack,true,bool
敌人,远程怪,healRadius,0.00,float
敌人,远程怪,healPercentOfMax,0.04,float
敌人,远程怪,healInterval,1.50,float
敌人,重甲兵,lives,120,int
敌人,重甲兵,defense,6000,int
敌人,重甲兵,damage,16,int
敌人,重甲兵,damageforplayer,1,int
敌人,重甲兵,speed,2.20,float
敌人,重甲兵,attackInterval,1.20,float
敌人,重甲兵,attackRange,4.00,float
敌人,重甲兵,dpOnKill,3,int
敌人,重甲兵,penetrateDefense,false,bool
敌人,重甲兵,rangedAttack,false,bool
敌人,重甲兵,healRadius,0.00,float
敌人,重甲兵,healPercentOfMax,0.04,float
敌人,重甲兵,healInterval,1.50,float
敌人,重锤兵,lives,200,int
敌人,重锤兵,defense,0,int
敌人,重锤兵,damage,40,int
敌人,重锤兵,damageforplayer,1,int
敌人,重锤兵,speed,2.50,float
敌人,重锤兵,attackInterval,2.00,float
敌人,重锤兵,attackRange,4.00,float
敌人,重锤兵,dpOnKill,4,int
敌人,重锤兵,penetrateDefense,false,bool
敌人,重锤兵,rangedAttack,false,bool
敌人,重锤兵,healRadius,0.00,float
敌人,重锤兵,healPercentOfMax,0.04,float
敌人,重锤兵,healInterval,1.50,float
敌人,骷髅,lives,2600,int
敌人,骷髅,defense,1000,int
敌人,骷髅,damage,30,int
敌人,骷髅,damageforplayer,2,int
敌人,骷髅,speed,1.00,float
敌人,骷髅,attackInterval,0.90,float
敌人,骷髅,attackRange,4.00,float
敌人,骷髅,dpOnKill,6,int
敌人,骷髅,penetrateDefense,false,bool
敌人,骷髅,rangedAttack,false,bool
敌人,骷髅,healRadius,0.00,float
敌人,骷髅,healPercentOfMax,0.00,float
敌人,骷髅,healInterval,0.00,float
敌人,黑之魔王,lives,20000,int
敌人,黑之魔王,defense,5000,int
敌人,黑之魔王,damage,200,int
敌人,黑之魔王,damageforplayer,3,int
敌人,黑之魔王,speed,3.00,float
敌人,黑之魔王,attackInterval,1.00,float
敌人,黑之魔王,attackRange,4.00,float
敌人,黑之魔王,dpOnKill,60,int
敌人,黑之魔王,penetrateDefense,false,bool
敌人,黑之魔王,rangedAttack,false,bool
敌人,黑之魔王,healRadius,0.00,float
敌人,黑之魔王,healPercentOfMax,0.00,float
敌人,黑之魔王,healInterval,0.00,float
敌人,黑之魔王分身,lives,700,int
敌人,黑之魔王分身,defense,1000,int
敌人,黑之魔王分身,damage,13,int
敌人,黑之魔王分身,damageforplayer,1,int
敌人,黑之魔王分身,speed,1.50,float
敌人,黑之魔王分身,attackInterval,1.00,float
敌人,黑之魔王分身,attackRange,4.00,float
敌人,黑之魔王分身,dpOnKill,3,int
敌人,黑之魔王分身,penetrateDefense,false,bool
敌人,黑之魔王分身,rangedAttack,false,bool
敌人,黑之魔王分身,healRadius,0.00,float
敌人,黑之魔王分身,healPercentOfMax,0.00,float
敌人,黑之魔王分身,healInterval,0.00,float
天赋卡,atk_caster,cardId,atk_caster,string
天赋卡,atk_caster,displayName,术师精通,string
天赋卡,atk_caster,description,术师AoE范围+30%,string
天赋卡,atk_caster,cardType,Attack,TalentCardType
天赋卡,atk_caster,rarity,Common,TalentCardRarity
天赋卡,atk_caster,slotDiscount,0.00,float
天赋卡,atk_caster,effectType,AoeRangePercent,TalentEffectType
天赋卡,atk_caster,effectValue,30,int
天赋卡,atk_caster,effectValue2,0,int
天赋卡,atk_caster,secondaryEffectType,None,TalentEffectType
天赋卡,atk_caster,secondaryEffectValue,0,int
天赋卡,atk_caster,secondaryEffectValue2,0,int
天赋卡,atk_caster,effectTarget,ByClass,CardEffectTarget
天赋卡,atk_caster,targetOperatorType,Caster,OperatorType
天赋卡,atk_caster,targetOperatorDataId,-1,int
天赋卡,atk_caster,purchaseCooldownPenalty,15,int
天赋卡,atk_caster,cardScope,PerRun,CardScope
天赋卡,atk_caster,isGuardianRewindCard,false,bool
天赋卡,atk_caster,triggerType,None,GuardianRewindTriggerType
天赋卡,atk_caster,triggerValue,0,int
天赋卡,atk_caster,cardTier,Star,CardTier
天赋卡,atk_caster,dreamCardOperatorKey,,string
天赋卡,atk_caster,isCurse,false,bool
天赋卡,atk_caster,curseEffectType,None,TalentEffectType
天赋卡,atk_caster,curseEffectValue,0,int
天赋卡,atk_caster,curseSecondaryEffectType,None,TalentEffectType
天赋卡,atk_caster,curseSecondaryEffectValue,0,int
天赋卡,atk_caster,curseRemovable,true,bool
天赋卡,atk_crit,cardId,atk_crit,string
天赋卡,atk_crit,displayName,精准打击,string
天赋卡,atk_crit,description,暴击率+20%，暴击伤害+40%,string
天赋卡,atk_crit,cardType,Attack,TalentCardType
天赋卡,atk_crit,rarity,Common,TalentCardRarity
天赋卡,atk_crit,slotDiscount,0.00,float
天赋卡,atk_crit,effectType,CritChanceBonus,TalentEffectType
天赋卡,atk_crit,effectValue,20,int
天赋卡,atk_crit,effectValue2,0,int
天赋卡,atk_crit,secondaryEffectType,CritDamageBonus,TalentEffectType
天赋卡,atk_crit,secondaryEffectValue,40,int
天赋卡,atk_crit,secondaryEffectValue2,0,int
天赋卡,atk_crit,effectTarget,Global,CardEffectTarget
天赋卡,atk_crit,targetOperatorType,Vanguard,OperatorType
天赋卡,atk_crit,targetOperatorDataId,-1,int
天赋卡,atk_crit,purchaseCooldownPenalty,0,int
天赋卡,atk_crit,cardScope,PerRun,CardScope
天赋卡,atk_crit,isGuardianRewindCard,false,bool
天赋卡,atk_crit,triggerType,None,GuardianRewindTriggerType
天赋卡,atk_crit,triggerValue,0,int
天赋卡,atk_crit,cardTier,Star,CardTier
天赋卡,atk_crit,dreamCardOperatorKey,,string
天赋卡,atk_crit,isCurse,false,bool
天赋卡,atk_crit,curseEffectType,None,TalentEffectType
天赋卡,atk_crit,curseEffectValue,0,int
天赋卡,atk_crit,curseSecondaryEffectType,None,TalentEffectType
天赋卡,atk_crit,curseSecondaryEffectValue,0,int
天赋卡,atk_crit,curseRemovable,true,bool
天赋卡,atk_guard,cardId,atk_guard,string
天赋卡,atk_guard,displayName,近卫荣耀,string
天赋卡,atk_guard,description,近卫攻击+25%，攻速+15%,string
天赋卡,atk_guard,cardType,Attack,TalentCardType
天赋卡,atk_guard,rarity,Common,TalentCardRarity
天赋卡,atk_guard,slotDiscount,0.00,float
天赋卡,atk_guard,effectType,AttackPercent,TalentEffectType
天赋卡,atk_guard,effectValue,25,int
天赋卡,atk_guard,effectValue2,0,int
天赋卡,atk_guard,secondaryEffectType,AttackSpeedPercent,TalentEffectType
天赋卡,atk_guard,secondaryEffectValue,15,int
天赋卡,atk_guard,secondaryEffectValue2,0,int
天赋卡,atk_guard,effectTarget,ByClass,CardEffectTarget
天赋卡,atk_guard,targetOperatorType,Guard,OperatorType
天赋卡,atk_guard,targetOperatorDataId,-1,int
天赋卡,atk_guard,purchaseCooldownPenalty,15,int
天赋卡,atk_guard,cardScope,PerRun,CardScope
天赋卡,atk_guard,isGuardianRewindCard,false,bool
天赋卡,atk_guard,triggerType,None,GuardianRewindTriggerType
天赋卡,atk_guard,triggerValue,0,int
天赋卡,atk_guard,cardTier,Star,CardTier
天赋卡,atk_guard,dreamCardOperatorKey,,string
天赋卡,atk_guard,isCurse,false,bool
天赋卡,atk_guard,curseEffectType,None,TalentEffectType
天赋卡,atk_guard,curseEffectValue,0,int
天赋卡,atk_guard,curseSecondaryEffectType,None,TalentEffectType
天赋卡,atk_guard,curseSecondaryEffectValue,0,int
天赋卡,atk_guard,curseRemovable,true,bool
天赋卡,atk_pierce,cardId,atk_pierce,string
天赋卡,atk_pierce,displayName,破甲穿击,string
天赋卡,atk_pierce,description,无视防御+30%,string
天赋卡,atk_pierce,cardType,Attack,TalentCardType
天赋卡,atk_pierce,rarity,Common,TalentCardRarity
天赋卡,atk_pierce,slotDiscount,0.00,float
天赋卡,atk_pierce,effectType,DefensePenetration,TalentEffectType
天赋卡,atk_pierce,effectValue,30,int
天赋卡,atk_pierce,effectValue2,0,int
天赋卡,atk_pierce,secondaryEffectType,None,TalentEffectType
天赋卡,atk_pierce,secondaryEffectValue,0,int
天赋卡,atk_pierce,secondaryEffectValue2,0,int
天赋卡,atk_pierce,effectTarget,Global,CardEffectTarget
天赋卡,atk_pierce,targetOperatorType,Vanguard,OperatorType
天赋卡,atk_pierce,targetOperatorDataId,-1,int
天赋卡,atk_pierce,purchaseCooldownPenalty,0,int
天赋卡,atk_pierce,cardScope,PerRun,CardScope
天赋卡,atk_pierce,isGuardianRewindCard,false,bool
天赋卡,atk_pierce,triggerType,None,GuardianRewindTriggerType
天赋卡,atk_pierce,triggerValue,0,int
天赋卡,atk_pierce,cardTier,Star,CardTier
天赋卡,atk_pierce,dreamCardOperatorKey,,string
天赋卡,atk_pierce,isCurse,false,bool
天赋卡,atk_pierce,curseEffectType,None,TalentEffectType
天赋卡,atk_pierce,curseEffectValue,0,int
天赋卡,atk_pierce,curseSecondaryEffectType,None,TalentEffectType
天赋卡,atk_pierce,curseSecondaryEffectValue,0,int
天赋卡,atk_pierce,curseRemovable,true,bool
天赋卡,atk_power,cardId,atk_power,string
天赋卡,atk_power,displayName,力量强化,string
天赋卡,atk_power,description,攻击+20%,string
天赋卡,atk_power,cardType,Attack,TalentCardType
天赋卡,atk_power,rarity,Common,TalentCardRarity
天赋卡,atk_power,slotDiscount,0.00,float
天赋卡,atk_power,effectType,AttackPercent,TalentEffectType
天赋卡,atk_power,effectValue,20,int
天赋卡,atk_power,effectValue2,0,int
天赋卡,atk_power,secondaryEffectType,None,TalentEffectType
天赋卡,atk_power,secondaryEffectValue,0,int
天赋卡,atk_power,secondaryEffectValue2,0,int
天赋卡,atk_power,effectTarget,Global,CardEffectTarget
天赋卡,atk_power,targetOperatorType,Vanguard,OperatorType
天赋卡,atk_power,targetOperatorDataId,-1,int
天赋卡,atk_power,purchaseCooldownPenalty,0,int
天赋卡,atk_power,cardScope,PerRun,CardScope
天赋卡,atk_power,isGuardianRewindCard,false,bool
天赋卡,atk_power,triggerType,None,GuardianRewindTriggerType
天赋卡,atk_power,triggerValue,0,int
天赋卡,atk_power,cardTier,Star,CardTier
天赋卡,atk_power,dreamCardOperatorKey,,string
天赋卡,atk_power,isCurse,false,bool
天赋卡,atk_power,curseEffectType,None,TalentEffectType
天赋卡,atk_power,curseEffectValue,0,int
天赋卡,atk_power,curseSecondaryEffectType,None,TalentEffectType
天赋卡,atk_power,curseSecondaryEffectValue,0,int
天赋卡,atk_power,curseRemovable,true,bool
天赋卡,atk_ramp,cardId,atk_ramp,string
天赋卡,atk_ramp,displayName,战意觉醒,string
天赋卡,atk_ramp,description,每杀随+2%攻击(上限+50%),string
天赋卡,atk_ramp,cardType,Attack,TalentCardType
天赋卡,atk_ramp,rarity,Common,TalentCardRarity
天赋卡,atk_ramp,slotDiscount,0.00,float
天赋卡,atk_ramp,effectType,KillStackAttack,TalentEffectType
天赋卡,atk_ramp,effectValue,2,int
天赋卡,atk_ramp,effectValue2,50,int
天赋卡,atk_ramp,secondaryEffectType,None,TalentEffectType
天赋卡,atk_ramp,secondaryEffectValue,0,int
天赋卡,atk_ramp,secondaryEffectValue2,0,int
天赋卡,atk_ramp,effectTarget,Global,CardEffectTarget
天赋卡,atk_ramp,targetOperatorType,Vanguard,OperatorType
天赋卡,atk_ramp,targetOperatorDataId,-1,int
天赋卡,atk_ramp,purchaseCooldownPenalty,0,int
天赋卡,atk_ramp,cardScope,PerRun,CardScope
天赋卡,atk_ramp,isGuardianRewindCard,false,bool
天赋卡,atk_ramp,triggerType,None,GuardianRewindTriggerType
天赋卡,atk_ramp,triggerValue,0,int
天赋卡,atk_ramp,cardTier,Star,CardTier
天赋卡,atk_ramp,dreamCardOperatorKey,,string
天赋卡,atk_ramp,isCurse,false,bool
天赋卡,atk_ramp,curseEffectType,None,TalentEffectType
天赋卡,atk_ramp,curseEffectValue,0,int
天赋卡,atk_ramp,curseSecondaryEffectType,None,TalentEffectType
天赋卡,atk_ramp,curseSecondaryEffectValue,0,int
天赋卡,atk_ramp,curseRemovable,true,bool
天赋卡,atk_range,cardId,atk_range,string
天赋卡,atk_range,displayName,远程射击,string
天赋卡,atk_range,description,射程+15%,string
天赋卡,atk_range,cardType,Attack,TalentCardType
天赋卡,atk_range,rarity,Common,TalentCardRarity
天赋卡,atk_range,slotDiscount,0.00,float
天赋卡,atk_range,effectType,AttackRangeBonus,TalentEffectType
天赋卡,atk_range,effectValue,15,int
天赋卡,atk_range,effectValue2,0,int
天赋卡,atk_range,secondaryEffectType,None,TalentEffectType
天赋卡,atk_range,secondaryEffectValue,0,int
天赋卡,atk_range,secondaryEffectValue2,0,int
天赋卡,atk_range,effectTarget,Global,CardEffectTarget
天赋卡,atk_range,targetOperatorType,Vanguard,OperatorType
天赋卡,atk_range,targetOperatorDataId,-1,int
天赋卡,atk_range,purchaseCooldownPenalty,0,int
天赋卡,atk_range,cardScope,PerRun,CardScope
天赋卡,atk_range,isGuardianRewindCard,false,bool
天赋卡,atk_range,triggerType,None,GuardianRewindTriggerType
天赋卡,atk_range,triggerValue,0,int
天赋卡,atk_range,cardTier,Star,CardTier
天赋卡,atk_range,dreamCardOperatorKey,,string
天赋卡,atk_range,isCurse,false,bool
天赋卡,atk_range,curseEffectType,None,TalentEffectType
天赋卡,atk_range,curseEffectValue,0,int
天赋卡,atk_range,curseSecondaryEffectType,None,TalentEffectType
天赋卡,atk_range,curseSecondaryEffectValue,0,int
天赋卡,atk_range,curseRemovable,true,bool
天赋卡,atk_sniper,cardId,atk_sniper,string
天赋卡,atk_sniper,displayName,雇击强化,string
天赋卡,atk_sniper,description,雇击攻速+30%,string
天赋卡,atk_sniper,cardType,Attack,TalentCardType
天赋卡,atk_sniper,rarity,Common,TalentCardRarity
天赋卡,atk_sniper,slotDiscount,0.00,float
天赋卡,atk_sniper,effectType,AttackSpeedPercent,TalentEffectType
天赋卡,atk_sniper,effectValue,30,int
天赋卡,atk_sniper,effectValue2,0,int
天赋卡,atk_sniper,secondaryEffectType,None,TalentEffectType
天赋卡,atk_sniper,secondaryEffectValue,0,int
天赋卡,atk_sniper,secondaryEffectValue2,0,int
天赋卡,atk_sniper,effectTarget,ByClass,CardEffectTarget
天赋卡,atk_sniper,targetOperatorType,Sniper,OperatorType
天赋卡,atk_sniper,targetOperatorDataId,-1,int
天赋卡,atk_sniper,purchaseCooldownPenalty,15,int
天赋卡,atk_sniper,cardScope,PerRun,CardScope
天赋卡,atk_sniper,isGuardianRewindCard,false,bool
天赋卡,atk_sniper,triggerType,None,GuardianRewindTriggerType
天赋卡,atk_sniper,triggerValue,0,int
天赋卡,atk_sniper,cardTier,Star,CardTier
天赋卡,atk_sniper,dreamCardOperatorKey,,string
天赋卡,atk_sniper,isCurse,false,bool
天赋卡,atk_sniper,curseEffectType,None,TalentEffectType
天赋卡,atk_sniper,curseEffectValue,0,int
天赋卡,atk_sniper,curseSecondaryEffectType,None,TalentEffectType
天赋卡,atk_sniper,curseSecondaryEffectValue,0,int
天赋卡,atk_sniper,curseRemovable,true,bool
天赋卡,atk_speed,cardId,atk_speed,string
天赋卡,atk_speed,displayName,疯风步,string
天赋卡,atk_speed,description,攻速+25%,string
天赋卡,atk_speed,cardType,Attack,TalentCardType
天赋卡,atk_speed,rarity,Common,TalentCardRarity
天赋卡,atk_speed,slotDiscount,0.00,float
天赋卡,atk_speed,effectType,AttackSpeedPercent,TalentEffectType
天赋卡,atk_speed,effectValue,25,int
天赋卡,atk_speed,effectValue2,0,int
天赋卡,atk_speed,secondaryEffectType,None,TalentEffectType
天赋卡,atk_speed,secondaryEffectValue,0,int
天赋卡,atk_speed,secondaryEffectValue2,0,int
天赋卡,atk_speed,effectTarget,Global,CardEffectTarget
天赋卡,atk_speed,targetOperatorType,Vanguard,OperatorType
天赋卡,atk_speed,targetOperatorDataId,-1,int
天赋卡,atk_speed,purchaseCooldownPenalty,0,int
天赋卡,atk_speed,cardScope,PerRun,CardScope
天赋卡,atk_speed,isGuardianRewindCard,false,bool
天赋卡,atk_speed,triggerType,None,GuardianRewindTriggerType
天赋卡,atk_speed,triggerValue,0,int
天赋卡,atk_speed,cardTier,Star,CardTier
天赋卡,atk_speed,dreamCardOperatorKey,,string
天赋卡,atk_speed,isCurse,false,bool
天赋卡,atk_speed,curseEffectType,None,TalentEffectType
天赋卡,atk_speed,curseEffectValue,0,int
天赋卡,atk_speed,curseSecondaryEffectType,None,TalentEffectType
天赋卡,atk_speed,curseSecondaryEffectValue,0,int
天赋卡,atk_speed,curseRemovable,true,bool
天赋卡,atk_vanguard,cardId,atk_vanguard,string
天赋卡,atk_vanguard,displayName,先锋荣耀,string
天赋卡,atk_vanguard,description,先锋攻击力+30%，侦察伤害+50%,string
天赋卡,atk_vanguard,cardType,Attack,TalentCardType
天赋卡,atk_vanguard,rarity,Common,TalentCardRarity
天赋卡,atk_vanguard,slotDiscount,0.00,float
天赋卡,atk_vanguard,effectType,AttackPercent,TalentEffectType
天赋卡,atk_vanguard,effectValue,30,int
天赋卡,atk_vanguard,effectValue2,0,int
天赋卡,atk_vanguard,secondaryEffectType,EliteDamageBonus,TalentEffectType
天赋卡,atk_vanguard,secondaryEffectValue,50,int
天赋卡,atk_vanguard,secondaryEffectValue2,0,int
天赋卡,atk_vanguard,effectTarget,ByClass,CardEffectTarget
天赋卡,atk_vanguard,targetOperatorType,Vanguard,OperatorType
天赋卡,atk_vanguard,targetOperatorDataId,-1,int
天赋卡,atk_vanguard,purchaseCooldownPenalty,15,int
天赋卡,atk_vanguard,cardScope,PerRun,CardScope
天赋卡,atk_vanguard,isGuardianRewindCard,false,bool
天赋卡,atk_vanguard,triggerType,None,GuardianRewindTriggerType
天赋卡,atk_vanguard,triggerValue,0,int
天赋卡,atk_vanguard,cardTier,Star,CardTier
天赋卡,atk_vanguard,dreamCardOperatorKey,,string
天赋卡,atk_vanguard,isCurse,false,bool
天赋卡,atk_vanguard,curseEffectType,None,TalentEffectType
天赋卡,atk_vanguard,curseEffectValue,0,int
天赋卡,atk_vanguard,curseSecondaryEffectType,None,TalentEffectType
天赋卡,atk_vanguard,curseSecondaryEffectValue,0,int
天赋卡,atk_vanguard,curseRemovable,true,bool
天赋卡,def_armor,cardId,def_armor,string
天赋卡,def_armor,displayName,铁壁防御,string
天赋卡,def_armor,description,全体干员防御力+30%,string
天赋卡,def_armor,cardType,Defense,TalentCardType
天赋卡,def_armor,rarity,Common,TalentCardRarity
天赋卡,def_armor,slotDiscount,0.00,float
天赋卡,def_armor,effectType,DefensePercent,TalentEffectType
天赋卡,def_armor,effectValue,30,int
天赋卡,def_armor,effectValue2,0,int
天赋卡,def_armor,secondaryEffectType,None,TalentEffectType
天赋卡,def_armor,secondaryEffectValue,0,int
天赋卡,def_armor,secondaryEffectValue2,0,int
天赋卡,def_armor,effectTarget,Global,CardEffectTarget
天赋卡,def_armor,targetOperatorType,Vanguard,OperatorType
天赋卡,def_armor,targetOperatorDataId,-1,int
天赋卡,def_armor,purchaseCooldownPenalty,0,int
天赋卡,def_armor,cardScope,PerRun,CardScope
天赋卡,def_armor,isGuardianRewindCard,false,bool
天赋卡,def_armor,triggerType,None,GuardianRewindTriggerType
天赋卡,def_armor,triggerValue,0,int
天赋卡,def_armor,cardTier,Star,CardTier
天赋卡,def_armor,dreamCardOperatorKey,,string
天赋卡,def_armor,isCurse,false,bool
天赋卡,def_armor,curseEffectType,None,TalentEffectType
天赋卡,def_armor,curseEffectValue,0,int
天赋卡,def_armor,curseSecondaryEffectType,None,TalentEffectType
天赋卡,def_armor,curseSecondaryEffectValue,0,int
天赋卡,def_armor,curseRemovable,true,bool
天赋卡,def_armor_regen,cardId,def_armor_regen,string
天赋卡,def_armor_regen,displayName,自然恢复,string
天赋卡,def_armor_regen,description,全体干员最大生命值+20%，攻击吸血+1%,string
天赋卡,def_armor_regen,cardType,Defense,TalentCardType
天赋卡,def_armor_regen,rarity,Advanced,TalentCardRarity
天赋卡,def_armor_regen,slotDiscount,0.00,float
天赋卡,def_armor_regen,effectType,MaxHpPercent,TalentEffectType
天赋卡,def_armor_regen,effectValue,20,int
天赋卡,def_armor_regen,effectValue2,0,int
天赋卡,def_armor_regen,secondaryEffectType,LifeStealPercent,TalentEffectType
天赋卡,def_armor_regen,secondaryEffectValue,1,int
天赋卡,def_armor_regen,secondaryEffectValue2,0,int
天赋卡,def_armor_regen,effectTarget,Global,CardEffectTarget
天赋卡,def_armor_regen,targetOperatorType,Vanguard,OperatorType
天赋卡,def_armor_regen,targetOperatorDataId,-1,int
天赋卡,def_armor_regen,purchaseCooldownPenalty,0,int
天赋卡,def_armor_regen,cardScope,PerRun,CardScope
天赋卡,def_armor_regen,isGuardianRewindCard,false,bool
天赋卡,def_armor_regen,triggerType,None,GuardianRewindTriggerType
天赋卡,def_armor_regen,triggerValue,0,int
天赋卡,def_armor_regen,cardTier,Star,CardTier
天赋卡,def_armor_regen,dreamCardOperatorKey,,string
天赋卡,def_armor_regen,isCurse,false,bool
天赋卡,def_armor_regen,curseEffectType,None,TalentEffectType
天赋卡,def_armor_regen,curseEffectValue,0,int
天赋卡,def_armor_regen,curseSecondaryEffectType,None,TalentEffectType
天赋卡,def_armor_regen,curseSecondaryEffectValue,0,int
天赋卡,def_armor_regen,curseRemovable,true,bool
天赋卡,def_defender_block,cardId,def_defender_block,string
天赋卡,def_defender_block,displayName,重装壁垒,string
天赋卡,def_defender_block,description,重装干员阻挡数+1,string
天赋卡,def_defender_block,cardType,Defense,TalentCardType
天赋卡,def_defender_block,rarity,Advanced,TalentCardRarity
天赋卡,def_defender_block,slotDiscount,0.00,float
天赋卡,def_defender_block,effectType,None,TalentEffectType
天赋卡,def_defender_block,effectValue,0,int
天赋卡,def_defender_block,effectValue2,0,int
天赋卡,def_defender_block,secondaryEffectType,None,TalentEffectType
天赋卡,def_defender_block,secondaryEffectValue,0,int
天赋卡,def_defender_block,secondaryEffectValue2,0,int
天赋卡,def_defender_block,effectTarget,ByClass,CardEffectTarget
天赋卡,def_defender_block,targetOperatorType,Defender,OperatorType
天赋卡,def_defender_block,targetOperatorDataId,-1,int
天赋卡,def_defender_block,purchaseCooldownPenalty,15,int
天赋卡,def_defender_block,cardScope,PerRun,CardScope
天赋卡,def_defender_block,isGuardianRewindCard,false,bool
天赋卡,def_defender_block,triggerType,None,GuardianRewindTriggerType
天赋卡,def_defender_block,triggerValue,0,int
天赋卡,def_defender_block,cardTier,Star,CardTier
天赋卡,def_defender_block,dreamCardOperatorKey,,string
天赋卡,def_defender_block,isCurse,false,bool
天赋卡,def_defender_block,curseEffectType,None,TalentEffectType
天赋卡,def_defender_block,curseEffectValue,0,int
天赋卡,def_defender_block,curseSecondaryEffectType,None,TalentEffectType
天赋卡,def_defender_block,curseSecondaryEffectValue,0,int
天赋卡,def_defender_block,curseRemovable,true,bool
天赋卡,def_dodge,cardId,def_dodge,string
天赋卡,def_dodge,displayName,灵活闪避,string
天赋卡,def_dodge,description,全体干员攻速+20%,string
天赋卡,def_dodge,cardType,Defense,TalentCardType
天赋卡,def_dodge,rarity,Common,TalentCardRarity
天赋卡,def_dodge,slotDiscount,0.00,float
天赋卡,def_dodge,effectType,AttackSpeedPercent,TalentEffectType
天赋卡,def_dodge,effectValue,20,int
天赋卡,def_dodge,effectValue2,0,int
天赋卡,def_dodge,secondaryEffectType,None,TalentEffectType
天赋卡,def_dodge,secondaryEffectValue,0,int
天赋卡,def_dodge,secondaryEffectValue2,0,int
天赋卡,def_dodge,effectTarget,Global,CardEffectTarget
天赋卡,def_dodge,targetOperatorType,Vanguard,OperatorType
天赋卡,def_dodge,targetOperatorDataId,-1,int
天赋卡,def_dodge,purchaseCooldownPenalty,0,int
天赋卡,def_dodge,cardScope,PerRun,CardScope
天赋卡,def_dodge,isGuardianRewindCard,false,bool
天赋卡,def_dodge,triggerType,None,GuardianRewindTriggerType
天赋卡,def_dodge,triggerValue,0,int
天赋卡,def_dodge,cardTier,Star,CardTier
天赋卡,def_dodge,dreamCardOperatorKey,,string
天赋卡,def_dodge,isCurse,false,bool
天赋卡,def_dodge,curseEffectType,None,TalentEffectType
天赋卡,def_dodge,curseEffectValue,0,int
天赋卡,def_dodge,curseSecondaryEffectType,None,TalentEffectType
天赋卡,def_dodge,curseSecondaryEffectValue,0,int
天赋卡,def_dodge,curseRemovable,true,bool
天赋卡,def_guard,cardId,def_guard,string
天赋卡,def_guard,displayName,近卫防御,string
天赋卡,def_guard,description,近卫干员防御力+40%，生命值+15%,string
天赋卡,def_guard,cardType,Defense,TalentCardType
天赋卡,def_guard,rarity,Advanced,TalentCardRarity
天赋卡,def_guard,slotDiscount,0.00,float
天赋卡,def_guard,effectType,DefensePercent,TalentEffectType
天赋卡,def_guard,effectValue,40,int
天赋卡,def_guard,effectValue2,0,int
天赋卡,def_guard,secondaryEffectType,MaxHpPercent,TalentEffectType
天赋卡,def_guard,secondaryEffectValue,15,int
天赋卡,def_guard,secondaryEffectValue2,0,int
天赋卡,def_guard,effectTarget,ByClass,CardEffectTarget
天赋卡,def_guard,targetOperatorType,Vanguard,OperatorType
天赋卡,def_guard,targetOperatorDataId,-1,int
天赋卡,def_guard,purchaseCooldownPenalty,15,int
天赋卡,def_guard,cardScope,PerRun,CardScope
天赋卡,def_guard,isGuardianRewindCard,false,bool
天赋卡,def_guard,triggerType,None,GuardianRewindTriggerType
天赋卡,def_guard,triggerValue,0,int
天赋卡,def_guard,cardTier,Star,CardTier
天赋卡,def_guard,dreamCardOperatorKey,,string
天赋卡,def_guard,isCurse,false,bool
天赋卡,def_guard,curseEffectType,None,TalentEffectType
天赋卡,def_guard,curseEffectValue,0,int
天赋卡,def_guard,curseSecondaryEffectType,None,TalentEffectType
天赋卡,def_guard,curseSecondaryEffectValue,0,int
天赋卡,def_guard,curseRemovable,true,bool
天赋卡,def_hp,cardId,def_hp,string
天赋卡,def_hp,displayName,生命强化,string
天赋卡,def_hp,description,全体干员最大生命值+25%,string
天赋卡,def_hp,cardType,Defense,TalentCardType
天赋卡,def_hp,rarity,Common,TalentCardRarity
天赋卡,def_hp,slotDiscount,0.00,float
天赋卡,def_hp,effectType,MaxHpPercent,TalentEffectType
天赋卡,def_hp,effectValue,25,int
天赋卡,def_hp,effectValue2,0,int
天赋卡,def_hp,secondaryEffectType,None,TalentEffectType
天赋卡,def_hp,secondaryEffectValue,0,int
天赋卡,def_hp,secondaryEffectValue2,0,int
天赋卡,def_hp,effectTarget,Global,CardEffectTarget
天赋卡,def_hp,targetOperatorType,Vanguard,OperatorType
天赋卡,def_hp,targetOperatorDataId,-1,int
天赋卡,def_hp,purchaseCooldownPenalty,0,int
天赋卡,def_hp,cardScope,PerRun,CardScope
天赋卡,def_hp,isGuardianRewindCard,false,bool
天赋卡,def_hp,triggerType,None,GuardianRewindTriggerType
天赋卡,def_hp,triggerValue,0,int
天赋卡,def_hp,cardTier,Star,CardTier
天赋卡,def_hp,dreamCardOperatorKey,,string
天赋卡,def_hp,isCurse,false,bool
天赋卡,def_hp,curseEffectType,None,TalentEffectType
天赋卡,def_hp,curseEffectValue,0,int
天赋卡,def_hp,curseSecondaryEffectType,None,TalentEffectType
天赋卡,def_hp,curseSecondaryEffectValue,0,int
天赋卡,def_hp,curseRemovable,true,bool
天赋卡,def_medic,cardId,def_medic,string
天赋卡,def_medic,displayName,医疗守护,string
天赋卡,def_medic,description,医疗干员治疗量+30%,string
天赋卡,def_medic,cardType,Defense,TalentCardType
天赋卡,def_medic,rarity,Common,TalentCardRarity
天赋卡,def_medic,slotDiscount,0.00,float
天赋卡,def_medic,effectType,None,TalentEffectType
天赋卡,def_medic,effectValue,30,int
天赋卡,def_medic,effectValue2,0,int
天赋卡,def_medic,secondaryEffectType,None,TalentEffectType
天赋卡,def_medic,secondaryEffectValue,0,int
天赋卡,def_medic,secondaryEffectValue2,0,int
天赋卡,def_medic,effectTarget,ByClass,CardEffectTarget
天赋卡,def_medic,targetOperatorType,Medic,OperatorType
天赋卡,def_medic,targetOperatorDataId,-1,int
天赋卡,def_medic,purchaseCooldownPenalty,15,int
天赋卡,def_medic,cardScope,PerRun,CardScope
天赋卡,def_medic,isGuardianRewindCard,false,bool
天赋卡,def_medic,triggerType,None,GuardianRewindTriggerType
天赋卡,def_medic,triggerValue,0,int
天赋卡,def_medic,cardTier,Star,CardTier
天赋卡,def_medic,dreamCardOperatorKey,,string
天赋卡,def_medic,isCurse,false,bool
天赋卡,def_medic,curseEffectType,None,TalentEffectType
天赋卡,def_medic,curseEffectValue,0,int
天赋卡,def_medic,curseSecondaryEffectType,None,TalentEffectType
天赋卡,def_medic,curseSecondaryEffectValue,0,int
天赋卡,def_medic,curseRemovable,true,bool
天赋卡,def_ranged_hp,cardId,def_ranged_hp,string
天赋卡,def_ranged_hp,displayName,远程生存,string
天赋卡,def_ranged_hp,description,狙击/术师/医疗干员最大生命值+20%,string
天赋卡,def_ranged_hp,cardType,Defense,TalentCardType
天赋卡,def_ranged_hp,rarity,Common,TalentCardRarity
天赋卡,def_ranged_hp,slotDiscount,0.00,float
天赋卡,def_ranged_hp,effectType,MaxHpPercent,TalentEffectType
天赋卡,def_ranged_hp,effectValue,20,int
天赋卡,def_ranged_hp,effectValue2,0,int
天赋卡,def_ranged_hp,secondaryEffectType,None,TalentEffectType
天赋卡,def_ranged_hp,secondaryEffectValue,0,int
天赋卡,def_ranged_hp,secondaryEffectValue2,0,int
天赋卡,def_ranged_hp,effectTarget,Global,CardEffectTarget
天赋卡,def_ranged_hp,targetOperatorType,Vanguard,OperatorType
天赋卡,def_ranged_hp,targetOperatorDataId,-1,int
天赋卡,def_ranged_hp,purchaseCooldownPenalty,0,int
天赋卡,def_ranged_hp,cardScope,PerRun,CardScope
天赋卡,def_ranged_hp,isGuardianRewindCard,false,bool
天赋卡,def_ranged_hp,triggerType,None,GuardianRewindTriggerType
天赋卡,def_ranged_hp,triggerValue,0,int
天赋卡,def_ranged_hp,cardTier,Star,CardTier
天赋卡,def_ranged_hp,dreamCardOperatorKey,,string
天赋卡,def_ranged_hp,isCurse,false,bool
天赋卡,def_ranged_hp,curseEffectType,None,TalentEffectType
天赋卡,def_ranged_hp,curseEffectValue,0,int
天赋卡,def_ranged_hp,curseSecondaryEffectType,None,TalentEffectType
天赋卡,def_ranged_hp,curseSecondaryEffectValue,0,int
天赋卡,def_ranged_hp,curseRemovable,true,bool
天赋卡,def_specialist,cardId,def_specialist,string
天赋卡,def_specialist,displayName,特种机动,string
天赋卡,def_specialist,description,特种干员移动速度+50%,string
天赋卡,def_specialist,cardType,Defense,TalentCardType
天赋卡,def_specialist,rarity,Common,TalentCardRarity
天赋卡,def_specialist,slotDiscount,0.00,float
天赋卡,def_specialist,effectType,MoveSpeedPercent,TalentEffectType
天赋卡,def_specialist,effectValue,50,int
天赋卡,def_specialist,effectValue2,0,int
天赋卡,def_specialist,secondaryEffectType,None,TalentEffectType
天赋卡,def_specialist,secondaryEffectValue,0,int
天赋卡,def_specialist,secondaryEffectValue2,0,int
天赋卡,def_specialist,effectTarget,ByClass,CardEffectTarget
天赋卡,def_specialist,targetOperatorType,Specialist,OperatorType
天赋卡,def_specialist,targetOperatorDataId,-1,int
天赋卡,def_specialist,purchaseCooldownPenalty,15,int
天赋卡,def_specialist,cardScope,PerRun,CardScope
天赋卡,def_specialist,isGuardianRewindCard,false,bool
天赋卡,def_specialist,triggerType,None,GuardianRewindTriggerType
天赋卡,def_specialist,triggerValue,0,int
天赋卡,def_specialist,cardTier,Star,CardTier
天赋卡,def_specialist,dreamCardOperatorKey,,string
天赋卡,def_specialist,isCurse,false,bool
天赋卡,def_specialist,curseEffectType,None,TalentEffectType
天赋卡,def_specialist,curseEffectValue,0,int
天赋卡,def_specialist,curseSecondaryEffectType,None,TalentEffectType
天赋卡,def_specialist,curseSecondaryEffectValue,0,int
天赋卡,def_specialist,curseRemovable,true,bool
天赋卡,def_vanguard_block,cardId,def_vanguard_block,string
天赋卡,def_vanguard_block,displayName,先锋壁垒,string
天赋卡,def_vanguard_block,description,先锋干员阻挡数+1,string
天赋卡,def_vanguard_block,cardType,Defense,TalentCardType
天赋卡,def_vanguard_block,rarity,Advanced,TalentCardRarity
天赋卡,def_vanguard_block,slotDiscount,0.00,float
天赋卡,def_vanguard_block,effectType,None,TalentEffectType
天赋卡,def_vanguard_block,effectValue,0,int
天赋卡,def_vanguard_block,effectValue2,0,int
天赋卡,def_vanguard_block,secondaryEffectType,None,TalentEffectType
天赋卡,def_vanguard_block,secondaryEffectValue,0,int
天赋卡,def_vanguard_block,secondaryEffectValue2,0,int
天赋卡,def_vanguard_block,effectTarget,ByClass,CardEffectTarget
天赋卡,def_vanguard_block,targetOperatorType,Guard,OperatorType
天赋卡,def_vanguard_block,targetOperatorDataId,-1,int
天赋卡,def_vanguard_block,purchaseCooldownPenalty,15,int
天赋卡,def_vanguard_block,cardScope,PerRun,CardScope
天赋卡,def_vanguard_block,isGuardianRewindCard,false,bool
天赋卡,def_vanguard_block,triggerType,None,GuardianRewindTriggerType
天赋卡,def_vanguard_block,triggerValue,0,int
天赋卡,def_vanguard_block,cardTier,Star,CardTier
天赋卡,def_vanguard_block,dreamCardOperatorKey,,string
天赋卡,def_vanguard_block,isCurse,false,bool
天赋卡,def_vanguard_block,curseEffectType,None,TalentEffectType
天赋卡,def_vanguard_block,curseEffectValue,0,int
天赋卡,def_vanguard_block,curseSecondaryEffectType,None,TalentEffectType
天赋卡,def_vanguard_block,curseSecondaryEffectValue,0,int
天赋卡,def_vanguard_block,curseRemovable,true,bool
天赋卡,grd_damage,cardId,grd_damage,string
天赋卡,grd_damage,displayName,守护之矛,string
天赋卡,grd_damage,description,守护点攻击力+150,string
天赋卡,grd_damage,cardType,Guardian,TalentCardType
天赋卡,grd_damage,rarity,Common,TalentCardRarity
天赋卡,grd_damage,slotDiscount,0.00,float
天赋卡,grd_damage,effectType,GuardianDamageBonus,TalentEffectType
天赋卡,grd_damage,effectValue,150,int
天赋卡,grd_damage,effectValue2,0,int
天赋卡,grd_damage,secondaryEffectType,None,TalentEffectType
天赋卡,grd_damage,secondaryEffectValue,0,int
天赋卡,grd_damage,secondaryEffectValue2,0,int
天赋卡,grd_damage,effectTarget,Global,CardEffectTarget
天赋卡,grd_damage,targetOperatorType,Vanguard,OperatorType
天赋卡,grd_damage,targetOperatorDataId,-1,int
天赋卡,grd_damage,purchaseCooldownPenalty,0,int
天赋卡,grd_damage,cardScope,PerRun,CardScope
天赋卡,grd_damage,isGuardianRewindCard,false,bool
天赋卡,grd_damage,triggerType,None,GuardianRewindTriggerType
天赋卡,grd_damage,triggerValue,0,int
天赋卡,grd_damage,cardTier,Star,CardTier
天赋卡,grd_damage,dreamCardOperatorKey,,string
天赋卡,grd_damage,isCurse,false,bool
天赋卡,grd_damage,curseEffectType,None,TalentEffectType
天赋卡,grd_damage,curseEffectValue,0,int
天赋卡,grd_damage,curseSecondaryEffectType,None,TalentEffectType
天赋卡,grd_damage,curseSecondaryEffectValue,0,int
天赋卡,grd_damage,curseRemovable,true,bool
天赋卡,grd_hp,cardId,grd_hp,string
天赋卡,grd_hp,displayName,守护之心,string
天赋卡,grd_hp,description,守护点最大生命值+3,string
天赋卡,grd_hp,cardType,Guardian,TalentCardType
天赋卡,grd_hp,rarity,Common,TalentCardRarity
天赋卡,grd_hp,slotDiscount,0.00,float
天赋卡,grd_hp,effectType,GuardianHpBonus,TalentEffectType
天赋卡,grd_hp,effectValue,3,int
天赋卡,grd_hp,effectValue2,0,int
天赋卡,grd_hp,secondaryEffectType,None,TalentEffectType
天赋卡,grd_hp,secondaryEffectValue,0,int
天赋卡,grd_hp,secondaryEffectValue2,0,int
天赋卡,grd_hp,effectTarget,Global,CardEffectTarget
天赋卡,grd_hp,targetOperatorType,Vanguard,OperatorType
天赋卡,grd_hp,targetOperatorDataId,-1,int
天赋卡,grd_hp,purchaseCooldownPenalty,0,int
天赋卡,grd_hp,cardScope,PerRun,CardScope
天赋卡,grd_hp,isGuardianRewindCard,false,bool
天赋卡,grd_hp,triggerType,None,GuardianRewindTriggerType
天赋卡,grd_hp,triggerValue,0,int
天赋卡,grd_hp,cardTier,Star,CardTier
天赋卡,grd_hp,dreamCardOperatorKey,,string
天赋卡,grd_hp,isCurse,false,bool
天赋卡,grd_hp,curseEffectType,None,TalentEffectType
天赋卡,grd_hp,curseEffectValue,0,int
天赋卡,grd_hp,curseSecondaryEffectType,None,TalentEffectType
天赋卡,grd_hp,curseSecondaryEffectValue,0,int
天赋卡,grd_hp,curseRemovable,true,bool
天赋卡,grd_multi,cardId,grd_multi,string
天赋卡,grd_multi,displayName,守护风暴,string
天赋卡,grd_multi,description,守护点同时攻击目标数+2,string
天赋卡,grd_multi,cardType,Guardian,TalentCardType
天赋卡,grd_multi,rarity,Advanced,TalentCardRarity
天赋卡,grd_multi,slotDiscount,0.00,float
天赋卡,grd_multi,effectType,GuardianMultiTarget,TalentEffectType
天赋卡,grd_multi,effectValue,2,int
天赋卡,grd_multi,effectValue2,0,int
天赋卡,grd_multi,secondaryEffectType,None,TalentEffectType
天赋卡,grd_multi,secondaryEffectValue,0,int
天赋卡,grd_multi,secondaryEffectValue2,0,int
天赋卡,grd_multi,effectTarget,Global,CardEffectTarget
天赋卡,grd_multi,targetOperatorType,Vanguard,OperatorType
天赋卡,grd_multi,targetOperatorDataId,-1,int
天赋卡,grd_multi,purchaseCooldownPenalty,0,int
天赋卡,grd_multi,cardScope,PerRun,CardScope
天赋卡,grd_multi,isGuardianRewindCard,false,bool
天赋卡,grd_multi,triggerType,None,GuardianRewindTriggerType
天赋卡,grd_multi,triggerValue,0,int
天赋卡,grd_multi,cardTier,Star,CardTier
天赋卡,grd_multi,dreamCardOperatorKey,,string
天赋卡,grd_multi,isCurse,false,bool
天赋卡,grd_multi,curseEffectType,None,TalentEffectType
天赋卡,grd_multi,curseEffectValue,0,int
天赋卡,grd_multi,curseSecondaryEffectType,None,TalentEffectType
天赋卡,grd_multi,curseSecondaryEffectValue,0,int
天赋卡,grd_multi,curseRemovable,true,bool
天赋卡,grd_pierce,cardId,grd_pierce,string
天赋卡,grd_pierce,displayName,守护穿透,string
天赋卡,grd_pierce,description,守护点攻击无视100%防御,string
天赋卡,grd_pierce,cardType,Guardian,TalentCardType
天赋卡,grd_pierce,rarity,Advanced,TalentCardRarity
天赋卡,grd_pierce,slotDiscount,0.00,float
天赋卡,grd_pierce,effectType,DefensePenetration,TalentEffectType
天赋卡,grd_pierce,effectValue,100,int
天赋卡,grd_pierce,effectValue2,0,int
天赋卡,grd_pierce,secondaryEffectType,None,TalentEffectType
天赋卡,grd_pierce,secondaryEffectValue,0,int
天赋卡,grd_pierce,secondaryEffectValue2,0,int
天赋卡,grd_pierce,effectTarget,Global,CardEffectTarget
天赋卡,grd_pierce,targetOperatorType,Vanguard,OperatorType
天赋卡,grd_pierce,targetOperatorDataId,-1,int
天赋卡,grd_pierce,purchaseCooldownPenalty,0,int
天赋卡,grd_pierce,cardScope,PerRun,CardScope
天赋卡,grd_pierce,isGuardianRewindCard,false,bool
天赋卡,grd_pierce,triggerType,None,GuardianRewindTriggerType
天赋卡,grd_pierce,triggerValue,0,int
天赋卡,grd_pierce,cardTier,Star,CardTier
天赋卡,grd_pierce,dreamCardOperatorKey,,string
天赋卡,grd_pierce,isCurse,false,bool
天赋卡,grd_pierce,curseEffectType,None,TalentEffectType
天赋卡,grd_pierce,curseEffectValue,0,int
天赋卡,grd_pierce,curseSecondaryEffectType,None,TalentEffectType
天赋卡,grd_pierce,curseSecondaryEffectValue,0,int
天赋卡,grd_pierce,curseRemovable,true,bool
天赋卡,grd_range,cardId,grd_range,string
天赋卡,grd_range,displayName,守护射程,string
天赋卡,grd_range,description,守护点攻击范围+2格,string
天赋卡,grd_range,cardType,Guardian,TalentCardType
天赋卡,grd_range,rarity,Common,TalentCardRarity
天赋卡,grd_range,slotDiscount,0.00,float
天赋卡,grd_range,effectType,GuardianRangeBonus,TalentEffectType
天赋卡,grd_range,effectValue,2,int
天赋卡,grd_range,effectValue2,0,int
天赋卡,grd_range,secondaryEffectType,None,TalentEffectType
天赋卡,grd_range,secondaryEffectValue,0,int
天赋卡,grd_range,secondaryEffectValue2,0,int
天赋卡,grd_range,effectTarget,Global,CardEffectTarget
天赋卡,grd_range,targetOperatorType,Vanguard,OperatorType
天赋卡,grd_range,targetOperatorDataId,-1,int
天赋卡,grd_range,purchaseCooldownPenalty,0,int
天赋卡,grd_range,cardScope,PerRun,CardScope
天赋卡,grd_range,isGuardianRewindCard,false,bool
天赋卡,grd_range,triggerType,None,GuardianRewindTriggerType
天赋卡,grd_range,triggerValue,0,int
天赋卡,grd_range,cardTier,Star,CardTier
天赋卡,grd_range,dreamCardOperatorKey,,string
天赋卡,grd_range,isCurse,false,bool
天赋卡,grd_range,curseEffectType,None,TalentEffectType
天赋卡,grd_range,curseEffectValue,0,int
天赋卡,grd_range,curseSecondaryEffectType,None,TalentEffectType
天赋卡,grd_range,curseSecondaryEffectValue,0,int
天赋卡,grd_range,curseRemovable,true,bool
天赋卡,grd_regen,cardId,grd_regen,string
天赋卡,grd_regen,displayName,守护回复,string
天赋卡,grd_regen,description,守护点每10秒回复1点生命,string
天赋卡,grd_regen,cardType,Guardian,TalentCardType
天赋卡,grd_regen,rarity,Common,TalentCardRarity
天赋卡,grd_regen,slotDiscount,0.00,float
天赋卡,grd_regen,effectType,GuardianRegenInterval,TalentEffectType
天赋卡,grd_regen,effectValue,10,int
天赋卡,grd_regen,effectValue2,0,int
天赋卡,grd_regen,secondaryEffectType,None,TalentEffectType
天赋卡,grd_regen,secondaryEffectValue,0,int
天赋卡,grd_regen,secondaryEffectValue2,0,int
天赋卡,grd_regen,effectTarget,Global,CardEffectTarget
天赋卡,grd_regen,targetOperatorType,Vanguard,OperatorType
天赋卡,grd_regen,targetOperatorDataId,-1,int
天赋卡,grd_regen,purchaseCooldownPenalty,0,int
天赋卡,grd_regen,cardScope,PerRun,CardScope
天赋卡,grd_regen,isGuardianRewindCard,false,bool
天赋卡,grd_regen,triggerType,None,GuardianRewindTriggerType
天赋卡,grd_regen,triggerValue,0,int
天赋卡,grd_regen,cardTier,Star,CardTier
天赋卡,grd_regen,dreamCardOperatorKey,,string
天赋卡,grd_regen,isCurse,false,bool
天赋卡,grd_regen,curseEffectType,None,TalentEffectType
天赋卡,grd_regen,curseEffectValue,0,int
天赋卡,grd_regen,curseSecondaryEffectType,None,TalentEffectType
天赋卡,grd_regen,curseSecondaryEffectValue,0,int
天赋卡,grd_regen,curseRemovable,true,bool
天赋卡,grd_rewind,cardId,grd_rewind,string
天赋卡,grd_rewind,displayName,时光延长,string
天赋卡,grd_rewind,description,时光回溯额外回退3秒,string
天赋卡,grd_rewind,cardType,Guardian,TalentCardType
天赋卡,grd_rewind,rarity,Advanced,TalentCardRarity
天赋卡,grd_rewind,slotDiscount,0.00,float
天赋卡,grd_rewind,effectType,GuardianRewindExtraTime,TalentEffectType
天赋卡,grd_rewind,effectValue,3,int
天赋卡,grd_rewind,effectValue2,0,int
天赋卡,grd_rewind,secondaryEffectType,None,TalentEffectType
天赋卡,grd_rewind,secondaryEffectValue,0,int
天赋卡,grd_rewind,secondaryEffectValue2,0,int
天赋卡,grd_rewind,effectTarget,Global,CardEffectTarget
天赋卡,grd_rewind,targetOperatorType,Vanguard,OperatorType
天赋卡,grd_rewind,targetOperatorDataId,-1,int
天赋卡,grd_rewind,purchaseCooldownPenalty,0,int
天赋卡,grd_rewind,cardScope,PerRun,CardScope
天赋卡,grd_rewind,isGuardianRewindCard,false,bool
天赋卡,grd_rewind,triggerType,None,GuardianRewindTriggerType
天赋卡,grd_rewind,triggerValue,0,int
天赋卡,grd_rewind,cardTier,Star,CardTier
天赋卡,grd_rewind,dreamCardOperatorKey,,string
天赋卡,grd_rewind,isCurse,false,bool
天赋卡,grd_rewind,curseEffectType,None,TalentEffectType
天赋卡,grd_rewind,curseEffectValue,0,int
天赋卡,grd_rewind,curseSecondaryEffectType,None,TalentEffectType
天赋卡,grd_rewind,curseSecondaryEffectValue,0,int
天赋卡,grd_rewind,curseRemovable,true,bool
天赋卡,grd_shield,cardId,grd_shield,string
天赋卡,grd_shield,displayName,能量护盾,string
天赋卡,grd_shield,description,守护点获得2层护盾,string
天赋卡,grd_shield,cardType,Guardian,TalentCardType
天赋卡,grd_shield,rarity,Advanced,TalentCardRarity
天赋卡,grd_shield,slotDiscount,0.00,float
天赋卡,grd_shield,effectType,GuardianShieldCount,TalentEffectType
天赋卡,grd_shield,effectValue,2,int
天赋卡,grd_shield,effectValue2,0,int
天赋卡,grd_shield,secondaryEffectType,None,TalentEffectType
天赋卡,grd_shield,secondaryEffectValue,0,int
天赋卡,grd_shield,secondaryEffectValue2,0,int
天赋卡,grd_shield,effectTarget,Global,CardEffectTarget
天赋卡,grd_shield,targetOperatorType,Vanguard,OperatorType
天赋卡,grd_shield,targetOperatorDataId,-1,int
天赋卡,grd_shield,purchaseCooldownPenalty,0,int
天赋卡,grd_shield,cardScope,PerRun,CardScope
天赋卡,grd_shield,isGuardianRewindCard,false,bool
天赋卡,grd_shield,triggerType,None,GuardianRewindTriggerType
天赋卡,grd_shield,triggerValue,0,int
天赋卡,grd_shield,cardTier,Star,CardTier
天赋卡,grd_shield,dreamCardOperatorKey,,string
天赋卡,grd_shield,isCurse,false,bool
天赋卡,grd_shield,curseEffectType,None,TalentEffectType
天赋卡,grd_shield,curseEffectValue,0,int
天赋卡,grd_shield,curseSecondaryEffectType,None,TalentEffectType
天赋卡,grd_shield,curseSecondaryEffectValue,0,int
天赋卡,grd_shield,curseRemovable,true,bool
天赋卡,grd_speed,cardId,grd_speed,string
天赋卡,grd_speed,displayName,守护加速,string
天赋卡,grd_speed,description,守护点攻速+50%,string
天赋卡,grd_speed,cardType,Guardian,TalentCardType
天赋卡,grd_speed,rarity,Common,TalentCardRarity
天赋卡,grd_speed,slotDiscount,0.00,float
天赋卡,grd_speed,effectType,GuardianAttackSpeedPercent,TalentEffectType
天赋卡,grd_speed,effectValue,50,int
天赋卡,grd_speed,effectValue2,0,int
天赋卡,grd_speed,secondaryEffectType,None,TalentEffectType
天赋卡,grd_speed,secondaryEffectValue,0,int
天赋卡,grd_speed,secondaryEffectValue2,0,int
天赋卡,grd_speed,effectTarget,Global,CardEffectTarget
天赋卡,grd_speed,targetOperatorType,Vanguard,OperatorType
天赋卡,grd_speed,targetOperatorDataId,-1,int
天赋卡,grd_speed,purchaseCooldownPenalty,0,int
天赋卡,grd_speed,cardScope,PerRun,CardScope
天赋卡,grd_speed,isGuardianRewindCard,false,bool
天赋卡,grd_speed,triggerType,None,GuardianRewindTriggerType
天赋卡,grd_speed,triggerValue,0,int
天赋卡,grd_speed,cardTier,Star,CardTier
天赋卡,grd_speed,dreamCardOperatorKey,,string
天赋卡,grd_speed,isCurse,false,bool
天赋卡,grd_speed,curseEffectType,None,TalentEffectType
天赋卡,grd_speed,curseEffectValue,0,int
天赋卡,grd_speed,curseSecondaryEffectType,None,TalentEffectType
天赋卡,grd_speed,curseSecondaryEffectValue,0,int
天赋卡,grd_speed,curseRemovable,true,bool
天赋卡,grd_teleport,cardId,grd_teleport,string
天赋卡,grd_teleport,displayName,瞬移精通,string
天赋卡,grd_teleport,description,R键传送冷却时间减少40%,string
天赋卡,grd_teleport,cardType,Guardian,TalentCardType
天赋卡,grd_teleport,rarity,Advanced,TalentCardRarity
天赋卡,grd_teleport,slotDiscount,0.00,float
天赋卡,grd_teleport,effectType,TeleportCooldownReduction,TalentEffectType
天赋卡,grd_teleport,effectValue,40,int
天赋卡,grd_teleport,effectValue2,0,int
天赋卡,grd_teleport,secondaryEffectType,None,TalentEffectType
天赋卡,grd_teleport,secondaryEffectValue,0,int
天赋卡,grd_teleport,secondaryEffectValue2,0,int
天赋卡,grd_teleport,effectTarget,Global,CardEffectTarget
天赋卡,grd_teleport,targetOperatorType,Vanguard,OperatorType
天赋卡,grd_teleport,targetOperatorDataId,-1,int
天赋卡,grd_teleport,purchaseCooldownPenalty,0,int
天赋卡,grd_teleport,cardScope,PerRun,CardScope
天赋卡,grd_teleport,isGuardianRewindCard,false,bool
天赋卡,grd_teleport,triggerType,None,GuardianRewindTriggerType
天赋卡,grd_teleport,triggerValue,0,int
天赋卡,grd_teleport,cardTier,Star,CardTier
天赋卡,grd_teleport,dreamCardOperatorKey,,string
天赋卡,grd_teleport,isCurse,false,bool
天赋卡,grd_teleport,curseEffectType,None,TalentEffectType
天赋卡,grd_teleport,curseEffectValue,0,int
天赋卡,grd_teleport,curseSecondaryEffectType,None,TalentEffectType
天赋卡,grd_teleport,curseSecondaryEffectValue,0,int
天赋卡,grd_teleport,curseRemovable,true,bool
天赋卡,rar_attack_all,cardId,rar_attack_all,string
天赋卡,rar_attack_all,displayName,全军突击,string
天赋卡,rar_attack_all,description,全体干员攻击力+15%，攻速+15%,string
天赋卡,rar_attack_all,cardType,Rare,TalentCardType
天赋卡,rar_attack_all,rarity,Rare,TalentCardRarity
天赋卡,rar_attack_all,slotDiscount,0.00,float
天赋卡,rar_attack_all,effectType,AttackPercent,TalentEffectType
天赋卡,rar_attack_all,effectValue,15,int
天赋卡,rar_attack_all,effectValue2,0,int
天赋卡,rar_attack_all,secondaryEffectType,AttackSpeedPercent,TalentEffectType
天赋卡,rar_attack_all,secondaryEffectValue,15,int
天赋卡,rar_attack_all,secondaryEffectValue2,0,int
天赋卡,rar_attack_all,effectTarget,Global,CardEffectTarget
天赋卡,rar_attack_all,targetOperatorType,Vanguard,OperatorType
天赋卡,rar_attack_all,targetOperatorDataId,-1,int
天赋卡,rar_attack_all,purchaseCooldownPenalty,0,int
天赋卡,rar_attack_all,cardScope,PerRun,CardScope
天赋卡,rar_attack_all,isGuardianRewindCard,false,bool
天赋卡,rar_attack_all,triggerType,None,GuardianRewindTriggerType
天赋卡,rar_attack_all,triggerValue,0,int
天赋卡,rar_attack_all,cardTier,Star,CardTier
天赋卡,rar_attack_all,dreamCardOperatorKey,,string
天赋卡,rar_attack_all,isCurse,false,bool
天赋卡,rar_attack_all,curseEffectType,None,TalentEffectType
天赋卡,rar_attack_all,curseEffectValue,0,int
天赋卡,rar_attack_all,curseSecondaryEffectType,None,TalentEffectType
天赋卡,rar_attack_all,curseSecondaryEffectValue,0,int
天赋卡,rar_attack_all,curseRemovable,true,bool
天赋卡,rar_boss_slayer,cardId,rar_boss_slayer,string
天赋卡,rar_boss_slayer,displayName,精英杀手,string
天赋卡,rar_boss_slayer,description,全体干员对精英和Boss伤害+40%,string
天赋卡,rar_boss_slayer,cardType,Rare,TalentCardType
天赋卡,rar_boss_slayer,rarity,Rare,TalentCardRarity
天赋卡,rar_boss_slayer,slotDiscount,0.00,float
天赋卡,rar_boss_slayer,effectType,EliteDamageBonus,TalentEffectType
天赋卡,rar_boss_slayer,effectValue,40,int
天赋卡,rar_boss_slayer,effectValue2,0,int
天赋卡,rar_boss_slayer,secondaryEffectType,None,TalentEffectType
天赋卡,rar_boss_slayer,secondaryEffectValue,0,int
天赋卡,rar_boss_slayer,secondaryEffectValue2,0,int
天赋卡,rar_boss_slayer,effectTarget,Global,CardEffectTarget
天赋卡,rar_boss_slayer,targetOperatorType,Vanguard,OperatorType
天赋卡,rar_boss_slayer,targetOperatorDataId,-1,int
天赋卡,rar_boss_slayer,purchaseCooldownPenalty,0,int
天赋卡,rar_boss_slayer,cardScope,PerRun,CardScope
天赋卡,rar_boss_slayer,isGuardianRewindCard,false,bool
天赋卡,rar_boss_slayer,triggerType,None,GuardianRewindTriggerType
天赋卡,rar_boss_slayer,triggerValue,0,int
天赋卡,rar_boss_slayer,cardTier,Star,CardTier
天赋卡,rar_boss_slayer,dreamCardOperatorKey,,string
天赋卡,rar_boss_slayer,isCurse,false,bool
天赋卡,rar_boss_slayer,curseEffectType,None,TalentEffectType
天赋卡,rar_boss_slayer,curseEffectValue,0,int
天赋卡,rar_boss_slayer,curseSecondaryEffectType,None,TalentEffectType
天赋卡,rar_boss_slayer,curseSecondaryEffectValue,0,int
天赋卡,rar_boss_slayer,curseRemovable,true,bool
天赋卡,rar_defense_all,cardId,rar_defense_all,string
天赋卡,rar_defense_all,displayName,全军防御,string
天赋卡,rar_defense_all,description,全体干员防御力+25%，生命值+15%,string
天赋卡,rar_defense_all,cardType,Rare,TalentCardType
天赋卡,rar_defense_all,rarity,Rare,TalentCardRarity
天赋卡,rar_defense_all,slotDiscount,0.00,float
天赋卡,rar_defense_all,effectType,DefensePercent,TalentEffectType
天赋卡,rar_defense_all,effectValue,25,int
天赋卡,rar_defense_all,effectValue2,0,int
天赋卡,rar_defense_all,secondaryEffectType,MaxHpPercent,TalentEffectType
天赋卡,rar_defense_all,secondaryEffectValue,15,int
天赋卡,rar_defense_all,secondaryEffectValue2,0,int
天赋卡,rar_defense_all,effectTarget,Global,CardEffectTarget
天赋卡,rar_defense_all,targetOperatorType,Vanguard,OperatorType
天赋卡,rar_defense_all,targetOperatorDataId,-1,int
天赋卡,rar_defense_all,purchaseCooldownPenalty,0,int
天赋卡,rar_defense_all,cardScope,PerRun,CardScope
天赋卡,rar_defense_all,isGuardianRewindCard,false,bool
天赋卡,rar_defense_all,triggerType,None,GuardianRewindTriggerType
天赋卡,rar_defense_all,triggerValue,0,int
天赋卡,rar_defense_all,cardTier,Star,CardTier
天赋卡,rar_defense_all,dreamCardOperatorKey,,string
天赋卡,rar_defense_all,isCurse,false,bool
天赋卡,rar_defense_all,curseEffectType,None,TalentEffectType
天赋卡,rar_defense_all,curseEffectValue,0,int
天赋卡,rar_defense_all,curseSecondaryEffectType,None,TalentEffectType
天赋卡,rar_defense_all,curseSecondaryEffectValue,0,int
天赋卡,rar_defense_all,curseRemovable,true,bool
天赋卡,rar_dp_burst,cardId,rar_dp_burst,string
天赋卡,rar_dp_burst,displayName,部署爆发,string
天赋卡,rar_dp_burst,description,干员部署后前3次攻击伤害翻倍,string
天赋卡,rar_dp_burst,cardType,Rare,TalentCardType
天赋卡,rar_dp_burst,rarity,Rare,TalentCardRarity
天赋卡,rar_dp_burst,slotDiscount,0.00,float
天赋卡,rar_dp_burst,effectType,None,TalentEffectType
天赋卡,rar_dp_burst,effectValue,3,int
天赋卡,rar_dp_burst,effectValue2,0,int
天赋卡,rar_dp_burst,secondaryEffectType,None,TalentEffectType
天赋卡,rar_dp_burst,secondaryEffectValue,0,int
天赋卡,rar_dp_burst,secondaryEffectValue2,0,int
天赋卡,rar_dp_burst,effectTarget,Global,CardEffectTarget
天赋卡,rar_dp_burst,targetOperatorType,Vanguard,OperatorType
天赋卡,rar_dp_burst,targetOperatorDataId,-1,int
天赋卡,rar_dp_burst,purchaseCooldownPenalty,0,int
天赋卡,rar_dp_burst,cardScope,PerRun,CardScope
天赋卡,rar_dp_burst,isGuardianRewindCard,false,bool
天赋卡,rar_dp_burst,triggerType,None,GuardianRewindTriggerType
天赋卡,rar_dp_burst,triggerValue,0,int
天赋卡,rar_dp_burst,cardTier,Star,CardTier
天赋卡,rar_dp_burst,dreamCardOperatorKey,,string
天赋卡,rar_dp_burst,isCurse,false,bool
天赋卡,rar_dp_burst,curseEffectType,None,TalentEffectType
天赋卡,rar_dp_burst,curseEffectValue,0,int
天赋卡,rar_dp_burst,curseSecondaryEffectType,None,TalentEffectType
天赋卡,rar_dp_burst,curseSecondaryEffectValue,0,int
天赋卡,rar_dp_burst,curseRemovable,true,bool
天赋卡,rar_dp_cap,cardId,rar_dp_cap,string
天赋卡,rar_dp_cap,displayName,调度大师,string
天赋卡,rar_dp_cap,description,部署点数上限+100,string
天赋卡,rar_dp_cap,cardType,Rare,TalentCardType
天赋卡,rar_dp_cap,rarity,Rare,TalentCardRarity
天赋卡,rar_dp_cap,slotDiscount,0.00,float
天赋卡,rar_dp_cap,effectType,None,TalentEffectType
天赋卡,rar_dp_cap,effectValue,100,int
天赋卡,rar_dp_cap,effectValue2,0,int
天赋卡,rar_dp_cap,secondaryEffectType,None,TalentEffectType
天赋卡,rar_dp_cap,secondaryEffectValue,0,int
天赋卡,rar_dp_cap,secondaryEffectValue2,0,int
天赋卡,rar_dp_cap,effectTarget,Global,CardEffectTarget
天赋卡,rar_dp_cap,targetOperatorType,Vanguard,OperatorType
天赋卡,rar_dp_cap,targetOperatorDataId,-1,int
天赋卡,rar_dp_cap,purchaseCooldownPenalty,0,int
天赋卡,rar_dp_cap,cardScope,PerRun,CardScope
天赋卡,rar_dp_cap,isGuardianRewindCard,false,bool
天赋卡,rar_dp_cap,triggerType,None,GuardianRewindTriggerType
天赋卡,rar_dp_cap,triggerValue,0,int
天赋卡,rar_dp_cap,cardTier,Star,CardTier
天赋卡,rar_dp_cap,dreamCardOperatorKey,,string
天赋卡,rar_dp_cap,isCurse,false,bool
天赋卡,rar_dp_cap,curseEffectType,None,TalentEffectType
天赋卡,rar_dp_cap,curseEffectValue,0,int
天赋卡,rar_dp_cap,curseSecondaryEffectType,None,TalentEffectType
天赋卡,rar_dp_cap,curseSecondaryEffectValue,0,int
天赋卡,rar_dp_cap,curseRemovable,true,bool
天赋卡,rar_first_strike,cardId,rar_first_strike,string
天赋卡,rar_first_strike,displayName,先发制人,string
天赋卡,rar_first_strike,description,战斗开始前5秒，全体干员攻击力+80%,string
天赋卡,rar_first_strike,cardType,Rare,TalentCardType
天赋卡,rar_first_strike,rarity,Legendary,TalentCardRarity
天赋卡,rar_first_strike,slotDiscount,0.00,float
天赋卡,rar_first_strike,effectType,None,TalentEffectType
天赋卡,rar_first_strike,effectValue,80,int
天赋卡,rar_first_strike,effectValue2,5,int
天赋卡,rar_first_strike,secondaryEffectType,None,TalentEffectType
天赋卡,rar_first_strike,secondaryEffectValue,0,int
天赋卡,rar_first_strike,secondaryEffectValue2,0,int
天赋卡,rar_first_strike,effectTarget,Global,CardEffectTarget
天赋卡,rar_first_strike,targetOperatorType,Vanguard,OperatorType
天赋卡,rar_first_strike,targetOperatorDataId,-1,int
天赋卡,rar_first_strike,purchaseCooldownPenalty,0,int
天赋卡,rar_first_strike,cardScope,PerRun,CardScope
天赋卡,rar_first_strike,isGuardianRewindCard,false,bool
天赋卡,rar_first_strike,triggerType,None,GuardianRewindTriggerType
天赋卡,rar_first_strike,triggerValue,0,int
天赋卡,rar_first_strike,cardTier,Star,CardTier
天赋卡,rar_first_strike,dreamCardOperatorKey,,string
天赋卡,rar_first_strike,isCurse,false,bool
天赋卡,rar_first_strike,curseEffectType,None,TalentEffectType
天赋卡,rar_first_strike,curseEffectValue,0,int
天赋卡,rar_first_strike,curseSecondaryEffectType,None,TalentEffectType
天赋卡,rar_first_strike,curseSecondaryEffectValue,0,int
天赋卡,rar_first_strike,curseRemovable,true,bool
天赋卡,rar_guard_passive,cardId,rar_guard_passive,string
天赋卡,rar_guard_passive,displayName,战阵联动,string
天赋卡,rar_guard_passive,description,近战干员被动不再受单个敌人限制，同时阻挡多个敌人也能触发,string
天赋卡,rar_guard_passive,cardType,Rare,TalentCardType
天赋卡,rar_guard_passive,rarity,Rare,TalentCardRarity
天赋卡,rar_guard_passive,slotDiscount,0.00,float
天赋卡,rar_guard_passive,effectType,None,TalentEffectType
天赋卡,rar_guard_passive,effectValue,1,int
天赋卡,rar_guard_passive,effectValue2,0,int
天赋卡,rar_guard_passive,secondaryEffectType,None,TalentEffectType
天赋卡,rar_guard_passive,secondaryEffectValue,0,int
天赋卡,rar_guard_passive,secondaryEffectValue2,0,int
天赋卡,rar_guard_passive,effectTarget,Global,CardEffectTarget
天赋卡,rar_guard_passive,targetOperatorType,Vanguard,OperatorType
天赋卡,rar_guard_passive,targetOperatorDataId,-1,int
天赋卡,rar_guard_passive,purchaseCooldownPenalty,0,int
天赋卡,rar_guard_passive,cardScope,PerRun,CardScope
天赋卡,rar_guard_passive,isGuardianRewindCard,false,bool
天赋卡,rar_guard_passive,triggerType,None,GuardianRewindTriggerType
天赋卡,rar_guard_passive,triggerValue,0,int
天赋卡,rar_guard_passive,cardTier,Star,CardTier
天赋卡,rar_guard_passive,dreamCardOperatorKey,,string
天赋卡,rar_guard_passive,isCurse,false,bool
天赋卡,rar_guard_passive,curseEffectType,None,TalentEffectType
天赋卡,rar_guard_passive,curseEffectValue,0,int
天赋卡,rar_guard_passive,curseSecondaryEffectType,None,TalentEffectType
天赋卡,rar_guard_passive,curseSecondaryEffectValue,0,int
天赋卡,rar_guard_passive,curseRemovable,true,bool
天赋卡,rar_kill_reinforce,cardId,rar_kill_reinforce,string
天赋卡,rar_kill_reinforce,displayName,击杀强化,string
天赋卡,rar_kill_reinforce,description,每击杀1个敌人，全体干员攻击力+1%(本场，上限30%),string
天赋卡,rar_kill_reinforce,cardType,Rare,TalentCardType
天赋卡,rar_kill_reinforce,rarity,Rare,TalentCardRarity
天赋卡,rar_kill_reinforce,slotDiscount,0.00,float
天赋卡,rar_kill_reinforce,effectType,None,TalentEffectType
天赋卡,rar_kill_reinforce,effectValue,1,int
天赋卡,rar_kill_reinforce,effectValue2,30,int
天赋卡,rar_kill_reinforce,secondaryEffectType,None,TalentEffectType
天赋卡,rar_kill_reinforce,secondaryEffectValue,0,int
天赋卡,rar_kill_reinforce,secondaryEffectValue2,0,int
天赋卡,rar_kill_reinforce,effectTarget,Global,CardEffectTarget
天赋卡,rar_kill_reinforce,targetOperatorType,Vanguard,OperatorType
天赋卡,rar_kill_reinforce,targetOperatorDataId,-1,int
天赋卡,rar_kill_reinforce,purchaseCooldownPenalty,0,int
天赋卡,rar_kill_reinforce,cardScope,PerRun,CardScope
天赋卡,rar_kill_reinforce,isGuardianRewindCard,false,bool
天赋卡,rar_kill_reinforce,triggerType,None,GuardianRewindTriggerType
天赋卡,rar_kill_reinforce,triggerValue,0,int
天赋卡,rar_kill_reinforce,cardTier,Star,CardTier
天赋卡,rar_kill_reinforce,dreamCardOperatorKey,,string
天赋卡,rar_kill_reinforce,isCurse,false,bool
天赋卡,rar_kill_reinforce,curseEffectType,None,TalentEffectType
天赋卡,rar_kill_reinforce,curseEffectValue,0,int
天赋卡,rar_kill_reinforce,curseSecondaryEffectType,None,TalentEffectType
天赋卡,rar_kill_reinforce,curseSecondaryEffectValue,0,int
天赋卡,rar_kill_reinforce,curseRemovable,true,bool
天赋卡,rar_starting_gold,cardId,rar_starting_gold,string
天赋卡,rar_starting_gold,displayName,初始财富,string
天赋卡,rar_starting_gold,description,开局金币+80,string
天赋卡,rar_starting_gold,cardType,Rare,TalentCardType
天赋卡,rar_starting_gold,rarity,Rare,TalentCardRarity
天赋卡,rar_starting_gold,slotDiscount,0.00,float
天赋卡,rar_starting_gold,effectType,None,TalentEffectType
天赋卡,rar_starting_gold,effectValue,80,int
天赋卡,rar_starting_gold,effectValue2,0,int
天赋卡,rar_starting_gold,secondaryEffectType,None,TalentEffectType
天赋卡,rar_starting_gold,secondaryEffectValue,0,int
天赋卡,rar_starting_gold,secondaryEffectValue2,0,int
天赋卡,rar_starting_gold,effectTarget,Global,CardEffectTarget
天赋卡,rar_starting_gold,targetOperatorType,Vanguard,OperatorType
天赋卡,rar_starting_gold,targetOperatorDataId,-1,int
天赋卡,rar_starting_gold,purchaseCooldownPenalty,0,int
天赋卡,rar_starting_gold,cardScope,PerRun,CardScope
天赋卡,rar_starting_gold,isGuardianRewindCard,false,bool
天赋卡,rar_starting_gold,triggerType,None,GuardianRewindTriggerType
天赋卡,rar_starting_gold,triggerValue,0,int
天赋卡,rar_starting_gold,cardTier,Star,CardTier
天赋卡,rar_starting_gold,dreamCardOperatorKey,,string
天赋卡,rar_starting_gold,isCurse,false,bool
天赋卡,rar_starting_gold,curseEffectType,None,TalentEffectType
天赋卡,rar_starting_gold,curseEffectValue,0,int
天赋卡,rar_starting_gold,curseSecondaryEffectType,None,TalentEffectType
天赋卡,rar_starting_gold,curseSecondaryEffectValue,0,int
天赋卡,rar_starting_gold,curseRemovable,true,bool
天赋卡,rar_vanguard_speed,cardId,rar_vanguard_speed,string
天赋卡,rar_vanguard_speed,displayName,先锋共鸣,string
天赋卡,rar_vanguard_speed,description,每有1个先锋干员，所有干员移速+5%,string
天赋卡,rar_vanguard_speed,cardType,Rare,TalentCardType
天赋卡,rar_vanguard_speed,rarity,Rare,TalentCardRarity
天赋卡,rar_vanguard_speed,slotDiscount,0.00,float
天赋卡,rar_vanguard_speed,effectType,None,TalentEffectType
天赋卡,rar_vanguard_speed,effectValue,5,int
天赋卡,rar_vanguard_speed,effectValue2,0,int
天赋卡,rar_vanguard_speed,secondaryEffectType,None,TalentEffectType
天赋卡,rar_vanguard_speed,secondaryEffectValue,0,int
天赋卡,rar_vanguard_speed,secondaryEffectValue2,0,int
天赋卡,rar_vanguard_speed,effectTarget,Global,CardEffectTarget
天赋卡,rar_vanguard_speed,targetOperatorType,Vanguard,OperatorType
天赋卡,rar_vanguard_speed,targetOperatorDataId,-1,int
天赋卡,rar_vanguard_speed,purchaseCooldownPenalty,0,int
天赋卡,rar_vanguard_speed,cardScope,PerRun,CardScope
天赋卡,rar_vanguard_speed,isGuardianRewindCard,false,bool
天赋卡,rar_vanguard_speed,triggerType,None,GuardianRewindTriggerType
天赋卡,rar_vanguard_speed,triggerValue,0,int
天赋卡,rar_vanguard_speed,cardTier,Star,CardTier
天赋卡,rar_vanguard_speed,dreamCardOperatorKey,,string
天赋卡,rar_vanguard_speed,isCurse,false,bool
天赋卡,rar_vanguard_speed,curseEffectType,None,TalentEffectType
天赋卡,rar_vanguard_speed,curseEffectValue,0,int
天赋卡,rar_vanguard_speed,curseSecondaryEffectType,None,TalentEffectType
天赋卡,rar_vanguard_speed,curseSecondaryEffectValue,0,int
天赋卡,rar_vanguard_speed,curseRemovable,true,bool
天赋卡,skl_auto,cardId,skl_auto,string
天赋卡,skl_auto,displayName,自动技能,string
天赋卡,skl_auto,description,所有持续3秒及以下的技能冷却完毕后自动释放,string
天赋卡,skl_auto,cardType,Skill,TalentCardType
天赋卡,skl_auto,rarity,Advanced,TalentCardRarity
天赋卡,skl_auto,slotDiscount,0.00,float
天赋卡,skl_auto,effectType,None,TalentEffectType
天赋卡,skl_auto,effectValue,1,int
天赋卡,skl_auto,effectValue2,0,int
天赋卡,skl_auto,secondaryEffectType,None,TalentEffectType
天赋卡,skl_auto,secondaryEffectValue,0,int
天赋卡,skl_auto,secondaryEffectValue2,0,int
天赋卡,skl_auto,effectTarget,Global,CardEffectTarget
天赋卡,skl_auto,targetOperatorType,Vanguard,OperatorType
天赋卡,skl_auto,targetOperatorDataId,-1,int
天赋卡,skl_auto,purchaseCooldownPenalty,0,int
天赋卡,skl_auto,cardScope,PerRun,CardScope
天赋卡,skl_auto,isGuardianRewindCard,false,bool
天赋卡,skl_auto,triggerType,None,GuardianRewindTriggerType
天赋卡,skl_auto,triggerValue,0,int
天赋卡,skl_auto,cardTier,Star,CardTier
天赋卡,skl_auto,dreamCardOperatorKey,,string
天赋卡,skl_auto,isCurse,false,bool
天赋卡,skl_auto,curseEffectType,None,TalentEffectType
天赋卡,skl_auto,curseEffectValue,0,int
天赋卡,skl_auto,curseSecondaryEffectType,None,TalentEffectType
天赋卡,skl_auto,curseSecondaryEffectValue,0,int
天赋卡,skl_auto,curseRemovable,true,bool
天赋卡,skl_caster_invincible,cardId,skl_caster_invincible,string
天赋卡,skl_caster_invincible,displayName,法师无敌,string
天赋卡,skl_caster_invincible,description,术师干员释放技能时处于无敌状态,string
天赋卡,skl_caster_invincible,cardType,Skill,TalentCardType
天赋卡,skl_caster_invincible,rarity,Rare,TalentCardRarity
天赋卡,skl_caster_invincible,slotDiscount,0.00,float
天赋卡,skl_caster_invincible,effectType,None,TalentEffectType
天赋卡,skl_caster_invincible,effectValue,1,int
天赋卡,skl_caster_invincible,effectValue2,0,int
天赋卡,skl_caster_invincible,secondaryEffectType,None,TalentEffectType
天赋卡,skl_caster_invincible,secondaryEffectValue,0,int
天赋卡,skl_caster_invincible,secondaryEffectValue2,0,int
天赋卡,skl_caster_invincible,effectTarget,ByClass,CardEffectTarget
天赋卡,skl_caster_invincible,targetOperatorType,Sniper,OperatorType
天赋卡,skl_caster_invincible,targetOperatorDataId,-1,int
天赋卡,skl_caster_invincible,purchaseCooldownPenalty,15,int
天赋卡,skl_caster_invincible,cardScope,PerRun,CardScope
天赋卡,skl_caster_invincible,isGuardianRewindCard,false,bool
天赋卡,skl_caster_invincible,triggerType,None,GuardianRewindTriggerType
天赋卡,skl_caster_invincible,triggerValue,0,int
天赋卡,skl_caster_invincible,cardTier,Star,CardTier
天赋卡,skl_caster_invincible,dreamCardOperatorKey,,string
天赋卡,skl_caster_invincible,isCurse,false,bool
天赋卡,skl_caster_invincible,curseEffectType,None,TalentEffectType
天赋卡,skl_caster_invincible,curseEffectValue,0,int
天赋卡,skl_caster_invincible,curseSecondaryEffectType,None,TalentEffectType
天赋卡,skl_caster_invincible,curseSecondaryEffectValue,0,int
天赋卡,skl_caster_invincible,curseRemovable,true,bool
天赋卡,skl_charge,cardId,skl_charge,string
天赋卡,skl_charge,displayName,技能充能,string
天赋卡,skl_charge,description,全体干员攻速+20%,string
天赋卡,skl_charge,cardType,Skill,TalentCardType
天赋卡,skl_charge,rarity,Common,TalentCardRarity
天赋卡,skl_charge,slotDiscount,0.00,float
天赋卡,skl_charge,effectType,AttackSpeedPercent,TalentEffectType
天赋卡,skl_charge,effectValue,20,int
天赋卡,skl_charge,effectValue2,0,int
天赋卡,skl_charge,secondaryEffectType,None,TalentEffectType
天赋卡,skl_charge,secondaryEffectValue,0,int
天赋卡,skl_charge,secondaryEffectValue2,0,int
天赋卡,skl_charge,effectTarget,Global,CardEffectTarget
天赋卡,skl_charge,targetOperatorType,Vanguard,OperatorType
天赋卡,skl_charge,targetOperatorDataId,-1,int
天赋卡,skl_charge,purchaseCooldownPenalty,0,int
天赋卡,skl_charge,cardScope,PerRun,CardScope
天赋卡,skl_charge,isGuardianRewindCard,false,bool
天赋卡,skl_charge,triggerType,None,GuardianRewindTriggerType
天赋卡,skl_charge,triggerValue,0,int
天赋卡,skl_charge,cardTier,Star,CardTier
天赋卡,skl_charge,dreamCardOperatorKey,,string
天赋卡,skl_charge,isCurse,false,bool
天赋卡,skl_charge,curseEffectType,None,TalentEffectType
天赋卡,skl_charge,curseEffectValue,0,int
天赋卡,skl_charge,curseSecondaryEffectType,None,TalentEffectType
天赋卡,skl_charge,curseSecondaryEffectValue,0,int
天赋卡,skl_charge,curseRemovable,true,bool
天赋卡,skl_defender_heal,cardId,skl_defender_heal,string
天赋卡,skl_defender_heal,displayName,重装复苏,string
天赋卡,skl_defender_heal,description,重装干员使用技能时恢复10%生命值,string
天赋卡,skl_defender_heal,cardType,Skill,TalentCardType
天赋卡,skl_defender_heal,rarity,Common,TalentCardRarity
天赋卡,skl_defender_heal,slotDiscount,0.00,float
天赋卡,skl_defender_heal,effectType,None,TalentEffectType
天赋卡,skl_defender_heal,effectValue,10,int
天赋卡,skl_defender_heal,effectValue2,0,int
天赋卡,skl_defender_heal,secondaryEffectType,None,TalentEffectType
天赋卡,skl_defender_heal,secondaryEffectValue,0,int
天赋卡,skl_defender_heal,secondaryEffectValue2,0,int
天赋卡,skl_defender_heal,effectTarget,ByClass,CardEffectTarget
天赋卡,skl_defender_heal,targetOperatorType,Defender,OperatorType
天赋卡,skl_defender_heal,targetOperatorDataId,-1,int
天赋卡,skl_defender_heal,purchaseCooldownPenalty,15,int
天赋卡,skl_defender_heal,cardScope,PerRun,CardScope
天赋卡,skl_defender_heal,isGuardianRewindCard,false,bool
天赋卡,skl_defender_heal,triggerType,None,GuardianRewindTriggerType
天赋卡,skl_defender_heal,triggerValue,0,int
天赋卡,skl_defender_heal,cardTier,Star,CardTier
天赋卡,skl_defender_heal,dreamCardOperatorKey,,string
天赋卡,skl_defender_heal,isCurse,false,bool
天赋卡,skl_defender_heal,curseEffectType,None,TalentEffectType
天赋卡,skl_defender_heal,curseEffectValue,0,int
天赋卡,skl_defender_heal,curseSecondaryEffectType,None,TalentEffectType
天赋卡,skl_defender_heal,curseSecondaryEffectValue,0,int
天赋卡,skl_defender_heal,curseRemovable,true,bool
天赋卡,skl_duration,cardId,skl_duration,string
天赋卡,skl_duration,displayName,技能延续,string
天赋卡,skl_duration,description,全体干员技能持续时间+40%,string
天赋卡,skl_duration,cardType,Skill,TalentCardType
天赋卡,skl_duration,rarity,Common,TalentCardRarity
天赋卡,skl_duration,slotDiscount,0.00,float
天赋卡,skl_duration,effectType,None,TalentEffectType
天赋卡,skl_duration,effectValue,40,int
天赋卡,skl_duration,effectValue2,0,int
天赋卡,skl_duration,secondaryEffectType,None,TalentEffectType
天赋卡,skl_duration,secondaryEffectValue,0,int
天赋卡,skl_duration,secondaryEffectValue2,0,int
天赋卡,skl_duration,effectTarget,Global,CardEffectTarget
天赋卡,skl_duration,targetOperatorType,Vanguard,OperatorType
天赋卡,skl_duration,targetOperatorDataId,-1,int
天赋卡,skl_duration,purchaseCooldownPenalty,0,int
天赋卡,skl_duration,cardScope,PerRun,CardScope
天赋卡,skl_duration,isGuardianRewindCard,false,bool
天赋卡,skl_duration,triggerType,None,GuardianRewindTriggerType
天赋卡,skl_duration,triggerValue,0,int
天赋卡,skl_duration,cardTier,Star,CardTier
天赋卡,skl_duration,dreamCardOperatorKey,,string
天赋卡,skl_duration,isCurse,false,bool
天赋卡,skl_duration,curseEffectType,None,TalentEffectType
天赋卡,skl_duration,curseEffectValue,0,int
天赋卡,skl_duration,curseSecondaryEffectType,None,TalentEffectType
天赋卡,skl_duration,curseSecondaryEffectValue,0,int
天赋卡,skl_duration,curseRemovable,true,bool
天赋卡,skl_guard,cardId,skl_guard,string
天赋卡,skl_guard,displayName,卫士之怒,string
天赋卡,skl_guard,description,近卫干员技能期间攻击力+50%,string
天赋卡,skl_guard,cardType,Skill,TalentCardType
天赋卡,skl_guard,rarity,Advanced,TalentCardRarity
天赋卡,skl_guard,slotDiscount,0.00,float
天赋卡,skl_guard,effectType,None,TalentEffectType
天赋卡,skl_guard,effectValue,50,int
天赋卡,skl_guard,effectValue2,0,int
天赋卡,skl_guard,secondaryEffectType,None,TalentEffectType
天赋卡,skl_guard,secondaryEffectValue,0,int
天赋卡,skl_guard,secondaryEffectValue2,0,int
天赋卡,skl_guard,effectTarget,ByClass,CardEffectTarget
天赋卡,skl_guard,targetOperatorType,Vanguard,OperatorType
天赋卡,skl_guard,targetOperatorDataId,-1,int
天赋卡,skl_guard,purchaseCooldownPenalty,15,int
天赋卡,skl_guard,cardScope,PerRun,CardScope
天赋卡,skl_guard,isGuardianRewindCard,false,bool
天赋卡,skl_guard,triggerType,None,GuardianRewindTriggerType
天赋卡,skl_guard,triggerValue,0,int
天赋卡,skl_guard,cardTier,Star,CardTier
天赋卡,skl_guard,dreamCardOperatorKey,,string
天赋卡,skl_guard,isCurse,false,bool
天赋卡,skl_guard,curseEffectType,None,TalentEffectType
天赋卡,skl_guard,curseEffectValue,0,int
天赋卡,skl_guard,curseSecondaryEffectType,None,TalentEffectType
天赋卡,skl_guard,curseSecondaryEffectValue,0,int
天赋卡,skl_guard,curseRemovable,true,bool
天赋卡,skl_medic_attack,cardId,skl_medic_attack,string
天赋卡,skl_medic_attack,displayName,医者仁心,string
天赋卡,skl_medic_attack,description,医疗干员释放技能时同时攻击敌人,string
天赋卡,skl_medic_attack,cardType,Skill,TalentCardType
天赋卡,skl_medic_attack,rarity,Rare,TalentCardRarity
天赋卡,skl_medic_attack,slotDiscount,0.00,float
天赋卡,skl_medic_attack,effectType,None,TalentEffectType
天赋卡,skl_medic_attack,effectValue,1,int
天赋卡,skl_medic_attack,effectValue2,0,int
天赋卡,skl_medic_attack,secondaryEffectType,None,TalentEffectType
天赋卡,skl_medic_attack,secondaryEffectValue,0,int
天赋卡,skl_medic_attack,secondaryEffectValue2,0,int
天赋卡,skl_medic_attack,effectTarget,ByClass,CardEffectTarget
天赋卡,skl_medic_attack,targetOperatorType,Medic,OperatorType
天赋卡,skl_medic_attack,targetOperatorDataId,-1,int
天赋卡,skl_medic_attack,purchaseCooldownPenalty,15,int
天赋卡,skl_medic_attack,cardScope,PerRun,CardScope
天赋卡,skl_medic_attack,isGuardianRewindCard,false,bool
天赋卡,skl_medic_attack,triggerType,None,GuardianRewindTriggerType
天赋卡,skl_medic_attack,triggerValue,0,int
天赋卡,skl_medic_attack,cardTier,Star,CardTier
天赋卡,skl_medic_attack,dreamCardOperatorKey,,string
天赋卡,skl_medic_attack,isCurse,false,bool
天赋卡,skl_medic_attack,curseEffectType,None,TalentEffectType
天赋卡,skl_medic_attack,curseEffectValue,0,int
天赋卡,skl_medic_attack,curseSecondaryEffectType,None,TalentEffectType
天赋卡,skl_medic_attack,curseSecondaryEffectValue,0,int
天赋卡,skl_medic_attack,curseRemovable,true,bool
天赋卡,skl_sniper_chain,cardId,skl_sniper_chain,string
天赋卡,skl_sniper_chain,displayName,狙击连锁,string
天赋卡,skl_sniper_chain,description,狙击干员攻击可在敌人间弹射1次,string
天赋卡,skl_sniper_chain,cardType,Skill,TalentCardType
天赋卡,skl_sniper_chain,rarity,Advanced,TalentCardRarity
天赋卡,skl_sniper_chain,slotDiscount,0.00,float
天赋卡,skl_sniper_chain,effectType,None,TalentEffectType
天赋卡,skl_sniper_chain,effectValue,1,int
天赋卡,skl_sniper_chain,effectValue2,0,int
天赋卡,skl_sniper_chain,secondaryEffectType,None,TalentEffectType
天赋卡,skl_sniper_chain,secondaryEffectValue,0,int
天赋卡,skl_sniper_chain,secondaryEffectValue2,0,int
天赋卡,skl_sniper_chain,effectTarget,ByClass,CardEffectTarget
天赋卡,skl_sniper_chain,targetOperatorType,Caster,OperatorType
天赋卡,skl_sniper_chain,targetOperatorDataId,-1,int
天赋卡,skl_sniper_chain,purchaseCooldownPenalty,15,int
天赋卡,skl_sniper_chain,cardScope,PerRun,CardScope
天赋卡,skl_sniper_chain,isGuardianRewindCard,false,bool
天赋卡,skl_sniper_chain,triggerType,None,GuardianRewindTriggerType
天赋卡,skl_sniper_chain,triggerValue,0,int
天赋卡,skl_sniper_chain,cardTier,Star,CardTier
天赋卡,skl_sniper_chain,dreamCardOperatorKey,,string
天赋卡,skl_sniper_chain,isCurse,false,bool
天赋卡,skl_sniper_chain,curseEffectType,None,TalentEffectType
天赋卡,skl_sniper_chain,curseEffectValue,0,int
天赋卡,skl_sniper_chain,curseSecondaryEffectType,None,TalentEffectType
天赋卡,skl_sniper_chain,curseSecondaryEffectValue,0,int
天赋卡,skl_sniper_chain,curseRemovable,true,bool
天赋卡,skl_specialist_tp,cardId,skl_specialist_tp,string
天赋卡,skl_specialist_tp,displayName,特种传送,string
天赋卡,skl_specialist_tp,description,特种干员可免费传送1次到任意位置,string
天赋卡,skl_specialist_tp,cardType,Skill,TalentCardType
天赋卡,skl_specialist_tp,rarity,Rare,TalentCardRarity
天赋卡,skl_specialist_tp,slotDiscount,0.00,float
天赋卡,skl_specialist_tp,effectType,None,TalentEffectType
天赋卡,skl_specialist_tp,effectValue,1,int
天赋卡,skl_specialist_tp,effectValue2,0,int
天赋卡,skl_specialist_tp,secondaryEffectType,None,TalentEffectType
天赋卡,skl_specialist_tp,secondaryEffectValue,0,int
天赋卡,skl_specialist_tp,secondaryEffectValue2,0,int
天赋卡,skl_specialist_tp,effectTarget,ByClass,CardEffectTarget
天赋卡,skl_specialist_tp,targetOperatorType,Specialist,OperatorType
天赋卡,skl_specialist_tp,targetOperatorDataId,-1,int
天赋卡,skl_specialist_tp,purchaseCooldownPenalty,15,int
天赋卡,skl_specialist_tp,cardScope,PerRun,CardScope
天赋卡,skl_specialist_tp,isGuardianRewindCard,false,bool
天赋卡,skl_specialist_tp,triggerType,None,GuardianRewindTriggerType
天赋卡,skl_specialist_tp,triggerValue,0,int
天赋卡,skl_specialist_tp,cardTier,Star,CardTier
天赋卡,skl_specialist_tp,dreamCardOperatorKey,,string
天赋卡,skl_specialist_tp,isCurse,false,bool
天赋卡,skl_specialist_tp,curseEffectType,None,TalentEffectType
天赋卡,skl_specialist_tp,curseEffectValue,0,int
天赋卡,skl_specialist_tp,curseSecondaryEffectType,None,TalentEffectType
天赋卡,skl_specialist_tp,curseSecondaryEffectValue,0,int
天赋卡,skl_specialist_tp,curseRemovable,true,bool
天赋卡,skl_vanguard_dp,cardId,skl_vanguard_dp,string
天赋卡,skl_vanguard_dp,displayName,先锋征召,string
天赋卡,skl_vanguard_dp,description,先锋干员部署后返还30%部署费用,string
天赋卡,skl_vanguard_dp,cardType,Skill,TalentCardType
天赋卡,skl_vanguard_dp,rarity,Common,TalentCardRarity
天赋卡,skl_vanguard_dp,slotDiscount,0.00,float
天赋卡,skl_vanguard_dp,effectType,None,TalentEffectType
天赋卡,skl_vanguard_dp,effectValue,30,int
天赋卡,skl_vanguard_dp,effectValue2,0,int
天赋卡,skl_vanguard_dp,secondaryEffectType,None,TalentEffectType
天赋卡,skl_vanguard_dp,secondaryEffectValue,0,int
天赋卡,skl_vanguard_dp,secondaryEffectValue2,0,int
天赋卡,skl_vanguard_dp,effectTarget,ByClass,CardEffectTarget
天赋卡,skl_vanguard_dp,targetOperatorType,Guard,OperatorType
天赋卡,skl_vanguard_dp,targetOperatorDataId,-1,int
天赋卡,skl_vanguard_dp,purchaseCooldownPenalty,15,int
天赋卡,skl_vanguard_dp,cardScope,PerRun,CardScope
天赋卡,skl_vanguard_dp,isGuardianRewindCard,false,bool
天赋卡,skl_vanguard_dp,triggerType,None,GuardianRewindTriggerType
天赋卡,skl_vanguard_dp,triggerValue,0,int
天赋卡,skl_vanguard_dp,cardTier,Star,CardTier
天赋卡,skl_vanguard_dp,dreamCardOperatorKey,,string
天赋卡,skl_vanguard_dp,isCurse,false,bool
天赋卡,skl_vanguard_dp,curseEffectType,None,TalentEffectType
天赋卡,skl_vanguard_dp,curseEffectValue,0,int
天赋卡,skl_vanguard_dp,curseSecondaryEffectType,None,TalentEffectType
天赋卡,skl_vanguard_dp,curseSecondaryEffectValue,0,int
天赋卡,skl_vanguard_dp,curseRemovable,true,bool
天赋卡,spc_card_capacity,cardId,spc_card_capacity,string
天赋卡,spc_card_capacity,displayName,星卡容量,string
天赋卡,spc_card_capacity,description,可持有的最大卡片数量+1,string
天赋卡,spc_card_capacity,cardType,Special,TalentCardType
天赋卡,spc_card_capacity,rarity,Advanced,TalentCardRarity
天赋卡,spc_card_capacity,slotDiscount,0.00,float
天赋卡,spc_card_capacity,effectType,None,TalentEffectType
天赋卡,spc_card_capacity,effectValue,1,int
天赋卡,spc_card_capacity,effectValue2,0,int
天赋卡,spc_card_capacity,secondaryEffectType,None,TalentEffectType
天赋卡,spc_card_capacity,secondaryEffectValue,0,int
天赋卡,spc_card_capacity,secondaryEffectValue2,0,int
天赋卡,spc_card_capacity,effectTarget,Global,CardEffectTarget
天赋卡,spc_card_capacity,targetOperatorType,Vanguard,OperatorType
天赋卡,spc_card_capacity,targetOperatorDataId,-1,int
天赋卡,spc_card_capacity,purchaseCooldownPenalty,0,int
天赋卡,spc_card_capacity,cardScope,PerRun,CardScope
天赋卡,spc_card_capacity,isGuardianRewindCard,false,bool
天赋卡,spc_card_capacity,triggerType,None,GuardianRewindTriggerType
天赋卡,spc_card_capacity,triggerValue,0,int
天赋卡,spc_card_capacity,cardTier,Star,CardTier
天赋卡,spc_card_capacity,dreamCardOperatorKey,,string
天赋卡,spc_card_capacity,isCurse,false,bool
天赋卡,spc_card_capacity,curseEffectType,None,TalentEffectType
天赋卡,spc_card_capacity,curseEffectValue,0,int
天赋卡,spc_card_capacity,curseSecondaryEffectType,None,TalentEffectType
天赋卡,spc_card_capacity,curseSecondaryEffectValue,0,int
天赋卡,spc_card_capacity,curseRemovable,true,bool
天赋卡,spc_draw,cardId,spc_draw,string
天赋卡,spc_draw,displayName,命运抉择,string
天赋卡,spc_draw,description,每场战斗后额外抽取1张卡片,string
天赋卡,spc_draw,cardType,Special,TalentCardType
天赋卡,spc_draw,rarity,Common,TalentCardRarity
天赋卡,spc_draw,slotDiscount,0.00,float
天赋卡,spc_draw,effectType,None,TalentEffectType
天赋卡,spc_draw,effectValue,1,int
天赋卡,spc_draw,effectValue2,0,int
天赋卡,spc_draw,secondaryEffectType,None,TalentEffectType
天赋卡,spc_draw,secondaryEffectValue,0,int
天赋卡,spc_draw,secondaryEffectValue2,0,int
天赋卡,spc_draw,effectTarget,Global,CardEffectTarget
天赋卡,spc_draw,targetOperatorType,Vanguard,OperatorType
天赋卡,spc_draw,targetOperatorDataId,-1,int
天赋卡,spc_draw,purchaseCooldownPenalty,0,int
天赋卡,spc_draw,cardScope,PerRun,CardScope
天赋卡,spc_draw,isGuardianRewindCard,false,bool
天赋卡,spc_draw,triggerType,None,GuardianRewindTriggerType
天赋卡,spc_draw,triggerValue,0,int
天赋卡,spc_draw,cardTier,Star,CardTier
天赋卡,spc_draw,dreamCardOperatorKey,,string
天赋卡,spc_draw,isCurse,false,bool
天赋卡,spc_draw,curseEffectType,None,TalentEffectType
天赋卡,spc_draw,curseEffectValue,0,int
天赋卡,spc_draw,curseSecondaryEffectType,None,TalentEffectType
天赋卡,spc_draw,curseSecondaryEffectValue,0,int
天赋卡,spc_draw,curseRemovable,true,bool
天赋卡,spc_extra_shop,cardId,spc_extra_shop,string
天赋卡,spc_extra_shop,displayName,免费购物,string
天赋卡,spc_extra_shop,description,本局免费购买1张卡片,string
天赋卡,spc_extra_shop,cardType,Special,TalentCardType
天赋卡,spc_extra_shop,rarity,Advanced,TalentCardRarity
天赋卡,spc_extra_shop,slotDiscount,0.00,float
天赋卡,spc_extra_shop,effectType,None,TalentEffectType
天赋卡,spc_extra_shop,effectValue,1,int
天赋卡,spc_extra_shop,effectValue2,0,int
天赋卡,spc_extra_shop,secondaryEffectType,None,TalentEffectType
天赋卡,spc_extra_shop,secondaryEffectValue,0,int
天赋卡,spc_extra_shop,secondaryEffectValue2,0,int
天赋卡,spc_extra_shop,effectTarget,Global,CardEffectTarget
天赋卡,spc_extra_shop,targetOperatorType,Vanguard,OperatorType
天赋卡,spc_extra_shop,targetOperatorDataId,-1,int
天赋卡,spc_extra_shop,purchaseCooldownPenalty,0,int
天赋卡,spc_extra_shop,cardScope,PerRun,CardScope
天赋卡,spc_extra_shop,isGuardianRewindCard,false,bool
天赋卡,spc_extra_shop,triggerType,None,GuardianRewindTriggerType
天赋卡,spc_extra_shop,triggerValue,0,int
天赋卡,spc_extra_shop,cardTier,Star,CardTier
天赋卡,spc_extra_shop,dreamCardOperatorKey,,string
天赋卡,spc_extra_shop,isCurse,false,bool
天赋卡,spc_extra_shop,curseEffectType,None,TalentEffectType
天赋卡,spc_extra_shop,curseEffectValue,0,int
天赋卡,spc_extra_shop,curseSecondaryEffectType,None,TalentEffectType
天赋卡,spc_extra_shop,curseSecondaryEffectValue,0,int
天赋卡,spc_extra_shop,curseRemovable,true,bool
天赋卡,spc_gold,cardId,spc_gold,string
天赋卡,spc_gold,displayName,财源滚滚,string
天赋卡,spc_gold,description,金币获取+35%,string
天赋卡,spc_gold,cardType,Special,TalentCardType
天赋卡,spc_gold,rarity,Common,TalentCardRarity
天赋卡,spc_gold,slotDiscount,0.00,float
天赋卡,spc_gold,effectType,GoldBonus,TalentEffectType
天赋卡,spc_gold,effectValue,35,int
天赋卡,spc_gold,effectValue2,0,int
天赋卡,spc_gold,secondaryEffectType,None,TalentEffectType
天赋卡,spc_gold,secondaryEffectValue,0,int
天赋卡,spc_gold,secondaryEffectValue2,0,int
天赋卡,spc_gold,effectTarget,Global,CardEffectTarget
天赋卡,spc_gold,targetOperatorType,Vanguard,OperatorType
天赋卡,spc_gold,targetOperatorDataId,-1,int
天赋卡,spc_gold,purchaseCooldownPenalty,0,int
天赋卡,spc_gold,cardScope,PerRun,CardScope
天赋卡,spc_gold,isGuardianRewindCard,false,bool
天赋卡,spc_gold,triggerType,None,GuardianRewindTriggerType
天赋卡,spc_gold,triggerValue,0,int
天赋卡,spc_gold,cardTier,Star,CardTier
天赋卡,spc_gold,dreamCardOperatorKey,,string
天赋卡,spc_gold,isCurse,false,bool
天赋卡,spc_gold,curseEffectType,None,TalentEffectType
天赋卡,spc_gold,curseEffectValue,0,int
天赋卡,spc_gold,curseSecondaryEffectType,None,TalentEffectType
天赋卡,spc_gold,curseSecondaryEffectValue,0,int
天赋卡,spc_gold,curseRemovable,true,bool
天赋卡,spc_guard_attack,cardId,spc_guard_attack,string
天赋卡,spc_guard_attack,displayName,卫士横扫,string
天赋卡,spc_guard_attack,description,近卫干员同时攻击所有被阻挡的敌人,string
天赋卡,spc_guard_attack,cardType,Special,TalentCardType
天赋卡,spc_guard_attack,rarity,Rare,TalentCardRarity
天赋卡,spc_guard_attack,slotDiscount,0.00,float
天赋卡,spc_guard_attack,effectType,None,TalentEffectType
天赋卡,spc_guard_attack,effectValue,1,int
天赋卡,spc_guard_attack,effectValue2,0,int
天赋卡,spc_guard_attack,secondaryEffectType,None,TalentEffectType
天赋卡,spc_guard_attack,secondaryEffectValue,0,int
天赋卡,spc_guard_attack,secondaryEffectValue2,0,int
天赋卡,spc_guard_attack,effectTarget,ByClass,CardEffectTarget
天赋卡,spc_guard_attack,targetOperatorType,Vanguard,OperatorType
天赋卡,spc_guard_attack,targetOperatorDataId,-1,int
天赋卡,spc_guard_attack,purchaseCooldownPenalty,15,int
天赋卡,spc_guard_attack,cardScope,PerRun,CardScope
天赋卡,spc_guard_attack,isGuardianRewindCard,false,bool
天赋卡,spc_guard_attack,triggerType,None,GuardianRewindTriggerType
天赋卡,spc_guard_attack,triggerValue,0,int
天赋卡,spc_guard_attack,cardTier,Star,CardTier
天赋卡,spc_guard_attack,dreamCardOperatorKey,,string
天赋卡,spc_guard_attack,isCurse,false,bool
天赋卡,spc_guard_attack,curseEffectType,None,TalentEffectType
天赋卡,spc_guard_attack,curseEffectValue,0,int
天赋卡,spc_guard_attack,curseSecondaryEffectType,None,TalentEffectType
天赋卡,spc_guard_attack,curseSecondaryEffectValue,0,int
天赋卡,spc_guard_attack,curseRemovable,true,bool
天赋卡,spc_guard_range,cardId,spc_guard_range,string
天赋卡,spc_guard_range,displayName,先锋扩张,string
天赋卡,spc_guard_range,description,先锋干员可部署范围+2格,string
天赋卡,spc_guard_range,cardType,Special,TalentCardType
天赋卡,spc_guard_range,rarity,Advanced,TalentCardRarity
天赋卡,spc_guard_range,slotDiscount,0.00,float
天赋卡,spc_guard_range,effectType,None,TalentEffectType
天赋卡,spc_guard_range,effectValue,2,int
天赋卡,spc_guard_range,effectValue2,0,int
天赋卡,spc_guard_range,secondaryEffectType,None,TalentEffectType
天赋卡,spc_guard_range,secondaryEffectValue,0,int
天赋卡,spc_guard_range,secondaryEffectValue2,0,int
天赋卡,spc_guard_range,effectTarget,ByClass,CardEffectTarget
天赋卡,spc_guard_range,targetOperatorType,Guard,OperatorType
天赋卡,spc_guard_range,targetOperatorDataId,-1,int
天赋卡,spc_guard_range,purchaseCooldownPenalty,15,int
天赋卡,spc_guard_range,cardScope,PerRun,CardScope
天赋卡,spc_guard_range,isGuardianRewindCard,false,bool
天赋卡,spc_guard_range,triggerType,None,GuardianRewindTriggerType
天赋卡,spc_guard_range,triggerValue,0,int
天赋卡,spc_guard_range,cardTier,Star,CardTier
天赋卡,spc_guard_range,dreamCardOperatorKey,,string
天赋卡,spc_guard_range,isCurse,false,bool
天赋卡,spc_guard_range,curseEffectType,None,TalentEffectType
天赋卡,spc_guard_range,curseEffectValue,0,int
天赋卡,spc_guard_range,curseSecondaryEffectType,None,TalentEffectType
天赋卡,spc_guard_range,curseSecondaryEffectValue,0,int
天赋卡,spc_guard_range,curseRemovable,true,bool
天赋卡,spc_repair,cardId,spc_repair,string
天赋卡,spc_repair,displayName,战场维修,string
天赋卡,spc_repair,description,每场战斗结束后守护点生命回满,string
天赋卡,spc_repair,cardType,Special,TalentCardType
天赋卡,spc_repair,rarity,Common,TalentCardRarity
天赋卡,spc_repair,slotDiscount,0.00,float
天赋卡,spc_repair,effectType,GuardianBattleEndHeal,TalentEffectType
天赋卡,spc_repair,effectValue,1,int
天赋卡,spc_repair,effectValue2,0,int
天赋卡,spc_repair,secondaryEffectType,None,TalentEffectType
天赋卡,spc_repair,secondaryEffectValue,0,int
天赋卡,spc_repair,secondaryEffectValue2,0,int
天赋卡,spc_repair,effectTarget,Global,CardEffectTarget
天赋卡,spc_repair,targetOperatorType,Vanguard,OperatorType
天赋卡,spc_repair,targetOperatorDataId,-1,int
天赋卡,spc_repair,purchaseCooldownPenalty,0,int
天赋卡,spc_repair,cardScope,PerRun,CardScope
天赋卡,spc_repair,isGuardianRewindCard,false,bool
天赋卡,spc_repair,triggerType,None,GuardianRewindTriggerType
天赋卡,spc_repair,triggerValue,0,int
天赋卡,spc_repair,cardTier,Star,CardTier
天赋卡,spc_repair,dreamCardOperatorKey,,string
天赋卡,spc_repair,isCurse,false,bool
天赋卡,spc_repair,curseEffectType,None,TalentEffectType
天赋卡,spc_repair,curseEffectValue,0,int
天赋卡,spc_repair,curseSecondaryEffectType,None,TalentEffectType
天赋卡,spc_repair,curseSecondaryEffectValue,0,int
天赋卡,spc_repair,curseRemovable,true,bool
天赋卡,spc_reroll,cardId,spc_reroll,string
天赋卡,spc_reroll,displayName,免费重抽,string
天赋卡,spc_reroll,description,本局免费重抽2次,string
天赋卡,spc_reroll,cardType,Special,TalentCardType
天赋卡,spc_reroll,rarity,Common,TalentCardRarity
天赋卡,spc_reroll,slotDiscount,0.00,float
天赋卡,spc_reroll,effectType,None,TalentEffectType
天赋卡,spc_reroll,effectValue,2,int
天赋卡,spc_reroll,effectValue2,0,int
天赋卡,spc_reroll,secondaryEffectType,None,TalentEffectType
天赋卡,spc_reroll,secondaryEffectValue,0,int
天赋卡,spc_reroll,secondaryEffectValue2,0,int
天赋卡,spc_reroll,effectTarget,Global,CardEffectTarget
天赋卡,spc_reroll,targetOperatorType,Vanguard,OperatorType
天赋卡,spc_reroll,targetOperatorDataId,-1,int
天赋卡,spc_reroll,purchaseCooldownPenalty,0,int
天赋卡,spc_reroll,cardScope,PerRun,CardScope
天赋卡,spc_reroll,isGuardianRewindCard,false,bool
天赋卡,spc_reroll,triggerType,None,GuardianRewindTriggerType
天赋卡,spc_reroll,triggerValue,0,int
天赋卡,spc_reroll,cardTier,Star,CardTier
天赋卡,spc_reroll,dreamCardOperatorKey,,string
天赋卡,spc_reroll,isCurse,false,bool
天赋卡,spc_reroll,curseEffectType,None,TalentEffectType
天赋卡,spc_reroll,curseEffectValue,0,int
天赋卡,spc_reroll,curseSecondaryEffectType,None,TalentEffectType
天赋卡,spc_reroll,curseSecondaryEffectValue,0,int
天赋卡,spc_reroll,curseRemovable,true,bool
天赋卡,spc_revive,cardId,spc_revive,string
天赋卡,spc_revive,displayName,复活契约,string
天赋卡,spc_revive,description,干员死亡时30%概率复活并恢复50%生命值,string
天赋卡,spc_revive,cardType,Special,TalentCardType
天赋卡,spc_revive,rarity,Rare,TalentCardRarity
天赋卡,spc_revive,slotDiscount,0.00,float
天赋卡,spc_revive,effectType,None,TalentEffectType
天赋卡,spc_revive,effectValue,30,int
天赋卡,spc_revive,effectValue2,0,int
天赋卡,spc_revive,secondaryEffectType,None,TalentEffectType
天赋卡,spc_revive,secondaryEffectValue,0,int
天赋卡,spc_revive,secondaryEffectValue2,0,int
天赋卡,spc_revive,effectTarget,Global,CardEffectTarget
天赋卡,spc_revive,targetOperatorType,Vanguard,OperatorType
天赋卡,spc_revive,targetOperatorDataId,-1,int
天赋卡,spc_revive,purchaseCooldownPenalty,0,int
天赋卡,spc_revive,cardScope,PerRun,CardScope
天赋卡,spc_revive,isGuardianRewindCard,false,bool
天赋卡,spc_revive,triggerType,None,GuardianRewindTriggerType
天赋卡,spc_revive,triggerValue,0,int
天赋卡,spc_revive,cardTier,Star,CardTier
天赋卡,spc_revive,dreamCardOperatorKey,,string
天赋卡,spc_revive,isCurse,false,bool
天赋卡,spc_revive,curseEffectType,None,TalentEffectType
天赋卡,spc_revive,curseEffectValue,0,int
天赋卡,spc_revive,curseSecondaryEffectType,None,TalentEffectType
天赋卡,spc_revive,curseSecondaryEffectValue,0,int
天赋卡,spc_revive,curseRemovable,true,bool
天赋卡,spc_sniper_range,cardId,spc_sniper_range,string
天赋卡,spc_sniper_range,displayName,狙击射程,string
天赋卡,spc_sniper_range,description,狙击干员攻击范围+3格,string
天赋卡,spc_sniper_range,cardType,Special,TalentCardType
天赋卡,spc_sniper_range,rarity,Advanced,TalentCardRarity
天赋卡,spc_sniper_range,slotDiscount,0.00,float
天赋卡,spc_sniper_range,effectType,None,TalentEffectType
天赋卡,spc_sniper_range,effectValue,3,int
天赋卡,spc_sniper_range,effectValue2,0,int
天赋卡,spc_sniper_range,secondaryEffectType,None,TalentEffectType
天赋卡,spc_sniper_range,secondaryEffectValue,0,int
天赋卡,spc_sniper_range,secondaryEffectValue2,0,int
天赋卡,spc_sniper_range,effectTarget,ByClass,CardEffectTarget
天赋卡,spc_sniper_range,targetOperatorType,Caster,OperatorType
天赋卡,spc_sniper_range,targetOperatorDataId,-1,int
天赋卡,spc_sniper_range,purchaseCooldownPenalty,15,int
天赋卡,spc_sniper_range,cardScope,PerRun,CardScope
天赋卡,spc_sniper_range,isGuardianRewindCard,false,bool
天赋卡,spc_sniper_range,triggerType,None,GuardianRewindTriggerType
天赋卡,spc_sniper_range,triggerValue,0,int
天赋卡,spc_sniper_range,cardTier,Star,CardTier
天赋卡,spc_sniper_range,dreamCardOperatorKey,,string
天赋卡,spc_sniper_range,isCurse,false,bool
天赋卡,spc_sniper_range,curseEffectType,None,TalentEffectType
天赋卡,spc_sniper_range,curseEffectValue,0,int
天赋卡,spc_sniper_range,curseSecondaryEffectType,None,TalentEffectType
天赋卡,spc_sniper_range,curseSecondaryEffectValue,0,int
天赋卡,spc_sniper_range,curseRemovable,true,bool
天赋树,攻击强化 I,nodeId,atk_0,string
天赋树,攻击强化 I,branch,攻击,string
天赋树,攻击强化 I,order,0,int
天赋树,攻击强化 I,cost,4,int
天赋树,攻击强化 I,effectType,AttackFlat,enum
天赋树,攻击强化 I,effectValue,10,int
天赋树,攻击强化 I,isBig,false,bool
天赋树,攻速强化,nodeId,atk_1,string
天赋树,攻速强化,branch,攻击,string
天赋树,攻速强化,order,1,int
天赋树,攻速强化,cost,8,int
天赋树,攻速强化,effectType,AttackSpeed,enum
天赋树,攻速强化,effectValue,8,int
天赋树,攻速强化,isBig,false,bool
天赋树,攻击强化 II,nodeId,atk_2,string
天赋树,攻击强化 II,branch,攻击,string
天赋树,攻击强化 II,order,2,int
天赋树,攻击强化 II,cost,12,int
天赋树,攻击强化 II,effectType,AttackFlat,enum
天赋树,攻击强化 II,effectValue,15,int
天赋树,攻击强化 II,isBig,false,bool
天赋树,战争领主,nodeId,atk_3,string
天赋树,战争领主,branch,攻击,string
天赋树,战争领主,order,3,int
天赋树,战争领主,cost,20,int
天赋树,战争领主,effectType,AttackPercent,enum
天赋树,战争领主,effectValue,25,int
天赋树,战争领主,isBig,true,bool
天赋树,防御强化 I,nodeId,def_0,string
天赋树,防御强化 I,branch,防御,string
天赋树,防御强化 I,order,0,int
天赋树,防御强化 I,cost,4,int
天赋树,防御强化 I,effectType,DefenseFlat,enum
天赋树,防御强化 I,effectValue,10,int
天赋树,防御强化 I,isBig,false,bool
天赋树,守护壁垒,nodeId,def_1,string
天赋树,守护壁垒,branch,防御,string
天赋树,守护壁垒,order,1,int
天赋树,守护壁垒,cost,8,int
天赋树,守护壁垒,effectType,GuardianHp,enum
天赋树,守护壁垒,effectValue,1,int
天赋树,守护壁垒,isBig,false,bool
天赋树,防御强化 II,nodeId,def_2,string
天赋树,防御强化 II,branch,防御,string
天赋树,防御强化 II,order,2,int
天赋树,防御强化 II,cost,12,int
天赋树,防御强化 II,effectType,DefenseFlat,enum
天赋树,防御强化 II,effectValue,15,int
天赋树,防御强化 II,isBig,false,bool
天赋树,不灭之盾,nodeId,def_3,string
天赋树,不灭之盾,branch,防御,string
天赋树,不灭之盾,order,3,int
天赋树,不灭之盾,cost,20,int
天赋树,不灭之盾,effectType,GuardianSave,enum
天赋树,不灭之盾,effectValue,1,int
天赋树,不灭之盾,isBig,true,bool
天赋树,初始金币 I,nodeId,eco_0,string
天赋树,初始金币 I,branch,经济,string
天赋树,初始金币 I,order,0,int
天赋树,初始金币 I,cost,4,int
天赋树,初始金币 I,effectType,InitialGold,enum
天赋树,初始金币 I,effectValue,50,int
天赋树,初始金币 I,isBig,false,bool
天赋树,重抽折扣,nodeId,eco_1,string
天赋树,重抽折扣,branch,经济,string
天赋树,重抽折扣,order,1,int
天赋树,重抽折扣,cost,8,int
天赋树,重抽折扣,effectType,RerollDiscount,enum
天赋树,重抽折扣,effectValue,5,int
天赋树,重抽折扣,isBig,false,bool
天赋树,通关金币,nodeId,eco_2,string
天赋树,通关金币,branch,经济,string
天赋树,通关金币,order,2,int
天赋树,通关金币,cost,12,int
天赋树,通关金币,effectType,GoldGainPercent,enum
天赋树,通关金币,effectValue,20,int
天赋树,通关金币,isBig,false,bool
天赋树,幸运之手,nodeId,eco_3,string
天赋树,幸运之手,branch,经济,string
天赋树,幸运之手,order,3,int
天赋树,幸运之手,cost,20,int
天赋树,幸运之手,effectType,ExtraDraw,enum
天赋树,幸运之手,effectValue,1,int
天赋树,幸运之手,isBig,true,bool
天赋树,DP回复 I,nodeId,dep_0,string
天赋树,DP回复 I,branch,部署,string
天赋树,DP回复 I,order,0,int
天赋树,DP回复 I,cost,4,int
天赋树,DP回复 I,effectType,DpRegen,enum
天赋树,DP回复 I,effectValue,1,int
天赋树,DP回复 I,isBig,false,bool
天赋树,初始DP,nodeId,dep_1,string
天赋树,初始DP,branch,部署,string
天赋树,初始DP,order,1,int
天赋树,初始DP,cost,8,int
天赋树,初始DP,effectType,InitialDp,enum
天赋树,初始DP,effectValue,10,int
天赋树,初始DP,isBig,false,bool
天赋树,部署范围,nodeId,dep_2,string
天赋树,部署范围,branch,部署,string
天赋树,部署范围,order,2,int
天赋树,部署范围,cost,12,int
天赋树,部署范围,effectType,DeployRange,enum
天赋树,部署范围,effectValue,1,int
天赋树,部署范围,isBig,false,bool
天赋树,调度大师,nodeId,dep_3,string
天赋树,调度大师,branch,部署,string
天赋树,调度大师,order,3,int
天赋树,调度大师,cost,20,int
天赋树,调度大师,effectType,DpCap,enum
天赋树,调度大师,effectValue,200,int
天赋树,调度大师,isBig,true,bool
天赋树,范围扩展,nodeId,tac_0,string
天赋树,范围扩展,branch,战术,string
天赋树,范围扩展,order,0,int
天赋树,范围扩展,cost,4,int
天赋树,范围扩展,effectType,AttackRange,enum
天赋树,范围扩展,effectValue,1,int
天赋树,范围扩展,isBig,false,bool
天赋树,铁壁,nodeId,tac_1,string
天赋树,铁壁,branch,战术,string
天赋树,铁壁,order,1,int
天赋树,铁壁,cost,8,int
天赋树,铁壁,effectType,DefensePercent,enum
天赋树,铁壁,effectValue,5,int
天赋树,铁壁,isBig,false,bool
天赋树,初始金币 II,nodeId,tac_2,string
天赋树,初始金币 II,branch,战术,string
天赋树,初始金币 II,order,2,int
天赋树,初始金币 II,cost,12,int
天赋树,初始金币 II,effectType,InitialGold,enum
天赋树,初始金币 II,effectValue,100,int
天赋树,初始金币 II,isBig,false,bool
天赋树,DP回复 II,nodeId,tac_3,string
天赋树,DP回复 II,branch,战术,string
天赋树,DP回复 II,order,3,int
天赋树,DP回复 II,cost,20,int
天赋树,DP回复 II,effectType,DpRegen,enum
天赋树,DP回复 II,effectValue,1,int
天赋树,DP回复 II,isBig,true,bool
