分类,名称,字段,数值,类型
平衡配置,DeathConsolationBase,DeathConsolationBase,1,int
平衡配置,DeathConsolationPerStage,DeathConsolationPerStage,1,int
平衡配置,LossGoldGain,LossGoldGain,0,int
平衡配置,LossCardDrawGain,LossCardDrawGain,0,int
平衡配置,LossTalentPointGain,LossTalentPointGain,0,int
平衡配置,NormalWinGold,NormalWinGold,30,int
平衡配置,NormalWinCardDraw,NormalWinCardDraw,1,int
平衡配置,NormalWinTalentPoint,NormalWinTalentPoint,2,int
平衡配置,EliteWinGold,EliteWinGold,45,int
平衡配置,EliteWinCardDraw,EliteWinCardDraw,2,int
平衡配置,EliteWinTalentPoint,EliteWinTalentPoint,3,int
平衡配置,BossWinGold,BossWinGold,70,int
平衡配置,BossWinCardDraw,BossWinCardDraw,3,int
平衡配置,BossWinTalentPoint,BossWinTalentPoint,4,int
平衡配置,FirstClearBonusGold,FirstClearBonusGold,20,int
平衡配置,BetNoHitReturnBonusChance,BetNoHitReturnBonusChance,0.50,float
平衡配置,BetNoHitReturnOnlyChance,BetNoHitReturnOnlyChance,0.95,float
平衡配置,BetHitReturnDoubleChance,BetHitReturnDoubleChance,0.40,float
平衡配置,BetHitReturnOnlyChance,BetHitReturnOnlyChance,0.90,float
平衡配置,RerollCost,RerollCost,10,int
平衡配置,CardShopPriceCommon,CardShopPriceCommon,15,int
平衡配置,CardShopPriceAdvanced,CardShopPriceAdvanced,30,int
平衡配置,CardShopPriceRare,CardShopPriceRare,60,int
平衡配置,CardShopPriceLegendary,CardShopPriceLegendary,120,int
平衡配置,RewardDepthGrowthPerStage,RewardDepthGrowthPerStage,0.03,float
平衡配置,ShopPriceDepthGrowthPerStage,ShopPriceDepthGrowthPerStage,0.02,float
平衡配置,ShopSlotCountDefault,ShopSlotCountDefault,5,int
平衡配置,ShopSlotCountMin,ShopSlotCountMin,4,int
平衡配置,ShopSlotCountMax,ShopSlotCountMax,6,int
平衡配置,ShopSlotDiscountChance,ShopSlotDiscountChance,0.30,float
平衡配置,ShopRefreshBaseCost,ShopRefreshBaseCost,10,int
平衡配置,ShopRefreshCostIncrement,ShopRefreshCostIncrement,5,int
平衡配置,CardTypeLimit,CardTypeLimit,3,int
平衡配置,CardRemovalBaseCost,CardRemovalBaseCost,25,int
平衡配置,CardRemovalCostIncrement,CardRemovalCostIncrement,15,int
平衡配置,CardRemovalLimitPerVisit,CardRemovalLimitPerVisit,1,int
平衡配置,HybridFixedCutoff,HybridFixedCutoff,5,int
平衡配置,HybridEnemyHpMin,HybridEnemyHpMin,1.00,float
平衡配置,HybridEnemyHpMax,HybridEnemyHpMax,1.30,float
平衡配置,HybridEnemySpeedMin,HybridEnemySpeedMin,1.00,float
平衡配置,HybridEnemySpeedMax,HybridEnemySpeedMax,1.20,float
平衡配置,HybridStartDPOffsetMin,HybridStartDPOffsetMin,-2,int
平衡配置,HybridStartDPOffsetMax,HybridStartDPOffsetMax,3,int
平衡配置,HybridMaxLifePointOffsetMin,HybridMaxLifePointOffsetMin,-1,int
平衡配置,HybridMaxLifePointOffsetMax,HybridMaxLifePointOffsetMax,2,int
平衡配置,HybridEnemySwapChance,HybridEnemySwapChance,0.30,float
平衡配置,HybridHpGrowthPerStage,HybridHpGrowthPerStage,0.02,float
平衡配置,HybridSpeedGrowthPerStage,HybridSpeedGrowthPerStage,0.01,float
干员,万录朵,operatorName,万录朵,string
干员,万录朵,cost,50,int
干员,万录朵,maxHealth,5.00,float
干员,万录朵,defense,0,int
干员,万录朵,attackDamage,1300.00,float
干员,万录朵,attackInterval,15.00,float
干员,万录朵,attackRange,10.00,float
干员,万录朵,opType,Guard,OperatorType
干员,万录朵,deployRadius,1.00,float
干员,万录朵,purchaseCooldown,60.00,float
干员,万录朵,canStandOnGroundAndHighGround,false,bool
干员,万录朵,isAoEAttacker,false,bool
干员,万录朵,isHealer,false,bool
干员,万录朵,baseCritChance,0,int
干员,万录朵,maxStarRating,5,int
干员,万录朵,selectQuote,...你看起来很有趣。就陪你走一程吧。,string
干员,万录朵,isInitialAvailable,false,bool
干员,傀儡师,operatorName,傀儡师,string
干员,傀儡师,cost,12,int
干员,傀儡师,maxHealth,380.00,float
干员,傀儡师,defense,200,int
干员,傀儡师,attackDamage,50.00,float
干员,傀儡师,attackInterval,0.90,float
干员,傀儡师,attackRange,0.00,float
干员,傀儡师,opType,Guard,OperatorType
干员,傀儡师,deployRadius,6.00,float
干员,傀儡师,purchaseCooldown,20.00,float
干员,傀儡师,canStandOnGroundAndHighGround,false,bool
干员,傀儡师,isAoEAttacker,false,bool
干员,傀儡师,isHealer,false,bool
干员,傀儡师,baseCritChance,0,int
干员,傀儡师,maxStarRating,4,int
干员,傀儡师,selectQuote,线在我手，命由我定。,string
干员,傀儡师,isInitialAvailable,false,bool
干员,光波,operatorName,光波,string
干员,光波,cost,26,int
干员,光波,maxHealth,1.00,float
干员,光波,defense,0,int
干员,光波,attackDamage,13.00,float
干员,光波,attackInterval,1.00,float
干员,光波,attackRange,4.10,float
干员,光波,opType,Vanguard,OperatorType
干员,光波,deployRadius,2.00,float
干员,光波,purchaseCooldown,30.00,float
干员,光波,canStandOnGroundAndHighGround,true,bool
干员,光波,isAoEAttacker,true,bool
干员,光波,isHealer,false,bool
干员,光波,baseCritChance,0,int
干员,光波,maxStarRating,1,int
干员,光波,selectQuote,,string
干员,光波,isInitialAvailable,false,bool
干员,净化,operatorName,净化,string
干员,净化,cost,20,int
干员,净化,maxHealth,40.00,float
干员,净化,defense,100,int
干员,净化,attackDamage,8.00,float
干员,净化,attackInterval,2.50,float
干员,净化,attackRange,5.00,float
干员,净化,opType,Medic,OperatorType
干员,净化,deployRadius,8.00,float
干员,净化,purchaseCooldown,18.00,float
干员,净化,canStandOnGroundAndHighGround,false,bool
干员,净化,isAoEAttacker,false,bool
干员,净化,isHealer,true,bool
干员,净化,baseCritChance,0,int
干员,净化,maxStarRating,2,int
干员,净化,selectQuote,伤员交给我，你们只管往前冲。,string
干员,净化,isInitialAvailable,true,bool
干员,圣光,operatorName,圣光,string
干员,圣光,cost,18,int
干员,圣光,maxHealth,50.00,float
干员,圣光,defense,200,int
干员,圣光,attackDamage,12.00,float
干员,圣光,attackInterval,1.50,float
干员,圣光,attackRange,4.00,float
干员,圣光,opType,Medic,OperatorType
干员,圣光,deployRadius,8.00,float
干员,圣光,purchaseCooldown,25.00,float
干员,圣光,canStandOnGroundAndHighGround,false,bool
干员,圣光,isAoEAttacker,false,bool
干员,圣光,isHealer,true,bool
干员,圣光,baseCritChance,0,int
干员,圣光,maxStarRating,3,int
干员,圣光,selectQuote,,string
干员,圣光,isInitialAvailable,false,bool
干员,地面射手,operatorName,地面射手,string
干员,地面射手,cost,20,int
干员,地面射手,maxHealth,20.00,float
干员,地面射手,defense,0,int
干员,地面射手,attackDamage,10.00,float
干员,地面射手,attackInterval,0.40,float
干员,地面射手,attackRange,4.00,float
干员,地面射手,opType,Vanguard,OperatorType
干员,地面射手,deployRadius,3.00,float
干员,地面射手,purchaseCooldown,20.00,float
干员,地面射手,canStandOnGroundAndHighGround,false,bool
干员,地面射手,isAoEAttacker,false,bool
干员,地面射手,isHealer,false,bool
干员,地面射手,baseCritChance,0,int
干员,地面射手,maxStarRating,1,int
干员,地面射手,selectQuote,,string
干员,地面射手,isInitialAvailable,false,bool
干员,奥术,operatorName,奥术,string
干员,奥术,cost,35,int
干员,奥术,maxHealth,22.00,float
干员,奥术,defense,0,int
干员,奥术,attackDamage,55.00,float
干员,奥术,attackInterval,1.80,float
干员,奥术,attackRange,4.00,float
干员,奥术,opType,Caster,OperatorType
干员,奥术,deployRadius,8.00,float
干员,奥术,purchaseCooldown,28.00,float
干员,奥术,canStandOnGroundAndHighGround,false,bool
干员,奥术,isAoEAttacker,false,bool
干员,奥术,isHealer,false,bool
干员,奥术,baseCritChance,0,int
干员,奥术,maxStarRating,4,int
干员,奥术,selectQuote,,string
干员,奥术,isInitialAvailable,false,bool
干员,女战士,operatorName,女战士,string
干员,女战士,cost,21,int
干员,女战士,maxHealth,250.00,float
干员,女战士,defense,6000,int
干员,女战士,attackDamage,9.00,float
干员,女战士,attackInterval,1.00,float
干员,女战士,attackRange,3.50,float
干员,女战士,opType,Vanguard,OperatorType
干员,女战士,deployRadius,6.00,float
干员,女战士,purchaseCooldown,20.00,float
干员,女战士,canStandOnGroundAndHighGround,false,bool
干员,女战士,isAoEAttacker,false,bool
干员,女战士,isHealer,false,bool
干员,女战士,baseCritChance,0,int
干员,女战士,maxStarRating,2,int
干员,女战士,selectQuote,,string
干员,女战士,isInitialAvailable,false,bool
干员,巨蟹,operatorName,巨蟹,string
干员,巨蟹,cost,18,int
干员,巨蟹,maxHealth,800.00,float
干员,巨蟹,defense,5000,int
干员,巨蟹,attackDamage,15.00,float
干员,巨蟹,attackInterval,1.50,float
干员,巨蟹,attackRange,0.00,float
干员,巨蟹,opType,Defender,OperatorType
干员,巨蟹,deployRadius,6.00,float
干员,巨蟹,purchaseCooldown,35.00,float
干员,巨蟹,canStandOnGroundAndHighGround,false,bool
干员,巨蟹,isAoEAttacker,false,bool
干员,巨蟹,isHealer,false,bool
干员,巨蟹,baseCritChance,0,int
干员,巨蟹,maxStarRating,3,int
干员,巨蟹,selectQuote,坚壳如铁，不动如山。,string
干员,巨蟹,isInitialAvailable,false,bool
干员,拳师,operatorName,拳师,string
干员,拳师,cost,14,int
干员,拳师,maxHealth,20.00,float
干员,拳师,defense,200,int
干员,拳师,attackDamage,80.00,float
干员,拳师,attackInterval,1.00,float
干员,拳师,attackRange,3.50,float
干员,拳师,opType,Vanguard,OperatorType
干员,拳师,deployRadius,1.00,float
干员,拳师,purchaseCooldown,3.00,float
干员,拳师,canStandOnGroundAndHighGround,false,bool
干员,拳师,isAoEAttacker,false,bool
干员,拳师,isHealer,false,bool
干员,拳师,baseCritChance,0,int
干员,拳师,maxStarRating,1,int
干员,拳师,selectQuote,,string
干员,拳师,isInitialAvailable,false,bool
干员,时之魔王,operatorName,时之魔王,string
干员,时之魔王,cost,20,int
干员,时之魔王,maxHealth,300.00,float
干员,时之魔王,defense,500,int
干员,时之魔王,attackDamage,35.00,float
干员,时之魔王,attackInterval,1.00,float
干员,时之魔王,attackRange,0.00,float
干员,时之魔王,opType,Specialist,OperatorType
干员,时之魔王,deployRadius,6.00,float
干员,时之魔王,purchaseCooldown,30.00,float
干员,时之魔王,canStandOnGroundAndHighGround,false,bool
干员,时之魔王,isAoEAttacker,false,bool
干员,时之魔王,isHealer,false,bool
干员,时之魔王,baseCritChance,0,int
干员,时之魔王,maxStarRating,5,int
干员,时之魔王,selectQuote,时间，由我掌控。,string
干员,时之魔王,isInitialAvailable,false,bool
干员,星豹,operatorName,星豹,string
干员,星豹,cost,6,int
干员,星豹,maxHealth,180.00,float
干员,星豹,defense,50,int
干员,星豹,attackDamage,25.00,float
干员,星豹,attackInterval,0.50,float
干员,星豹,attackRange,0.00,float
干员,星豹,opType,Vanguard,OperatorType
干员,星豹,deployRadius,6.00,float
干员,星豹,purchaseCooldown,15.00,float
干员,星豹,canStandOnGroundAndHighGround,false,bool
干员,星豹,isAoEAttacker,false,bool
干员,星豹,isHealer,false,bool
干员,星豹,baseCritChance,0,int
干员,星豹,maxStarRating,3,int
干员,星豹,selectQuote,星辉指引猎路。,string
干员,星豹,isInitialAvailable,false,bool
干员,晶,operatorName,晶,string
干员,晶,cost,15,int
干员,晶,maxHealth,200.00,float
干员,晶,defense,2000,int
干员,晶,attackDamage,35.00,float
干员,晶,attackInterval,1.00,float
干员,晶,attackRange,3.50,float
干员,晶,opType,Vanguard,OperatorType
干员,晶,deployRadius,6.00,float
干员,晶,purchaseCooldown,5.00,float
干员,晶,canStandOnGroundAndHighGround,false,bool
干员,晶,isAoEAttacker,false,bool
干员,晶,isHealer,false,bool
干员,晶,baseCritChance,0,int
干员,晶,maxStarRating,2,int
干员,晶,selectQuote,,string
干员,晶,isInitialAvailable,false,bool
干员,武士,operatorName,武士,string
干员,武士,cost,16,int
干员,武士,maxHealth,200.00,float
干员,武士,defense,4000,int
干员,武士,attackDamage,35.00,float
干员,武士,attackInterval,1.00,float
干员,武士,attackRange,3.50,float
干员,武士,opType,Vanguard,OperatorType
干员,武士,deployRadius,4.00,float
干员,武士,purchaseCooldown,15.00,float
干员,武士,canStandOnGroundAndHighGround,false,bool
干员,武士,isAoEAttacker,false,bool
干员,武士,isHealer,false,bool
干员,武士,baseCritChance,0,int
干员,武士,maxStarRating,3,int
干员,武士,selectQuote,,string
干员,武士,isInitialAvailable,false,bool
干员,死亡剑士,operatorName,死亡剑士,string
干员,死亡剑士,cost,5,int
干员,死亡剑士,maxHealth,200.00,float
干员,死亡剑士,defense,80,int
干员,死亡剑士,attackDamage,28.00,float
干员,死亡剑士,attackInterval,0.55,float
干员,死亡剑士,attackRange,0.00,float
干员,死亡剑士,opType,Vanguard,OperatorType
干员,死亡剑士,deployRadius,6.00,float
干员,死亡剑士,purchaseCooldown,12.00,float
干员,死亡剑士,canStandOnGroundAndHighGround,false,bool
干员,死亡剑士,isAoEAttacker,false,bool
干员,死亡剑士,isHealer,false,bool
干员,死亡剑士,baseCritChance,0,int
干员,死亡剑士,maxStarRating,3,int
干员,死亡剑士,selectQuote,亡者无畏，剑无虚发。,string
干员,死亡剑士,isInitialAvailable,false,bool
干员,死囚,operatorName,死囚,string
干员,死囚,cost,20,int
干员,死囚,maxHealth,700.00,float
干员,死囚,defense,4000,int
干员,死囚,attackDamage,20.00,float
干员,死囚,attackInterval,1.30,float
干员,死囚,attackRange,0.00,float
干员,死囚,opType,Defender,OperatorType
干员,死囚,deployRadius,6.00,float
干员,死囚,purchaseCooldown,30.00,float
干员,死囚,canStandOnGroundAndHighGround,false,bool
干员,死囚,isAoEAttacker,false,bool
干员,死囚,isHealer,false,bool
干员,死囚,baseCritChance,0,int
干员,死囚,maxStarRating,4,int
干员,死囚,selectQuote,以命换命，死有何惧。,string
干员,死囚,isInitialAvailable,false,bool
干员,法师,operatorName,法师,string
干员,法师,cost,45,int
干员,法师,maxHealth,30.00,float
干员,法师,defense,0,int
干员,法师,attackDamage,115.00,float
干员,法师,attackInterval,3.00,float
干员,法师,attackRange,4.50,float
干员,法师,opType,Caster,OperatorType
干员,法师,deployRadius,8.00,float
干员,法师,purchaseCooldown,40.00,float
干员,法师,canStandOnGroundAndHighGround,false,bool
干员,法师,isAoEAttacker,false,bool
干员,法师,isHealer,false,bool
干员,法师,baseCritChance,0,int
干员,法师,maxStarRating,4,int
干员,法师,selectQuote,,string
干员,法师,isInitialAvailable,false,bool
干员,火焰战士,operatorName,火焰战士,string
干员,火焰战士,cost,11,int
干员,火焰战士,maxHealth,400.00,float
干员,火焰战士,defense,150,int
干员,火焰战士,attackDamage,55.00,float
干员,火焰战士,attackInterval,1.00,float
干员,火焰战士,attackRange,0.00,float
干员,火焰战士,opType,Guard,OperatorType
干员,火焰战士,deployRadius,6.00,float
干员,火焰战士,purchaseCooldown,18.00,float
干员,火焰战士,canStandOnGroundAndHighGround,false,bool
干员,火焰战士,isAoEAttacker,false,bool
干员,火焰战士,isHealer,false,bool
干员,火焰战士,baseCritChance,0,int
干员,火焰战士,maxStarRating,3,int
干员,火焰战士,selectQuote,烈焰焚尽一切。,string
干员,火焰战士,isInitialAvailable,false,bool
干员,熔岩虫,operatorName,熔岩虫,string
干员,熔岩虫,cost,16,int
干员,熔岩虫,maxHealth,400.00,float
干员,熔岩虫,defense,1000,int
干员,熔岩虫,attackDamage,25.00,float
干员,熔岩虫,attackInterval,1.20,float
干员,熔岩虫,attackRange,0.00,float
干员,熔岩虫,opType,Specialist,OperatorType
干员,熔岩虫,deployRadius,6.00,float
干员,熔岩虫,purchaseCooldown,25.00,float
干员,熔岩虫,canStandOnGroundAndHighGround,false,bool
干员,熔岩虫,isAoEAttacker,false,bool
干员,熔岩虫,isHealer,false,bool
干员,熔岩虫,baseCritChance,0,int
干员,熔岩虫,maxStarRating,3,int
干员,熔岩虫,selectQuote,吞噬，消化，再吞噬。,string
干员,熔岩虫,isInitialAvailable,false,bool
干员,牧师,operatorName,牧师,string
干员,牧师,cost,16,int
干员,牧师,maxHealth,60.00,float
干员,牧师,defense,300,int
干员,牧师,attackDamage,8.00,float
干员,牧师,attackInterval,2.00,float
干员,牧师,attackRange,3.00,float
干员,牧师,opType,Vanguard,OperatorType
干员,牧师,deployRadius,3.00,float
干员,牧师,purchaseCooldown,30.00,float
干员,牧师,canStandOnGroundAndHighGround,true,bool
干员,牧师,isAoEAttacker,false,bool
干员,牧师,isHealer,true,bool
干员,牧师,baseCritChance,0,int
干员,牧师,maxStarRating,3,int
干员,牧师,selectQuote,,string
干员,牧师,isInitialAvailable,false,bool
干员,狂兽战士,operatorName,狂兽战士,string
干员,狂兽战士,cost,14,int
干员,狂兽战士,maxHealth,500.00,float
干员,狂兽战士,defense,300,int
干员,狂兽战士,attackDamage,60.00,float
干员,狂兽战士,attackInterval,1.10,float
干员,狂兽战士,attackRange,0.00,float
干员,狂兽战士,opType,Guard,OperatorType
干员,狂兽战士,deployRadius,6.00,float
干员,狂兽战士,purchaseCooldown,20.00,float
干员,狂兽战士,canStandOnGroundAndHighGround,false,bool
干员,狂兽战士,isAoEAttacker,false,bool
干员,狂兽战士,isHealer,false,bool
干员,狂兽战士,baseCritChance,0,int
干员,狂兽战士,maxStarRating,5,int
干员,狂兽战士,selectQuote,龙血沸腾，战意不止。,string
干员,狂兽战士,isInitialAvailable,false,bool
干员,珑,operatorName,珑,string
干员,珑,cost,20,int
干员,珑,maxHealth,280.00,float
干员,珑,defense,3500,int
干员,珑,attackDamage,15.00,float
干员,珑,attackInterval,1.00,float
干员,珑,attackRange,3.50,float
干员,珑,opType,Vanguard,OperatorType
干员,珑,deployRadius,2.00,float
干员,珑,purchaseCooldown,20.00,float
干员,珑,canStandOnGroundAndHighGround,false,bool
干员,珑,isAoEAttacker,false,bool
干员,珑,isHealer,false,bool
干员,珑,baseCritChance,0,int
干员,珑,maxStarRating,4,int
干员,珑,selectQuote,,string
干员,珑,isInitialAvailable,false,bool
干员,空之魔王,operatorName,空之魔王,string
干员,空之魔王,cost,22,int
干员,空之魔王,maxHealth,120.00,float
干员,空之魔王,defense,0,int
干员,空之魔王,attackDamage,35.00,float
干员,空之魔王,attackInterval,0.40,float
干员,空之魔王,attackRange,5.00,float
干员,空之魔王,opType,Sniper,OperatorType
干员,空之魔王,deployRadius,6.00,float
干员,空之魔王,purchaseCooldown,25.00,float
干员,空之魔王,canStandOnGroundAndHighGround,true,bool
干员,空之魔王,isAoEAttacker,false,bool
干员,空之魔王,isHealer,false,bool
干员,空之魔王,baseCritChance,25,int
干员,空之魔王,maxStarRating,5,int
干员,空之魔王,selectQuote,虚空之箭，无处可逃。,string
干员,空之魔王,isInitialAvailable,false,bool
干员,紫雷狼,operatorName,紫雷狼,string
干员,紫雷狼,cost,7,int
干员,紫雷狼,maxHealth,160.00,float
干员,紫雷狼,defense,40,int
干员,紫雷狼,attackDamage,30.00,float
干员,紫雷狼,attackInterval,0.55,float
干员,紫雷狼,attackRange,0.00,float
干员,紫雷狼,opType,Vanguard,OperatorType
干员,紫雷狼,deployRadius,6.00,float
干员,紫雷狼,purchaseCooldown,15.00,float
干员,紫雷狼,canStandOnGroundAndHighGround,false,bool
干员,紫雷狼,isAoEAttacker,false,bool
干员,紫雷狼,isHealer,false,bool
干员,紫雷狼,baseCritChance,0,int
干员,紫雷狼,maxStarRating,4,int
干员,紫雷狼,selectQuote,紫雷奔袭，迅如闪电。,string
干员,紫雷狼,isInitialAvailable,false,bool
干员,荆棘,operatorName,荆棘,string
干员,荆棘,cost,22,int
干员,荆棘,maxHealth,1800.00,float
干员,荆棘,defense,6000,int
干员,荆棘,attackDamage,25.00,float
干员,荆棘,attackInterval,1.20,float
干员,荆棘,attackRange,1.00,float
干员,荆棘,opType,Defender,OperatorType
干员,荆棘,deployRadius,6.00,float
干员,荆棘,purchaseCooldown,30.00,float
干员,荆棘,canStandOnGroundAndHighGround,false,bool
干员,荆棘,isAoEAttacker,false,bool
干员,荆棘,isHealer,false,bool
干员,荆棘,baseCritChance,0,int
干员,荆棘,maxStarRating,3,int
干员,荆棘,selectQuote,,string
干员,荆棘,isInitialAvailable,false,bool
干员,藤曼战士,operatorName,藤曼战士,string
干员,藤曼战士,cost,16,int
干员,藤曼战士,maxHealth,900.00,float
干员,藤曼战士,defense,6000,int
干员,藤曼战士,attackDamage,12.00,float
干员,藤曼战士,attackInterval,1.50,float
干员,藤曼战士,attackRange,0.00,float
干员,藤曼战士,opType,Defender,OperatorType
干员,藤曼战士,deployRadius,6.00,float
干员,藤曼战士,purchaseCooldown,35.00,float
干员,藤曼战士,canStandOnGroundAndHighGround,false,bool
干员,藤曼战士,isAoEAttacker,false,bool
干员,藤曼战士,isHealer,false,bool
干员,藤曼战士,baseCritChance,0,int
干员,藤曼战士,maxStarRating,3,int
干员,藤曼战士,selectQuote,荆棘为甲，寸土不让。,string
干员,藤曼战士,isInitialAvailable,false,bool
干员,近卫,operatorName,近卫,string
干员,近卫,cost,9,int
干员,近卫,maxHealth,1200.00,float
干员,近卫,defense,12,int
干员,近卫,attackDamage,130.00,float
干员,近卫,attackInterval,1.00,float
干员,近卫,attackRange,3.50,float
干员,近卫,opType,Guard,OperatorType
干员,近卫,deployRadius,6.00,float
干员,近卫,purchaseCooldown,15.00,float
干员,近卫,canStandOnGroundAndHighGround,false,bool
干员,近卫,isAoEAttacker,false,bool
干员,近卫,isHealer,false,bool
干员,近卫,baseCritChance,0,int
干员,近卫,maxStarRating,5,int
干员,近卫,selectQuote,吾之剑，为正义而挥。,string
干员,近卫,isInitialAvailable,false,bool
干员,连弩,operatorName,连弩,string
干员,连弩,cost,14,int
干员,连弩,maxHealth,20.00,float
干员,连弩,defense,0,int
干员,连弩,attackDamage,12.00,float
干员,连弩,attackInterval,0.35,float
干员,连弩,attackRange,5.00,float
干员,连弩,opType,Sniper,OperatorType
干员,连弩,deployRadius,8.00,float
干员,连弩,purchaseCooldown,12.00,float
干员,连弩,canStandOnGroundAndHighGround,false,bool
干员,连弩,isAoEAttacker,false,bool
干员,连弩,isHealer,false,bool
干员,连弩,baseCritChance,20,int
干员,连弩,maxStarRating,2,int
干员,连弩,selectQuote,弓弦已上好，只等你一声令下。,string
干员,连弩,isInitialAvailable,true,bool
干员,醒,operatorName,醒,string
干员,醒,cost,0,int
干员,醒,maxHealth,20000.00,float
干员,醒,defense,5000,int
干员,醒,attackDamage,400.00,float
干员,醒,attackInterval,2.00,float
干员,醒,attackRange,3.50,float
干员,醒,opType,Vanguard,OperatorType
干员,醒,deployRadius,5.00,float
干员,醒,purchaseCooldown,600.00,float
干员,醒,canStandOnGroundAndHighGround,false,bool
干员,醒,isAoEAttacker,false,bool
干员,醒,isHealer,false,bool
干员,醒,baseCritChance,0,int
干员,醒,maxStarRating,1,int
干员,醒,selectQuote,,string
干员,醒,isInitialAvailable,false,bool
干员,钩爪,operatorName,钩爪,string
干员,钩爪,cost,15,int
干员,钩爪,maxHealth,150.00,float
干员,钩爪,defense,1000,int
干员,钩爪,attackDamage,22.00,float
干员,钩爪,attackInterval,1.50,float
干员,钩爪,attackRange,2.50,float
干员,钩爪,opType,Specialist,OperatorType
干员,钩爪,deployRadius,5.00,float
干员,钩爪,purchaseCooldown,20.00,float
干员,钩爪,canStandOnGroundAndHighGround,false,bool
干员,钩爪,isAoEAttacker,false,bool
干员,钩爪,isHealer,false,bool
干员,钩爪,baseCritChance,0,int
干员,钩爪,maxStarRating,2,int
干员,钩爪,selectQuote,,string
干员,钩爪,isInitialAvailable,false,bool
干员,铁壁,operatorName,铁壁,string
干员,铁壁,cost,18,int
干员,铁壁,maxHealth,2500.00,float
干员,铁壁,defense,8000,int
干员,铁壁,attackDamage,12.00,float
干员,铁壁,attackInterval,1.50,float
干员,铁壁,attackRange,1.00,float
干员,铁壁,opType,Defender,OperatorType
干员,铁壁,deployRadius,6.00,float
干员,铁壁,purchaseCooldown,40.00,float
干员,铁壁,canStandOnGroundAndHighGround,false,bool
干员,铁壁,isAoEAttacker,false,bool
干员,铁壁,isHealer,false,bool
干员,铁壁,baseCritChance,0,int
干员,铁壁,maxStarRating,3,int
干员,铁壁,selectQuote,,string
干员,铁壁,isInitialAvailable,false,bool
干员,雪女,operatorName,雪女,string
干员,雪女,cost,40,int
干员,雪女,maxHealth,100.00,float
干员,雪女,defense,0,int
干员,雪女,attackDamage,120.00,float
干员,雪女,attackInterval,2.50,float
干员,雪女,attackRange,4.50,float
干员,雪女,opType,Caster,OperatorType
干员,雪女,deployRadius,8.00,float
干员,雪女,purchaseCooldown,40.00,float
干员,雪女,canStandOnGroundAndHighGround,false,bool
干员,雪女,isAoEAttacker,false,bool
干员,雪女,isHealer,false,bool
干员,雪女,baseCritChance,0,int
干员,雪女,maxStarRating,5,int
干员,雪女,selectQuote,冰封千里，雪舞长空。,string
干员,雪女,isInitialAvailable,false,bool
干员,鹰眼,operatorName,鹰眼,string
干员,鹰眼,cost,16,int
干员,鹰眼,maxHealth,25.00,float
干员,鹰眼,defense,0,int
干员,鹰眼,attackDamage,28.00,float
干员,鹰眼,attackInterval,0.70,float
干员,鹰眼,attackRange,6.00,float
干员,鹰眼,opType,Sniper,OperatorType
干员,鹰眼,deployRadius,8.00,float
干员,鹰眼,purchaseCooldown,18.00,float
干员,鹰眼,canStandOnGroundAndHighGround,false,bool
干员,鹰眼,isAoEAttacker,false,bool
干员,鹰眼,isHealer,false,bool
干员,鹰眼,baseCritChance,25,int
干员,鹰眼,maxStarRating,3,int
干员,鹰眼,selectQuote,远处的东西，在我眼中和近处没什么两样。,string
干员,鹰眼,isInitialAvailable,false,bool
敌人,big boss,lives,1700,int
敌人,big boss,defense,0,int
敌人,big boss,damage,20,int
敌人,big boss,damageforplayer,2,int
敌人,big boss,speed,2.00,float
敌人,big boss,attackInterval,0.90,float
敌人,big boss,attackRange,4.00,float
敌人,big boss,dpOnKill,4,int
敌人,big boss,penetrateDefense,false,bool
敌人,big boss,rangedAttack,false,bool
敌人,big boss,healRadius,0.00,float
敌人,big boss,healPercentOfMax,0.00,float
敌人,big boss,healInterval,0.00,float
敌人,Enemy_enemy,lives,400,int
敌人,Enemy_enemy,defense,0,int
敌人,Enemy_enemy,damage,4,int
敌人,Enemy_enemy,damageforplayer,1,int
敌人,Enemy_enemy,speed,2.00,float
敌人,Enemy_enemy,attackInterval,0.90,float
敌人,Enemy_enemy,attackRange,4.00,float
敌人,Enemy_enemy,dpOnKill,1,int
敌人,Enemy_enemy,penetrateDefense,false,bool
敌人,Enemy_enemy,rangedAttack,false,bool
敌人,Enemy_enemy,healRadius,0.00,float
敌人,Enemy_enemy,healPercentOfMax,0.00,float
敌人,Enemy_enemy,healInterval,0.00,float
敌人,small boss,lives,800,int
敌人,small boss,defense,0,int
敌人,small boss,damage,8,int
敌人,small boss,damageforplayer,1,int
敌人,small boss,speed,2.00,float
敌人,small boss,attackInterval,0.90,float
敌人,small boss,attackRange,4.00,float
敌人,small boss,dpOnKill,2,int
敌人,small boss,penetrateDefense,false,bool
敌人,small boss,rangedAttack,false,bool
敌人,small boss,healRadius,0.00,float
敌人,small boss,healPercentOfMax,0.00,float
敌人,small boss,healInterval,0.00,float
敌人,万录朵,lives,2500,int
敌人,万录朵,defense,0,int
敌人,万录朵,damage,18,int
敌人,万录朵,damageforplayer,2,int
敌人,万录朵,speed,1.00,float
敌人,万录朵,attackInterval,1.00,float
敌人,万录朵,attackRange,4.00,float
敌人,万录朵,dpOnKill,11,int
敌人,万录朵,penetrateDefense,false,bool
敌人,万录朵,rangedAttack,false,bool
敌人,万录朵,healRadius,0.00,float
敌人,万录朵,healPercentOfMax,0.00,float
敌人,万录朵,healInterval,0.00,float
敌人,哥布林,lives,70,int
敌人,哥布林,defense,0,int
敌人,哥布林,damage,14,int
敌人,哥布林,damageforplayer,1,int
敌人,哥布林,speed,4.00,float
敌人,哥布林,attackInterval,0.90,float
敌人,哥布林,attackRange,4.00,float
敌人,哥布林,dpOnKill,1,int
敌人,哥布林,penetrateDefense,false,bool
敌人,哥布林,rangedAttack,false,bool
敌人,哥布林,healRadius,0.00,float
敌人,哥布林,healPercentOfMax,0.00,float
敌人,哥布林,healInterval,0.00,float
敌人,奶妈怪,lives,45,int
敌人,奶妈怪,defense,0,int
敌人,奶妈怪,damage,6,int
敌人,奶妈怪,damageforplayer,1,int
敌人,奶妈怪,speed,4.00,float
敌人,奶妈怪,attackInterval,1.00,float
敌人,奶妈怪,attackRange,4.00,float
敌人,奶妈怪,dpOnKill,2,int
敌人,奶妈怪,penetrateDefense,false,bool
敌人,奶妈怪,rangedAttack,false,bool
敌人,奶妈怪,healRadius,3.50,float
敌人,奶妈怪,healPercentOfMax,0.04,float
敌人,奶妈怪,healInterval,1.50,float
敌人,小骷髅,lives,310,int
敌人,小骷髅,defense,0,int
敌人,小骷髅,damage,3,int
敌人,小骷髅,damageforplayer,1,int
敌人,小骷髅,speed,1.00,float
敌人,小骷髅,attackInterval,0.80,float
敌人,小骷髅,attackRange,4.00,float
敌人,小骷髅,dpOnKill,1,int
敌人,小骷髅,penetrateDefense,false,bool
敌人,小骷髅,rangedAttack,false,bool
敌人,小骷髅,healRadius,0.00,float
敌人,小骷髅,healPercentOfMax,0.00,float
敌人,小骷髅,healInterval,0.00,float
敌人,术师怪,lives,60,int
敌人,术师怪,defense,0,int
敌人,术师怪,damage,18,int
敌人,术师怪,damageforplayer,1,int
敌人,术师怪,speed,3.50,float
敌人,术师怪,attackInterval,1.00,float
敌人,术师怪,attackRange,4.00,float
敌人,术师怪,dpOnKill,2,int
敌人,术师怪,penetrateDefense,true,bool
敌人,术师怪,rangedAttack,false,bool
敌人,术师怪,healRadius,0.00,float
敌人,术师怪,healPercentOfMax,0.04,float
敌人,术师怪,healInterval,1.50,float
敌人,杂兵潮,lives,35,int
敌人,杂兵潮,defense,0,int
敌人,杂兵潮,damage,8,int
敌人,杂兵潮,damageforplayer,1,int
敌人,杂兵潮,speed,5.00,float
敌人,杂兵潮,attackInterval,0.80,float
敌人,杂兵潮,attackRange,4.00,float
敌人,杂兵潮,dpOnKill,1,int
敌人,杂兵潮,penetrateDefense,false,bool
敌人,杂兵潮,rangedAttack,false,bool
敌人,杂兵潮,healRadius,0.00,float
敌人,杂兵潮,healPercentOfMax,0.04,float
敌人,杂兵潮,healInterval,1.50,float
敌人,火之魔王,lives,2100,int
敌人,火之魔王,defense,4000,int
敌人,火之魔王,damage,1600,int
敌人,火之魔王,damageforplayer,3,int
敌人,火之魔王,speed,1.00,float
敌人,火之魔王,attackInterval,2.00,float
敌人,火之魔王,attackRange,6.00,float
敌人,火之魔王,dpOnKill,55,int
敌人,火之魔王,penetrateDefense,false,bool
敌人,火之魔王,rangedAttack,false,bool
敌人,火之魔王,healRadius,0.00,float
敌人,火之魔王,healPercentOfMax,0.00,float
敌人,火之魔王,healInterval,0.00,float
敌人,疾跑者,lives,30,int
敌人,疾跑者,defense,0,int
敌人,疾跑者,damage,10,int
敌人,疾跑者,damageforplayer,1,int
敌人,疾跑者,speed,9.00,float
敌人,疾跑者,attackInterval,0.70,float
敌人,疾跑者,attackRange,4.00,float
敌人,疾跑者,dpOnKill,1,int
敌人,疾跑者,penetrateDefense,false,bool
敌人,疾跑者,rangedAttack,false,bool
敌人,疾跑者,healRadius,0.00,float
敌人,疾跑者,healPercentOfMax,0.04,float
敌人,疾跑者,healInterval,1.50,float
敌人,石头怪,lives,3000,int
敌人,石头怪,defense,2000,int
敌人,石头怪,damage,30,int
敌人,石头怪,damageforplayer,2,int
敌人,石头怪,speed,0.50,float
敌人,石头怪,attackInterval,1.00,float
敌人,石头怪,attackRange,4.00,float
敌人,石头怪,dpOnKill,6,int
敌人,石头怪,penetrateDefense,false,bool
敌人,石头怪,rangedAttack,false,bool
敌人,石头怪,healRadius,0.00,float
敌人,石头怪,healPercentOfMax,0.00,float
敌人,石头怪,healInterval,0.00,float
敌人,蜜蜂,lives,2,int
敌人,蜜蜂,defense,0,int
敌人,蜜蜂,damage,8,int
敌人,蜜蜂,damageforplayer,1,int
敌人,蜜蜂,speed,2.50,float
敌人,蜜蜂,attackInterval,0.20,float
敌人,蜜蜂,attackRange,4.00,float
敌人,蜜蜂,dpOnKill,1,int
敌人,蜜蜂,penetrateDefense,false,bool
敌人,蜜蜂,rangedAttack,false,bool
敌人,蜜蜂,healRadius,0.00,float
敌人,蜜蜂,healPercentOfMax,0.00,float
敌人,蜜蜂,healInterval,0.00,float
敌人,远程怪,lives,80,int
敌人,远程怪,defense,0,int
敌人,远程怪,damage,22,int
敌人,远程怪,damageforplayer,1,int
敌人,远程怪,speed,3.00,float
敌人,远程怪,attackInterval,1.50,float
敌人,远程怪,attackRange,6.00,float
敌人,远程怪,dpOnKill,2,int
敌人,远程怪,penetrateDefense,false,bool
敌人,远程怪,rangedAttack,true,bool
敌人,远程怪,healRadius,0.00,float
敌人,远程怪,healPercentOfMax,0.04,float
敌人,远程怪,healInterval,1.50,float
敌人,重甲兵,lives,120,int
敌人,重甲兵,defense,6000,int
敌人,重甲兵,damage,16,int
敌人,重甲兵,damageforplayer,1,int
敌人,重甲兵,speed,2.20,float
敌人,重甲兵,attackInterval,1.20,float
敌人,重甲兵,attackRange,4.00,float
敌人,重甲兵,dpOnKill,3,int
敌人,重甲兵,penetrateDefense,false,bool
敌人,重甲兵,rangedAttack,false,bool
敌人,重甲兵,healRadius,0.00,float
敌人,重甲兵,healPercentOfMax,0.04,float
敌人,重甲兵,healInterval,1.50,float
敌人,重锤兵,lives,200,int
敌人,重锤兵,defense,0,int
敌人,重锤兵,damage,40,int
敌人,重锤兵,damageforplayer,1,int
敌人,重锤兵,speed,2.50,float
敌人,重锤兵,attackInterval,2.00,float
敌人,重锤兵,attackRange,4.00,float
敌人,重锤兵,dpOnKill,4,int
敌人,重锤兵,penetrateDefense,false,bool
敌人,重锤兵,rangedAttack,false,bool
敌人,重锤兵,healRadius,0.00,float
敌人,重锤兵,healPercentOfMax,0.04,float
敌人,重锤兵,healInterval,1.50,float
敌人,骷髅,lives,2600,int
敌人,骷髅,defense,1000,int
敌人,骷髅,damage,30,int
敌人,骷髅,damageforplayer,2,int
敌人,骷髅,speed,1.00,float
敌人,骷髅,attackInterval,0.90,float
敌人,骷髅,attackRange,4.00,float
敌人,骷髅,dpOnKill,6,int
敌人,骷髅,penetrateDefense,false,bool
敌人,骷髅,rangedAttack,false,bool
敌人,骷髅,healRadius,0.00,float
敌人,骷髅,healPercentOfMax,0.00,float
敌人,骷髅,healInterval,0.00,float
敌人,黑之魔王,lives,20000,int
敌人,黑之魔王,defense,5000,int
敌人,黑之魔王,damage,200,int
敌人,黑之魔王,damageforplayer,3,int
敌人,黑之魔王,speed,3.00,float
敌人,黑之魔王,attackInterval,1.00,float
敌人,黑之魔王,attackRange,4.00,float
敌人,黑之魔王,dpOnKill,60,int
敌人,黑之魔王,penetrateDefense,false,bool
敌人,黑之魔王,rangedAttack,false,bool
敌人,黑之魔王,healRadius,0.00,float
敌人,黑之魔王,healPercentOfMax,0.00,float
敌人,黑之魔王,healInterval,0.00,float
敌人,黑之魔王分身,lives,700,int
敌人,黑之魔王分身,defense,1000,int
敌人,黑之魔王分身,damage,13,int
敌人,黑之魔王分身,damageforplayer,1,int
敌人,黑之魔王分身,speed,1.50,float
敌人,黑之魔王分身,attackInterval,1.00,float
敌人,黑之魔王分身,attackRange,4.00,float
敌人,黑之魔王分身,dpOnKill,3,int
敌人,黑之魔王分身,penetrateDefense,false,bool
敌人,黑之魔王分身,rangedAttack,false,bool
敌人,黑之魔王分身,healRadius,0.00,float
敌人,黑之魔王分身,healPercentOfMax,0.00,float
敌人,黑之魔王分身,healInterval,0.00,float
天赋卡,atk_berserk,cardId,atk_berserk,string
天赋卡,atk_berserk,displayName,狂战之怒,string
天赋卡,atk_berserk,description,低血时攻击力+50%，攻击速度+20%,string
天赋卡,atk_berserk,cardType,Attack,TalentCardType
天赋卡,atk_berserk,rarity,Common,TalentCardRarity
天赋卡,atk_berserk,slotDiscount,0.00,float
天赋卡,atk_berserk,effectType,LowHpAttackBonus,TalentEffectType
天赋卡,atk_berserk,effectValue,50,int
天赋卡,atk_berserk,effectValue2,0,int
天赋卡,atk_berserk,secondaryEffectType,AttackSpeedPercent,TalentEffectType
天赋卡,atk_berserk,secondaryEffectValue,20,int
天赋卡,atk_berserk,secondaryEffectValue2,0,int
天赋卡,atk_berserk,effectTarget,Global,CardEffectTarget
天赋卡,atk_berserk,targetOperatorType,Vanguard,OperatorType
天赋卡,atk_berserk,targetOperatorDataId,-1,int
天赋卡,atk_berserk,purchaseCooldownPenalty,0,int
天赋卡,atk_berserk,cardScope,PerRun,CardScope
天赋卡,atk_berserk,isGuardianRewindCard,false,bool
天赋卡,atk_berserk,triggerType,None,GuardianRewindTriggerType
天赋卡,atk_berserk,triggerValue,0,int
天赋卡,atk_berserk,isCurse,false,bool
天赋卡,atk_berserk,curseEffectType,None,TalentEffectType
天赋卡,atk_berserk,curseEffectValue,0,int
天赋卡,atk_berserk,curseSecondaryEffectType,None,TalentEffectType
天赋卡,atk_berserk,curseSecondaryEffectValue,0,int
天赋卡,atk_berserk,curseRemovable,true,bool
天赋卡,atk_crit1,cardId,atk_crit1,string
天赋卡,atk_crit1,displayName,暴击强化1,string
天赋卡,atk_crit1,description,暴击率+10%,string
天赋卡,atk_crit1,cardType,Attack,TalentCardType
天赋卡,atk_crit1,rarity,Common,TalentCardRarity
天赋卡,atk_crit1,slotDiscount,0.00,float
天赋卡,atk_crit1,effectType,CritChanceBonus,TalentEffectType
天赋卡,atk_crit1,effectValue,10,int
天赋卡,atk_crit1,effectValue2,0,int
天赋卡,atk_crit1,secondaryEffectType,None,TalentEffectType
天赋卡,atk_crit1,secondaryEffectValue,0,int
天赋卡,atk_crit1,secondaryEffectValue2,0,int
天赋卡,atk_crit1,effectTarget,Global,CardEffectTarget
天赋卡,atk_crit1,targetOperatorType,Vanguard,OperatorType
天赋卡,atk_crit1,targetOperatorDataId,-1,int
天赋卡,atk_crit1,purchaseCooldownPenalty,0,int
天赋卡,atk_crit1,cardScope,PerRun,CardScope
天赋卡,atk_crit1,isGuardianRewindCard,false,bool
天赋卡,atk_crit1,triggerType,None,GuardianRewindTriggerType
天赋卡,atk_crit1,triggerValue,0,int
天赋卡,atk_crit1,isCurse,false,bool
天赋卡,atk_crit1,curseEffectType,None,TalentEffectType
天赋卡,atk_crit1,curseEffectValue,0,int
天赋卡,atk_crit1,curseSecondaryEffectType,None,TalentEffectType
天赋卡,atk_crit1,curseSecondaryEffectValue,0,int
天赋卡,atk_crit1,curseRemovable,true,bool
天赋卡,atk_crit2,cardId,atk_crit2,string
天赋卡,atk_crit2,displayName,暴击强化2,string
天赋卡,atk_crit2,description,暴击率+20%，暴击伤害+20%,string
天赋卡,atk_crit2,cardType,Attack,TalentCardType
天赋卡,atk_crit2,rarity,Common,TalentCardRarity
天赋卡,atk_crit2,slotDiscount,0.00,float
天赋卡,atk_crit2,effectType,CritChanceBonus,TalentEffectType
天赋卡,atk_crit2,effectValue,20,int
天赋卡,atk_crit2,effectValue2,0,int
天赋卡,atk_crit2,secondaryEffectType,CritDamageBonus,TalentEffectType
天赋卡,atk_crit2,secondaryEffectValue,20,int
天赋卡,atk_crit2,secondaryEffectValue2,0,int
天赋卡,atk_crit2,effectTarget,Global,CardEffectTarget
天赋卡,atk_crit2,targetOperatorType,Vanguard,OperatorType
天赋卡,atk_crit2,targetOperatorDataId,-1,int
天赋卡,atk_crit2,purchaseCooldownPenalty,0,int
天赋卡,atk_crit2,cardScope,PerRun,CardScope
天赋卡,atk_crit2,isGuardianRewindCard,false,bool
天赋卡,atk_crit2,triggerType,None,GuardianRewindTriggerType
天赋卡,atk_crit2,triggerValue,0,int
天赋卡,atk_crit2,isCurse,false,bool
天赋卡,atk_crit2,curseEffectType,None,TalentEffectType
天赋卡,atk_crit2,curseEffectValue,0,int
天赋卡,atk_crit2,curseSecondaryEffectType,None,TalentEffectType
天赋卡,atk_crit2,curseSecondaryEffectValue,0,int
天赋卡,atk_crit2,curseRemovable,true,bool
天赋卡,atk_crit3,cardId,atk_crit3,string
天赋卡,atk_crit3,displayName,暴击强化3,string
天赋卡,atk_crit3,description,暴击率+30%，暴击伤害+50%,string
天赋卡,atk_crit3,cardType,Attack,TalentCardType
天赋卡,atk_crit3,rarity,Common,TalentCardRarity
天赋卡,atk_crit3,slotDiscount,0.00,float
天赋卡,atk_crit3,effectType,CritChanceBonus,TalentEffectType
天赋卡,atk_crit3,effectValue,30,int
天赋卡,atk_crit3,effectValue2,0,int
天赋卡,atk_crit3,secondaryEffectType,CritDamageBonus,TalentEffectType
天赋卡,atk_crit3,secondaryEffectValue,50,int
天赋卡,atk_crit3,secondaryEffectValue2,0,int
天赋卡,atk_crit3,effectTarget,Global,CardEffectTarget
天赋卡,atk_crit3,targetOperatorType,Vanguard,OperatorType
天赋卡,atk_crit3,targetOperatorDataId,-1,int
天赋卡,atk_crit3,purchaseCooldownPenalty,0,int
天赋卡,atk_crit3,cardScope,PerRun,CardScope
天赋卡,atk_crit3,isGuardianRewindCard,false,bool
天赋卡,atk_crit3,triggerType,None,GuardianRewindTriggerType
天赋卡,atk_crit3,triggerValue,0,int
天赋卡,atk_crit3,isCurse,false,bool
天赋卡,atk_crit3,curseEffectType,None,TalentEffectType
天赋卡,atk_crit3,curseEffectValue,0,int
天赋卡,atk_crit3,curseSecondaryEffectType,None,TalentEffectType
天赋卡,atk_crit3,curseSecondaryEffectValue,0,int
天赋卡,atk_crit3,curseRemovable,true,bool
天赋卡,atk_killbuff,cardId,atk_killbuff,string
天赋卡,atk_killbuff,displayName,杀戮律动,string
天赋卡,atk_killbuff,description,击杀后攻速+30%持续3秒，吸血8%,string
天赋卡,atk_killbuff,cardType,Attack,TalentCardType
天赋卡,atk_killbuff,rarity,Common,TalentCardRarity
天赋卡,atk_killbuff,slotDiscount,0.00,float
天赋卡,atk_killbuff,effectType,KillAttackSpeedBuff,TalentEffectType
天赋卡,atk_killbuff,effectValue,30,int
天赋卡,atk_killbuff,effectValue2,3,int
天赋卡,atk_killbuff,secondaryEffectType,LifeStealPercent,TalentEffectType
天赋卡,atk_killbuff,secondaryEffectValue,8,int
天赋卡,atk_killbuff,secondaryEffectValue2,0,int
天赋卡,atk_killbuff,effectTarget,Global,CardEffectTarget
天赋卡,atk_killbuff,targetOperatorType,Vanguard,OperatorType
天赋卡,atk_killbuff,targetOperatorDataId,-1,int
天赋卡,atk_killbuff,purchaseCooldownPenalty,0,int
天赋卡,atk_killbuff,cardScope,PerRun,CardScope
天赋卡,atk_killbuff,isGuardianRewindCard,false,bool
天赋卡,atk_killbuff,triggerType,None,GuardianRewindTriggerType
天赋卡,atk_killbuff,triggerValue,0,int
天赋卡,atk_killbuff,isCurse,false,bool
天赋卡,atk_killbuff,curseEffectType,None,TalentEffectType
天赋卡,atk_killbuff,curseEffectValue,0,int
天赋卡,atk_killbuff,curseSecondaryEffectType,None,TalentEffectType
天赋卡,atk_killbuff,curseSecondaryEffectValue,0,int
天赋卡,atk_killbuff,curseRemovable,true,bool
天赋卡,atk_killstack,cardId,atk_killstack,string
天赋卡,atk_killstack,displayName,战意觉醒,string
天赋卡,atk_killstack,description,每击杀+1攻击力(上限20)，吸血5%,string
天赋卡,atk_killstack,cardType,Attack,TalentCardType
天赋卡,atk_killstack,rarity,Common,TalentCardRarity
天赋卡,atk_killstack,slotDiscount,0.00,float
天赋卡,atk_killstack,effectType,KillStackAttack,TalentEffectType
天赋卡,atk_killstack,effectValue,1,int
天赋卡,atk_killstack,effectValue2,20,int
天赋卡,atk_killstack,secondaryEffectType,LifeStealPercent,TalentEffectType
天赋卡,atk_killstack,secondaryEffectValue,5,int
天赋卡,atk_killstack,secondaryEffectValue2,0,int
天赋卡,atk_killstack,effectTarget,Global,CardEffectTarget
天赋卡,atk_killstack,targetOperatorType,Vanguard,OperatorType
天赋卡,atk_killstack,targetOperatorDataId,-1,int
天赋卡,atk_killstack,purchaseCooldownPenalty,0,int
天赋卡,atk_killstack,cardScope,PerRun,CardScope
天赋卡,atk_killstack,isGuardianRewindCard,false,bool
天赋卡,atk_killstack,triggerType,None,GuardianRewindTriggerType
天赋卡,atk_killstack,triggerValue,0,int
天赋卡,atk_killstack,isCurse,false,bool
天赋卡,atk_killstack,curseEffectType,None,TalentEffectType
天赋卡,atk_killstack,curseEffectValue,0,int
天赋卡,atk_killstack,curseSecondaryEffectType,None,TalentEffectType
天赋卡,atk_killstack,curseSecondaryEffectValue,0,int
天赋卡,atk_killstack,curseRemovable,true,bool
天赋卡,atk_lifesteal1,cardId,atk_lifesteal1,string
天赋卡,atk_lifesteal1,displayName,吸血1,string
天赋卡,atk_lifesteal1,description,吸血8%,string
天赋卡,atk_lifesteal1,cardType,Attack,TalentCardType
天赋卡,atk_lifesteal1,rarity,Common,TalentCardRarity
天赋卡,atk_lifesteal1,slotDiscount,0.00,float
天赋卡,atk_lifesteal1,effectType,LifeStealPercent,TalentEffectType
天赋卡,atk_lifesteal1,effectValue,8,int
天赋卡,atk_lifesteal1,effectValue2,0,int
天赋卡,atk_lifesteal1,secondaryEffectType,None,TalentEffectType
天赋卡,atk_lifesteal1,secondaryEffectValue,0,int
天赋卡,atk_lifesteal1,secondaryEffectValue2,0,int
天赋卡,atk_lifesteal1,effectTarget,Global,CardEffectTarget
天赋卡,atk_lifesteal1,targetOperatorType,Vanguard,OperatorType
天赋卡,atk_lifesteal1,targetOperatorDataId,-1,int
天赋卡,atk_lifesteal1,purchaseCooldownPenalty,0,int
天赋卡,atk_lifesteal1,cardScope,PerRun,CardScope
天赋卡,atk_lifesteal1,isGuardianRewindCard,false,bool
天赋卡,atk_lifesteal1,triggerType,None,GuardianRewindTriggerType
天赋卡,atk_lifesteal1,triggerValue,0,int
天赋卡,atk_lifesteal1,isCurse,false,bool
天赋卡,atk_lifesteal1,curseEffectType,None,TalentEffectType
天赋卡,atk_lifesteal1,curseEffectValue,0,int
天赋卡,atk_lifesteal1,curseSecondaryEffectType,None,TalentEffectType
天赋卡,atk_lifesteal1,curseSecondaryEffectValue,0,int
天赋卡,atk_lifesteal1,curseRemovable,true,bool
天赋卡,atk_lifesteal2,cardId,atk_lifesteal2,string
天赋卡,atk_lifesteal2,displayName,吸血2,string
天赋卡,atk_lifesteal2,description,吸血18%，最大生命+10%,string
天赋卡,atk_lifesteal2,cardType,Attack,TalentCardType
天赋卡,atk_lifesteal2,rarity,Common,TalentCardRarity
天赋卡,atk_lifesteal2,slotDiscount,0.00,float
天赋卡,atk_lifesteal2,effectType,LifeStealPercent,TalentEffectType
天赋卡,atk_lifesteal2,effectValue,18,int
天赋卡,atk_lifesteal2,effectValue2,0,int
天赋卡,atk_lifesteal2,secondaryEffectType,MaxHpPercent,TalentEffectType
天赋卡,atk_lifesteal2,secondaryEffectValue,10,int
天赋卡,atk_lifesteal2,secondaryEffectValue2,0,int
天赋卡,atk_lifesteal2,effectTarget,Global,CardEffectTarget
天赋卡,atk_lifesteal2,targetOperatorType,Vanguard,OperatorType
天赋卡,atk_lifesteal2,targetOperatorDataId,-1,int
天赋卡,atk_lifesteal2,purchaseCooldownPenalty,0,int
天赋卡,atk_lifesteal2,cardScope,PerRun,CardScope
天赋卡,atk_lifesteal2,isGuardianRewindCard,false,bool
天赋卡,atk_lifesteal2,triggerType,None,GuardianRewindTriggerType
天赋卡,atk_lifesteal2,triggerValue,0,int
天赋卡,atk_lifesteal2,isCurse,false,bool
天赋卡,atk_lifesteal2,curseEffectType,None,TalentEffectType
天赋卡,atk_lifesteal2,curseEffectValue,0,int
天赋卡,atk_lifesteal2,curseSecondaryEffectType,None,TalentEffectType
天赋卡,atk_lifesteal2,curseSecondaryEffectValue,0,int
天赋卡,atk_lifesteal2,curseRemovable,true,bool
天赋卡,atk_pierce1,cardId,atk_pierce1,string
天赋卡,atk_pierce1,displayName,破甲1,string
天赋卡,atk_pierce1,description,无视防御15%,string
天赋卡,atk_pierce1,cardType,Attack,TalentCardType
天赋卡,atk_pierce1,rarity,Common,TalentCardRarity
天赋卡,atk_pierce1,slotDiscount,0.00,float
天赋卡,atk_pierce1,effectType,DefensePenetration,TalentEffectType
天赋卡,atk_pierce1,effectValue,15,int
天赋卡,atk_pierce1,effectValue2,0,int
天赋卡,atk_pierce1,secondaryEffectType,None,TalentEffectType
天赋卡,atk_pierce1,secondaryEffectValue,0,int
天赋卡,atk_pierce1,secondaryEffectValue2,0,int
天赋卡,atk_pierce1,effectTarget,Global,CardEffectTarget
天赋卡,atk_pierce1,targetOperatorType,Vanguard,OperatorType
天赋卡,atk_pierce1,targetOperatorDataId,-1,int
天赋卡,atk_pierce1,purchaseCooldownPenalty,0,int
天赋卡,atk_pierce1,cardScope,PerRun,CardScope
天赋卡,atk_pierce1,isGuardianRewindCard,false,bool
天赋卡,atk_pierce1,triggerType,None,GuardianRewindTriggerType
天赋卡,atk_pierce1,triggerValue,0,int
天赋卡,atk_pierce1,isCurse,false,bool
天赋卡,atk_pierce1,curseEffectType,None,TalentEffectType
天赋卡,atk_pierce1,curseEffectValue,0,int
天赋卡,atk_pierce1,curseSecondaryEffectType,None,TalentEffectType
天赋卡,atk_pierce1,curseSecondaryEffectValue,0,int
天赋卡,atk_pierce1,curseRemovable,true,bool
天赋卡,atk_pierce2,cardId,atk_pierce2,string
天赋卡,atk_pierce2,displayName,破甲2,string
天赋卡,atk_pierce2,description,无视防御30%，攻击力+8%,string
天赋卡,atk_pierce2,cardType,Attack,TalentCardType
天赋卡,atk_pierce2,rarity,Common,TalentCardRarity
天赋卡,atk_pierce2,slotDiscount,0.00,float
天赋卡,atk_pierce2,effectType,DefensePenetration,TalentEffectType
天赋卡,atk_pierce2,effectValue,30,int
天赋卡,atk_pierce2,effectValue2,0,int
天赋卡,atk_pierce2,secondaryEffectType,AttackPercent,TalentEffectType
天赋卡,atk_pierce2,secondaryEffectValue,8,int
天赋卡,atk_pierce2,secondaryEffectValue2,0,int
天赋卡,atk_pierce2,effectTarget,Global,CardEffectTarget
天赋卡,atk_pierce2,targetOperatorType,Vanguard,OperatorType
天赋卡,atk_pierce2,targetOperatorDataId,-1,int
天赋卡,atk_pierce2,purchaseCooldownPenalty,0,int
天赋卡,atk_pierce2,cardScope,PerRun,CardScope
天赋卡,atk_pierce2,isGuardianRewindCard,false,bool
天赋卡,atk_pierce2,triggerType,None,GuardianRewindTriggerType
天赋卡,atk_pierce2,triggerValue,0,int
天赋卡,atk_pierce2,isCurse,false,bool
天赋卡,atk_pierce2,curseEffectType,None,TalentEffectType
天赋卡,atk_pierce2,curseEffectValue,0,int
天赋卡,atk_pierce2,curseSecondaryEffectType,None,TalentEffectType
天赋卡,atk_pierce2,curseSecondaryEffectValue,0,int
天赋卡,atk_pierce2,curseRemovable,true,bool
天赋卡,atk_power1,cardId,atk_power1,string
天赋卡,atk_power1,displayName,攻击强化1,string
天赋卡,atk_power1,description,攻击力+10%,string
天赋卡,atk_power1,cardType,Attack,TalentCardType
天赋卡,atk_power1,rarity,Common,TalentCardRarity
天赋卡,atk_power1,slotDiscount,0.00,float
天赋卡,atk_power1,effectType,AttackPercent,TalentEffectType
天赋卡,atk_power1,effectValue,10,int
天赋卡,atk_power1,effectValue2,0,int
天赋卡,atk_power1,secondaryEffectType,None,TalentEffectType
天赋卡,atk_power1,secondaryEffectValue,0,int
天赋卡,atk_power1,secondaryEffectValue2,0,int
天赋卡,atk_power1,effectTarget,Global,CardEffectTarget
天赋卡,atk_power1,targetOperatorType,Vanguard,OperatorType
天赋卡,atk_power1,targetOperatorDataId,-1,int
天赋卡,atk_power1,purchaseCooldownPenalty,0,int
天赋卡,atk_power1,cardScope,PerRun,CardScope
天赋卡,atk_power1,isGuardianRewindCard,false,bool
天赋卡,atk_power1,triggerType,None,GuardianRewindTriggerType
天赋卡,atk_power1,triggerValue,0,int
天赋卡,atk_power1,isCurse,false,bool
天赋卡,atk_power1,curseEffectType,None,TalentEffectType
天赋卡,atk_power1,curseEffectValue,0,int
天赋卡,atk_power1,curseSecondaryEffectType,None,TalentEffectType
天赋卡,atk_power1,curseSecondaryEffectValue,0,int
天赋卡,atk_power1,curseRemovable,true,bool
天赋卡,atk_power2,cardId,atk_power2,string
天赋卡,atk_power2,displayName,攻击强化2,string
天赋卡,atk_power2,description,攻击力+20%,string
天赋卡,atk_power2,cardType,Attack,TalentCardType
天赋卡,atk_power2,rarity,Common,TalentCardRarity
天赋卡,atk_power2,slotDiscount,0.00,float
天赋卡,atk_power2,effectType,AttackPercent,TalentEffectType
天赋卡,atk_power2,effectValue,20,int
天赋卡,atk_power2,effectValue2,0,int
天赋卡,atk_power2,secondaryEffectType,None,TalentEffectType
天赋卡,atk_power2,secondaryEffectValue,0,int
天赋卡,atk_power2,secondaryEffectValue2,0,int
天赋卡,atk_power2,effectTarget,Global,CardEffectTarget
天赋卡,atk_power2,targetOperatorType,Vanguard,OperatorType
天赋卡,atk_power2,targetOperatorDataId,-1,int
天赋卡,atk_power2,purchaseCooldownPenalty,0,int
天赋卡,atk_power2,cardScope,PerRun,CardScope
天赋卡,atk_power2,isGuardianRewindCard,false,bool
天赋卡,atk_power2,triggerType,None,GuardianRewindTriggerType
天赋卡,atk_power2,triggerValue,0,int
天赋卡,atk_power2,isCurse,false,bool
天赋卡,atk_power2,curseEffectType,None,TalentEffectType
天赋卡,atk_power2,curseEffectValue,0,int
天赋卡,atk_power2,curseSecondaryEffectType,None,TalentEffectType
天赋卡,atk_power2,curseSecondaryEffectValue,0,int
天赋卡,atk_power2,curseRemovable,true,bool
天赋卡,atk_power3,cardId,atk_power3,string
天赋卡,atk_power3,displayName,攻击强化3,string
天赋卡,atk_power3,description,攻击力+35%，对精英怪伤害+15%,string
天赋卡,atk_power3,cardType,Attack,TalentCardType
天赋卡,atk_power3,rarity,Common,TalentCardRarity
天赋卡,atk_power3,slotDiscount,0.00,float
天赋卡,atk_power3,effectType,AttackPercent,TalentEffectType
天赋卡,atk_power3,effectValue,35,int
天赋卡,atk_power3,effectValue2,0,int
天赋卡,atk_power3,secondaryEffectType,EliteDamageBonus,TalentEffectType
天赋卡,atk_power3,secondaryEffectValue,15,int
天赋卡,atk_power3,secondaryEffectValue2,0,int
天赋卡,atk_power3,effectTarget,Global,CardEffectTarget
天赋卡,atk_power3,targetOperatorType,Vanguard,OperatorType
天赋卡,atk_power3,targetOperatorDataId,-1,int
天赋卡,atk_power3,purchaseCooldownPenalty,0,int
天赋卡,atk_power3,cardScope,PerRun,CardScope
天赋卡,atk_power3,isGuardianRewindCard,false,bool
天赋卡,atk_power3,triggerType,None,GuardianRewindTriggerType
天赋卡,atk_power3,triggerValue,0,int
天赋卡,atk_power3,isCurse,false,bool
天赋卡,atk_power3,curseEffectType,None,TalentEffectType
天赋卡,atk_power3,curseEffectValue,0,int
天赋卡,atk_power3,curseSecondaryEffectType,None,TalentEffectType
天赋卡,atk_power3,curseSecondaryEffectValue,0,int
天赋卡,atk_power3,curseRemovable,true,bool
天赋卡,atk_speed1,cardId,atk_speed1,string
天赋卡,atk_speed1,displayName,攻速提升1,string
天赋卡,atk_speed1,description,攻击速度+12%,string
天赋卡,atk_speed1,cardType,Attack,TalentCardType
天赋卡,atk_speed1,rarity,Common,TalentCardRarity
天赋卡,atk_speed1,slotDiscount,0.00,float
天赋卡,atk_speed1,effectType,AttackSpeedPercent,TalentEffectType
天赋卡,atk_speed1,effectValue,12,int
天赋卡,atk_speed1,effectValue2,0,int
天赋卡,atk_speed1,secondaryEffectType,None,TalentEffectType
天赋卡,atk_speed1,secondaryEffectValue,0,int
天赋卡,atk_speed1,secondaryEffectValue2,0,int
天赋卡,atk_speed1,effectTarget,Global,CardEffectTarget
天赋卡,atk_speed1,targetOperatorType,Vanguard,OperatorType
天赋卡,atk_speed1,targetOperatorDataId,-1,int
天赋卡,atk_speed1,purchaseCooldownPenalty,0,int
天赋卡,atk_speed1,cardScope,PerRun,CardScope
天赋卡,atk_speed1,isGuardianRewindCard,false,bool
天赋卡,atk_speed1,triggerType,None,GuardianRewindTriggerType
天赋卡,atk_speed1,triggerValue,0,int
天赋卡,atk_speed1,isCurse,false,bool
天赋卡,atk_speed1,curseEffectType,None,TalentEffectType
天赋卡,atk_speed1,curseEffectValue,0,int
天赋卡,atk_speed1,curseSecondaryEffectType,None,TalentEffectType
天赋卡,atk_speed1,curseSecondaryEffectValue,0,int
天赋卡,atk_speed1,curseRemovable,true,bool
天赋卡,atk_speed2,cardId,atk_speed2,string
天赋卡,atk_speed2,displayName,攻速提升2,string
天赋卡,atk_speed2,description,攻击速度+25%,string
天赋卡,atk_speed2,cardType,Attack,TalentCardType
天赋卡,atk_speed2,rarity,Common,TalentCardRarity
天赋卡,atk_speed2,slotDiscount,0.00,float
天赋卡,atk_speed2,effectType,AttackSpeedPercent,TalentEffectType
天赋卡,atk_speed2,effectValue,25,int
天赋卡,atk_speed2,effectValue2,0,int
天赋卡,atk_speed2,secondaryEffectType,None,TalentEffectType
天赋卡,atk_speed2,secondaryEffectValue,0,int
天赋卡,atk_speed2,secondaryEffectValue2,0,int
天赋卡,atk_speed2,effectTarget,Global,CardEffectTarget
天赋卡,atk_speed2,targetOperatorType,Vanguard,OperatorType
天赋卡,atk_speed2,targetOperatorDataId,-1,int
天赋卡,atk_speed2,purchaseCooldownPenalty,0,int
天赋卡,atk_speed2,cardScope,PerRun,CardScope
天赋卡,atk_speed2,isGuardianRewindCard,false,bool
天赋卡,atk_speed2,triggerType,None,GuardianRewindTriggerType
天赋卡,atk_speed2,triggerValue,0,int
天赋卡,atk_speed2,isCurse,false,bool
天赋卡,atk_speed2,curseEffectType,None,TalentEffectType
天赋卡,atk_speed2,curseEffectValue,0,int
天赋卡,atk_speed2,curseSecondaryEffectType,None,TalentEffectType
天赋卡,atk_speed2,curseSecondaryEffectValue,0,int
天赋卡,atk_speed2,curseRemovable,true,bool
天赋卡,atk_speed3,cardId,atk_speed3,string
天赋卡,atk_speed3,displayName,攻速提升3,string
天赋卡,atk_speed3,description,攻击速度+40%，攻击力+10%,string
天赋卡,atk_speed3,cardType,Attack,TalentCardType
天赋卡,atk_speed3,rarity,Common,TalentCardRarity
天赋卡,atk_speed3,slotDiscount,0.00,float
天赋卡,atk_speed3,effectType,AttackSpeedPercent,TalentEffectType
天赋卡,atk_speed3,effectValue,40,int
天赋卡,atk_speed3,effectValue2,0,int
天赋卡,atk_speed3,secondaryEffectType,AttackPercent,TalentEffectType
天赋卡,atk_speed3,secondaryEffectValue,10,int
天赋卡,atk_speed3,secondaryEffectValue2,0,int
天赋卡,atk_speed3,effectTarget,Global,CardEffectTarget
天赋卡,atk_speed3,targetOperatorType,Vanguard,OperatorType
天赋卡,atk_speed3,targetOperatorDataId,-1,int
天赋卡,atk_speed3,purchaseCooldownPenalty,0,int
天赋卡,atk_speed3,cardScope,PerRun,CardScope
天赋卡,atk_speed3,isGuardianRewindCard,false,bool
天赋卡,atk_speed3,triggerType,None,GuardianRewindTriggerType
天赋卡,atk_speed3,triggerValue,0,int
天赋卡,atk_speed3,isCurse,false,bool
天赋卡,atk_speed3,curseEffectType,None,TalentEffectType
天赋卡,atk_speed3,curseEffectValue,0,int
天赋卡,atk_speed3,curseSecondaryEffectType,None,TalentEffectType
天赋卡,atk_speed3,curseSecondaryEffectValue,0,int
天赋卡,atk_speed3,curseRemovable,true,bool
天赋卡,curse_abyss,cardId,curse_abyss,string
天赋卡,curse_abyss,displayName,深渊凝视,string
天赋卡,curse_abyss,description,守护点最大生命 -5。不可移除。深渊在凝视着你，它不会轻易放手。,string
天赋卡,curse_abyss,cardType,Special,TalentCardType
天赋卡,curse_abyss,rarity,Legendary,TalentCardRarity
天赋卡,curse_abyss,slotDiscount,0.00,float
天赋卡,curse_abyss,effectType,GuardianHpBonus,TalentEffectType
天赋卡,curse_abyss,effectValue,0,int
天赋卡,curse_abyss,effectValue2,0,int
天赋卡,curse_abyss,secondaryEffectType,None,TalentEffectType
天赋卡,curse_abyss,secondaryEffectValue,0,int
天赋卡,curse_abyss,secondaryEffectValue2,0,int
天赋卡,curse_abyss,effectTarget,Global,CardEffectTarget
天赋卡,curse_abyss,targetOperatorType,Vanguard,OperatorType
天赋卡,curse_abyss,targetOperatorDataId,-1,int
天赋卡,curse_abyss,purchaseCooldownPenalty,0,int
天赋卡,curse_abyss,cardScope,PerRun,CardScope
天赋卡,curse_abyss,isGuardianRewindCard,false,bool
天赋卡,curse_abyss,triggerType,None,GuardianRewindTriggerType
天赋卡,curse_abyss,triggerValue,0,int
天赋卡,curse_abyss,isCurse,true,bool
天赋卡,curse_abyss,curseEffectType,GuardianHpBonus,TalentEffectType
天赋卡,curse_abyss,curseEffectValue,-5,int
天赋卡,curse_abyss,curseSecondaryEffectType,None,TalentEffectType
天赋卡,curse_abyss,curseSecondaryEffectValue,0,int
天赋卡,curse_abyss,curseRemovable,false,bool
天赋卡,curse_bloodmoon,cardId,curse_bloodmoon,string
天赋卡,curse_bloodmoon,displayName,血月诅咒,string
天赋卡,curse_bloodmoon,description,守护点最大生命 -3。血月之下，你的堡垒变得不堪一击。,string
天赋卡,curse_bloodmoon,cardType,Special,TalentCardType
天赋卡,curse_bloodmoon,rarity,Advanced,TalentCardRarity
天赋卡,curse_bloodmoon,slotDiscount,0.00,float
天赋卡,curse_bloodmoon,effectType,GuardianHpBonus,TalentEffectType
天赋卡,curse_bloodmoon,effectValue,0,int
天赋卡,curse_bloodmoon,effectValue2,0,int
天赋卡,curse_bloodmoon,secondaryEffectType,None,TalentEffectType
天赋卡,curse_bloodmoon,secondaryEffectValue,0,int
天赋卡,curse_bloodmoon,secondaryEffectValue2,0,int
天赋卡,curse_bloodmoon,effectTarget,Global,CardEffectTarget
天赋卡,curse_bloodmoon,targetOperatorType,Vanguard,OperatorType
天赋卡,curse_bloodmoon,targetOperatorDataId,-1,int
天赋卡,curse_bloodmoon,purchaseCooldownPenalty,0,int
天赋卡,curse_bloodmoon,cardScope,PerRun,CardScope
天赋卡,curse_bloodmoon,isGuardianRewindCard,false,bool
天赋卡,curse_bloodmoon,triggerType,None,GuardianRewindTriggerType
天赋卡,curse_bloodmoon,triggerValue,0,int
天赋卡,curse_bloodmoon,isCurse,true,bool
天赋卡,curse_bloodmoon,curseEffectType,GuardianHpBonus,TalentEffectType
天赋卡,curse_bloodmoon,curseEffectValue,-3,int
天赋卡,curse_bloodmoon,curseSecondaryEffectType,None,TalentEffectType
天赋卡,curse_bloodmoon,curseSecondaryEffectValue,0,int
天赋卡,curse_bloodmoon,curseRemovable,true,bool
天赋卡,curse_decay,cardId,curse_decay,string
天赋卡,curse_decay,displayName,腐朽铠甲,string
天赋卡,curse_decay,description,全体干员防御力 -20%。装备在不知不觉中开始锈蚀。,string
天赋卡,curse_decay,cardType,Special,TalentCardType
天赋卡,curse_decay,rarity,Common,TalentCardRarity
天赋卡,curse_decay,slotDiscount,0.00,float
天赋卡,curse_decay,effectType,DefensePercent,TalentEffectType
天赋卡,curse_decay,effectValue,0,int
天赋卡,curse_decay,effectValue2,0,int
天赋卡,curse_decay,secondaryEffectType,None,TalentEffectType
天赋卡,curse_decay,secondaryEffectValue,0,int
天赋卡,curse_decay,secondaryEffectValue2,0,int
天赋卡,curse_decay,effectTarget,Global,CardEffectTarget
天赋卡,curse_decay,targetOperatorType,Vanguard,OperatorType
天赋卡,curse_decay,targetOperatorDataId,-1,int
天赋卡,curse_decay,purchaseCooldownPenalty,0,int
天赋卡,curse_decay,cardScope,PerRun,CardScope
天赋卡,curse_decay,isGuardianRewindCard,false,bool
天赋卡,curse_decay,triggerType,None,GuardianRewindTriggerType
天赋卡,curse_decay,triggerValue,0,int
天赋卡,curse_decay,isCurse,true,bool
天赋卡,curse_decay,curseEffectType,DefensePercent,TalentEffectType
天赋卡,curse_decay,curseEffectValue,-20,int
天赋卡,curse_decay,curseSecondaryEffectType,None,TalentEffectType
天赋卡,curse_decay,curseSecondaryEffectValue,0,int
天赋卡,curse_decay,curseRemovable,true,bool
天赋卡,curse_elite,cardId,curse_elite,string
天赋卡,curse_elite,displayName,精英猎杀者,string
天赋卡,curse_elite,description,精英敌人全属性 +25%。更强的精英在等待着你的失误。,string
天赋卡,curse_elite,cardType,Special,TalentCardType
天赋卡,curse_elite,rarity,Advanced,TalentCardRarity
天赋卡,curse_elite,slotDiscount,0.00,float
天赋卡,curse_elite,effectType,EliteDamageBonus,TalentEffectType
天赋卡,curse_elite,effectValue,0,int
天赋卡,curse_elite,effectValue2,0,int
天赋卡,curse_elite,secondaryEffectType,None,TalentEffectType
天赋卡,curse_elite,secondaryEffectValue,0,int
天赋卡,curse_elite,secondaryEffectValue2,0,int
天赋卡,curse_elite,effectTarget,Global,CardEffectTarget
天赋卡,curse_elite,targetOperatorType,Vanguard,OperatorType
天赋卡,curse_elite,targetOperatorDataId,-1,int
天赋卡,curse_elite,purchaseCooldownPenalty,0,int
天赋卡,curse_elite,cardScope,PerRun,CardScope
天赋卡,curse_elite,isGuardianRewindCard,false,bool
天赋卡,curse_elite,triggerType,None,GuardianRewindTriggerType
天赋卡,curse_elite,triggerValue,0,int
天赋卡,curse_elite,isCurse,true,bool
天赋卡,curse_elite,curseEffectType,EliteDamageBonus,TalentEffectType
天赋卡,curse_elite,curseEffectValue,-25,int
天赋卡,curse_elite,curseSecondaryEffectType,None,TalentEffectType
天赋卡,curse_elite,curseSecondaryEffectValue,0,int
天赋卡,curse_elite,curseRemovable,true,bool
天赋卡,curse_fate,cardId,curse_fate,string
天赋卡,curse_fate,displayName,命运无常,string
天赋卡,curse_fate,description,暴击率 -20%。幸运女神背弃了你。,string
天赋卡,curse_fate,cardType,Special,TalentCardType
天赋卡,curse_fate,rarity,Advanced,TalentCardRarity
天赋卡,curse_fate,slotDiscount,0.00,float
天赋卡,curse_fate,effectType,CritChanceBonus,TalentEffectType
天赋卡,curse_fate,effectValue,0,int
天赋卡,curse_fate,effectValue2,0,int
天赋卡,curse_fate,secondaryEffectType,None,TalentEffectType
天赋卡,curse_fate,secondaryEffectValue,0,int
天赋卡,curse_fate,secondaryEffectValue2,0,int
天赋卡,curse_fate,effectTarget,Global,CardEffectTarget
天赋卡,curse_fate,targetOperatorType,Vanguard,OperatorType
天赋卡,curse_fate,targetOperatorDataId,-1,int
天赋卡,curse_fate,purchaseCooldownPenalty,0,int
天赋卡,curse_fate,cardScope,PerRun,CardScope
天赋卡,curse_fate,isGuardianRewindCard,false,bool
天赋卡,curse_fate,triggerType,None,GuardianRewindTriggerType
天赋卡,curse_fate,triggerValue,0,int
天赋卡,curse_fate,isCurse,true,bool
天赋卡,curse_fate,curseEffectType,CritChanceBonus,TalentEffectType
天赋卡,curse_fate,curseEffectValue,-20,int
天赋卡,curse_fate,curseSecondaryEffectType,None,TalentEffectType
天赋卡,curse_fate,curseSecondaryEffectValue,0,int
天赋卡,curse_fate,curseRemovable,true,bool
天赋卡,curse_feeble,cardId,curse_feeble,string
天赋卡,curse_feeble,displayName,虚弱之触,string
天赋卡,curse_feeble,description,全体干员最大生命值 -25%。你的部队变得弱不禁风。,string
天赋卡,curse_feeble,cardType,Special,TalentCardType
天赋卡,curse_feeble,rarity,Common,TalentCardRarity
天赋卡,curse_feeble,slotDiscount,0.00,float
天赋卡,curse_feeble,effectType,MaxHpPercent,TalentEffectType
天赋卡,curse_feeble,effectValue,0,int
天赋卡,curse_feeble,effectValue2,0,int
天赋卡,curse_feeble,secondaryEffectType,None,TalentEffectType
天赋卡,curse_feeble,secondaryEffectValue,0,int
天赋卡,curse_feeble,secondaryEffectValue2,0,int
天赋卡,curse_feeble,effectTarget,Global,CardEffectTarget
天赋卡,curse_feeble,targetOperatorType,Vanguard,OperatorType
天赋卡,curse_feeble,targetOperatorDataId,-1,int
天赋卡,curse_feeble,purchaseCooldownPenalty,0,int
天赋卡,curse_feeble,cardScope,PerRun,CardScope
天赋卡,curse_feeble,isGuardianRewindCard,false,bool
天赋卡,curse_feeble,triggerType,None,GuardianRewindTriggerType
天赋卡,curse_feeble,triggerValue,0,int
天赋卡,curse_feeble,isCurse,true,bool
天赋卡,curse_feeble,curseEffectType,MaxHpPercent,TalentEffectType
天赋卡,curse_feeble,curseEffectValue,-25,int
天赋卡,curse_feeble,curseSecondaryEffectType,None,TalentEffectType
天赋卡,curse_feeble,curseSecondaryEffectValue,0,int
天赋卡,curse_feeble,curseRemovable,true,bool
天赋卡,curse_greed,cardId,curse_greed,string
天赋卡,curse_greed,displayName,贪婪之罚,string
天赋卡,curse_greed,description,击杀敌人获得的金币 -40%。财富似乎总是从你指缝间溜走。,string
天赋卡,curse_greed,cardType,Special,TalentCardType
天赋卡,curse_greed,rarity,Common,TalentCardRarity
天赋卡,curse_greed,slotDiscount,0.00,float
天赋卡,curse_greed,effectType,GoldBonus,TalentEffectType
天赋卡,curse_greed,effectValue,0,int
天赋卡,curse_greed,effectValue2,0,int
天赋卡,curse_greed,secondaryEffectType,None,TalentEffectType
天赋卡,curse_greed,secondaryEffectValue,0,int
天赋卡,curse_greed,secondaryEffectValue2,0,int
天赋卡,curse_greed,effectTarget,Global,CardEffectTarget
天赋卡,curse_greed,targetOperatorType,Vanguard,OperatorType
天赋卡,curse_greed,targetOperatorDataId,-1,int
天赋卡,curse_greed,purchaseCooldownPenalty,0,int
天赋卡,curse_greed,cardScope,PerRun,CardScope
天赋卡,curse_greed,isGuardianRewindCard,false,bool
天赋卡,curse_greed,triggerType,None,GuardianRewindTriggerType
天赋卡,curse_greed,triggerValue,0,int
天赋卡,curse_greed,isCurse,true,bool
天赋卡,curse_greed,curseEffectType,GoldBonus,TalentEffectType
天赋卡,curse_greed,curseEffectValue,-40,int
天赋卡,curse_greed,curseSecondaryEffectType,None,TalentEffectType
天赋卡,curse_greed,curseSecondaryEffectValue,0,int
天赋卡,curse_greed,curseRemovable,true,bool
天赋卡,curse_guardian_frail,cardId,curse_guardian_frail,string
天赋卡,curse_guardian_frail,displayName,守护点脆弱,string
天赋卡,curse_guardian_frail,description,守护点受到的所有伤害 +30%。命运对你的守护点格外残忍。,string
天赋卡,curse_guardian_frail,cardType,Special,TalentCardType
天赋卡,curse_guardian_frail,rarity,Common,TalentCardRarity
天赋卡,curse_guardian_frail,slotDiscount,0.00,float
天赋卡,curse_guardian_frail,effectType,GuardianHpBonus,TalentEffectType
天赋卡,curse_guardian_frail,effectValue,0,int
天赋卡,curse_guardian_frail,effectValue2,0,int
天赋卡,curse_guardian_frail,secondaryEffectType,None,TalentEffectType
天赋卡,curse_guardian_frail,secondaryEffectValue,0,int
天赋卡,curse_guardian_frail,secondaryEffectValue2,0,int
天赋卡,curse_guardian_frail,effectTarget,Global,CardEffectTarget
天赋卡,curse_guardian_frail,targetOperatorType,Vanguard,OperatorType
天赋卡,curse_guardian_frail,targetOperatorDataId,-1,int
天赋卡,curse_guardian_frail,purchaseCooldownPenalty,0,int
天赋卡,curse_guardian_frail,cardScope,PerRun,CardScope
天赋卡,curse_guardian_frail,isGuardianRewindCard,false,bool
天赋卡,curse_guardian_frail,triggerType,None,GuardianRewindTriggerType
天赋卡,curse_guardian_frail,triggerValue,0,int
天赋卡,curse_guardian_frail,isCurse,true,bool
天赋卡,curse_guardian_frail,curseEffectType,GuardianHpBonus,TalentEffectType
天赋卡,curse_guardian_frail,curseEffectValue,-30,int
天赋卡,curse_guardian_frail,curseSecondaryEffectType,None,TalentEffectType
天赋卡,curse_guardian_frail,curseSecondaryEffectValue,0,int
天赋卡,curse_guardian_frail,curseRemovable,true,bool
天赋卡,curse_misfortune,cardId,curse_misfortune,string
天赋卡,curse_misfortune,displayName,厄运缠身,string
天赋卡,curse_misfortune,description,免费重抽不可用，选卡选项数 -1（最低2个）。命运仿佛在和你作对。,string
天赋卡,curse_misfortune,cardType,Special,TalentCardType
天赋卡,curse_misfortune,rarity,Rare,TalentCardRarity
天赋卡,curse_misfortune,slotDiscount,0.00,float
天赋卡,curse_misfortune,effectType,None,TalentEffectType
天赋卡,curse_misfortune,effectValue,0,int
天赋卡,curse_misfortune,effectValue2,0,int
天赋卡,curse_misfortune,secondaryEffectType,None,TalentEffectType
天赋卡,curse_misfortune,secondaryEffectValue,0,int
天赋卡,curse_misfortune,secondaryEffectValue2,0,int
天赋卡,curse_misfortune,effectTarget,Global,CardEffectTarget
天赋卡,curse_misfortune,targetOperatorType,Vanguard,OperatorType
天赋卡,curse_misfortune,targetOperatorDataId,-1,int
天赋卡,curse_misfortune,purchaseCooldownPenalty,0,int
天赋卡,curse_misfortune,cardScope,PerRun,CardScope
天赋卡,curse_misfortune,isGuardianRewindCard,false,bool
天赋卡,curse_misfortune,triggerType,None,GuardianRewindTriggerType
天赋卡,curse_misfortune,triggerValue,0,int
天赋卡,curse_misfortune,isCurse,true,bool
天赋卡,curse_misfortune,curseEffectType,None,TalentEffectType
天赋卡,curse_misfortune,curseEffectValue,0,int
天赋卡,curse_misfortune,curseSecondaryEffectType,None,TalentEffectType
天赋卡,curse_misfortune,curseSecondaryEffectValue,0,int
天赋卡,curse_misfortune,curseRemovable,true,bool
天赋卡,curse_sloth,cardId,curse_sloth,string
天赋卡,curse_sloth,displayName,怠惰之咒,string
天赋卡,curse_sloth,description,全体干员攻击速度 -20%。你的部队变得迟缓而疲惫。,string
天赋卡,curse_sloth,cardType,Special,TalentCardType
天赋卡,curse_sloth,rarity,Common,TalentCardRarity
天赋卡,curse_sloth,slotDiscount,0.00,float
天赋卡,curse_sloth,effectType,AttackSpeedPercent,TalentEffectType
天赋卡,curse_sloth,effectValue,0,int
天赋卡,curse_sloth,effectValue2,0,int
天赋卡,curse_sloth,secondaryEffectType,None,TalentEffectType
天赋卡,curse_sloth,secondaryEffectValue,0,int
天赋卡,curse_sloth,secondaryEffectValue2,0,int
天赋卡,curse_sloth,effectTarget,Global,CardEffectTarget
天赋卡,curse_sloth,targetOperatorType,Vanguard,OperatorType
天赋卡,curse_sloth,targetOperatorDataId,-1,int
天赋卡,curse_sloth,purchaseCooldownPenalty,0,int
天赋卡,curse_sloth,cardScope,PerRun,CardScope
天赋卡,curse_sloth,isGuardianRewindCard,false,bool
天赋卡,curse_sloth,triggerType,None,GuardianRewindTriggerType
天赋卡,curse_sloth,triggerValue,0,int
天赋卡,curse_sloth,isCurse,true,bool
天赋卡,curse_sloth,curseEffectType,AttackSpeedPercent,TalentEffectType
天赋卡,curse_sloth,curseEffectValue,-20,int
天赋卡,curse_sloth,curseSecondaryEffectType,None,TalentEffectType
天赋卡,curse_sloth,curseSecondaryEffectValue,0,int
天赋卡,curse_sloth,curseRemovable,true,bool
天赋卡,curse_void,cardId,curse_void,string
天赋卡,curse_void,displayName,虚空虚弱,string
天赋卡,curse_void,description,全体干员攻击力 -15%。你的部队仿佛被虚空削弱了。,string
天赋卡,curse_void,cardType,Special,TalentCardType
天赋卡,curse_void,rarity,Common,TalentCardRarity
天赋卡,curse_void,slotDiscount,0.00,float
天赋卡,curse_void,effectType,AttackPercent,TalentEffectType
天赋卡,curse_void,effectValue,0,int
天赋卡,curse_void,effectValue2,0,int
天赋卡,curse_void,secondaryEffectType,None,TalentEffectType
天赋卡,curse_void,secondaryEffectValue,0,int
天赋卡,curse_void,secondaryEffectValue2,0,int
天赋卡,curse_void,effectTarget,Global,CardEffectTarget
天赋卡,curse_void,targetOperatorType,Vanguard,OperatorType
天赋卡,curse_void,targetOperatorDataId,-1,int
天赋卡,curse_void,purchaseCooldownPenalty,0,int
天赋卡,curse_void,cardScope,PerRun,CardScope
天赋卡,curse_void,isGuardianRewindCard,false,bool
天赋卡,curse_void,triggerType,None,GuardianRewindTriggerType
天赋卡,curse_void,triggerValue,0,int
天赋卡,curse_void,isCurse,true,bool
天赋卡,curse_void,curseEffectType,AttackPercent,TalentEffectType
天赋卡,curse_void,curseEffectValue,-15,int
天赋卡,curse_void,curseSecondaryEffectType,None,TalentEffectType
天赋卡,curse_void,curseSecondaryEffectValue,0,int
天赋卡,curse_void,curseRemovable,true,bool
天赋卡,curse_warfever,cardId,curse_warfever,string
天赋卡,curse_warfever,displayName,战争狂热,string
天赋卡,curse_warfever,description,击杀后攻速 +30%，但受到伤害 +20%。杀戮的快感让你失去理智。,string
天赋卡,curse_warfever,cardType,Special,TalentCardType
天赋卡,curse_warfever,rarity,Rare,TalentCardRarity
天赋卡,curse_warfever,slotDiscount,0.00,float
天赋卡,curse_warfever,effectType,KillAttackSpeedBuff,TalentEffectType
天赋卡,curse_warfever,effectValue,0,int
天赋卡,curse_warfever,effectValue2,0,int
天赋卡,curse_warfever,secondaryEffectType,DefensePercent,TalentEffectType
天赋卡,curse_warfever,secondaryEffectValue,0,int
天赋卡,curse_warfever,secondaryEffectValue2,0,int
天赋卡,curse_warfever,effectTarget,Global,CardEffectTarget
天赋卡,curse_warfever,targetOperatorType,Vanguard,OperatorType
天赋卡,curse_warfever,targetOperatorDataId,-1,int
天赋卡,curse_warfever,purchaseCooldownPenalty,0,int
天赋卡,curse_warfever,cardScope,PerRun,CardScope
天赋卡,curse_warfever,isGuardianRewindCard,false,bool
天赋卡,curse_warfever,triggerType,None,GuardianRewindTriggerType
天赋卡,curse_warfever,triggerValue,0,int
天赋卡,curse_warfever,isCurse,true,bool
天赋卡,curse_warfever,curseEffectType,KillAttackSpeedBuff,TalentEffectType
天赋卡,curse_warfever,curseEffectValue,30,int
天赋卡,curse_warfever,curseSecondaryEffectType,DefensePercent,TalentEffectType
天赋卡,curse_warfever,curseSecondaryEffectValue,-20,int
天赋卡,curse_warfever,curseRemovable,true,bool
天赋卡,def_block,cardId,def_block,string
天赋卡,def_block,displayName,格挡大师,string
天赋卡,def_block,description,防御力+30%，最大生命+20%,string
天赋卡,def_block,cardType,Defense,TalentCardType
天赋卡,def_block,rarity,Common,TalentCardRarity
天赋卡,def_block,slotDiscount,0.00,float
天赋卡,def_block,effectType,DefensePercent,TalentEffectType
天赋卡,def_block,effectValue,30,int
天赋卡,def_block,effectValue2,0,int
天赋卡,def_block,secondaryEffectType,MaxHpPercent,TalentEffectType
天赋卡,def_block,secondaryEffectValue,20,int
天赋卡,def_block,secondaryEffectValue2,0,int
天赋卡,def_block,effectTarget,Global,CardEffectTarget
天赋卡,def_block,targetOperatorType,Vanguard,OperatorType
天赋卡,def_block,targetOperatorDataId,-1,int
天赋卡,def_block,purchaseCooldownPenalty,0,int
天赋卡,def_block,cardScope,PerRun,CardScope
天赋卡,def_block,isGuardianRewindCard,false,bool
天赋卡,def_block,triggerType,None,GuardianRewindTriggerType
天赋卡,def_block,triggerValue,0,int
天赋卡,def_block,isCurse,false,bool
天赋卡,def_block,curseEffectType,None,TalentEffectType
天赋卡,def_block,curseEffectValue,0,int
天赋卡,def_block,curseSecondaryEffectType,None,TalentEffectType
天赋卡,def_block,curseSecondaryEffectValue,0,int
天赋卡,def_block,curseRemovable,true,bool
天赋卡,def_def1,cardId,def_def1,string
天赋卡,def_def1,displayName,防御强化1,string
天赋卡,def_def1,description,防御力+20%,string
天赋卡,def_def1,cardType,Defense,TalentCardType
天赋卡,def_def1,rarity,Common,TalentCardRarity
天赋卡,def_def1,slotDiscount,0.00,float
天赋卡,def_def1,effectType,DefensePercent,TalentEffectType
天赋卡,def_def1,effectValue,20,int
天赋卡,def_def1,effectValue2,0,int
天赋卡,def_def1,secondaryEffectType,None,TalentEffectType
天赋卡,def_def1,secondaryEffectValue,0,int
天赋卡,def_def1,secondaryEffectValue2,0,int
天赋卡,def_def1,effectTarget,Global,CardEffectTarget
天赋卡,def_def1,targetOperatorType,Vanguard,OperatorType
天赋卡,def_def1,targetOperatorDataId,-1,int
天赋卡,def_def1,purchaseCooldownPenalty,0,int
天赋卡,def_def1,cardScope,PerRun,CardScope
天赋卡,def_def1,isGuardianRewindCard,false,bool
天赋卡,def_def1,triggerType,None,GuardianRewindTriggerType
天赋卡,def_def1,triggerValue,0,int
天赋卡,def_def1,isCurse,false,bool
天赋卡,def_def1,curseEffectType,None,TalentEffectType
天赋卡,def_def1,curseEffectValue,0,int
天赋卡,def_def1,curseSecondaryEffectType,None,TalentEffectType
天赋卡,def_def1,curseSecondaryEffectValue,0,int
天赋卡,def_def1,curseRemovable,true,bool
天赋卡,def_def2,cardId,def_def2,string
天赋卡,def_def2,displayName,防御强化2,string
天赋卡,def_def2,description,防御力+40%,string
天赋卡,def_def2,cardType,Defense,TalentCardType
天赋卡,def_def2,rarity,Common,TalentCardRarity
天赋卡,def_def2,slotDiscount,0.00,float
天赋卡,def_def2,effectType,DefensePercent,TalentEffectType
天赋卡,def_def2,effectValue,40,int
天赋卡,def_def2,effectValue2,0,int
天赋卡,def_def2,secondaryEffectType,None,TalentEffectType
天赋卡,def_def2,secondaryEffectValue,0,int
天赋卡,def_def2,secondaryEffectValue2,0,int
天赋卡,def_def2,effectTarget,Global,CardEffectTarget
天赋卡,def_def2,targetOperatorType,Vanguard,OperatorType
天赋卡,def_def2,targetOperatorDataId,-1,int
天赋卡,def_def2,purchaseCooldownPenalty,0,int
天赋卡,def_def2,cardScope,PerRun,CardScope
天赋卡,def_def2,isGuardianRewindCard,false,bool
天赋卡,def_def2,triggerType,None,GuardianRewindTriggerType
天赋卡,def_def2,triggerValue,0,int
天赋卡,def_def2,isCurse,false,bool
天赋卡,def_def2,curseEffectType,None,TalentEffectType
天赋卡,def_def2,curseEffectValue,0,int
天赋卡,def_def2,curseSecondaryEffectType,None,TalentEffectType
天赋卡,def_def2,curseSecondaryEffectValue,0,int
天赋卡,def_def2,curseRemovable,true,bool
天赋卡,def_def3,cardId,def_def3,string
天赋卡,def_def3,displayName,防御强化3,string
天赋卡,def_def3,description,防御力+60%，最大生命+15%,string
天赋卡,def_def3,cardType,Defense,TalentCardType
天赋卡,def_def3,rarity,Common,TalentCardRarity
天赋卡,def_def3,slotDiscount,0.00,float
天赋卡,def_def3,effectType,DefensePercent,TalentEffectType
天赋卡,def_def3,effectValue,60,int
天赋卡,def_def3,effectValue2,0,int
天赋卡,def_def3,secondaryEffectType,MaxHpPercent,TalentEffectType
天赋卡,def_def3,secondaryEffectValue,15,int
天赋卡,def_def3,secondaryEffectValue2,0,int
天赋卡,def_def3,effectTarget,Global,CardEffectTarget
天赋卡,def_def3,targetOperatorType,Vanguard,OperatorType
天赋卡,def_def3,targetOperatorDataId,-1,int
天赋卡,def_def3,purchaseCooldownPenalty,0,int
天赋卡,def_def3,cardScope,PerRun,CardScope
天赋卡,def_def3,isGuardianRewindCard,false,bool
天赋卡,def_def3,triggerType,None,GuardianRewindTriggerType
天赋卡,def_def3,triggerValue,0,int
天赋卡,def_def3,isCurse,false,bool
天赋卡,def_def3,curseEffectType,None,TalentEffectType
天赋卡,def_def3,curseEffectValue,0,int
天赋卡,def_def3,curseSecondaryEffectType,None,TalentEffectType
天赋卡,def_def3,curseSecondaryEffectValue,0,int
天赋卡,def_def3,curseRemovable,true,bool
天赋卡,def_dodge1,cardId,def_dodge1,string
天赋卡,def_dodge1,displayName,灵活身法,string
天赋卡,def_dodge1,description,攻击速度+15%，防御力+10%,string
天赋卡,def_dodge1,cardType,Defense,TalentCardType
天赋卡,def_dodge1,rarity,Common,TalentCardRarity
天赋卡,def_dodge1,slotDiscount,0.00,float
天赋卡,def_dodge1,effectType,AttackSpeedPercent,TalentEffectType
天赋卡,def_dodge1,effectValue,15,int
天赋卡,def_dodge1,effectValue2,0,int
天赋卡,def_dodge1,secondaryEffectType,DefensePercent,TalentEffectType
天赋卡,def_dodge1,secondaryEffectValue,10,int
天赋卡,def_dodge1,secondaryEffectValue2,0,int
天赋卡,def_dodge1,effectTarget,Global,CardEffectTarget
天赋卡,def_dodge1,targetOperatorType,Vanguard,OperatorType
天赋卡,def_dodge1,targetOperatorDataId,-1,int
天赋卡,def_dodge1,purchaseCooldownPenalty,0,int
天赋卡,def_dodge1,cardScope,PerRun,CardScope
天赋卡,def_dodge1,isGuardianRewindCard,false,bool
天赋卡,def_dodge1,triggerType,None,GuardianRewindTriggerType
天赋卡,def_dodge1,triggerValue,0,int
天赋卡,def_dodge1,isCurse,false,bool
天赋卡,def_dodge1,curseEffectType,None,TalentEffectType
天赋卡,def_dodge1,curseEffectValue,0,int
天赋卡,def_dodge1,curseSecondaryEffectType,None,TalentEffectType
天赋卡,def_dodge1,curseSecondaryEffectValue,0,int
天赋卡,def_dodge1,curseRemovable,true,bool
天赋卡,def_dodge2,cardId,def_dodge2,string
天赋卡,def_dodge2,displayName,疾风步,string
天赋卡,def_dodge2,description,攻击速度+25%，攻击范围+1,string
天赋卡,def_dodge2,cardType,Defense,TalentCardType
天赋卡,def_dodge2,rarity,Common,TalentCardRarity
天赋卡,def_dodge2,slotDiscount,0.00,float
天赋卡,def_dodge2,effectType,AttackSpeedPercent,TalentEffectType
天赋卡,def_dodge2,effectValue,25,int
天赋卡,def_dodge2,effectValue2,0,int
天赋卡,def_dodge2,secondaryEffectType,AttackRangeBonus,TalentEffectType
天赋卡,def_dodge2,secondaryEffectValue,1,int
天赋卡,def_dodge2,secondaryEffectValue2,0,int
天赋卡,def_dodge2,effectTarget,Global,CardEffectTarget
天赋卡,def_dodge2,targetOperatorType,Vanguard,OperatorType
天赋卡,def_dodge2,targetOperatorDataId,-1,int
天赋卡,def_dodge2,purchaseCooldownPenalty,0,int
天赋卡,def_dodge2,cardScope,PerRun,CardScope
天赋卡,def_dodge2,isGuardianRewindCard,false,bool
天赋卡,def_dodge2,triggerType,None,GuardianRewindTriggerType
天赋卡,def_dodge2,triggerValue,0,int
天赋卡,def_dodge2,isCurse,false,bool
天赋卡,def_dodge2,curseEffectType,None,TalentEffectType
天赋卡,def_dodge2,curseEffectValue,0,int
天赋卡,def_dodge2,curseSecondaryEffectType,None,TalentEffectType
天赋卡,def_dodge2,curseSecondaryEffectValue,0,int
天赋卡,def_dodge2,curseRemovable,true,bool
天赋卡,def_fortify,cardId,def_fortify,string
天赋卡,def_fortify,displayName,坚守阵地,string
天赋卡,def_fortify,description,防御力+30%，受精英怪伤害-15%,string
天赋卡,def_fortify,cardType,Defense,TalentCardType
天赋卡,def_fortify,rarity,Common,TalentCardRarity
天赋卡,def_fortify,slotDiscount,0.00,float
天赋卡,def_fortify,effectType,DefensePercent,TalentEffectType
天赋卡,def_fortify,effectValue,30,int
天赋卡,def_fortify,effectValue2,0,int
天赋卡,def_fortify,secondaryEffectType,EliteDamageBonus,TalentEffectType
天赋卡,def_fortify,secondaryEffectValue,-15,int
天赋卡,def_fortify,secondaryEffectValue2,0,int
天赋卡,def_fortify,effectTarget,Global,CardEffectTarget
天赋卡,def_fortify,targetOperatorType,Vanguard,OperatorType
天赋卡,def_fortify,targetOperatorDataId,-1,int
天赋卡,def_fortify,purchaseCooldownPenalty,0,int
天赋卡,def_fortify,cardScope,PerRun,CardScope
天赋卡,def_fortify,isGuardianRewindCard,false,bool
天赋卡,def_fortify,triggerType,None,GuardianRewindTriggerType
天赋卡,def_fortify,triggerValue,0,int
天赋卡,def_fortify,isCurse,false,bool
天赋卡,def_fortify,curseEffectType,None,TalentEffectType
天赋卡,def_fortify,curseEffectValue,0,int
天赋卡,def_fortify,curseSecondaryEffectType,None,TalentEffectType
天赋卡,def_fortify,curseSecondaryEffectValue,0,int
天赋卡,def_fortify,curseRemovable,true,bool
天赋卡,def_hp1,cardId,def_hp1,string
天赋卡,def_hp1,displayName,生命强化1,string
天赋卡,def_hp1,description,最大生命+15%,string
天赋卡,def_hp1,cardType,Defense,TalentCardType
天赋卡,def_hp1,rarity,Common,TalentCardRarity
天赋卡,def_hp1,slotDiscount,0.00,float
天赋卡,def_hp1,effectType,MaxHpPercent,TalentEffectType
天赋卡,def_hp1,effectValue,15,int
天赋卡,def_hp1,effectValue2,0,int
天赋卡,def_hp1,secondaryEffectType,None,TalentEffectType
天赋卡,def_hp1,secondaryEffectValue,0,int
天赋卡,def_hp1,secondaryEffectValue2,0,int
天赋卡,def_hp1,effectTarget,Global,CardEffectTarget
天赋卡,def_hp1,targetOperatorType,Vanguard,OperatorType
天赋卡,def_hp1,targetOperatorDataId,-1,int
天赋卡,def_hp1,purchaseCooldownPenalty,0,int
天赋卡,def_hp1,cardScope,PerRun,CardScope
天赋卡,def_hp1,isGuardianRewindCard,false,bool
天赋卡,def_hp1,triggerType,None,GuardianRewindTriggerType
天赋卡,def_hp1,triggerValue,0,int
天赋卡,def_hp1,isCurse,false,bool
天赋卡,def_hp1,curseEffectType,None,TalentEffectType
天赋卡,def_hp1,curseEffectValue,0,int
天赋卡,def_hp1,curseSecondaryEffectType,None,TalentEffectType
天赋卡,def_hp1,curseSecondaryEffectValue,0,int
天赋卡,def_hp1,curseRemovable,true,bool
天赋卡,def_hp2,cardId,def_hp2,string
天赋卡,def_hp2,displayName,生命强化2,string
天赋卡,def_hp2,description,最大生命+30%,string
天赋卡,def_hp2,cardType,Defense,TalentCardType
天赋卡,def_hp2,rarity,Common,TalentCardRarity
天赋卡,def_hp2,slotDiscount,0.00,float
天赋卡,def_hp2,effectType,MaxHpPercent,TalentEffectType
天赋卡,def_hp2,effectValue,30,int
天赋卡,def_hp2,effectValue2,0,int
天赋卡,def_hp2,secondaryEffectType,None,TalentEffectType
天赋卡,def_hp2,secondaryEffectValue,0,int
天赋卡,def_hp2,secondaryEffectValue2,0,int
天赋卡,def_hp2,effectTarget,Global,CardEffectTarget
天赋卡,def_hp2,targetOperatorType,Vanguard,OperatorType
天赋卡,def_hp2,targetOperatorDataId,-1,int
天赋卡,def_hp2,purchaseCooldownPenalty,0,int
天赋卡,def_hp2,cardScope,PerRun,CardScope
天赋卡,def_hp2,isGuardianRewindCard,false,bool
天赋卡,def_hp2,triggerType,None,GuardianRewindTriggerType
天赋卡,def_hp2,triggerValue,0,int
天赋卡,def_hp2,isCurse,false,bool
天赋卡,def_hp2,curseEffectType,None,TalentEffectType
天赋卡,def_hp2,curseEffectValue,0,int
天赋卡,def_hp2,curseSecondaryEffectType,None,TalentEffectType
天赋卡,def_hp2,curseSecondaryEffectValue,0,int
天赋卡,def_hp2,curseRemovable,true,bool
天赋卡,def_hp3,cardId,def_hp3,string
天赋卡,def_hp3,displayName,生命强化3,string
天赋卡,def_hp3,description,最大生命+50%，防御力+15%,string
天赋卡,def_hp3,cardType,Defense,TalentCardType
天赋卡,def_hp3,rarity,Common,TalentCardRarity
天赋卡,def_hp3,slotDiscount,0.00,float
天赋卡,def_hp3,effectType,MaxHpPercent,TalentEffectType
天赋卡,def_hp3,effectValue,50,int
天赋卡,def_hp3,effectValue2,0,int
天赋卡,def_hp3,secondaryEffectType,DefensePercent,TalentEffectType
天赋卡,def_hp3,secondaryEffectValue,15,int
天赋卡,def_hp3,secondaryEffectValue2,0,int
天赋卡,def_hp3,effectTarget,Global,CardEffectTarget
天赋卡,def_hp3,targetOperatorType,Vanguard,OperatorType
天赋卡,def_hp3,targetOperatorDataId,-1,int
天赋卡,def_hp3,purchaseCooldownPenalty,0,int
天赋卡,def_hp3,cardScope,PerRun,CardScope
天赋卡,def_hp3,isGuardianRewindCard,false,bool
天赋卡,def_hp3,triggerType,None,GuardianRewindTriggerType
天赋卡,def_hp3,triggerValue,0,int
天赋卡,def_hp3,isCurse,false,bool
天赋卡,def_hp3,curseEffectType,None,TalentEffectType
天赋卡,def_hp3,curseEffectValue,0,int
天赋卡,def_hp3,curseSecondaryEffectType,None,TalentEffectType
天赋卡,def_hp3,curseSecondaryEffectValue,0,int
天赋卡,def_hp3,curseRemovable,true,bool
天赋卡,def_regen1,cardId,def_regen1,string
天赋卡,def_regen1,displayName,快速恢复,string
天赋卡,def_regen1,description,最大生命+15%，吸血5%,string
天赋卡,def_regen1,cardType,Defense,TalentCardType
天赋卡,def_regen1,rarity,Common,TalentCardRarity
天赋卡,def_regen1,slotDiscount,0.00,float
天赋卡,def_regen1,effectType,MaxHpPercent,TalentEffectType
天赋卡,def_regen1,effectValue,15,int
天赋卡,def_regen1,effectValue2,0,int
天赋卡,def_regen1,secondaryEffectType,LifeStealPercent,TalentEffectType
天赋卡,def_regen1,secondaryEffectValue,5,int
天赋卡,def_regen1,secondaryEffectValue2,0,int
天赋卡,def_regen1,effectTarget,Global,CardEffectTarget
天赋卡,def_regen1,targetOperatorType,Vanguard,OperatorType
天赋卡,def_regen1,targetOperatorDataId,-1,int
天赋卡,def_regen1,purchaseCooldownPenalty,0,int
天赋卡,def_regen1,cardScope,PerRun,CardScope
天赋卡,def_regen1,isGuardianRewindCard,false,bool
天赋卡,def_regen1,triggerType,None,GuardianRewindTriggerType
天赋卡,def_regen1,triggerValue,0,int
天赋卡,def_regen1,isCurse,false,bool
天赋卡,def_regen1,curseEffectType,None,TalentEffectType
天赋卡,def_regen1,curseEffectValue,0,int
天赋卡,def_regen1,curseSecondaryEffectType,None,TalentEffectType
天赋卡,def_regen1,curseSecondaryEffectValue,0,int
天赋卡,def_regen1,curseRemovable,true,bool
天赋卡,def_regen2,cardId,def_regen2,string
天赋卡,def_regen2,displayName,不灭再生,string
天赋卡,def_regen2,description,最大生命+25%，吸血12%,string
天赋卡,def_regen2,cardType,Defense,TalentCardType
天赋卡,def_regen2,rarity,Common,TalentCardRarity
天赋卡,def_regen2,slotDiscount,0.00,float
天赋卡,def_regen2,effectType,MaxHpPercent,TalentEffectType
天赋卡,def_regen2,effectValue,25,int
天赋卡,def_regen2,effectValue2,0,int
天赋卡,def_regen2,secondaryEffectType,LifeStealPercent,TalentEffectType
天赋卡,def_regen2,secondaryEffectValue,12,int
天赋卡,def_regen2,secondaryEffectValue2,0,int
天赋卡,def_regen2,effectTarget,Global,CardEffectTarget
天赋卡,def_regen2,targetOperatorType,Vanguard,OperatorType
天赋卡,def_regen2,targetOperatorDataId,-1,int
天赋卡,def_regen2,purchaseCooldownPenalty,0,int
天赋卡,def_regen2,cardScope,PerRun,CardScope
天赋卡,def_regen2,isGuardianRewindCard,false,bool
天赋卡,def_regen2,triggerType,None,GuardianRewindTriggerType
天赋卡,def_regen2,triggerValue,0,int
天赋卡,def_regen2,isCurse,false,bool
天赋卡,def_regen2,curseEffectType,None,TalentEffectType
天赋卡,def_regen2,curseEffectValue,0,int
天赋卡,def_regen2,curseSecondaryEffectType,None,TalentEffectType
天赋卡,def_regen2,curseSecondaryEffectValue,0,int
天赋卡,def_regen2,curseRemovable,true,bool
天赋卡,def_thorns1,cardId,def_thorns1,string
天赋卡,def_thorns1,displayName,荆棘护甲,string
天赋卡,def_thorns1,description,防御力+25%，攻击力+8%,string
天赋卡,def_thorns1,cardType,Defense,TalentCardType
天赋卡,def_thorns1,rarity,Common,TalentCardRarity
天赋卡,def_thorns1,slotDiscount,0.00,float
天赋卡,def_thorns1,effectType,DefensePercent,TalentEffectType
天赋卡,def_thorns1,effectValue,25,int
天赋卡,def_thorns1,effectValue2,0,int
天赋卡,def_thorns1,secondaryEffectType,AttackPercent,TalentEffectType
天赋卡,def_thorns1,secondaryEffectValue,8,int
天赋卡,def_thorns1,secondaryEffectValue2,0,int
天赋卡,def_thorns1,effectTarget,Global,CardEffectTarget
天赋卡,def_thorns1,targetOperatorType,Vanguard,OperatorType
天赋卡,def_thorns1,targetOperatorDataId,-1,int
天赋卡,def_thorns1,purchaseCooldownPenalty,0,int
天赋卡,def_thorns1,cardScope,PerRun,CardScope
天赋卡,def_thorns1,isGuardianRewindCard,false,bool
天赋卡,def_thorns1,triggerType,None,GuardianRewindTriggerType
天赋卡,def_thorns1,triggerValue,0,int
天赋卡,def_thorns1,isCurse,false,bool
天赋卡,def_thorns1,curseEffectType,None,TalentEffectType
天赋卡,def_thorns1,curseEffectValue,0,int
天赋卡,def_thorns1,curseSecondaryEffectType,None,TalentEffectType
天赋卡,def_thorns1,curseSecondaryEffectValue,0,int
天赋卡,def_thorns1,curseRemovable,true,bool
天赋卡,def_thorns2,cardId,def_thorns2,string
天赋卡,def_thorns2,displayName,复仇反甲,string
天赋卡,def_thorns2,description,防御力+35%，吸血8%,string
天赋卡,def_thorns2,cardType,Defense,TalentCardType
天赋卡,def_thorns2,rarity,Common,TalentCardRarity
天赋卡,def_thorns2,slotDiscount,0.00,float
天赋卡,def_thorns2,effectType,DefensePercent,TalentEffectType
天赋卡,def_thorns2,effectValue,35,int
天赋卡,def_thorns2,effectValue2,0,int
天赋卡,def_thorns2,secondaryEffectType,LifeStealPercent,TalentEffectType
天赋卡,def_thorns2,secondaryEffectValue,8,int
天赋卡,def_thorns2,secondaryEffectValue2,0,int
天赋卡,def_thorns2,effectTarget,Global,CardEffectTarget
天赋卡,def_thorns2,targetOperatorType,Vanguard,OperatorType
天赋卡,def_thorns2,targetOperatorDataId,-1,int
天赋卡,def_thorns2,purchaseCooldownPenalty,0,int
天赋卡,def_thorns2,cardScope,PerRun,CardScope
天赋卡,def_thorns2,isGuardianRewindCard,false,bool
天赋卡,def_thorns2,triggerType,None,GuardianRewindTriggerType
天赋卡,def_thorns2,triggerValue,0,int
天赋卡,def_thorns2,isCurse,false,bool
天赋卡,def_thorns2,curseEffectType,None,TalentEffectType
天赋卡,def_thorns2,curseEffectValue,0,int
天赋卡,def_thorns2,curseSecondaryEffectType,None,TalentEffectType
天赋卡,def_thorns2,curseSecondaryEffectValue,0,int
天赋卡,def_thorns2,curseRemovable,true,bool
天赋卡,def_undying,cardId,def_undying,string
天赋卡,def_undying,displayName,不屈意志,string
天赋卡,def_undying,description,最大生命+25%，防御力+20%,string
天赋卡,def_undying,cardType,Defense,TalentCardType
天赋卡,def_undying,rarity,Common,TalentCardRarity
天赋卡,def_undying,slotDiscount,0.00,float
天赋卡,def_undying,effectType,MaxHpPercent,TalentEffectType
天赋卡,def_undying,effectValue,25,int
天赋卡,def_undying,effectValue2,0,int
天赋卡,def_undying,secondaryEffectType,DefensePercent,TalentEffectType
天赋卡,def_undying,secondaryEffectValue,20,int
天赋卡,def_undying,secondaryEffectValue2,0,int
天赋卡,def_undying,effectTarget,Global,CardEffectTarget
天赋卡,def_undying,targetOperatorType,Vanguard,OperatorType
天赋卡,def_undying,targetOperatorDataId,-1,int
天赋卡,def_undying,purchaseCooldownPenalty,0,int
天赋卡,def_undying,cardScope,PerRun,CardScope
天赋卡,def_undying,isGuardianRewindCard,false,bool
天赋卡,def_undying,triggerType,None,GuardianRewindTriggerType
天赋卡,def_undying,triggerValue,0,int
天赋卡,def_undying,isCurse,false,bool
天赋卡,def_undying,curseEffectType,None,TalentEffectType
天赋卡,def_undying,curseEffectValue,0,int
天赋卡,def_undying,curseSecondaryEffectType,None,TalentEffectType
天赋卡,def_undying,curseSecondaryEffectValue,0,int
天赋卡,def_undying,curseRemovable,true,bool
天赋卡,grd_avatar1,cardId,grd_avatar1,string
天赋卡,grd_avatar1,displayName,守护神降临,string
天赋卡,grd_avatar1,description,守护点伤害+1000，射程+3,string
天赋卡,grd_avatar1,cardType,Guardian,TalentCardType
天赋卡,grd_avatar1,rarity,Common,TalentCardRarity
天赋卡,grd_avatar1,slotDiscount,0.00,float
天赋卡,grd_avatar1,effectType,GuardianDamageBonus,TalentEffectType
天赋卡,grd_avatar1,effectValue,1000,int
天赋卡,grd_avatar1,effectValue2,0,int
天赋卡,grd_avatar1,secondaryEffectType,GuardianRangeBonus,TalentEffectType
天赋卡,grd_avatar1,secondaryEffectValue,3,int
天赋卡,grd_avatar1,secondaryEffectValue2,0,int
天赋卡,grd_avatar1,effectTarget,Global,CardEffectTarget
天赋卡,grd_avatar1,targetOperatorType,Vanguard,OperatorType
天赋卡,grd_avatar1,targetOperatorDataId,-1,int
天赋卡,grd_avatar1,purchaseCooldownPenalty,0,int
天赋卡,grd_avatar1,cardScope,PerRun,CardScope
天赋卡,grd_avatar1,isGuardianRewindCard,false,bool
天赋卡,grd_avatar1,triggerType,None,GuardianRewindTriggerType
天赋卡,grd_avatar1,triggerValue,0,int
天赋卡,grd_avatar1,isCurse,false,bool
天赋卡,grd_avatar1,curseEffectType,None,TalentEffectType
天赋卡,grd_avatar1,curseEffectValue,0,int
天赋卡,grd_avatar1,curseSecondaryEffectType,None,TalentEffectType
天赋卡,grd_avatar1,curseSecondaryEffectValue,0,int
天赋卡,grd_avatar1,curseRemovable,true,bool
天赋卡,grd_dmg1,cardId,grd_dmg1,string
天赋卡,grd_dmg1,displayName,锐利防御,string
天赋卡,grd_dmg1,description,守护点伤害+100,string
天赋卡,grd_dmg1,cardType,Guardian,TalentCardType
天赋卡,grd_dmg1,rarity,Common,TalentCardRarity
天赋卡,grd_dmg1,slotDiscount,0.00,float
天赋卡,grd_dmg1,effectType,GuardianDamageBonus,TalentEffectType
天赋卡,grd_dmg1,effectValue,100,int
天赋卡,grd_dmg1,effectValue2,0,int
天赋卡,grd_dmg1,secondaryEffectType,None,TalentEffectType
天赋卡,grd_dmg1,secondaryEffectValue,0,int
天赋卡,grd_dmg1,secondaryEffectValue2,0,int
天赋卡,grd_dmg1,effectTarget,Global,CardEffectTarget
天赋卡,grd_dmg1,targetOperatorType,Vanguard,OperatorType
天赋卡,grd_dmg1,targetOperatorDataId,-1,int
天赋卡,grd_dmg1,purchaseCooldownPenalty,0,int
天赋卡,grd_dmg1,cardScope,PerRun,CardScope
天赋卡,grd_dmg1,isGuardianRewindCard,false,bool
天赋卡,grd_dmg1,triggerType,None,GuardianRewindTriggerType
天赋卡,grd_dmg1,triggerValue,0,int
天赋卡,grd_dmg1,isCurse,false,bool
天赋卡,grd_dmg1,curseEffectType,None,TalentEffectType
天赋卡,grd_dmg1,curseEffectValue,0,int
天赋卡,grd_dmg1,curseSecondaryEffectType,None,TalentEffectType
天赋卡,grd_dmg1,curseSecondaryEffectValue,0,int
天赋卡,grd_dmg1,curseRemovable,true,bool
天赋卡,grd_dmg2,cardId,grd_dmg2,string
天赋卡,grd_dmg2,displayName,守护增幅,string
天赋卡,grd_dmg2,description,守护点伤害+200，射程+1,string
天赋卡,grd_dmg2,cardType,Guardian,TalentCardType
天赋卡,grd_dmg2,rarity,Common,TalentCardRarity
天赋卡,grd_dmg2,slotDiscount,0.00,float
天赋卡,grd_dmg2,effectType,GuardianDamageBonus,TalentEffectType
天赋卡,grd_dmg2,effectValue,200,int
天赋卡,grd_dmg2,effectValue2,0,int
天赋卡,grd_dmg2,secondaryEffectType,GuardianRangeBonus,TalentEffectType
天赋卡,grd_dmg2,secondaryEffectValue,1,int
天赋卡,grd_dmg2,secondaryEffectValue2,0,int
天赋卡,grd_dmg2,effectTarget,Global,CardEffectTarget
天赋卡,grd_dmg2,targetOperatorType,Vanguard,OperatorType
天赋卡,grd_dmg2,targetOperatorDataId,-1,int
天赋卡,grd_dmg2,purchaseCooldownPenalty,0,int
天赋卡,grd_dmg2,cardScope,PerRun,CardScope
天赋卡,grd_dmg2,isGuardianRewindCard,false,bool
天赋卡,grd_dmg2,triggerType,None,GuardianRewindTriggerType
天赋卡,grd_dmg2,triggerValue,0,int
天赋卡,grd_dmg2,isCurse,false,bool
天赋卡,grd_dmg2,curseEffectType,None,TalentEffectType
天赋卡,grd_dmg2,curseEffectValue,0,int
天赋卡,grd_dmg2,curseSecondaryEffectType,None,TalentEffectType
天赋卡,grd_dmg2,curseSecondaryEffectValue,0,int
天赋卡,grd_dmg2,curseRemovable,true,bool
天赋卡,grd_eternal1,cardId,grd_eternal1,string
天赋卡,grd_eternal1,displayName,永恒守护,string
天赋卡,grd_eternal1,description,守护点生命+5，战斗结束回满HP,string
天赋卡,grd_eternal1,cardType,Guardian,TalentCardType
天赋卡,grd_eternal1,rarity,Common,TalentCardRarity
天赋卡,grd_eternal1,slotDiscount,0.00,float
天赋卡,grd_eternal1,effectType,GuardianHpBonus,TalentEffectType
天赋卡,grd_eternal1,effectValue,5,int
天赋卡,grd_eternal1,effectValue2,0,int
天赋卡,grd_eternal1,secondaryEffectType,GuardianBattleEndHeal,TalentEffectType
天赋卡,grd_eternal1,secondaryEffectValue,1,int
天赋卡,grd_eternal1,secondaryEffectValue2,0,int
天赋卡,grd_eternal1,effectTarget,Global,CardEffectTarget
天赋卡,grd_eternal1,targetOperatorType,Vanguard,OperatorType
天赋卡,grd_eternal1,targetOperatorDataId,-1,int
天赋卡,grd_eternal1,purchaseCooldownPenalty,0,int
天赋卡,grd_eternal1,cardScope,PerRun,CardScope
天赋卡,grd_eternal1,isGuardianRewindCard,false,bool
天赋卡,grd_eternal1,triggerType,None,GuardianRewindTriggerType
天赋卡,grd_eternal1,triggerValue,0,int
天赋卡,grd_eternal1,isCurse,false,bool
天赋卡,grd_eternal1,curseEffectType,None,TalentEffectType
天赋卡,grd_eternal1,curseEffectValue,0,int
天赋卡,grd_eternal1,curseSecondaryEffectType,None,TalentEffectType
天赋卡,grd_eternal1,curseSecondaryEffectValue,0,int
天赋卡,grd_eternal1,curseRemovable,true,bool
天赋卡,grd_fortress1,cardId,grd_fortress1,string
天赋卡,grd_fortress1,displayName,不灭要塞,string
天赋卡,grd_fortress1,description,守护点生命+8，单次受伤上限1,string
天赋卡,grd_fortress1,cardType,Guardian,TalentCardType
天赋卡,grd_fortress1,rarity,Common,TalentCardRarity
天赋卡,grd_fortress1,slotDiscount,0.00,float
天赋卡,grd_fortress1,effectType,GuardianHpBonus,TalentEffectType
天赋卡,grd_fortress1,effectValue,8,int
天赋卡,grd_fortress1,effectValue2,0,int
天赋卡,grd_fortress1,secondaryEffectType,GuardianDamageReductionMax,TalentEffectType
天赋卡,grd_fortress1,secondaryEffectValue,1,int
天赋卡,grd_fortress1,secondaryEffectValue2,0,int
天赋卡,grd_fortress1,effectTarget,Global,CardEffectTarget
天赋卡,grd_fortress1,targetOperatorType,Vanguard,OperatorType
天赋卡,grd_fortress1,targetOperatorDataId,-1,int
天赋卡,grd_fortress1,purchaseCooldownPenalty,0,int
天赋卡,grd_fortress1,cardScope,PerRun,CardScope
天赋卡,grd_fortress1,isGuardianRewindCard,false,bool
天赋卡,grd_fortress1,triggerType,None,GuardianRewindTriggerType
天赋卡,grd_fortress1,triggerValue,0,int
天赋卡,grd_fortress1,isCurse,false,bool
天赋卡,grd_fortress1,curseEffectType,None,TalentEffectType
天赋卡,grd_fortress1,curseEffectValue,0,int
天赋卡,grd_fortress1,curseSecondaryEffectType,None,TalentEffectType
天赋卡,grd_fortress1,curseSecondaryEffectValue,0,int
天赋卡,grd_fortress1,curseRemovable,true,bool
天赋卡,grd_hp1,cardId,grd_hp1,string
天赋卡,grd_hp1,displayName,守护之心,string
天赋卡,grd_hp1,description,守护点生命+3,string
天赋卡,grd_hp1,cardType,Guardian,TalentCardType
天赋卡,grd_hp1,rarity,Common,TalentCardRarity
天赋卡,grd_hp1,slotDiscount,0.00,float
天赋卡,grd_hp1,effectType,GuardianHpBonus,TalentEffectType
天赋卡,grd_hp1,effectValue,3,int
天赋卡,grd_hp1,effectValue2,0,int
天赋卡,grd_hp1,secondaryEffectType,None,TalentEffectType
天赋卡,grd_hp1,secondaryEffectValue,0,int
天赋卡,grd_hp1,secondaryEffectValue2,0,int
天赋卡,grd_hp1,effectTarget,Global,CardEffectTarget
天赋卡,grd_hp1,targetOperatorType,Vanguard,OperatorType
天赋卡,grd_hp1,targetOperatorDataId,-1,int
天赋卡,grd_hp1,purchaseCooldownPenalty,0,int
天赋卡,grd_hp1,cardScope,PerRun,CardScope
天赋卡,grd_hp1,isGuardianRewindCard,false,bool
天赋卡,grd_hp1,triggerType,None,GuardianRewindTriggerType
天赋卡,grd_hp1,triggerValue,0,int
天赋卡,grd_hp1,isCurse,false,bool
天赋卡,grd_hp1,curseEffectType,None,TalentEffectType
天赋卡,grd_hp1,curseEffectValue,0,int
天赋卡,grd_hp1,curseSecondaryEffectType,None,TalentEffectType
天赋卡,grd_hp1,curseSecondaryEffectValue,0,int
天赋卡,grd_hp1,curseRemovable,true,bool
天赋卡,grd_hp2,cardId,grd_hp2,string
天赋卡,grd_hp2,displayName,加固壁垒,string
天赋卡,grd_hp2,description,守护点生命+5，单次受伤上限2,string
天赋卡,grd_hp2,cardType,Guardian,TalentCardType
天赋卡,grd_hp2,rarity,Common,TalentCardRarity
天赋卡,grd_hp2,slotDiscount,0.00,float
天赋卡,grd_hp2,effectType,GuardianHpBonus,TalentEffectType
天赋卡,grd_hp2,effectValue,5,int
天赋卡,grd_hp2,effectValue2,0,int
天赋卡,grd_hp2,secondaryEffectType,GuardianDamageReductionMax,TalentEffectType
天赋卡,grd_hp2,secondaryEffectValue,2,int
天赋卡,grd_hp2,secondaryEffectValue2,0,int
天赋卡,grd_hp2,effectTarget,Global,CardEffectTarget
天赋卡,grd_hp2,targetOperatorType,Vanguard,OperatorType
天赋卡,grd_hp2,targetOperatorDataId,-1,int
天赋卡,grd_hp2,purchaseCooldownPenalty,0,int
天赋卡,grd_hp2,cardScope,PerRun,CardScope
天赋卡,grd_hp2,isGuardianRewindCard,false,bool
天赋卡,grd_hp2,triggerType,None,GuardianRewindTriggerType
天赋卡,grd_hp2,triggerValue,0,int
天赋卡,grd_hp2,isCurse,false,bool
天赋卡,grd_hp2,curseEffectType,None,TalentEffectType
天赋卡,grd_hp2,curseEffectValue,0,int
天赋卡,grd_hp2,curseSecondaryEffectType,None,TalentEffectType
天赋卡,grd_hp2,curseSecondaryEffectValue,0,int
天赋卡,grd_hp2,curseRemovable,true,bool
天赋卡,grd_multi1,cardId,grd_multi1,string
天赋卡,grd_multi1,displayName,守护风暴,string
天赋卡,grd_multi1,description,守护点多目标+2，伤害+50,string
天赋卡,grd_multi1,cardType,Guardian,TalentCardType
天赋卡,grd_multi1,rarity,Common,TalentCardRarity
天赋卡,grd_multi1,slotDiscount,0.00,float
天赋卡,grd_multi1,effectType,GuardianMultiTarget,TalentEffectType
天赋卡,grd_multi1,effectValue,2,int
天赋卡,grd_multi1,effectValue2,0,int
天赋卡,grd_multi1,secondaryEffectType,GuardianDamageBonus,TalentEffectType
天赋卡,grd_multi1,secondaryEffectValue,50,int
天赋卡,grd_multi1,secondaryEffectValue2,0,int
天赋卡,grd_multi1,effectTarget,Global,CardEffectTarget
天赋卡,grd_multi1,targetOperatorType,Vanguard,OperatorType
天赋卡,grd_multi1,targetOperatorDataId,-1,int
天赋卡,grd_multi1,purchaseCooldownPenalty,0,int
天赋卡,grd_multi1,cardScope,PerRun,CardScope
天赋卡,grd_multi1,isGuardianRewindCard,false,bool
天赋卡,grd_multi1,triggerType,None,GuardianRewindTriggerType
天赋卡,grd_multi1,triggerValue,0,int
天赋卡,grd_multi1,isCurse,false,bool
天赋卡,grd_multi1,curseEffectType,None,TalentEffectType
天赋卡,grd_multi1,curseEffectValue,0,int
天赋卡,grd_multi1,curseSecondaryEffectType,None,TalentEffectType
天赋卡,grd_multi1,curseSecondaryEffectValue,0,int
天赋卡,grd_multi1,curseRemovable,true,bool
天赋卡,grd_rage1,cardId,grd_rage1,string
天赋卡,grd_rage1,displayName,守护者之怒,string
天赋卡,grd_rage1,description,守护点低血时伤害×200%，生命+2,string
天赋卡,grd_rage1,cardType,Guardian,TalentCardType
天赋卡,grd_rage1,rarity,Common,TalentCardRarity
天赋卡,grd_rage1,slotDiscount,0.00,float
天赋卡,grd_rage1,effectType,GuardianLowHpDamageMultiplier,TalentEffectType
天赋卡,grd_rage1,effectValue,200,int
天赋卡,grd_rage1,effectValue2,0,int
天赋卡,grd_rage1,secondaryEffectType,GuardianHpBonus,TalentEffectType
天赋卡,grd_rage1,secondaryEffectValue,2,int
天赋卡,grd_rage1,secondaryEffectValue2,0,int
天赋卡,grd_rage1,effectTarget,Global,CardEffectTarget
天赋卡,grd_rage1,targetOperatorType,Vanguard,OperatorType
天赋卡,grd_rage1,targetOperatorDataId,-1,int
天赋卡,grd_rage1,purchaseCooldownPenalty,0,int
天赋卡,grd_rage1,cardScope,PerRun,CardScope
天赋卡,grd_rage1,isGuardianRewindCard,false,bool
天赋卡,grd_rage1,triggerType,None,GuardianRewindTriggerType
天赋卡,grd_rage1,triggerValue,0,int
天赋卡,grd_rage1,isCurse,false,bool
天赋卡,grd_rage1,curseEffectType,None,TalentEffectType
天赋卡,grd_rage1,curseEffectValue,0,int
天赋卡,grd_rage1,curseSecondaryEffectType,None,TalentEffectType
天赋卡,grd_rage1,curseSecondaryEffectValue,0,int
天赋卡,grd_rage1,curseRemovable,true,bool
天赋卡,grd_regen1,cardId,grd_regen1,string
天赋卡,grd_regen1,displayName,自然恢复,string
天赋卡,grd_regen1,description,守护点回血间隔-15秒,string
天赋卡,grd_regen1,cardType,Guardian,TalentCardType
天赋卡,grd_regen1,rarity,Common,TalentCardRarity
天赋卡,grd_regen1,slotDiscount,0.00,float
天赋卡,grd_regen1,effectType,GuardianRegenInterval,TalentEffectType
天赋卡,grd_regen1,effectValue,15,int
天赋卡,grd_regen1,effectValue2,0,int
天赋卡,grd_regen1,secondaryEffectType,None,TalentEffectType
天赋卡,grd_regen1,secondaryEffectValue,0,int
天赋卡,grd_regen1,secondaryEffectValue2,0,int
天赋卡,grd_regen1,effectTarget,Global,CardEffectTarget
天赋卡,grd_regen1,targetOperatorType,Vanguard,OperatorType
天赋卡,grd_regen1,targetOperatorDataId,-1,int
天赋卡,grd_regen1,purchaseCooldownPenalty,0,int
天赋卡,grd_regen1,cardScope,PerRun,CardScope
天赋卡,grd_regen1,isGuardianRewindCard,false,bool
天赋卡,grd_regen1,triggerType,None,GuardianRewindTriggerType
天赋卡,grd_regen1,triggerValue,0,int
天赋卡,grd_regen1,isCurse,false,bool
天赋卡,grd_regen1,curseEffectType,None,TalentEffectType
天赋卡,grd_regen1,curseEffectValue,0,int
天赋卡,grd_regen1,curseSecondaryEffectType,None,TalentEffectType
天赋卡,grd_regen1,curseSecondaryEffectValue,0,int
天赋卡,grd_regen1,curseRemovable,true,bool
天赋卡,grd_regen2,cardId,grd_regen2,string
天赋卡,grd_regen2,displayName,守护回春,string
天赋卡,grd_regen2,description,守护点回血间隔-8秒,string
天赋卡,grd_regen2,cardType,Guardian,TalentCardType
天赋卡,grd_regen2,rarity,Common,TalentCardRarity
天赋卡,grd_regen2,slotDiscount,0.00,float
天赋卡,grd_regen2,effectType,GuardianRegenInterval,TalentEffectType
天赋卡,grd_regen2,effectValue,8,int
天赋卡,grd_regen2,effectValue2,0,int
天赋卡,grd_regen2,secondaryEffectType,None,TalentEffectType
天赋卡,grd_regen2,secondaryEffectValue,0,int
天赋卡,grd_regen2,secondaryEffectValue2,0,int
天赋卡,grd_regen2,effectTarget,Global,CardEffectTarget
天赋卡,grd_regen2,targetOperatorType,Vanguard,OperatorType
天赋卡,grd_regen2,targetOperatorDataId,-1,int
天赋卡,grd_regen2,purchaseCooldownPenalty,0,int
天赋卡,grd_regen2,cardScope,PerRun,CardScope
天赋卡,grd_regen2,isGuardianRewindCard,false,bool
天赋卡,grd_regen2,triggerType,None,GuardianRewindTriggerType
天赋卡,grd_regen2,triggerValue,0,int
天赋卡,grd_regen2,isCurse,false,bool
天赋卡,grd_regen2,curseEffectType,None,TalentEffectType
天赋卡,grd_regen2,curseEffectValue,0,int
天赋卡,grd_regen2,curseSecondaryEffectType,None,TalentEffectType
天赋卡,grd_regen2,curseSecondaryEffectValue,0,int
天赋卡,grd_regen2,curseRemovable,true,bool
天赋卡,grd_resonance1,cardId,grd_resonance1,string
天赋卡,grd_resonance1,displayName,守护共鸣,string
天赋卡,grd_resonance1,description,每存活干员守护点HP+2，生命+2,string
天赋卡,grd_resonance1,cardType,Guardian,TalentCardType
天赋卡,grd_resonance1,rarity,Common,TalentCardRarity
天赋卡,grd_resonance1,slotDiscount,0.00,float
天赋卡,grd_resonance1,effectType,GuardianResonancePerOp,TalentEffectType
天赋卡,grd_resonance1,effectValue,2,int
天赋卡,grd_resonance1,effectValue2,0,int
天赋卡,grd_resonance1,secondaryEffectType,GuardianHpBonus,TalentEffectType
天赋卡,grd_resonance1,secondaryEffectValue,2,int
天赋卡,grd_resonance1,secondaryEffectValue2,0,int
天赋卡,grd_resonance1,effectTarget,Global,CardEffectTarget
天赋卡,grd_resonance1,targetOperatorType,Vanguard,OperatorType
天赋卡,grd_resonance1,targetOperatorDataId,-1,int
天赋卡,grd_resonance1,purchaseCooldownPenalty,0,int
天赋卡,grd_resonance1,cardScope,PerRun,CardScope
天赋卡,grd_resonance1,isGuardianRewindCard,false,bool
天赋卡,grd_resonance1,triggerType,None,GuardianRewindTriggerType
天赋卡,grd_resonance1,triggerValue,0,int
天赋卡,grd_resonance1,isCurse,false,bool
天赋卡,grd_resonance1,curseEffectType,None,TalentEffectType
天赋卡,grd_resonance1,curseEffectValue,0,int
天赋卡,grd_resonance1,curseSecondaryEffectType,None,TalentEffectType
天赋卡,grd_resonance1,curseSecondaryEffectValue,0,int
天赋卡,grd_resonance1,curseRemovable,true,bool
天赋卡,grd_rewind1,cardId,grd_rewind1,string
天赋卡,grd_rewind1,displayName,时光延长,string
天赋卡,grd_rewind1,description,时光回溯额外回退3秒,string
天赋卡,grd_rewind1,cardType,Guardian,TalentCardType
天赋卡,grd_rewind1,rarity,Common,TalentCardRarity
天赋卡,grd_rewind1,slotDiscount,0.00,float
天赋卡,grd_rewind1,effectType,GuardianRewindExtraTime,TalentEffectType
天赋卡,grd_rewind1,effectValue,3,int
天赋卡,grd_rewind1,effectValue2,0,int
天赋卡,grd_rewind1,secondaryEffectType,None,TalentEffectType
天赋卡,grd_rewind1,secondaryEffectValue,0,int
天赋卡,grd_rewind1,secondaryEffectValue2,0,int
天赋卡,grd_rewind1,effectTarget,Global,CardEffectTarget
天赋卡,grd_rewind1,targetOperatorType,Vanguard,OperatorType
天赋卡,grd_rewind1,targetOperatorDataId,-1,int
天赋卡,grd_rewind1,purchaseCooldownPenalty,0,int
天赋卡,grd_rewind1,cardScope,PerRun,CardScope
天赋卡,grd_rewind1,isGuardianRewindCard,false,bool
天赋卡,grd_rewind1,triggerType,None,GuardianRewindTriggerType
天赋卡,grd_rewind1,triggerValue,0,int
天赋卡,grd_rewind1,isCurse,false,bool
天赋卡,grd_rewind1,curseEffectType,None,TalentEffectType
天赋卡,grd_rewind1,curseEffectValue,0,int
天赋卡,grd_rewind1,curseSecondaryEffectType,None,TalentEffectType
天赋卡,grd_rewind1,curseSecondaryEffectValue,0,int
天赋卡,grd_rewind1,curseRemovable,true,bool
天赋卡,grd_rewind2,cardId,grd_rewind2,string
天赋卡,grd_rewind2,displayName,二次回溯,string
天赋卡,grd_rewind2,description,时光回溯额外1次,string
天赋卡,grd_rewind2,cardType,Guardian,TalentCardType
天赋卡,grd_rewind2,rarity,Common,TalentCardRarity
天赋卡,grd_rewind2,slotDiscount,0.00,float
天赋卡,grd_rewind2,effectType,GuardianRewindExtraCount,TalentEffectType
天赋卡,grd_rewind2,effectValue,1,int
天赋卡,grd_rewind2,effectValue2,0,int
天赋卡,grd_rewind2,secondaryEffectType,None,TalentEffectType
天赋卡,grd_rewind2,secondaryEffectValue,0,int
天赋卡,grd_rewind2,secondaryEffectValue2,0,int
天赋卡,grd_rewind2,effectTarget,Global,CardEffectTarget
天赋卡,grd_rewind2,targetOperatorType,Vanguard,OperatorType
天赋卡,grd_rewind2,targetOperatorDataId,-1,int
天赋卡,grd_rewind2,purchaseCooldownPenalty,0,int
天赋卡,grd_rewind2,cardScope,PerRun,CardScope
天赋卡,grd_rewind2,isGuardianRewindCard,false,bool
天赋卡,grd_rewind2,triggerType,None,GuardianRewindTriggerType
天赋卡,grd_rewind2,triggerValue,0,int
天赋卡,grd_rewind2,isCurse,false,bool
天赋卡,grd_rewind2,curseEffectType,None,TalentEffectType
天赋卡,grd_rewind2,curseEffectValue,0,int
天赋卡,grd_rewind2,curseSecondaryEffectType,None,TalentEffectType
天赋卡,grd_rewind2,curseSecondaryEffectValue,0,int
天赋卡,grd_rewind2,curseRemovable,true,bool
天赋卡,grd_shield1,cardId,grd_shield1,string
天赋卡,grd_shield1,displayName,绝对防御,string
天赋卡,grd_shield1,description,守护点护盾2次，生命+3,string
天赋卡,grd_shield1,cardType,Guardian,TalentCardType
天赋卡,grd_shield1,rarity,Common,TalentCardRarity
天赋卡,grd_shield1,slotDiscount,0.00,float
天赋卡,grd_shield1,effectType,GuardianShieldCount,TalentEffectType
天赋卡,grd_shield1,effectValue,2,int
天赋卡,grd_shield1,effectValue2,0,int
天赋卡,grd_shield1,secondaryEffectType,GuardianHpBonus,TalentEffectType
天赋卡,grd_shield1,secondaryEffectValue,3,int
天赋卡,grd_shield1,secondaryEffectValue2,0,int
天赋卡,grd_shield1,effectTarget,Global,CardEffectTarget
天赋卡,grd_shield1,targetOperatorType,Vanguard,OperatorType
天赋卡,grd_shield1,targetOperatorDataId,-1,int
天赋卡,grd_shield1,purchaseCooldownPenalty,0,int
天赋卡,grd_shield1,cardScope,PerRun,CardScope
天赋卡,grd_shield1,isGuardianRewindCard,false,bool
天赋卡,grd_shield1,triggerType,None,GuardianRewindTriggerType
天赋卡,grd_shield1,triggerValue,0,int
天赋卡,grd_shield1,isCurse,false,bool
天赋卡,grd_shield1,curseEffectType,None,TalentEffectType
天赋卡,grd_shield1,curseEffectValue,0,int
天赋卡,grd_shield1,curseSecondaryEffectType,None,TalentEffectType
天赋卡,grd_shield1,curseSecondaryEffectValue,0,int
天赋卡,grd_shield1,curseRemovable,true,bool
天赋卡,grd_teleport1,cardId,grd_teleport1,string
天赋卡,grd_teleport1,displayName,传送加速,string
天赋卡,grd_teleport1,description,传送冷却-15秒,string
天赋卡,grd_teleport1,cardType,Guardian,TalentCardType
天赋卡,grd_teleport1,rarity,Common,TalentCardRarity
天赋卡,grd_teleport1,slotDiscount,0.00,float
天赋卡,grd_teleport1,effectType,TeleportCooldownReduction,TalentEffectType
天赋卡,grd_teleport1,effectValue,15,int
天赋卡,grd_teleport1,effectValue2,0,int
天赋卡,grd_teleport1,secondaryEffectType,None,TalentEffectType
天赋卡,grd_teleport1,secondaryEffectValue,0,int
天赋卡,grd_teleport1,secondaryEffectValue2,0,int
天赋卡,grd_teleport1,effectTarget,Global,CardEffectTarget
天赋卡,grd_teleport1,targetOperatorType,Vanguard,OperatorType
天赋卡,grd_teleport1,targetOperatorDataId,-1,int
天赋卡,grd_teleport1,purchaseCooldownPenalty,0,int
天赋卡,grd_teleport1,cardScope,PerRun,CardScope
天赋卡,grd_teleport1,isGuardianRewindCard,false,bool
天赋卡,grd_teleport1,triggerType,None,GuardianRewindTriggerType
天赋卡,grd_teleport1,triggerValue,0,int
天赋卡,grd_teleport1,isCurse,false,bool
天赋卡,grd_teleport1,curseEffectType,None,TalentEffectType
天赋卡,grd_teleport1,curseEffectValue,0,int
天赋卡,grd_teleport1,curseSecondaryEffectType,None,TalentEffectType
天赋卡,grd_teleport1,curseSecondaryEffectValue,0,int
天赋卡,grd_teleport1,curseRemovable,true,bool
天赋卡,grd_teleport2,cardId,grd_teleport2,string
天赋卡,grd_teleport2,displayName,战术转移,string
天赋卡,grd_teleport2,description,传送冷却-20秒，传送后攻速+50%持续5秒,string
天赋卡,grd_teleport2,cardType,Guardian,TalentCardType
天赋卡,grd_teleport2,rarity,Common,TalentCardRarity
天赋卡,grd_teleport2,slotDiscount,0.00,float
天赋卡,grd_teleport2,effectType,TeleportCooldownReduction,TalentEffectType
天赋卡,grd_teleport2,effectValue,20,int
天赋卡,grd_teleport2,effectValue2,0,int
天赋卡,grd_teleport2,secondaryEffectType,TeleportAttackSpeedBuff,TalentEffectType
天赋卡,grd_teleport2,secondaryEffectValue,50,int
天赋卡,grd_teleport2,secondaryEffectValue2,5,int
天赋卡,grd_teleport2,effectTarget,Global,CardEffectTarget
天赋卡,grd_teleport2,targetOperatorType,Vanguard,OperatorType
天赋卡,grd_teleport2,targetOperatorDataId,-1,int
天赋卡,grd_teleport2,purchaseCooldownPenalty,0,int
天赋卡,grd_teleport2,cardScope,PerRun,CardScope
天赋卡,grd_teleport2,isGuardianRewindCard,false,bool
天赋卡,grd_teleport2,triggerType,None,GuardianRewindTriggerType
天赋卡,grd_teleport2,triggerValue,0,int
天赋卡,grd_teleport2,isCurse,false,bool
天赋卡,grd_teleport2,curseEffectType,None,TalentEffectType
天赋卡,grd_teleport2,curseEffectValue,0,int
天赋卡,grd_teleport2,curseSecondaryEffectType,None,TalentEffectType
天赋卡,grd_teleport2,curseSecondaryEffectValue,0,int
天赋卡,grd_teleport2,curseRemovable,true,bool
天赋卡,grd_timelord1,cardId,grd_timelord1,string
天赋卡,grd_timelord1,displayName,时间领主,string
天赋卡,grd_timelord1,description,时光回溯额外2次，额外回退5秒,string
天赋卡,grd_timelord1,cardType,Guardian,TalentCardType
天赋卡,grd_timelord1,rarity,Common,TalentCardRarity
天赋卡,grd_timelord1,slotDiscount,0.00,float
天赋卡,grd_timelord1,effectType,GuardianRewindExtraCount,TalentEffectType
天赋卡,grd_timelord1,effectValue,2,int
天赋卡,grd_timelord1,effectValue2,0,int
天赋卡,grd_timelord1,secondaryEffectType,GuardianRewindExtraTime,TalentEffectType
天赋卡,grd_timelord1,secondaryEffectValue,5,int
天赋卡,grd_timelord1,secondaryEffectValue2,0,int
天赋卡,grd_timelord1,effectTarget,Global,CardEffectTarget
天赋卡,grd_timelord1,targetOperatorType,Vanguard,OperatorType
天赋卡,grd_timelord1,targetOperatorDataId,-1,int
天赋卡,grd_timelord1,purchaseCooldownPenalty,0,int
天赋卡,grd_timelord1,cardScope,PerRun,CardScope
天赋卡,grd_timelord1,isGuardianRewindCard,false,bool
天赋卡,grd_timelord1,triggerType,None,GuardianRewindTriggerType
天赋卡,grd_timelord1,triggerValue,0,int
天赋卡,grd_timelord1,isCurse,false,bool
天赋卡,grd_timelord1,curseEffectType,None,TalentEffectType
天赋卡,grd_timelord1,curseEffectValue,0,int
天赋卡,grd_timelord1,curseSecondaryEffectType,None,TalentEffectType
天赋卡,grd_timelord1,curseSecondaryEffectValue,0,int
天赋卡,grd_timelord1,curseRemovable,true,bool
天赋卡,rar_ad,cardId,rar_ad,string
天赋卡,rar_ad,displayName,攻防一体,string
天赋卡,rar_ad,description,攻击力+15%，防御力+20%,string
天赋卡,rar_ad,cardType,Rare,TalentCardType
天赋卡,rar_ad,rarity,Common,TalentCardRarity
天赋卡,rar_ad,slotDiscount,0.00,float
天赋卡,rar_ad,effectType,AttackPercent,TalentEffectType
天赋卡,rar_ad,effectValue,15,int
天赋卡,rar_ad,effectValue2,0,int
天赋卡,rar_ad,secondaryEffectType,DefensePercent,TalentEffectType
天赋卡,rar_ad,secondaryEffectValue,20,int
天赋卡,rar_ad,secondaryEffectValue2,0,int
天赋卡,rar_ad,effectTarget,Global,CardEffectTarget
天赋卡,rar_ad,targetOperatorType,Vanguard,OperatorType
天赋卡,rar_ad,targetOperatorDataId,-1,int
天赋卡,rar_ad,purchaseCooldownPenalty,0,int
天赋卡,rar_ad,cardScope,PerRun,CardScope
天赋卡,rar_ad,isGuardianRewindCard,false,bool
天赋卡,rar_ad,triggerType,None,GuardianRewindTriggerType
天赋卡,rar_ad,triggerValue,0,int
天赋卡,rar_ad,isCurse,false,bool
天赋卡,rar_ad,curseEffectType,None,TalentEffectType
天赋卡,rar_ad,curseEffectValue,0,int
天赋卡,rar_ad,curseSecondaryEffectType,None,TalentEffectType
天赋卡,rar_ad,curseSecondaryEffectValue,0,int
天赋卡,rar_ad,curseRemovable,true,bool
天赋卡,rar_ag,cardId,rar_ag,string
天赋卡,rar_ag,displayName,攻守同盟,string
天赋卡,rar_ag,description,攻击力+12%，守护点生命+5,string
天赋卡,rar_ag,cardType,Rare,TalentCardType
天赋卡,rar_ag,rarity,Common,TalentCardRarity
天赋卡,rar_ag,slotDiscount,0.00,float
天赋卡,rar_ag,effectType,AttackPercent,TalentEffectType
天赋卡,rar_ag,effectValue,12,int
天赋卡,rar_ag,effectValue2,0,int
天赋卡,rar_ag,secondaryEffectType,GuardianHpBonus,TalentEffectType
天赋卡,rar_ag,secondaryEffectValue,5,int
天赋卡,rar_ag,secondaryEffectValue2,0,int
天赋卡,rar_ag,effectTarget,Global,CardEffectTarget
天赋卡,rar_ag,targetOperatorType,Vanguard,OperatorType
天赋卡,rar_ag,targetOperatorDataId,-1,int
天赋卡,rar_ag,purchaseCooldownPenalty,0,int
天赋卡,rar_ag,cardScope,PerRun,CardScope
天赋卡,rar_ag,isGuardianRewindCard,false,bool
天赋卡,rar_ag,triggerType,None,GuardianRewindTriggerType
天赋卡,rar_ag,triggerValue,0,int
天赋卡,rar_ag,isCurse,false,bool
天赋卡,rar_ag,curseEffectType,None,TalentEffectType
天赋卡,rar_ag,curseEffectValue,0,int
天赋卡,rar_ag,curseSecondaryEffectType,None,TalentEffectType
天赋卡,rar_ag,curseSecondaryEffectValue,0,int
天赋卡,rar_ag,curseRemovable,true,bool
天赋卡,rar_ah,cardId,rar_ah,string
天赋卡,rar_ah,displayName,攻血兼备,string
天赋卡,rar_ah,description,攻击力+15%，最大生命+20%,string
天赋卡,rar_ah,cardType,Rare,TalentCardType
天赋卡,rar_ah,rarity,Common,TalentCardRarity
天赋卡,rar_ah,slotDiscount,0.00,float
天赋卡,rar_ah,effectType,AttackPercent,TalentEffectType
天赋卡,rar_ah,effectValue,15,int
天赋卡,rar_ah,effectValue2,0,int
天赋卡,rar_ah,secondaryEffectType,MaxHpPercent,TalentEffectType
天赋卡,rar_ah,secondaryEffectValue,20,int
天赋卡,rar_ah,secondaryEffectValue2,0,int
天赋卡,rar_ah,effectTarget,Global,CardEffectTarget
天赋卡,rar_ah,targetOperatorType,Vanguard,OperatorType
天赋卡,rar_ah,targetOperatorDataId,-1,int
天赋卡,rar_ah,purchaseCooldownPenalty,0,int
天赋卡,rar_ah,cardScope,PerRun,CardScope
天赋卡,rar_ah,isGuardianRewindCard,false,bool
天赋卡,rar_ah,triggerType,None,GuardianRewindTriggerType
天赋卡,rar_ah,triggerValue,0,int
天赋卡,rar_ah,isCurse,false,bool
天赋卡,rar_ah,curseEffectType,None,TalentEffectType
天赋卡,rar_ah,curseEffectValue,0,int
天赋卡,rar_ah,curseSecondaryEffectType,None,TalentEffectType
天赋卡,rar_ah,curseSecondaryEffectValue,0,int
天赋卡,rar_ah,curseRemovable,true,bool
天赋卡,rar_all,cardId,rar_all,string
天赋卡,rar_all,displayName,全面发展,string
天赋卡,rar_all,description,攻击力+10%，防御力+12%,string
天赋卡,rar_all,cardType,Rare,TalentCardType
天赋卡,rar_all,rarity,Common,TalentCardRarity
天赋卡,rar_all,slotDiscount,0.00,float
天赋卡,rar_all,effectType,AttackPercent,TalentEffectType
天赋卡,rar_all,effectValue,10,int
天赋卡,rar_all,effectValue2,0,int
天赋卡,rar_all,secondaryEffectType,DefensePercent,TalentEffectType
天赋卡,rar_all,secondaryEffectValue,12,int
天赋卡,rar_all,secondaryEffectValue2,0,int
天赋卡,rar_all,effectTarget,Global,CardEffectTarget
天赋卡,rar_all,targetOperatorType,Vanguard,OperatorType
天赋卡,rar_all,targetOperatorDataId,-1,int
天赋卡,rar_all,purchaseCooldownPenalty,0,int
天赋卡,rar_all,cardScope,PerRun,CardScope
天赋卡,rar_all,isGuardianRewindCard,false,bool
天赋卡,rar_all,triggerType,None,GuardianRewindTriggerType
天赋卡,rar_all,triggerValue,0,int
天赋卡,rar_all,isCurse,false,bool
天赋卡,rar_all,curseEffectType,None,TalentEffectType
天赋卡,rar_all,curseEffectValue,0,int
天赋卡,rar_all,curseSecondaryEffectType,None,TalentEffectType
天赋卡,rar_all,curseSecondaryEffectValue,0,int
天赋卡,rar_all,curseRemovable,true,bool
天赋卡,rar_as,cardId,rar_as,string
天赋卡,rar_as,displayName,战技合一,string
天赋卡,rar_as,description,攻击力+18%，攻击速度+12%,string
天赋卡,rar_as,cardType,Rare,TalentCardType
天赋卡,rar_as,rarity,Common,TalentCardRarity
天赋卡,rar_as,slotDiscount,0.00,float
天赋卡,rar_as,effectType,AttackPercent,TalentEffectType
天赋卡,rar_as,effectValue,18,int
天赋卡,rar_as,effectValue2,0,int
天赋卡,rar_as,secondaryEffectType,AttackSpeedPercent,TalentEffectType
天赋卡,rar_as,secondaryEffectValue,12,int
天赋卡,rar_as,secondaryEffectValue2,0,int
天赋卡,rar_as,effectTarget,Global,CardEffectTarget
天赋卡,rar_as,targetOperatorType,Vanguard,OperatorType
天赋卡,rar_as,targetOperatorDataId,-1,int
天赋卡,rar_as,purchaseCooldownPenalty,0,int
天赋卡,rar_as,cardScope,PerRun,CardScope
天赋卡,rar_as,isGuardianRewindCard,false,bool
天赋卡,rar_as,triggerType,None,GuardianRewindTriggerType
天赋卡,rar_as,triggerValue,0,int
天赋卡,rar_as,isCurse,false,bool
天赋卡,rar_as,curseEffectType,None,TalentEffectType
天赋卡,rar_as,curseEffectValue,0,int
天赋卡,rar_as,curseSecondaryEffectType,None,TalentEffectType
天赋卡,rar_as,curseSecondaryEffectValue,0,int
天赋卡,rar_as,curseRemovable,true,bool
天赋卡,rar_dga,cardId,rar_dga,string
天赋卡,rar_dga,displayName,坚壁守护,string
天赋卡,rar_dga,description,防御力+18%，守护点生命+5,string
天赋卡,rar_dga,cardType,Rare,TalentCardType
天赋卡,rar_dga,rarity,Common,TalentCardRarity
天赋卡,rar_dga,slotDiscount,0.00,float
天赋卡,rar_dga,effectType,DefensePercent,TalentEffectType
天赋卡,rar_dga,effectValue,18,int
天赋卡,rar_dga,effectValue2,0,int
天赋卡,rar_dga,secondaryEffectType,GuardianHpBonus,TalentEffectType
天赋卡,rar_dga,secondaryEffectValue,5,int
天赋卡,rar_dga,secondaryEffectValue2,0,int
天赋卡,rar_dga,effectTarget,Global,CardEffectTarget
天赋卡,rar_dga,targetOperatorType,Vanguard,OperatorType
天赋卡,rar_dga,targetOperatorDataId,-1,int
天赋卡,rar_dga,purchaseCooldownPenalty,0,int
天赋卡,rar_dga,cardScope,PerRun,CardScope
天赋卡,rar_dga,isGuardianRewindCard,false,bool
天赋卡,rar_dga,triggerType,None,GuardianRewindTriggerType
天赋卡,rar_dga,triggerValue,0,int
天赋卡,rar_dga,isCurse,false,bool
天赋卡,rar_dga,curseEffectType,None,TalentEffectType
天赋卡,rar_dga,curseEffectValue,0,int
天赋卡,rar_dga,curseSecondaryEffectType,None,TalentEffectType
天赋卡,rar_dga,curseSecondaryEffectValue,0,int
天赋卡,rar_dga,curseRemovable,true,bool
天赋卡,rar_dh,cardId,rar_dh,string
天赋卡,rar_dh,displayName,防血双修,string
天赋卡,rar_dh,description,防御力+20%，最大生命+20%,string
天赋卡,rar_dh,cardType,Rare,TalentCardType
天赋卡,rar_dh,rarity,Common,TalentCardRarity
天赋卡,rar_dh,slotDiscount,0.00,float
天赋卡,rar_dh,effectType,DefensePercent,TalentEffectType
天赋卡,rar_dh,effectValue,20,int
天赋卡,rar_dh,effectValue2,0,int
天赋卡,rar_dh,secondaryEffectType,MaxHpPercent,TalentEffectType
天赋卡,rar_dh,secondaryEffectValue,20,int
天赋卡,rar_dh,secondaryEffectValue2,0,int
天赋卡,rar_dh,effectTarget,Global,CardEffectTarget
天赋卡,rar_dh,targetOperatorType,Vanguard,OperatorType
天赋卡,rar_dh,targetOperatorDataId,-1,int
天赋卡,rar_dh,purchaseCooldownPenalty,0,int
天赋卡,rar_dh,cardScope,PerRun,CardScope
天赋卡,rar_dh,isGuardianRewindCard,false,bool
天赋卡,rar_dh,triggerType,None,GuardianRewindTriggerType
天赋卡,rar_dh,triggerValue,0,int
天赋卡,rar_dh,isCurse,false,bool
天赋卡,rar_dh,curseEffectType,None,TalentEffectType
天赋卡,rar_dh,curseEffectValue,0,int
天赋卡,rar_dh,curseSecondaryEffectType,None,TalentEffectType
天赋卡,rar_dh,curseSecondaryEffectValue,0,int
天赋卡,rar_dh,curseRemovable,true,bool
天赋卡,rar_ds,cardId,rar_ds,string
天赋卡,rar_ds,displayName,守技同心,string
天赋卡,rar_ds,description,防御力+20%，最大生命+15%,string
天赋卡,rar_ds,cardType,Rare,TalentCardType
天赋卡,rar_ds,rarity,Common,TalentCardRarity
天赋卡,rar_ds,slotDiscount,0.00,float
天赋卡,rar_ds,effectType,DefensePercent,TalentEffectType
天赋卡,rar_ds,effectValue,20,int
天赋卡,rar_ds,effectValue2,0,int
天赋卡,rar_ds,secondaryEffectType,MaxHpPercent,TalentEffectType
天赋卡,rar_ds,secondaryEffectValue,15,int
天赋卡,rar_ds,secondaryEffectValue2,0,int
天赋卡,rar_ds,effectTarget,Global,CardEffectTarget
天赋卡,rar_ds,targetOperatorType,Vanguard,OperatorType
天赋卡,rar_ds,targetOperatorDataId,-1,int
天赋卡,rar_ds,purchaseCooldownPenalty,0,int
天赋卡,rar_ds,cardScope,PerRun,CardScope
天赋卡,rar_ds,isGuardianRewindCard,false,bool
天赋卡,rar_ds,triggerType,None,GuardianRewindTriggerType
天赋卡,rar_ds,triggerValue,0,int
天赋卡,rar_ds,isCurse,false,bool
天赋卡,rar_ds,curseEffectType,None,TalentEffectType
天赋卡,rar_ds,curseEffectValue,0,int
天赋卡,rar_ds,curseSecondaryEffectType,None,TalentEffectType
天赋卡,rar_ds,curseSecondaryEffectValue,0,int
天赋卡,rar_ds,curseRemovable,true,bool
天赋卡,rar_perfect,cardId,rar_perfect,string
天赋卡,rar_perfect,displayName,完美主义,string
天赋卡,rar_perfect,description,攻击力+15%，防御力+15%,string
天赋卡,rar_perfect,cardType,Rare,TalentCardType
天赋卡,rar_perfect,rarity,Common,TalentCardRarity
天赋卡,rar_perfect,slotDiscount,0.00,float
天赋卡,rar_perfect,effectType,AttackPercent,TalentEffectType
天赋卡,rar_perfect,effectValue,15,int
天赋卡,rar_perfect,effectValue2,0,int
天赋卡,rar_perfect,secondaryEffectType,DefensePercent,TalentEffectType
天赋卡,rar_perfect,secondaryEffectValue,15,int
天赋卡,rar_perfect,secondaryEffectValue2,0,int
天赋卡,rar_perfect,effectTarget,Global,CardEffectTarget
天赋卡,rar_perfect,targetOperatorType,Vanguard,OperatorType
天赋卡,rar_perfect,targetOperatorDataId,-1,int
天赋卡,rar_perfect,purchaseCooldownPenalty,0,int
天赋卡,rar_perfect,cardScope,PerRun,CardScope
天赋卡,rar_perfect,isGuardianRewindCard,false,bool
天赋卡,rar_perfect,triggerType,None,GuardianRewindTriggerType
天赋卡,rar_perfect,triggerValue,0,int
天赋卡,rar_perfect,isCurse,false,bool
天赋卡,rar_perfect,curseEffectType,None,TalentEffectType
天赋卡,rar_perfect,curseEffectValue,0,int
天赋卡,rar_perfect,curseSecondaryEffectType,None,TalentEffectType
天赋卡,rar_perfect,curseSecondaryEffectValue,0,int
天赋卡,rar_perfect,curseRemovable,true,bool
天赋卡,rar_triple,cardId,rar_triple,string
天赋卡,rar_triple,displayName,三位一体,string
天赋卡,rar_triple,description,攻击力+12%，防御力+15%,string
天赋卡,rar_triple,cardType,Rare,TalentCardType
天赋卡,rar_triple,rarity,Common,TalentCardRarity
天赋卡,rar_triple,slotDiscount,0.00,float
天赋卡,rar_triple,effectType,AttackPercent,TalentEffectType
天赋卡,rar_triple,effectValue,12,int
天赋卡,rar_triple,effectValue2,0,int
天赋卡,rar_triple,secondaryEffectType,DefensePercent,TalentEffectType
天赋卡,rar_triple,secondaryEffectValue,15,int
天赋卡,rar_triple,secondaryEffectValue2,0,int
天赋卡,rar_triple,effectTarget,Global,CardEffectTarget
天赋卡,rar_triple,targetOperatorType,Vanguard,OperatorType
天赋卡,rar_triple,targetOperatorDataId,-1,int
天赋卡,rar_triple,purchaseCooldownPenalty,0,int
天赋卡,rar_triple,cardScope,PerRun,CardScope
天赋卡,rar_triple,isGuardianRewindCard,false,bool
天赋卡,rar_triple,triggerType,None,GuardianRewindTriggerType
天赋卡,rar_triple,triggerValue,0,int
天赋卡,rar_triple,isCurse,false,bool
天赋卡,rar_triple,curseEffectType,None,TalentEffectType
天赋卡,rar_triple,curseEffectValue,0,int
天赋卡,rar_triple,curseSecondaryEffectType,None,TalentEffectType
天赋卡,rar_triple,curseSecondaryEffectValue,0,int
天赋卡,rar_triple,curseRemovable,true,bool
天赋卡,rar_vanguard_speed,cardId,rar_vanguard_speed,string
天赋卡,rar_vanguard_speed,displayName,先锋疾行,string
天赋卡,rar_vanguard_speed,description,先锋干员移动速度 +100%（加倍）,string
天赋卡,rar_vanguard_speed,cardType,Rare,TalentCardType
天赋卡,rar_vanguard_speed,rarity,Rare,TalentCardRarity
天赋卡,rar_vanguard_speed,slotDiscount,0.00,float
天赋卡,rar_vanguard_speed,effectType,MoveSpeedPercent,TalentEffectType
天赋卡,rar_vanguard_speed,effectValue,100,int
天赋卡,rar_vanguard_speed,effectValue2,0,int
天赋卡,rar_vanguard_speed,secondaryEffectType,None,TalentEffectType
天赋卡,rar_vanguard_speed,secondaryEffectValue,0,int
天赋卡,rar_vanguard_speed,secondaryEffectValue2,0,int
天赋卡,rar_vanguard_speed,effectTarget,ByClass,CardEffectTarget
天赋卡,rar_vanguard_speed,targetOperatorType,Vanguard,OperatorType
天赋卡,rar_vanguard_speed,targetOperatorDataId,-1,int
天赋卡,rar_vanguard_speed,purchaseCooldownPenalty,0,int
天赋卡,rar_vanguard_speed,cardScope,PerRun,CardScope
天赋卡,rar_vanguard_speed,isGuardianRewindCard,false,bool
天赋卡,rar_vanguard_speed,triggerType,None,GuardianRewindTriggerType
天赋卡,rar_vanguard_speed,triggerValue,0,int
天赋卡,rar_vanguard_speed,isCurse,false,bool
天赋卡,rar_vanguard_speed,curseEffectType,None,TalentEffectType
天赋卡,rar_vanguard_speed,curseEffectValue,0,int
天赋卡,rar_vanguard_speed,curseSecondaryEffectType,None,TalentEffectType
天赋卡,rar_vanguard_speed,curseSecondaryEffectValue,0,int
天赋卡,rar_vanguard_speed,curseRemovable,true,bool
天赋卡,skl_auto,cardId,skl_auto,string
天赋卡,skl_auto,displayName,自动施放,string
天赋卡,skl_auto,description,暴击率+10%，攻击力+8%,string
天赋卡,skl_auto,cardType,Skill,TalentCardType
天赋卡,skl_auto,rarity,Common,TalentCardRarity
天赋卡,skl_auto,slotDiscount,0.00,float
天赋卡,skl_auto,effectType,CritChanceBonus,TalentEffectType
天赋卡,skl_auto,effectValue,10,int
天赋卡,skl_auto,effectValue2,0,int
天赋卡,skl_auto,secondaryEffectType,AttackPercent,TalentEffectType
天赋卡,skl_auto,secondaryEffectValue,8,int
天赋卡,skl_auto,secondaryEffectValue2,0,int
天赋卡,skl_auto,effectTarget,Global,CardEffectTarget
天赋卡,skl_auto,targetOperatorType,Vanguard,OperatorType
天赋卡,skl_auto,targetOperatorDataId,-1,int
天赋卡,skl_auto,purchaseCooldownPenalty,0,int
天赋卡,skl_auto,cardScope,PerRun,CardScope
天赋卡,skl_auto,isGuardianRewindCard,false,bool
天赋卡,skl_auto,triggerType,None,GuardianRewindTriggerType
天赋卡,skl_auto,triggerValue,0,int
天赋卡,skl_auto,isCurse,false,bool
天赋卡,skl_auto,curseEffectType,None,TalentEffectType
天赋卡,skl_auto,curseEffectValue,0,int
天赋卡,skl_auto,curseSecondaryEffectType,None,TalentEffectType
天赋卡,skl_auto,curseSecondaryEffectValue,0,int
天赋卡,skl_auto,curseRemovable,true,bool
天赋卡,skl_berserk,cardId,skl_berserk,string
天赋卡,skl_berserk,displayName,狂战技能,string
天赋卡,skl_berserk,description,低血时攻击力+40%，攻击速度+12%,string
天赋卡,skl_berserk,cardType,Skill,TalentCardType
天赋卡,skl_berserk,rarity,Common,TalentCardRarity
天赋卡,skl_berserk,slotDiscount,0.00,float
天赋卡,skl_berserk,effectType,LowHpAttackBonus,TalentEffectType
天赋卡,skl_berserk,effectValue,40,int
天赋卡,skl_berserk,effectValue2,0,int
天赋卡,skl_berserk,secondaryEffectType,AttackSpeedPercent,TalentEffectType
天赋卡,skl_berserk,secondaryEffectValue,12,int
天赋卡,skl_berserk,secondaryEffectValue2,0,int
天赋卡,skl_berserk,effectTarget,Global,CardEffectTarget
天赋卡,skl_berserk,targetOperatorType,Vanguard,OperatorType
天赋卡,skl_berserk,targetOperatorDataId,-1,int
天赋卡,skl_berserk,purchaseCooldownPenalty,0,int
天赋卡,skl_berserk,cardScope,PerRun,CardScope
天赋卡,skl_berserk,isGuardianRewindCard,false,bool
天赋卡,skl_berserk,triggerType,None,GuardianRewindTriggerType
天赋卡,skl_berserk,triggerValue,0,int
天赋卡,skl_berserk,isCurse,false,bool
天赋卡,skl_berserk,curseEffectType,None,TalentEffectType
天赋卡,skl_berserk,curseEffectValue,0,int
天赋卡,skl_berserk,curseSecondaryEffectType,None,TalentEffectType
天赋卡,skl_berserk,curseSecondaryEffectValue,0,int
天赋卡,skl_berserk,curseRemovable,true,bool
天赋卡,skl_cd1,cardId,skl_cd1,string
天赋卡,skl_cd1,displayName,冷却缩减,string
天赋卡,skl_cd1,description,攻击速度+12%，防御力+8%,string
天赋卡,skl_cd1,cardType,Skill,TalentCardType
天赋卡,skl_cd1,rarity,Common,TalentCardRarity
天赋卡,skl_cd1,slotDiscount,0.00,float
天赋卡,skl_cd1,effectType,AttackSpeedPercent,TalentEffectType
天赋卡,skl_cd1,effectValue,12,int
天赋卡,skl_cd1,effectValue2,0,int
天赋卡,skl_cd1,secondaryEffectType,DefensePercent,TalentEffectType
天赋卡,skl_cd1,secondaryEffectValue,8,int
天赋卡,skl_cd1,secondaryEffectValue2,0,int
天赋卡,skl_cd1,effectTarget,Global,CardEffectTarget
天赋卡,skl_cd1,targetOperatorType,Vanguard,OperatorType
天赋卡,skl_cd1,targetOperatorDataId,-1,int
天赋卡,skl_cd1,purchaseCooldownPenalty,0,int
天赋卡,skl_cd1,cardScope,PerRun,CardScope
天赋卡,skl_cd1,isGuardianRewindCard,false,bool
天赋卡,skl_cd1,triggerType,None,GuardianRewindTriggerType
天赋卡,skl_cd1,triggerValue,0,int
天赋卡,skl_cd1,isCurse,false,bool
天赋卡,skl_cd1,curseEffectType,None,TalentEffectType
天赋卡,skl_cd1,curseEffectValue,0,int
天赋卡,skl_cd1,curseSecondaryEffectType,None,TalentEffectType
天赋卡,skl_cd1,curseSecondaryEffectValue,0,int
天赋卡,skl_cd1,curseRemovable,true,bool
天赋卡,skl_chain,cardId,skl_chain,string
天赋卡,skl_chain,displayName,技能连锁,string
天赋卡,skl_chain,description,AoE范围+20%，攻击速度+15%,string
天赋卡,skl_chain,cardType,Skill,TalentCardType
天赋卡,skl_chain,rarity,Common,TalentCardRarity
天赋卡,skl_chain,slotDiscount,0.00,float
天赋卡,skl_chain,effectType,AoeRangePercent,TalentEffectType
天赋卡,skl_chain,effectValue,20,int
天赋卡,skl_chain,effectValue2,0,int
天赋卡,skl_chain,secondaryEffectType,AttackSpeedPercent,TalentEffectType
天赋卡,skl_chain,secondaryEffectValue,15,int
天赋卡,skl_chain,secondaryEffectValue2,0,int
天赋卡,skl_chain,effectTarget,Global,CardEffectTarget
天赋卡,skl_chain,targetOperatorType,Vanguard,OperatorType
天赋卡,skl_chain,targetOperatorDataId,-1,int
天赋卡,skl_chain,purchaseCooldownPenalty,0,int
天赋卡,skl_chain,cardScope,PerRun,CardScope
天赋卡,skl_chain,isGuardianRewindCard,false,bool
天赋卡,skl_chain,triggerType,None,GuardianRewindTriggerType
天赋卡,skl_chain,triggerValue,0,int
天赋卡,skl_chain,isCurse,false,bool
天赋卡,skl_chain,curseEffectType,None,TalentEffectType
天赋卡,skl_chain,curseEffectValue,0,int
天赋卡,skl_chain,curseSecondaryEffectType,None,TalentEffectType
天赋卡,skl_chain,curseSecondaryEffectValue,0,int
天赋卡,skl_chain,curseRemovable,true,bool
天赋卡,skl_charge1,cardId,skl_charge1,string
天赋卡,skl_charge1,displayName,SP充能1,string
天赋卡,skl_charge1,description,攻击速度+8%，攻击力+5%,string
天赋卡,skl_charge1,cardType,Skill,TalentCardType
天赋卡,skl_charge1,rarity,Common,TalentCardRarity
天赋卡,skl_charge1,slotDiscount,0.00,float
天赋卡,skl_charge1,effectType,AttackSpeedPercent,TalentEffectType
天赋卡,skl_charge1,effectValue,8,int
天赋卡,skl_charge1,effectValue2,0,int
天赋卡,skl_charge1,secondaryEffectType,AttackPercent,TalentEffectType
天赋卡,skl_charge1,secondaryEffectValue,5,int
天赋卡,skl_charge1,secondaryEffectValue2,0,int
天赋卡,skl_charge1,effectTarget,Global,CardEffectTarget
天赋卡,skl_charge1,targetOperatorType,Vanguard,OperatorType
天赋卡,skl_charge1,targetOperatorDataId,-1,int
天赋卡,skl_charge1,purchaseCooldownPenalty,0,int
天赋卡,skl_charge1,cardScope,PerRun,CardScope
天赋卡,skl_charge1,isGuardianRewindCard,false,bool
天赋卡,skl_charge1,triggerType,None,GuardianRewindTriggerType
天赋卡,skl_charge1,triggerValue,0,int
天赋卡,skl_charge1,isCurse,false,bool
天赋卡,skl_charge1,curseEffectType,None,TalentEffectType
天赋卡,skl_charge1,curseEffectValue,0,int
天赋卡,skl_charge1,curseSecondaryEffectType,None,TalentEffectType
天赋卡,skl_charge1,curseSecondaryEffectValue,0,int
天赋卡,skl_charge1,curseRemovable,true,bool
天赋卡,skl_charge2,cardId,skl_charge2,string
天赋卡,skl_charge2,displayName,SP充能2,string
天赋卡,skl_charge2,description,攻击速度+15%，攻击力+10%,string
天赋卡,skl_charge2,cardType,Skill,TalentCardType
天赋卡,skl_charge2,rarity,Common,TalentCardRarity
天赋卡,skl_charge2,slotDiscount,0.00,float
天赋卡,skl_charge2,effectType,AttackSpeedPercent,TalentEffectType
天赋卡,skl_charge2,effectValue,15,int
天赋卡,skl_charge2,effectValue2,0,int
天赋卡,skl_charge2,secondaryEffectType,AttackPercent,TalentEffectType
天赋卡,skl_charge2,secondaryEffectValue,10,int
天赋卡,skl_charge2,secondaryEffectValue2,0,int
天赋卡,skl_charge2,effectTarget,Global,CardEffectTarget
天赋卡,skl_charge2,targetOperatorType,Vanguard,OperatorType
天赋卡,skl_charge2,targetOperatorDataId,-1,int
天赋卡,skl_charge2,purchaseCooldownPenalty,0,int
天赋卡,skl_charge2,cardScope,PerRun,CardScope
天赋卡,skl_charge2,isGuardianRewindCard,false,bool
天赋卡,skl_charge2,triggerType,None,GuardianRewindTriggerType
天赋卡,skl_charge2,triggerValue,0,int
天赋卡,skl_charge2,isCurse,false,bool
天赋卡,skl_charge2,curseEffectType,None,TalentEffectType
天赋卡,skl_charge2,curseEffectValue,0,int
天赋卡,skl_charge2,curseSecondaryEffectType,None,TalentEffectType
天赋卡,skl_charge2,curseSecondaryEffectValue,0,int
天赋卡,skl_charge2,curseRemovable,true,bool
天赋卡,skl_charge3,cardId,skl_charge3,string
天赋卡,skl_charge3,displayName,SP充能3,string
天赋卡,skl_charge3,description,攻击速度+25%，暴击率+10%,string
天赋卡,skl_charge3,cardType,Skill,TalentCardType
天赋卡,skl_charge3,rarity,Common,TalentCardRarity
天赋卡,skl_charge3,slotDiscount,0.00,float
天赋卡,skl_charge3,effectType,AttackSpeedPercent,TalentEffectType
天赋卡,skl_charge3,effectValue,25,int
天赋卡,skl_charge3,effectValue2,0,int
天赋卡,skl_charge3,secondaryEffectType,CritChanceBonus,TalentEffectType
天赋卡,skl_charge3,secondaryEffectValue,10,int
天赋卡,skl_charge3,secondaryEffectValue2,0,int
天赋卡,skl_charge3,effectTarget,Global,CardEffectTarget
天赋卡,skl_charge3,targetOperatorType,Vanguard,OperatorType
天赋卡,skl_charge3,targetOperatorDataId,-1,int
天赋卡,skl_charge3,purchaseCooldownPenalty,0,int
天赋卡,skl_charge3,cardScope,PerRun,CardScope
天赋卡,skl_charge3,isGuardianRewindCard,false,bool
天赋卡,skl_charge3,triggerType,None,GuardianRewindTriggerType
天赋卡,skl_charge3,triggerValue,0,int
天赋卡,skl_charge3,isCurse,false,bool
天赋卡,skl_charge3,curseEffectType,None,TalentEffectType
天赋卡,skl_charge3,curseEffectValue,0,int
天赋卡,skl_charge3,curseSecondaryEffectType,None,TalentEffectType
天赋卡,skl_charge3,curseSecondaryEffectValue,0,int
天赋卡,skl_charge3,curseRemovable,true,bool
天赋卡,skl_duration1,cardId,skl_duration1,string
天赋卡,skl_duration1,displayName,永恒持续,string
天赋卡,skl_duration1,description,攻击速度+10%，最大生命+12%,string
天赋卡,skl_duration1,cardType,Skill,TalentCardType
天赋卡,skl_duration1,rarity,Common,TalentCardRarity
天赋卡,skl_duration1,slotDiscount,0.00,float
天赋卡,skl_duration1,effectType,AttackSpeedPercent,TalentEffectType
天赋卡,skl_duration1,effectValue,10,int
天赋卡,skl_duration1,effectValue2,0,int
天赋卡,skl_duration1,secondaryEffectType,MaxHpPercent,TalentEffectType
天赋卡,skl_duration1,secondaryEffectValue,12,int
天赋卡,skl_duration1,secondaryEffectValue2,0,int
天赋卡,skl_duration1,effectTarget,Global,CardEffectTarget
天赋卡,skl_duration1,targetOperatorType,Vanguard,OperatorType
天赋卡,skl_duration1,targetOperatorDataId,-1,int
天赋卡,skl_duration1,purchaseCooldownPenalty,0,int
天赋卡,skl_duration1,cardScope,PerRun,CardScope
天赋卡,skl_duration1,isGuardianRewindCard,false,bool
天赋卡,skl_duration1,triggerType,None,GuardianRewindTriggerType
天赋卡,skl_duration1,triggerValue,0,int
天赋卡,skl_duration1,isCurse,false,bool
天赋卡,skl_duration1,curseEffectType,None,TalentEffectType
天赋卡,skl_duration1,curseEffectValue,0,int
天赋卡,skl_duration1,curseSecondaryEffectType,None,TalentEffectType
天赋卡,skl_duration1,curseSecondaryEffectValue,0,int
天赋卡,skl_duration1,curseRemovable,true,bool
天赋卡,skl_power1,cardId,skl_power1,string
天赋卡,skl_power1,displayName,技能强化1,string
天赋卡,skl_power1,description,攻击力+10%，暴击伤害+15%,string
天赋卡,skl_power1,cardType,Skill,TalentCardType
天赋卡,skl_power1,rarity,Common,TalentCardRarity
天赋卡,skl_power1,slotDiscount,0.00,float
天赋卡,skl_power1,effectType,AttackPercent,TalentEffectType
天赋卡,skl_power1,effectValue,10,int
天赋卡,skl_power1,effectValue2,0,int
天赋卡,skl_power1,secondaryEffectType,CritDamageBonus,TalentEffectType
天赋卡,skl_power1,secondaryEffectValue,15,int
天赋卡,skl_power1,secondaryEffectValue2,0,int
天赋卡,skl_power1,effectTarget,Global,CardEffectTarget
天赋卡,skl_power1,targetOperatorType,Vanguard,OperatorType
天赋卡,skl_power1,targetOperatorDataId,-1,int
天赋卡,skl_power1,purchaseCooldownPenalty,0,int
天赋卡,skl_power1,cardScope,PerRun,CardScope
天赋卡,skl_power1,isGuardianRewindCard,false,bool
天赋卡,skl_power1,triggerType,None,GuardianRewindTriggerType
天赋卡,skl_power1,triggerValue,0,int
天赋卡,skl_power1,isCurse,false,bool
天赋卡,skl_power1,curseEffectType,None,TalentEffectType
天赋卡,skl_power1,curseEffectValue,0,int
天赋卡,skl_power1,curseSecondaryEffectType,None,TalentEffectType
天赋卡,skl_power1,curseSecondaryEffectValue,0,int
天赋卡,skl_power1,curseRemovable,true,bool
天赋卡,skl_power2,cardId,skl_power2,string
天赋卡,skl_power2,displayName,技能强化2,string
天赋卡,skl_power2,description,攻击力+18%，暴击伤害+25%,string
天赋卡,skl_power2,cardType,Skill,TalentCardType
天赋卡,skl_power2,rarity,Common,TalentCardRarity
天赋卡,skl_power2,slotDiscount,0.00,float
天赋卡,skl_power2,effectType,AttackPercent,TalentEffectType
天赋卡,skl_power2,effectValue,18,int
天赋卡,skl_power2,effectValue2,0,int
天赋卡,skl_power2,secondaryEffectType,CritDamageBonus,TalentEffectType
天赋卡,skl_power2,secondaryEffectValue,25,int
天赋卡,skl_power2,secondaryEffectValue2,0,int
天赋卡,skl_power2,effectTarget,Global,CardEffectTarget
天赋卡,skl_power2,targetOperatorType,Vanguard,OperatorType
天赋卡,skl_power2,targetOperatorDataId,-1,int
天赋卡,skl_power2,purchaseCooldownPenalty,0,int
天赋卡,skl_power2,cardScope,PerRun,CardScope
天赋卡,skl_power2,isGuardianRewindCard,false,bool
天赋卡,skl_power2,triggerType,None,GuardianRewindTriggerType
天赋卡,skl_power2,triggerValue,0,int
天赋卡,skl_power2,isCurse,false,bool
天赋卡,skl_power2,curseEffectType,None,TalentEffectType
天赋卡,skl_power2,curseEffectValue,0,int
天赋卡,skl_power2,curseSecondaryEffectType,None,TalentEffectType
天赋卡,skl_power2,curseSecondaryEffectValue,0,int
天赋卡,skl_power2,curseRemovable,true,bool
天赋卡,skl_power3,cardId,skl_power3,string
天赋卡,skl_power3,displayName,技能强化3,string
天赋卡,skl_power3,description,攻击力+25%，AoE范围+20%,string
天赋卡,skl_power3,cardType,Skill,TalentCardType
天赋卡,skl_power3,rarity,Common,TalentCardRarity
天赋卡,skl_power3,slotDiscount,0.00,float
天赋卡,skl_power3,effectType,AttackPercent,TalentEffectType
天赋卡,skl_power3,effectValue,25,int
天赋卡,skl_power3,effectValue2,0,int
天赋卡,skl_power3,secondaryEffectType,AoeRangePercent,TalentEffectType
天赋卡,skl_power3,secondaryEffectValue,20,int
天赋卡,skl_power3,secondaryEffectValue2,0,int
天赋卡,skl_power3,effectTarget,Global,CardEffectTarget
天赋卡,skl_power3,targetOperatorType,Vanguard,OperatorType
天赋卡,skl_power3,targetOperatorDataId,-1,int
天赋卡,skl_power3,purchaseCooldownPenalty,0,int
天赋卡,skl_power3,cardScope,PerRun,CardScope
天赋卡,skl_power3,isGuardianRewindCard,false,bool
天赋卡,skl_power3,triggerType,None,GuardianRewindTriggerType
天赋卡,skl_power3,triggerValue,0,int
天赋卡,skl_power3,isCurse,false,bool
天赋卡,skl_power3,curseEffectType,None,TalentEffectType
天赋卡,skl_power3,curseEffectValue,0,int
天赋卡,skl_power3,curseSecondaryEffectType,None,TalentEffectType
天赋卡,skl_power3,curseSecondaryEffectValue,0,int
天赋卡,skl_power3,curseRemovable,true,bool
天赋卡,skl_reset,cardId,skl_reset,string
天赋卡,skl_reset,displayName,技能重置,string
天赋卡,skl_reset,description,攻击速度+15%，吸血5%,string
天赋卡,skl_reset,cardType,Skill,TalentCardType
天赋卡,skl_reset,rarity,Common,TalentCardRarity
天赋卡,skl_reset,slotDiscount,0.00,float
天赋卡,skl_reset,effectType,AttackSpeedPercent,TalentEffectType
天赋卡,skl_reset,effectValue,15,int
天赋卡,skl_reset,effectValue2,0,int
天赋卡,skl_reset,secondaryEffectType,LifeStealPercent,TalentEffectType
天赋卡,skl_reset,secondaryEffectValue,5,int
天赋卡,skl_reset,secondaryEffectValue2,0,int
天赋卡,skl_reset,effectTarget,Global,CardEffectTarget
天赋卡,skl_reset,targetOperatorType,Vanguard,OperatorType
天赋卡,skl_reset,targetOperatorDataId,-1,int
天赋卡,skl_reset,purchaseCooldownPenalty,0,int
天赋卡,skl_reset,cardScope,PerRun,CardScope
天赋卡,skl_reset,isGuardianRewindCard,false,bool
天赋卡,skl_reset,triggerType,None,GuardianRewindTriggerType
天赋卡,skl_reset,triggerValue,0,int
天赋卡,skl_reset,isCurse,false,bool
天赋卡,skl_reset,curseEffectType,None,TalentEffectType
天赋卡,skl_reset,curseEffectValue,0,int
天赋卡,skl_reset,curseSecondaryEffectType,None,TalentEffectType
天赋卡,skl_reset,curseSecondaryEffectValue,0,int
天赋卡,skl_reset,curseRemovable,true,bool
天赋卡,skl_vanguard_laststand,cardId,skl_vanguard_laststand,string
天赋卡,skl_vanguard_laststand,displayName,先锋绝唱,string
天赋卡,skl_vanguard_laststand,description,先锋阵亡时自动触发技能返还部署点；无技能则返还撤退至守护点时的部署费用,string
天赋卡,skl_vanguard_laststand,cardType,Skill,TalentCardType
天赋卡,skl_vanguard_laststand,rarity,Common,TalentCardRarity
天赋卡,skl_vanguard_laststand,slotDiscount,0.00,float
天赋卡,skl_vanguard_laststand,effectType,None,TalentEffectType
天赋卡,skl_vanguard_laststand,effectValue,0,int
天赋卡,skl_vanguard_laststand,effectValue2,0,int
天赋卡,skl_vanguard_laststand,secondaryEffectType,None,TalentEffectType
天赋卡,skl_vanguard_laststand,secondaryEffectValue,0,int
天赋卡,skl_vanguard_laststand,secondaryEffectValue2,0,int
天赋卡,skl_vanguard_laststand,effectTarget,ByClass,CardEffectTarget
天赋卡,skl_vanguard_laststand,targetOperatorType,Vanguard,OperatorType
天赋卡,skl_vanguard_laststand,targetOperatorDataId,-1,int
天赋卡,skl_vanguard_laststand,purchaseCooldownPenalty,0,int
天赋卡,skl_vanguard_laststand,cardScope,PerRun,CardScope
天赋卡,skl_vanguard_laststand,isGuardianRewindCard,false,bool
天赋卡,skl_vanguard_laststand,triggerType,None,GuardianRewindTriggerType
天赋卡,skl_vanguard_laststand,triggerValue,0,int
天赋卡,skl_vanguard_laststand,isCurse,false,bool
天赋卡,skl_vanguard_laststand,curseEffectType,None,TalentEffectType
天赋卡,skl_vanguard_laststand,curseEffectValue,0,int
天赋卡,skl_vanguard_laststand,curseSecondaryEffectType,None,TalentEffectType
天赋卡,skl_vanguard_laststand,curseSecondaryEffectValue,0,int
天赋卡,skl_vanguard_laststand,curseRemovable,true,bool
天赋卡,spc_convert,cardId,spc_convert,string
天赋卡,spc_convert,displayName,卡牌转化,string
天赋卡,spc_convert,description,吸血5%，防御力+10%,string
天赋卡,spc_convert,cardType,Special,TalentCardType
天赋卡,spc_convert,rarity,Common,TalentCardRarity
天赋卡,spc_convert,slotDiscount,0.00,float
天赋卡,spc_convert,effectType,LifeStealPercent,TalentEffectType
天赋卡,spc_convert,effectValue,5,int
天赋卡,spc_convert,effectValue2,0,int
天赋卡,spc_convert,secondaryEffectType,DefensePercent,TalentEffectType
天赋卡,spc_convert,secondaryEffectValue,10,int
天赋卡,spc_convert,secondaryEffectValue2,0,int
天赋卡,spc_convert,effectTarget,Global,CardEffectTarget
天赋卡,spc_convert,targetOperatorType,Vanguard,OperatorType
天赋卡,spc_convert,targetOperatorDataId,-1,int
天赋卡,spc_convert,purchaseCooldownPenalty,0,int
天赋卡,spc_convert,cardScope,PerRun,CardScope
天赋卡,spc_convert,isGuardianRewindCard,false,bool
天赋卡,spc_convert,triggerType,None,GuardianRewindTriggerType
天赋卡,spc_convert,triggerValue,0,int
天赋卡,spc_convert,isCurse,false,bool
天赋卡,spc_convert,curseEffectType,None,TalentEffectType
天赋卡,spc_convert,curseEffectValue,0,int
天赋卡,spc_convert,curseSecondaryEffectType,None,TalentEffectType
天赋卡,spc_convert,curseSecondaryEffectValue,0,int
天赋卡,spc_convert,curseRemovable,true,bool
天赋卡,spc_double,cardId,spc_double,string
天赋卡,spc_double,displayName,双倍效果,string
天赋卡,spc_double,description,暴击伤害+20%，攻击力+10%,string
天赋卡,spc_double,cardType,Special,TalentCardType
天赋卡,spc_double,rarity,Common,TalentCardRarity
天赋卡,spc_double,slotDiscount,0.00,float
天赋卡,spc_double,effectType,CritDamageBonus,TalentEffectType
天赋卡,spc_double,effectValue,20,int
天赋卡,spc_double,effectValue2,0,int
天赋卡,spc_double,secondaryEffectType,AttackPercent,TalentEffectType
天赋卡,spc_double,secondaryEffectValue,10,int
天赋卡,spc_double,secondaryEffectValue2,0,int
天赋卡,spc_double,effectTarget,Global,CardEffectTarget
天赋卡,spc_double,targetOperatorType,Vanguard,OperatorType
天赋卡,spc_double,targetOperatorDataId,-1,int
天赋卡,spc_double,purchaseCooldownPenalty,0,int
天赋卡,spc_double,cardScope,PerRun,CardScope
天赋卡,spc_double,isGuardianRewindCard,false,bool
天赋卡,spc_double,triggerType,None,GuardianRewindTriggerType
天赋卡,spc_double,triggerValue,0,int
天赋卡,spc_double,isCurse,false,bool
天赋卡,spc_double,curseEffectType,None,TalentEffectType
天赋卡,spc_double,curseEffectValue,0,int
天赋卡,spc_double,curseSecondaryEffectType,None,TalentEffectType
天赋卡,spc_double,curseSecondaryEffectValue,0,int
天赋卡,spc_double,curseRemovable,true,bool
天赋卡,spc_draw,cardId,spc_draw,string
天赋卡,spc_draw,displayName,命运抉择,string
天赋卡,spc_draw,description,攻击力+8%，防御力+8%,string
天赋卡,spc_draw,cardType,Special,TalentCardType
天赋卡,spc_draw,rarity,Common,TalentCardRarity
天赋卡,spc_draw,slotDiscount,0.00,float
天赋卡,spc_draw,effectType,AttackPercent,TalentEffectType
天赋卡,spc_draw,effectValue,8,int
天赋卡,spc_draw,effectValue2,0,int
天赋卡,spc_draw,secondaryEffectType,DefensePercent,TalentEffectType
天赋卡,spc_draw,secondaryEffectValue,8,int
天赋卡,spc_draw,secondaryEffectValue2,0,int
天赋卡,spc_draw,effectTarget,Global,CardEffectTarget
天赋卡,spc_draw,targetOperatorType,Vanguard,OperatorType
天赋卡,spc_draw,targetOperatorDataId,-1,int
天赋卡,spc_draw,purchaseCooldownPenalty,0,int
天赋卡,spc_draw,cardScope,PerRun,CardScope
天赋卡,spc_draw,isGuardianRewindCard,false,bool
天赋卡,spc_draw,triggerType,None,GuardianRewindTriggerType
天赋卡,spc_draw,triggerValue,0,int
天赋卡,spc_draw,isCurse,false,bool
天赋卡,spc_draw,curseEffectType,None,TalentEffectType
天赋卡,spc_draw,curseEffectValue,0,int
天赋卡,spc_draw,curseSecondaryEffectType,None,TalentEffectType
天赋卡,spc_draw,curseSecondaryEffectValue,0,int
天赋卡,spc_draw,curseRemovable,true,bool
天赋卡,spc_evade,cardId,spc_evade,string
天赋卡,spc_evade,displayName,疾影脱身,string
天赋卡,spc_evade,description,选择避让时不受接触伤害，移速瞬间暴涨 10 倍，持续 0.4 秒,string
天赋卡,spc_evade,cardType,Special,TalentCardType
天赋卡,spc_evade,rarity,Common,TalentCardRarity
天赋卡,spc_evade,slotDiscount,0.00,float
天赋卡,spc_evade,effectType,None,TalentEffectType
天赋卡,spc_evade,effectValue,0,int
天赋卡,spc_evade,effectValue2,0,int
天赋卡,spc_evade,secondaryEffectType,None,TalentEffectType
天赋卡,spc_evade,secondaryEffectValue,0,int
天赋卡,spc_evade,secondaryEffectValue2,0,int
天赋卡,spc_evade,effectTarget,Global,CardEffectTarget
天赋卡,spc_evade,targetOperatorType,Vanguard,OperatorType
天赋卡,spc_evade,targetOperatorDataId,-1,int
天赋卡,spc_evade,purchaseCooldownPenalty,0,int
天赋卡,spc_evade,cardScope,PerRun,CardScope
天赋卡,spc_evade,isGuardianRewindCard,false,bool
天赋卡,spc_evade,triggerType,None,GuardianRewindTriggerType
天赋卡,spc_evade,triggerValue,0,int
天赋卡,spc_evade,isCurse,false,bool
天赋卡,spc_evade,curseEffectType,None,TalentEffectType
天赋卡,spc_evade,curseEffectValue,0,int
天赋卡,spc_evade,curseSecondaryEffectType,None,TalentEffectType
天赋卡,spc_evade,curseSecondaryEffectValue,0,int
天赋卡,spc_evade,curseRemovable,true,bool
天赋卡,spc_fortune,cardId,spc_fortune,string
天赋卡,spc_fortune,displayName,幸运女神,string
天赋卡,spc_fortune,description,暴击率+15%，金币+20%,string
天赋卡,spc_fortune,cardType,Special,TalentCardType
天赋卡,spc_fortune,rarity,Common,TalentCardRarity
天赋卡,spc_fortune,slotDiscount,0.00,float
天赋卡,spc_fortune,effectType,CritChanceBonus,TalentEffectType
天赋卡,spc_fortune,effectValue,15,int
天赋卡,spc_fortune,effectValue2,0,int
天赋卡,spc_fortune,secondaryEffectType,GoldBonus,TalentEffectType
天赋卡,spc_fortune,secondaryEffectValue,20,int
天赋卡,spc_fortune,secondaryEffectValue2,0,int
天赋卡,spc_fortune,effectTarget,Global,CardEffectTarget
天赋卡,spc_fortune,targetOperatorType,Vanguard,OperatorType
天赋卡,spc_fortune,targetOperatorDataId,-1,int
天赋卡,spc_fortune,purchaseCooldownPenalty,0,int
天赋卡,spc_fortune,cardScope,PerRun,CardScope
天赋卡,spc_fortune,isGuardianRewindCard,false,bool
天赋卡,spc_fortune,triggerType,None,GuardianRewindTriggerType
天赋卡,spc_fortune,triggerValue,0,int
天赋卡,spc_fortune,isCurse,false,bool
天赋卡,spc_fortune,curseEffectType,None,TalentEffectType
天赋卡,spc_fortune,curseEffectValue,0,int
天赋卡,spc_fortune,curseSecondaryEffectType,None,TalentEffectType
天赋卡,spc_fortune,curseSecondaryEffectValue,0,int
天赋卡,spc_fortune,curseRemovable,true,bool
天赋卡,spc_gold1,cardId,spc_gold1,string
天赋卡,spc_gold1,displayName,金币加成1,string
天赋卡,spc_gold1,description,金币+25%，分数+15%,string
天赋卡,spc_gold1,cardType,Special,TalentCardType
天赋卡,spc_gold1,rarity,Common,TalentCardRarity
天赋卡,spc_gold1,slotDiscount,0.00,float
天赋卡,spc_gold1,effectType,GoldBonus,TalentEffectType
天赋卡,spc_gold1,effectValue,25,int
天赋卡,spc_gold1,effectValue2,0,int
天赋卡,spc_gold1,secondaryEffectType,ScoreBonus,TalentEffectType
天赋卡,spc_gold1,secondaryEffectValue,15,int
天赋卡,spc_gold1,secondaryEffectValue2,0,int
天赋卡,spc_gold1,effectTarget,Global,CardEffectTarget
天赋卡,spc_gold1,targetOperatorType,Vanguard,OperatorType
天赋卡,spc_gold1,targetOperatorDataId,-1,int
天赋卡,spc_gold1,purchaseCooldownPenalty,0,int
天赋卡,spc_gold1,cardScope,PerRun,CardScope
天赋卡,spc_gold1,isGuardianRewindCard,false,bool
天赋卡,spc_gold1,triggerType,None,GuardianRewindTriggerType
天赋卡,spc_gold1,triggerValue,0,int
天赋卡,spc_gold1,isCurse,false,bool
天赋卡,spc_gold1,curseEffectType,None,TalentEffectType
天赋卡,spc_gold1,curseEffectValue,0,int
天赋卡,spc_gold1,curseSecondaryEffectType,None,TalentEffectType
天赋卡,spc_gold1,curseSecondaryEffectValue,0,int
天赋卡,spc_gold1,curseRemovable,true,bool
天赋卡,spc_gold2,cardId,spc_gold2,string
天赋卡,spc_gold2,displayName,金币加成2,string
天赋卡,spc_gold2,description,金币+50%，分数+30%,string
天赋卡,spc_gold2,cardType,Special,TalentCardType
天赋卡,spc_gold2,rarity,Common,TalentCardRarity
天赋卡,spc_gold2,slotDiscount,0.00,float
天赋卡,spc_gold2,effectType,GoldBonus,TalentEffectType
天赋卡,spc_gold2,effectValue,50,int
天赋卡,spc_gold2,effectValue2,0,int
天赋卡,spc_gold2,secondaryEffectType,ScoreBonus,TalentEffectType
天赋卡,spc_gold2,secondaryEffectValue,30,int
天赋卡,spc_gold2,secondaryEffectValue2,0,int
天赋卡,spc_gold2,effectTarget,Global,CardEffectTarget
天赋卡,spc_gold2,targetOperatorType,Vanguard,OperatorType
天赋卡,spc_gold2,targetOperatorDataId,-1,int
天赋卡,spc_gold2,purchaseCooldownPenalty,0,int
天赋卡,spc_gold2,cardScope,PerRun,CardScope
天赋卡,spc_gold2,isGuardianRewindCard,false,bool
天赋卡,spc_gold2,triggerType,None,GuardianRewindTriggerType
天赋卡,spc_gold2,triggerValue,0,int
天赋卡,spc_gold2,isCurse,false,bool
天赋卡,spc_gold2,curseEffectType,None,TalentEffectType
天赋卡,spc_gold2,curseEffectValue,0,int
天赋卡,spc_gold2,curseSecondaryEffectType,None,TalentEffectType
天赋卡,spc_gold2,curseSecondaryEffectValue,0,int
天赋卡,spc_gold2,curseRemovable,true,bool
天赋卡,spc_repair,cardId,spc_repair,string
天赋卡,spc_repair,displayName,战场维修,string
天赋卡,spc_repair,description,"守护点 HP +3
全体 HP +10%
每场胜利后守护点回满",string
天赋卡,spc_repair,cardType,Special,TalentCardType
天赋卡,spc_repair,rarity,Common,TalentCardRarity
天赋卡,spc_repair,slotDiscount,0.00,float
天赋卡,spc_repair,effectType,GuardianHpBonus,TalentEffectType
天赋卡,spc_repair,effectValue,3,int
天赋卡,spc_repair,effectValue2,0,int
天赋卡,spc_repair,secondaryEffectType,MaxHpPercent,TalentEffectType
天赋卡,spc_repair,secondaryEffectValue,10,int
天赋卡,spc_repair,secondaryEffectValue2,0,int
天赋卡,spc_repair,effectTarget,Global,CardEffectTarget
天赋卡,spc_repair,targetOperatorType,Vanguard,OperatorType
天赋卡,spc_repair,targetOperatorDataId,-1,int
天赋卡,spc_repair,purchaseCooldownPenalty,0,int
天赋卡,spc_repair,cardScope,PerRun,CardScope
天赋卡,spc_repair,isGuardianRewindCard,false,bool
天赋卡,spc_repair,triggerType,None,GuardianRewindTriggerType
天赋卡,spc_repair,triggerValue,0,int
天赋卡,spc_repair,isCurse,false,bool
天赋卡,spc_repair,curseEffectType,None,TalentEffectType
天赋卡,spc_repair,curseEffectValue,0,int
天赋卡,spc_repair,curseSecondaryEffectType,None,TalentEffectType
天赋卡,spc_repair,curseSecondaryEffectValue,0,int
天赋卡,spc_repair,curseRemovable,true,bool
天赋卡,spc_reroll,cardId,spc_reroll,string
天赋卡,spc_reroll,displayName,重新洗牌,string
天赋卡,spc_reroll,description,攻击速度+8%，最大生命+8%,string
天赋卡,spc_reroll,cardType,Special,TalentCardType
天赋卡,spc_reroll,rarity,Common,TalentCardRarity
天赋卡,spc_reroll,slotDiscount,0.00,float
天赋卡,spc_reroll,effectType,AttackSpeedPercent,TalentEffectType
天赋卡,spc_reroll,effectValue,8,int
天赋卡,spc_reroll,effectValue2,0,int
天赋卡,spc_reroll,secondaryEffectType,MaxHpPercent,TalentEffectType
天赋卡,spc_reroll,secondaryEffectValue,8,int
天赋卡,spc_reroll,secondaryEffectValue2,0,int
天赋卡,spc_reroll,effectTarget,Global,CardEffectTarget
天赋卡,spc_reroll,targetOperatorType,Vanguard,OperatorType
天赋卡,spc_reroll,targetOperatorDataId,-1,int
天赋卡,spc_reroll,purchaseCooldownPenalty,0,int
天赋卡,spc_reroll,cardScope,PerRun,CardScope
天赋卡,spc_reroll,isGuardianRewindCard,false,bool
天赋卡,spc_reroll,triggerType,None,GuardianRewindTriggerType
天赋卡,spc_reroll,triggerValue,0,int
天赋卡,spc_reroll,isCurse,false,bool
天赋卡,spc_reroll,curseEffectType,None,TalentEffectType
天赋卡,spc_reroll,curseEffectValue,0,int
天赋卡,spc_reroll,curseSecondaryEffectType,None,TalentEffectType
天赋卡,spc_reroll,curseSecondaryEffectValue,0,int
天赋卡,spc_reroll,curseRemovable,true,bool
天赋卡,spc_shop,cardId,spc_shop,string
天赋卡,spc_shop,displayName,讨价还价,string
天赋卡,spc_shop,description,金币+20%，防御力+5%,string
天赋卡,spc_shop,cardType,Special,TalentCardType
天赋卡,spc_shop,rarity,Common,TalentCardRarity
天赋卡,spc_shop,slotDiscount,0.00,float
天赋卡,spc_shop,effectType,GoldBonus,TalentEffectType
天赋卡,spc_shop,effectValue,20,int
天赋卡,spc_shop,effectValue2,0,int
天赋卡,spc_shop,secondaryEffectType,DefensePercent,TalentEffectType
天赋卡,spc_shop,secondaryEffectValue,5,int
天赋卡,spc_shop,secondaryEffectValue2,0,int
天赋卡,spc_shop,effectTarget,Global,CardEffectTarget
天赋卡,spc_shop,targetOperatorType,Vanguard,OperatorType
天赋卡,spc_shop,targetOperatorDataId,-1,int
天赋卡,spc_shop,purchaseCooldownPenalty,0,int
天赋卡,spc_shop,cardScope,PerRun,CardScope
天赋卡,spc_shop,isGuardianRewindCard,false,bool
天赋卡,spc_shop,triggerType,None,GuardianRewindTriggerType
天赋卡,spc_shop,triggerValue,0,int
天赋卡,spc_shop,isCurse,false,bool
天赋卡,spc_shop,curseEffectType,None,TalentEffectType
天赋卡,spc_shop,curseEffectValue,0,int
天赋卡,spc_shop,curseSecondaryEffectType,None,TalentEffectType
天赋卡,spc_shop,curseSecondaryEffectValue,0,int
天赋卡,spc_shop,curseRemovable,true,bool
天赋卡,spc_skip,cardId,spc_skip,string
天赋卡,spc_skip,displayName,速通模式,string
天赋卡,spc_skip,description,攻击速度+20%，金币+15%,string
天赋卡,spc_skip,cardType,Special,TalentCardType
天赋卡,spc_skip,rarity,Common,TalentCardRarity
天赋卡,spc_skip,slotDiscount,0.00,float
天赋卡,spc_skip,effectType,AttackSpeedPercent,TalentEffectType
天赋卡,spc_skip,effectValue,20,int
天赋卡,spc_skip,effectValue2,0,int
天赋卡,spc_skip,secondaryEffectType,GoldBonus,TalentEffectType
天赋卡,spc_skip,secondaryEffectValue,15,int
天赋卡,spc_skip,secondaryEffectValue2,0,int
天赋卡,spc_skip,effectTarget,Global,CardEffectTarget
天赋卡,spc_skip,targetOperatorType,Vanguard,OperatorType
天赋卡,spc_skip,targetOperatorDataId,-1,int
天赋卡,spc_skip,purchaseCooldownPenalty,0,int
天赋卡,spc_skip,cardScope,PerRun,CardScope
天赋卡,spc_skip,isGuardianRewindCard,false,bool
天赋卡,spc_skip,triggerType,None,GuardianRewindTriggerType
天赋卡,spc_skip,triggerValue,0,int
天赋卡,spc_skip,isCurse,false,bool
天赋卡,spc_skip,curseEffectType,None,TalentEffectType
天赋卡,spc_skip,curseEffectValue,0,int
天赋卡,spc_skip,curseSecondaryEffectType,None,TalentEffectType
天赋卡,spc_skip,curseSecondaryEffectValue,0,int
天赋卡,spc_skip,curseRemovable,true,bool
天赋树,攻击强化 I,nodeId,atk_0,string
天赋树,攻击强化 I,branch,攻击,string
天赋树,攻击强化 I,order,0,int
天赋树,攻击强化 I,cost,4,int
天赋树,攻击强化 I,effectType,AttackFlat,enum
天赋树,攻击强化 I,effectValue,10,int
天赋树,攻击强化 I,isBig,false,bool
天赋树,攻速强化,nodeId,atk_1,string
天赋树,攻速强化,branch,攻击,string
天赋树,攻速强化,order,1,int
天赋树,攻速强化,cost,8,int
天赋树,攻速强化,effectType,AttackSpeed,enum
天赋树,攻速强化,effectValue,8,int
天赋树,攻速强化,isBig,false,bool
天赋树,攻击强化 II,nodeId,atk_2,string
天赋树,攻击强化 II,branch,攻击,string
天赋树,攻击强化 II,order,2,int
天赋树,攻击强化 II,cost,12,int
天赋树,攻击强化 II,effectType,AttackFlat,enum
天赋树,攻击强化 II,effectValue,15,int
天赋树,攻击强化 II,isBig,false,bool
天赋树,战争领主,nodeId,atk_3,string
天赋树,战争领主,branch,攻击,string
天赋树,战争领主,order,3,int
天赋树,战争领主,cost,20,int
天赋树,战争领主,effectType,AttackPercent,enum
天赋树,战争领主,effectValue,25,int
天赋树,战争领主,isBig,true,bool
天赋树,防御强化 I,nodeId,def_0,string
天赋树,防御强化 I,branch,防御,string
天赋树,防御强化 I,order,0,int
天赋树,防御强化 I,cost,4,int
天赋树,防御强化 I,effectType,DefenseFlat,enum
天赋树,防御强化 I,effectValue,10,int
天赋树,防御强化 I,isBig,false,bool
天赋树,守护壁垒,nodeId,def_1,string
天赋树,守护壁垒,branch,防御,string
天赋树,守护壁垒,order,1,int
天赋树,守护壁垒,cost,8,int
天赋树,守护壁垒,effectType,GuardianHp,enum
天赋树,守护壁垒,effectValue,1,int
天赋树,守护壁垒,isBig,false,bool
天赋树,防御强化 II,nodeId,def_2,string
天赋树,防御强化 II,branch,防御,string
天赋树,防御强化 II,order,2,int
天赋树,防御强化 II,cost,12,int
天赋树,防御强化 II,effectType,DefenseFlat,enum
天赋树,防御强化 II,effectValue,15,int
天赋树,防御强化 II,isBig,false,bool
天赋树,不灭之盾,nodeId,def_3,string
天赋树,不灭之盾,branch,防御,string
天赋树,不灭之盾,order,3,int
天赋树,不灭之盾,cost,20,int
天赋树,不灭之盾,effectType,GuardianSave,enum
天赋树,不灭之盾,effectValue,1,int
天赋树,不灭之盾,isBig,true,bool
天赋树,初始金币 I,nodeId,eco_0,string
天赋树,初始金币 I,branch,经济,string
天赋树,初始金币 I,order,0,int
天赋树,初始金币 I,cost,4,int
天赋树,初始金币 I,effectType,InitialGold,enum
天赋树,初始金币 I,effectValue,50,int
天赋树,初始金币 I,isBig,false,bool
天赋树,重抽折扣,nodeId,eco_1,string
天赋树,重抽折扣,branch,经济,string
天赋树,重抽折扣,order,1,int
天赋树,重抽折扣,cost,8,int
天赋树,重抽折扣,effectType,RerollDiscount,enum
天赋树,重抽折扣,effectValue,5,int
天赋树,重抽折扣,isBig,false,bool
天赋树,通关金币,nodeId,eco_2,string
天赋树,通关金币,branch,经济,string
天赋树,通关金币,order,2,int
天赋树,通关金币,cost,12,int
天赋树,通关金币,effectType,GoldGainPercent,enum
天赋树,通关金币,effectValue,20,int
天赋树,通关金币,isBig,false,bool
天赋树,幸运之手,nodeId,eco_3,string
天赋树,幸运之手,branch,经济,string
天赋树,幸运之手,order,3,int
天赋树,幸运之手,cost,20,int
天赋树,幸运之手,effectType,ExtraDraw,enum
天赋树,幸运之手,effectValue,1,int
天赋树,幸运之手,isBig,true,bool
天赋树,DP回复 I,nodeId,dep_0,string
天赋树,DP回复 I,branch,部署,string
天赋树,DP回复 I,order,0,int
天赋树,DP回复 I,cost,4,int
天赋树,DP回复 I,effectType,DpRegen,enum
天赋树,DP回复 I,effectValue,1,int
天赋树,DP回复 I,isBig,false,bool
天赋树,初始DP,nodeId,dep_1,string
天赋树,初始DP,branch,部署,string
天赋树,初始DP,order,1,int
天赋树,初始DP,cost,8,int
天赋树,初始DP,effectType,InitialDp,enum
天赋树,初始DP,effectValue,10,int
天赋树,初始DP,isBig,false,bool
天赋树,部署范围,nodeId,dep_2,string
天赋树,部署范围,branch,部署,string
天赋树,部署范围,order,2,int
天赋树,部署范围,cost,12,int
天赋树,部署范围,effectType,DeployRange,enum
天赋树,部署范围,effectValue,1,int
天赋树,部署范围,isBig,false,bool
天赋树,调度大师,nodeId,dep_3,string
天赋树,调度大师,branch,部署,string
天赋树,调度大师,order,3,int
天赋树,调度大师,cost,20,int
天赋树,调度大师,effectType,DpCap,enum
天赋树,调度大师,effectValue,200,int
天赋树,调度大师,isBig,true,bool
天赋树,范围扩展,nodeId,tac_0,string
天赋树,范围扩展,branch,战术,string
天赋树,范围扩展,order,0,int
天赋树,范围扩展,cost,4,int
天赋树,范围扩展,effectType,AttackRange,enum
天赋树,范围扩展,effectValue,1,int
天赋树,范围扩展,isBig,false,bool
天赋树,铁壁,nodeId,tac_1,string
天赋树,铁壁,branch,战术,string
天赋树,铁壁,order,1,int
天赋树,铁壁,cost,8,int
天赋树,铁壁,effectType,DefensePercent,enum
天赋树,铁壁,effectValue,5,int
天赋树,铁壁,isBig,false,bool
天赋树,初始金币 II,nodeId,tac_2,string
天赋树,初始金币 II,branch,战术,string
天赋树,初始金币 II,order,2,int
天赋树,初始金币 II,cost,12,int
天赋树,初始金币 II,effectType,InitialGold,enum
天赋树,初始金币 II,effectValue,100,int
天赋树,初始金币 II,isBig,false,bool
天赋树,DP回复 II,nodeId,tac_3,string
天赋树,DP回复 II,branch,战术,string
天赋树,DP回复 II,order,3,int
天赋树,DP回复 II,cost,20,int
天赋树,DP回复 II,effectType,DpRegen,enum
天赋树,DP回复 II,effectValue,1,int
天赋树,DP回复 II,isBig,true,bool
